qid,name,category,lat,lng,cc,city,sitelinks,radius_m
Q458970,St. Pauli Landing Stages,pier,53.54611,9.96667,DE,Hamburg-Mitte,12,400
Q595439,Santa Monica Pier,pier,34.00861,-118.49861,US,Santa Monica,16,400
Q843981,Central Piers,pier,22.28722,114.15917,CN,Central and Western District,8,400
Q1575175,Downtown Manhattan Heliport,pier,40.70112,-74.0088,US,New York,14,400
Q1856083,Pier 39,pier,37.80999,-122.41036,US,San Francisco,12,400
Q2367636,Spit of the Vasilievsky Island,pier,59.94356,30.30452,RU,Vasileostrovsky District,13,400
Q2657856,Quay with Sphinxes,pier,59.937,30.2908,RU,Vasileostrovsky District,14,400
Q2745160,Brighton Pier,pier,50.8183,-0.13662,GB,Brighton and Hove,17,400
Q3081510,West Pier,pier,50.82083,-0.15111,GB,Brighton and Hove,11,400
Q3177824,Pier in Sopot,pier,54.4475,18.575,PL,Sopot,9,400
Q3337338,Navy Pier,pier,41.89139,-87.59972,US,Chicago,15,400
Q6273174,Southend Pier,pier,51.52152,0.71955,GB,Southend-on-Sea,9,400
Q7231152,Port of Haydarpaşa,pier,41.00333,29.01389,TR,Üsküdar,13,400
Q24189365,New Brighton Pier,pier,-43.5065,172.733,NZ,New Brighton,8,400
Q106910658,Little Island @Pier55,pier,40.74194,-74.01028,US,Manhattan,13,400
Q124823392,Gaza floating pier,pier,31.49722,34.40722,PS,,9,400
Q5595,Curonian Spit,beach,55.27444,20.97083,LT,Kaliningrad Oblast,67,1200
Q202730,Copacabana,beach,-22.96703,-43.1807,BR,Copacabana,62,1200
Q5601,Vistula Spit,beach,54.4,19.5,RU,Baltiysk,36,1200
Q5606,Hel Peninsula,beach,54.64167,18.78139,PL,Pomeranian Voivodeship,46,1200
Q226221,Lido di Venezia,beach,45.38333,12.35,IT,Venice,47,1200
Q464257,Omaha Beach,beach,49.36889,-0.86861,FR,Normandy,42,1200
Q468540,Ipanema District,beach,-22.98382,-43.20453,BR,Rio de Janeiro,47,1200
Q623684,Arabat Spit,beach,45.7,35.0,UA,,41,1200
Q628201,Coney Island,beach,40.575,-73.9825,US,Brooklyn,50,1200
Q630024,Patong,beach,7.89658,98.29539,TH,Pa Tong,25,1200
Q745883,Gold Beach,beach,49.34344,-0.56736,FR,Calvados,27,1200
Q757273,Utah Beach,beach,49.41583,-1.17472,FR,Sainte-Marie-du-Mont,34,1200
Q832409,Juno Beach,beach,49.33583,-0.45251,FR,,30,1200
Q922921,Maho Beach,beach,18.03917,-63.12028,SX,Sint Maarten,29,1200
Q1138519,Sword Beach,beach,49.30639,-0.32111,FR,canton of Douvres-la-Délivrande,28,1200
Q1142729,Bulgarian Coastline of the Black Sea,beach,42.368,27.708,BG,Bulgaria,27,1200
Q1787284,Siesta Key,beach,27.2762,-82.5643,US,Sarasota County,31,1200
Q1789991,Sanur Beach,beach,-8.68333,115.26667,ID,Bali,27,1200
Q1929363,Playa del Inglés,beach,27.75,-15.58056,ES,San Bartolomé de Tirajana,26,1200
Q2460851,Navagio,beach,37.8596,20.62487,GR,Zakynthos Regional Unit,25,1200
Q2662500,Dzharylhach,beach,46.03,32.78,UA,Skadovsk Raion,29,1200
Q2720154,La Concha Beach,beach,43.3152,-1.9915,ES,San Sebastián,26,1200
Q6310943,Jumeirah Beach,beach,25.1647,55.2072,AE,Jumeirah,13,1200
Q6976737,Palm Beach,beach,12.56667,-70.03333,AW,Aruba,13,1200
Q7036906,Nilaveli,beach,8.68333,81.2,LK,Trincomalee District,10,1200
Q7237782,Abricó Beach,beach,-23.04806,-43.51306,BR,Rio de Janeiro,10,1200
Q7237790,Praia do Cassino,beach,-32.19167,-52.15833,BR,Rio Grande do Sul,11,1200
Q7496115,Shichirigahama,beach,35.30636,139.50946,JP,Kamakura,10,1200
Q7915960,Varkala Beach,beach,8.7337,76.7048,IN,Kerala,10,1200
Q8770950,Maspalomas Dunes,beach,27.7428,-15.5829,ES,San Bartolomé de Tirajana,15,1200
Q10353082,Pontal,beach,-23.03047,-43.47367,BR,Rio de Janeiro,15,1200
Q11919677,Es Trenc,beach,39.34556,2.98333,ES,Campos,11,1200
Q12497714,Medewi,beach,-8.37417,114.82389,ID,Pekutatan,10,1200
Q13064270,Ngapali Beach,beach,18.44497,94.31457,MM,Ngapali,14,1200
Q23887552,Sõrve Spit,beach,57.90761,22.054,EE,Saaremaa Rural Municipality,10,1200
Q25394719,Preveli Beach,beach,35.15222,24.47389,GR,Q3556079,12,1200
Q137645094,Torquay Surf Beach,beach,-38.3427,144.3203,AU,Surf Coast Shire,12,1200
Q3426178,Playa de Las Canteras,beach,28.14,-15.43611,ES,Canary Islands,11,1200
Q3491767,Leptokarya,beach,40.06032,22.5612,GR,Dion-Olympos Municipality,20,1200
Q3656317,Olympiaki Akti,beach,40.24,22.584,GR,Katerini Municipality,11,1200
Q3753808,Playa de Gulpiyuri,beach,43.44756,-4.8861,ES,Llanes,17,1200
Q4167946,Eighty Mile Beach,beach,-19.2697,121.397,AU,Western Australia,10,1200
Q4174239,Yeysk Spit,beach,46.74222,38.29222,RU,,10,1200
Q4329256,Obytichna Spit,beach,46.5324,36.2051,RU,Zaporizhzhia Oblast,11,1200
Q4454640,Tendra Spit,beach,46.24,31.63,UA,Kherson Oblast,19,1200
Q4482233,Fedotova Spit,beach,46.29806,35.30361,RU,Zaporizhzhia Oblast,11,1200
Q4701731,Aksa Beach,beach,19.17728,72.79497,IN,Mumbai,10,1200
Q4873309,Batu Ferringhi,beach,5.4683,100.242,MY,George Town,14,1200
Q5659361,Velika Plaža,beach,41.8925,19.2958,ME,Ulcinj Municipality,13,1200
Q6129978,James Bond Beach,beach,18.41151,-77.09336,JM,Saint Mary Parish,10,1200
Q115358,Guardalavaca,beach,21.125,-75.82889,CU,Holguín Province,12,1200
Q168548,palm forest of Vai,beach,35.25417,26.26472,GR,Sitia Municipality,20,1200
Q205081,El Médano,beach,28.04568,-16.53719,ES,Granadilla de Abona,14,1200
Q253103,Playa Girón,beach,22.06667,-81.03333,CU,Matanzas Province,17,1200
Q289161,Assateague Island,beach,38.09179,-75.2038,US,Accomack County,10,1200
Q384565,Alappuzha Beach,beach,9.49299,76.3177,IN,Kerala,12,1200
Q452470,Amager Strandpark,beach,55.65764,12.63921,DK,Copenhagen Municipality,16,1200
Q484376,Anakena,beach,-27.07389,-109.32278,CL,Isla de Pascua,15,1200
Q491203,Haeundae Beach,beach,35.15855,129.16054,KR,Busan,15,1200
Q495370,Gwangalli Beach,beach,35.15417,129.12056,KR,,11,1200
Q545972,Cofete,beach,28.10212,-14.38918,ES,Pájara,11,1200
Q607494,Ilha de Luanda,beach,-8.77855,13.24367,AO,Luanda,11,1200
Q624423,Playa de la Arena,beach,28.23061,-16.8397,ES,Santiago del Teide,10,1200
Q664877,Railay Beach,beach,8.01056,98.83944,TH,Ao Nang,12,1200
Q673659,Marina Beach,beach,13.05418,80.28368,IN,Chennai,21,1200
Q684879,Baker Beach,beach,37.79368,-122.4837,US,San Francisco,10,1200
Q720267,Mole Beach,beach,-27.60251,-48.4328,BR,Florianópolis,11,1200
Q851188,Glass Beach,beach,39.45361,-123.81306,US,California,13,1200
Q890802,Voidokilia beach,beach,36.96385,21.6628,GR,Municipality of Pylos-Nestor,13,1200
Q895056,Boulders Beach,beach,-34.197,18.451,ZA,City of Cape Town,17,1200
Q996212,Kujūkuri Beach,beach,35.529,140.452,JP,Chiba Prefecture,11,1200
Q1026237,Calanques de Piana,beach,42.32519,8.62883,FR,Corsica,24,1200
Q1053014,Barceloneta Beach,beach,41.37842,2.19242,ES,La Barceloneta,11,1200
Q1070604,Chesil Beach,beach,50.604,-2.516,GB,Dorset,12,1200
Q1132269,Porto Katsiki,beach,38.6025,20.54944,GR,,11,1200
Q1186221,Te Oneroa-a-Tōhē / Ninety Mile Beach,beach,-34.7798,172.98199,NZ,Far North District,19,1200
Q1209035,Diani Beach,beach,-4.32222,39.575,KE,Kwale County,22,1200
Q1259677,Myrtos Beach,beach,38.34361,20.53611,GR,Pylarei Municipal Unit,13,1200
Q1262826,Zlatni Rat,beach,43.25583,16.63389,HR,Split-Dalmatia County,24,1200
Q1315101,Galveston Island,beach,29.22222,-94.90889,US,Texas,19,1200
Q1514907,Hicacos Peninsula,beach,23.17986,-81.18853,CU,Matanzas Province,12,1200
Q1546321,North Stradbroke Island,beach,-27.58333,153.46667,AU,Queensland,13,1200
Q1626861,Praia da Marinha,beach,37.0897,-8.41202,PT,Lagoa,14,1200
Q1703689,Kollam Beach,beach,8.87527,76.58927,IN,Kerala,10,1200
Q1752037,Praia da Rocha,beach,37.11667,-8.53333,PT,Portimão,10,1200
Q1860815,Salar de Coipasa,beach,-19.43333,-68.15,CL,Tarapacá Region,16,1200
Q1869598,Pantai Senggigi,beach,-8.49972,116.0475,ID,West Lombok,12,1200
Q1872519,Lovina Beach,beach,-8.1625,115.02566,ID,Bali,22,1200
Q1984555,Dolgaya Spit,beach,46.65972,37.76667,RU,Yeysky District,12,1200
Q2000517,Playa Blanca,beach,28.86381,-13.82848,ES,Yaiza,17,1200
Q2005526,Għajn Tuffieħa,beach,35.93222,14.34722,MT,Mġarr,11,1200
Q2011735,Chushka Spit,beach,45.35,36.69472,RU,,15,1200
Q2032871,Ondarreta Beach,beach,43.3167,-2.00187,ES,San Sebastián,11,1200
Q2037477,Plages du Prado,beach,43.26278,5.37139,FR,Provence-Alpes-Côte d'Azur,13,1200
Q2046019,Padre Island,beach,26.8445,-97.36776,US,Texas,24,1200
Q2111043,Zurriola beach,beach,43.3264,-1.975,ES,San Sebastián,10,1200
Q2123432,Whitehaven Beach,beach,-20.28268,149.03491,AU,Queensland,12,1200
Q2334856,Porto de Galinhas beach,beach,-8.50417,-35.00111,BR,Ipojuca,21,1200
Q2370029,Tuzla Spit,beach,45.26833,36.55,RU,,12,1200
Q2414727,Playa de Las Teresitas,beach,28.50861,-16.18583,ES,Santa Cruz de Tenerife,16,1200
Q2423544,Jomtien,beach,12.88233,100.89372,TH,Na Chom Thian,13,1200
Q2493895,Konyaaltı Beach,beach,36.865,30.64444,TR,Antalya,10,1200
Q2535130,Cape São Roque,beach,-5.48333,-35.26667,BR,Maxaranguape,14,1200
Q2561808,As Catedrais beach,beach,43.55389,-7.15722,ES,"A Devesa, Ribadeo",15,1200
Q2619811,Lazurnaya Bay,beach,43.19556,132.11806,RU,,13,1200
Q2625348,Sardinero,beach,43.47417,-3.7875,ES,Santander,14,1200
Q2895643,Benagil,beach,37.0875,-8.42583,PT,,11,1200
Q2936442,Canoa Quebrada,beach,-4.52833,-37.69278,BR,Aracati,16,1200
Q3178225,Pipa Beach,beach,-6.22758,-35.0476,BR,Tibau do Sul,12,1200
Q3271969,Manly Beach,beach,-33.78972,151.28778,AU,New South Wales,14,1200
Q3289099,Kappad,beach,11.3839,75.7194,IN,Kerala,14,1200
Q3329621,Playa de Bogatell,beach,41.39389,2.20625,ES,El Poblenou,10,1200
Q3331605,Platja de la Mar Bella,beach,41.39853,2.21189,ES,Diagonal Mar i el Front Marítim del Poblenou,11,1200
Q3331620,Sant Sebastià,beach,41.37346,2.18963,ES,La Barceloneta,12,1200
Q3394898,Jaz Beach,beach,42.28333,18.80472,ME,Budva Municipality,14,1200
Q3398218,Beach of A Lanzada,beach,42.4494,-8.8771,ES,Sanxenxo,10,1200
Q3399382,Praia de Riazor,beach,43.3686,-8.4113,ES,A Coruña,10,1200
Q181185,Disneyland,amusement_park,33.809,-117.919,US,Anaheim,78,700
Q391162,Walibi Holland,amusement_park,52.44,5.7625,,Dronten,28,700
Q733234,Efteling,amusement_park,51.65028,5.04806,,Loon op Zand,40,700
Q747322,Madurodam,amusement_park,52.0994,4.29756,,The Hague,35,700
Q110289,Tivoli Gardens,amusement_park,55.67361,12.56833,DK,Copenhagen Municipality,40,700
Q126877,Gorky Park,amusement_park,55.73135,37.60464,RU,Yakimanka District,34,700
Q135379,Santa Claus Village,amusement_park,66.54354,25.84651,FI,Rovaniemi,28,700
Q159144,Europa-Park,amusement_park,48.26833,7.72083,DE,Rust,42,700
Q206521,Disneyland Paris,amusement_park,48.86872,2.7818,FR,Bailly-Romainvilliers,58,700
Q206859,Walt Disney World Resort,amusement_park,28.3722,-81.5494,US,Orange County,56,700
Q377592,Parc Astérix,amusement_park,49.13528,2.57167,FR,Plailly,26,700
Q494668,Lotte World,amusement_park,37.51119,127.09811,KR,Seoul,27,700
Q605492,Tokyo Disney Resort,amusement_park,35.62972,139.88278,JP,Maihama,33,700
Q605959,Hong Kong Disneyland,amusement_park,22.31333,114.04333,CN,Islands District,34,700
Q673656,Ferrari World Abu Dhabi,amusement_park,24.48366,54.60704,AE,Abu Dhabi,26,700
Q764186,Disney's Animal Kingdom,amusement_park,28.358,-81.59,US,Florida,26,700
Q843997,Tokyo Disneyland,amusement_park,35.63278,139.88056,JP,Maihama,40,700
Q1052042,Epcot,amusement_park,28.371,-81.55,US,Florida,27,700
Q1094325,City of Space,amusement_park,43.58692,1.49328,FR,Toulouse,28,700
Q1324340,Magic Kingdom,amusement_park,28.41861,-81.58111,US,Florida,29,700
Q1345090,Disney's Hollywood Studios,amusement_park,28.3575,-81.56,US,Florida,26,700
Q1375103,Universal Studios Japan,amusement_park,34.6647,135.433,JP,Sakurajima,29,700
Q1413270,Liseberg,amusement_park,57.69556,11.99,SE,Gothenburg Municipality,30,700
Q2313567,Disneyland Park,amusement_park,48.87261,2.77675,FR,Chessy,25,700
Q3090513,Jardin d'Acclimatation,amusement_park,48.8775,2.26306,FR,16th arrondissement of Paris,28,700
Q15503298,Pombia Safari Park,amusement_park,45.65,8.63333,IT,Pombia,35,700
Q125316,Fårup Summer Park,amusement_park,57.27056,9.64778,DK,Jammerbugt Municipality,9,700
Q168754,Space World,amusement_park,33.87352,130.81215,JP,Higashida,8,700
Q180878,Mirabilandia,amusement_park,44.33722,12.26333,IT,Ravenna,13,700
Q181016,Jungfrau Park,amusement_park,46.68222,7.88806,CH,Canton of Berne,11,700
Q200856,Wild Wadi Water Park,amusement_park,25.13944,55.18917,AE,,20,700
Q260304,Gröna Lund,amusement_park,59.32306,18.09611,SE,Stockholm Municipality,20,700
Q261618,Mid America Adventure,amusement_park,38.51281,-90.67505,US,Eureka,10,700
Q288325,uShaka Marine World,amusement_park,-29.86667,31.04333,ZA,Durban,8,700
Q314045,Spreepark,amusement_park,52.4858,13.4878,DE,,12,700
Q379978,Adventuredome,amusement_park,36.1378,-115.166,US,Nevada,8,700
Q423559,Toshimaen,amusement_park,35.745,139.64528,JP,Kōyama,8,700
Q443909,Alton Towers,amusement_park,52.99056,-1.8925,GB,Farley,16,700
Q483663,Seoul Land,amusement_park,37.43421,127.01998,KR,,8,700
Q489313,Walibi Belgium,amusement_park,50.69861,4.59056,BE,Wallonia,9,700
Q494673,Everland,amusement_park,37.29518,127.20445,KR,Cheoin-gu,23,700
Q496893,Dyrehavsbakken,amusement_park,55.7761,12.5739,DK,Lyngby-Taarbæk Municipality,19,700
Q505518,Sea World,amusement_park,-27.9559,153.4257,AU,Queensland,9,700
Q509529,MagicLand,amusement_park,41.76529,12.95606,IT,Valmontone,9,700
Q510648,Beto Carrero World,amusement_park,-26.80173,-48.61389,BR,Penha,8,700
Q511276,Tropical Islands,amusement_park,52.0375,13.74861,DE,Halbe,20,700
Q520675,Erlebnispark Tripsdrill,amusement_park,49.0353,9.0525,DE,Cleebronn,9,700
Q530744,Dollywood,amusement_park,35.7951,-83.5312,US,Pigeon Forge,18,700
Q564554,Tokyo Dome City,amusement_park,35.7056,139.752,JP,Kōraku,9,700
Q564646,Tokyo Dome City Attractions,amusement_park,35.7053,139.754,JP,Kōraku,8,700
Q565945,Plopsaland Deutschland,amusement_park,49.3197,8.29472,DE,Haßloch,8,700
Q571557,Hansa Park,amusement_park,54.0755,10.7802,DE,Sierksdorf,13,700
Q578703,Pleasure Beach Resort,amusement_park,53.7903,-3.05556,GB,Blackpool,10,700
Q587612,Parque de Atracciones de Madrid,amusement_park,40.41278,-3.75083,ES,Madrid,13,700
Q593464,Djurs Sommerland,amusement_park,56.42478,10.54992,DK,Syddjurs Municipality,10,700
Q611275,Six Flags Great America,amusement_park,42.3675,-87.93444,US,Illinois,11,700
Q623069,Aquapark Tatralandia,amusement_park,49.106,19.57043,SK,,8,700
Q646122,Legoland Florida,amusement_park,27.9892,-81.6899,US,Winter Haven,11,700
Q648192,Six Flags New Orleans,amusement_park,30.05111,-89.93442,US,New Orleans,8,700
Q648935,Oasys MiniHollywood,amusement_park,37.02038,-2.43224,ES,Tabernas,9,700
Q667541,Mirapolis,amusement_park,49.055,1.99917,FR,Val-d'Oise,8,700
Q685790,Taman Mini Indonesia Indah,amusement_park,-6.30167,106.89667,ID,Cipayung,18,700
Q702179,Heide Park,amusement_park,53.0253,9.879,DE,Soltau,14,700
Q735257,Terra Mítica,amusement_park,38.56028,-0.15889,ES,Benidorm,14,700
Q750684,Astrid Lindgren's World,amusement_park,57.67444,15.84361,SE,Vimmerby Municipality,20,700
Q764906,Disney Adventure World,amusement_park,48.86722,2.77889,FR,Chessy,22,700
Q781609,Parque Warner Madrid,amusement_park,40.23171,-3.59429,ES,San Martín de la Vega,10,700
Q787902,Dubailand,amusement_park,25.075,55.36389,AE,Dubai,22,700
Q814725,Beijing Shijingshan Amusement Park,amusement_park,39.9109,116.2028,CN,Bajiao Subdistrict,11,700
Q819530,Phantasialand,amusement_park,50.8,6.87944,DE,Brühl,15,700
Q846548,Six Flags New England,amusement_park,42.0377,-72.6157,US,Agawam,8,700
Q855246,Happy Valley Shanghai,amusement_park,31.09832,121.21378,CN,,9,700
Q859230,Cedar Point,amusement_park,41.48,-82.6825,US,Sandusky,24,700
Q863153,Yokohama Hakkeijima Sea Paradise,amusement_park,35.33744,139.64733,JP,Yokohama,8,700
Q863180,Hanayashiki,amusement_park,35.7155,139.79469,JP,Asakusa,8,700
Q864499,Shin-Yokohama Raumen Museum,amusement_park,35.50987,139.61454,JP,Shin-Yokohama,13,700
Q865312,Shanghai Disneyland Park,amusement_park,31.144,121.657,CN,Chuanshaxin Town,22,700
Q874796,Serengeti Park,amusement_park,52.7456,9.61667,DE,Ahlden,8,700
Q880839,Blackgang Chine,amusement_park,50.58889,-1.31444,GB,Isle of Wight,10,700
Q884556,Disney's Blizzard Beach,amusement_park,28.3518,-81.5754,US,Florida,10,700
Q888402,Bobbejaanland,amusement_park,51.20111,4.905,BE,Kasterlee,8,700
Q892017,BonBon-Land,amusement_park,55.26056,11.86333,DK,Næstved Municipality,10,700
Q910282,Palmitos Park,amusement_park,27.83528,-15.61611,ES,Maspalomas,10,700
Q924944,Luna Park,amusement_park,40.57778,-73.97861,US,Brooklyn,9,700
Q935388,Ontario Place,amusement_park,43.62899,-79.41505,CA,Ontario,8,700
Q940673,Canada's Wonderland,amusement_park,43.84254,-79.54194,CA,Vaughan,13,700
Q953752,Kings Island,amusement_park,39.3413,-84.2725,US,Ohio,12,700
Q961917,Särkänniemi,amusement_park,61.50528,23.74389,FI,Tampere,19,700
Q1018484,Haw Par Villa,amusement_park,1.28417,103.78222,SG,Queenstown,11,700
Q1046970,Yomiuriland,amusement_park,35.6258,139.519,JP,Kawasaki,9,700
Q1063513,Legoland Billund,amusement_park,55.73556,9.12611,DK,Billund Municipality,18,700
Q1064760,Six Flags Great Adventure,amusement_park,40.1375,-74.44,US,Jackson,18,700
Q1133851,Sanrio Puroland,amusement_park,35.62444,139.42917,JP,Ochiai,12,700
Q1135517,Universal Studios Dubailand,amusement_park,25.0592,55.3833,AE,,10,700
Q1138985,Tibidabo Amusement Park,amusement_park,41.42175,2.12004,ES,"Vallvidrera, el Tibidabo i les Planes",10,700
Q1139847,Nara Dreamland,amusement_park,34.7,135.82417,JP,,15,700
Q1144922,Gardaland,amusement_park,45.45722,10.71083,IT,Castelnuovo del Garda,24,700
Q1165470,Luna Park,amusement_park,-33.84756,151.21007,AU,New South Wales,10,700
Q1186714,Universal Studios Singapore,amusement_park,1.255,103.82167,SG,Sentosa,20,700
Q1191845,Huis Ten Bosch,amusement_park,33.0865,129.78689,JP,Sasebo,13,700
Q1192174,Fuji-Q Highland,amusement_park,35.48749,138.78019,JP,Fujiyoshida,14,700
Q1483280,Gold Reef City,amusement_park,-26.23611,28.01222,ZA,Johannesburg,9,700
Q1515080,Six Flags Magic Mountain,amusement_park,34.4238,-118.597,US,California,20,700
Q1625335,Holy Land Experience,amusement_park,28.4962,-81.433,US,Florida,11,700
Q1635596,Linnanmäki,amusement_park,60.18833,24.94028,FI,Helsinki,22,700
Q1650914,EsselWorld,amusement_park,19.232,72.806,IN,,11,700
Q1688118,Jesperhus,amusement_park,56.76131,8.82159,DK,Morsø Municipality,8,700
Q1749186,Six Flags America,amusement_park,38.9062,-76.7726,US,Prince George's County,10,700
Q1786944,Ramoji Film City,amusement_park,17.2523,78.6802,IN,Ranga Reddy district,22,700
Q1789271,Kristiansand Zoo and Amusement Park,amusement_park,58.18506,8.14141,NO,Kristiansand Municipality,13,700
Q1807595,Moominworld,amusement_park,60.47306,22.00472,FI,Naantali,18,700
Q1811321,La Feria Chapultepec Mágico,amusement_park,19.41561,-99.19578,MX,Mexico City,9,700
Q40682,Dolfinarium Harderwijk,amusement_park,52.35389,5.6175,,Harderwijk,8,700
Q632646,Archeon,amusement_park,52.115,4.64917,,Alphen aan den Rijn,8,700
Q2330240,Neeltje Jans,amusement_park,51.62694,3.70028,,Veere,16,700
Q1202341,Tokyo DisneySea,amusement_park,35.62667,139.88806,JP,Maihama,21,700
Q1207585,Knott's Berry Farm,amusement_park,33.84418,-118.00027,US,Buena Park,15,700
Q1207908,Ocean Park Hong Kong,amusement_park,22.24586,114.17592,CN,Southern District,12,700
Q1229098,Disney California Adventure,amusement_park,33.80778,-117.91917,US,Anaheim,19,700
Q1256280,Dreamworld,amusement_park,-27.864,153.316,AU,Queensland,8,700
Q1337576,Universal Studios Hollywood,amusement_park,34.13586,-118.3539,US,Hollywood,19,700
Q1384663,Expoland,amusement_park,34.80556,135.535,JP,Suita,9,700
Q1414854,Plopsaland Belgium,amusement_park,51.07972,2.59694,BE,De Panne,9,700
Q1417567,Warner Bros. Movie World,amusement_park,-27.9075,153.3125,AU,Queensland,12,700
Q1420895,Mobility Resort Motegi,amusement_park,36.53361,140.2275,JP,Motegi,24,700
Q1475214,Vulcania,amusement_park,45.81361,2.94028,FR,Saint-Ours,9,700
Q1475660,Futuroscope,amusement_park,46.66917,0.36889,FR,Chasseneuil-du-Poitou,20,700
Q58051219,PortAventura Park,amusement_park,41.08778,1.15778,ES,Salou,11,700
Q65064627,Universal Beijing Resort,amusement_park,39.854,116.6752,CN,Wenjing Subdistrict,9,700
Q66085108,Universal Epic Universe,amusement_park,28.44222,-81.44917,US,Orlando,12,700
Q97125735,Ghibli Park,amusement_park,35.17278,137.08972,JP,Nagakute,8,700
Q97126855,Malta National Aquarium,amusement_park,35.95833,14.42278,MT,St. Paul's Bay,8,700
Q134392411,Disneyland Abu Dhabi,amusement_park,24.51,54.59606,AE,Abu Dhabi,8,700
Q25589,Izmailovo Kremlin,amusement_park,55.79472,37.75028,RU,Moscow,10,700
Q59344,Pyongyang Folklore Park,amusement_park,39.06,125.825,KP,Pyongyang,9,700
Q1843206,Siam Park,amusement_park,28.07176,-16.72657,ES,Adeje,15,700
Q1880820,Universal Studios Florida,amusement_park,28.475,-81.47,US,Orlando,19,700
Q1898465,Marineland,amusement_park,43.615,7.125,FR,Antibes,12,700
Q1940476,PowerPark,amusement_park,63.22833,22.85972,FI,Kauhava,8,700
Q1946237,SeaWorld San Diego,amusement_park,32.76575,-117.22728,US,San Diego,15,700
Q2000964,Hunderfossen Familiepark,amusement_park,61.22424,10.42826,NO,Lillehammer,10,700
Q2074361,Six Flags Over Texas,amusement_park,32.7551,-97.0702,US,Arlington,13,700
Q2276588,Legoland California,amusement_park,33.1282,-117.3117,US,Carlsbad,12,700
Q2301819,Thorpe Park,amusement_park,51.40472,-0.51306,GB,Runnymede,14,700
Q2392584,Parc Merveilleux,amusement_park,49.51147,6.12071,LU,Bettembourg,9,700
Q2403850,Six Flags Over Georgia,amusement_park,33.7679,-84.5507,US,Cobb County,8,700
Q2449490,SeaWorld Orlando,amusement_park,28.4108,-81.4625,US,Orange County,15,700
Q2496699,Nagashima Spa Land,amusement_park,35.0297,136.73001,JP,Q11652291,9,700
Q2521644,Six Flags Fiesta Texas,amusement_park,29.5995,-98.6094,US,San Antonio,9,700
Q2539704,Santa Park,amusement_park,66.54361,25.84444,FI,Rovaniemi,20,700
Q2562111,Six Flags México,amusement_park,19.295,-99.209,MX,,11,700
Q2581206,Tusenfryd,amusement_park,59.74823,10.77702,NO,Ås Municipality,11,700
Q2583112,Universal's Islands of Adventure,amusement_park,28.47167,-81.47139,US,Orlando,15,700
Q2669590,Portugal dos Pequenitos,amusement_park,40.2023,-8.4344,PT,Santa Clara e Castelo Viegas,10,700
Q2720654,Kings Dominion,amusement_park,37.84,-77.445,US,Virginia,10,700
Q2743812,Busch Gardens Tampa,amusement_park,28.0375,-82.4225,US,Q49255,8,700
Q2750308,Luna Park,amusement_park,-37.868,144.976,AU,City of Port Phillip,9,700
Q2775027,Gilroy Gardens,amusement_park,37.0053,-121.628,US,California,8,700
Q2777866,DisneyQuest,amusement_park,28.3703,-81.5221,US,Florida,8,700
Q2800195,Skara Sommarland,amusement_park,58.4042,13.5523,SE,Skara Municipality,9,700
Q2915574,Disney's Typhoon Lagoon,amusement_park,28.36567,-81.52959,US,Florida,11,700
Q2915959,Disney's River Country,amusement_park,28.4113,-81.5647,US,Florida,11,700
Q2930683,Suối Tiên Theme Park,amusement_park,10.86388,106.80217,VN,Ho Chi Minh City,11,700
Q2940113,Carowinds,amusement_park,35.1043,-80.9397,US,Charlotte,8,700
Q2961111,Isla Mágica,amusement_park,37.40833,-6.00028,ES,Seville,12,700
Q3039270,Dream World,amusement_park,13.9875,100.675,TH,Bueng Yitho,9,700
Q3047891,Legoland Windsor,amusement_park,51.4635,-0.65114,GB,Windsor,12,700
Q3107826,Hersheypark,amusement_park,40.28806,-76.65694,US,Hershey,10,700
Q3113018,Miami Seaquarium,amusement_park,25.733,-80.16553,US,Miami,13,700
Q3127206,Happy Valley Beijing,amusement_park,39.86642,116.48863,CN,Nanmofang,9,700
Q3178547,Legoland Deutschland,amusement_park,48.42444,10.29972,DE,Günzburg,12,700
Q3225108,Le Pal,amusement_park,46.5073,3.6305,FR,Saint-Pourçain-sur-Besbre,8,700
Q3229105,Legoland Malaysia,amusement_park,1.425,103.62722,MY,Medini Iskandar,15,700
Q3229621,Leofoo Village Theme Park,amusement_park,24.82111,121.18167,TW,Guanxi Township,8,700
Q3274095,Macau Fisherman's Wharf,amusement_park,22.19145,113.55661,CN,Macau,8,700
Q3411109,Puy du Fou,amusement_park,46.89333,-0.93194,FR,Les Epesses,19,700
Q3487269,Wurstelprater,amusement_park,48.2147,16.4022,AT,Vienna,11,700
Q3570845,Xcaret,amusement_park,20.57806,-87.11917,MX,Playa del Carmen Municipality,9,700
Q3571276,Dinópolis,amusement_park,40.33292,-1.08053,ES,Teruel,10,700
Q3887518,Kaeson Youth Park,amusement_park,39.04787,125.757,KP,Pyongyang,8,700
Q3915464,Shitamachi Museum,amusement_park,35.7102,139.7726,JP,Ueno-kōen,8,700
Q4345340,Pripyat amusement park,amusement_park,51.40813,30.05712,UA,Pripyat,22,700
Q4352488,Action Park,amusement_park,41.1906,-74.5075,US,Vernon,9,700
Q4798544,Formosan Aboriginal Culture Village,amusement_park,23.86806,120.94778,TW,Yuchih Township,8,700
Q5968885,Lago Martiánez,amusement_park,28.41944,-16.54361,ES,Puerto de la Cruz,9,700
Q6602806,Coral World Underwater Observatory,amusement_park,29.504,34.918,IL,Eilat,12,700
Q6787459,Superland,amusement_park,31.97889,34.74389,IL,Rishon LeZion,8,700
Q7514811,Silesian Amusement Park,amusement_park,50.27376,18.99056,PL,Chorzów,9,700
Q8031892,Wonderland Amusement Park,amusement_park,40.233,116.164,CN,Nankou,11,700
Q9055975,Ayub National Park,amusement_park,33.57083,73.08056,PK,Rawalpindi District,11,700
Q10523918,High Chaparral Theme Park,amusement_park,57.26333,13.82722,SE,,15,700
Q11262875,Yokohama Cosmo World,amusement_park,35.4552,139.63668,JP,Shinkō,8,700
Q15229585,Yerevan Water World,amusement_park,40.2049,44.5582,AM,Yerevan,10,700
Q16258099,Zhuhai Chimelong Ocean Kingdom,amusement_park,22.1001,113.53,CN,Hengqin,10,700
Q16669013,Parque España-Shima Spain Village,amusement_park,34.36181,136.84428,JP,Isobechō Sakazaki,14,700
Q17198628,Munsu Water Park,amusement_park,39.03962,125.78118,KP,Pyongyang,14,700
Q18206594,IMG Worlds of Adventure,amusement_park,25.08306,55.31806,AE,Emirate of Dubai,9,700
Q18233530,Universal Studios Beijing,amusement_park,39.85632,116.67886,CN,Wenjing Subdistrict,10,700
Q18662785,Serena Waterpark,amusement_park,60.32583,24.74056,FI,Espoo,8,700
Q19891598,Gobindgarh Fort,amusement_park,31.6269,74.86,IN,Amritsar,9,700
Q23805582,Energylandia,amusement_park,50.0,19.409,PL,Zator,12,700
Q24908667,Ark Encounter,amusement_park,38.62224,-84.59228,US,Grant County,9,700
Q25395425,Dream Island,amusement_park,55.6944,37.6758,RU,Nagatinsky Zaton District,14,700
Q25894317,Ramayana Water Park,amusement_park,12.75127,100.96268,TH,,8,700
Q28041086,Legoland Dubai,amusement_park,24.91907,55.01007,AE,,10,700
Q28531358,Tokyo One Piece Tower,amusement_park,35.65861,139.74556,JP,Minato,11,700
Q28963407,Ferrari Land,amusement_park,41.08545,1.15229,ES,Salou,9,700
Q29168099,Legoland Japan Resort,amusement_park,35.0505,136.84361,JP,Kinjō-futō,11,700
Q54872003,Qiddiya,amusement_park,24.57021,46.28327,SA,Riyadh Province,9,700
Q54954056,Avengers Campus,amusement_park,33.81211,-117.919,US,,10,700
Q713124,Natura Artis Magistra,zoo,52.36611,4.91667,,Amsterdam,30,600
Q154828,Berlin Zoological Garden,zoo,52.50833,13.3375,DE,Bezirk Mitte,52,600
Q162722,Ueno Zoo,zoo,35.7175,139.77139,JP,Ueno-kōen,26,600
Q220083,Beijing Zoo,zoo,39.93861,116.33333,CN,Zhanlanlu Subdistrict,30,600
Q220086,Prague Zoo,zoo,50.11694,14.40611,CZ,Troja,27,600
Q270263,London Zoo,zoo,51.53556,-0.15583,GB,City of Westminster,44,600
Q502326,Tierpark Hagenbeck,zoo,53.59639,9.93778,DE,Eimsbüttel,26,600
Q613676,Moscow Zoo,zoo,55.76194,37.57722,RU,Tverskoy District,40,600
Q702771,Tierpark Berlin,zoo,52.50028,13.5325,DE,Lichtenberg,26,600
Q725108,Skansen,zoo,59.32445,18.101,SE,Stockholm Municipality,39,600
Q739792,Bronx Zoo,zoo,40.85028,-73.87833,US,The Bronx,41,600
Q752283,Schönbrunn Zoo,zoo,48.18222,16.3025,AT,Hietzing,37,600
Q818395,San Diego Zoo,zoo,32.73611,-117.15139,US,San Diego,36,600
Q965731,California Academy of Sciences,zoo,37.77,-122.46639,US,San Francisco,25,600
Q1043283,National Zoological Park,zoo,38.92944,-77.04972,US,"Washington, D.C.",26,600
Q1064813,Taronga Zoo,zoo,-33.84333,151.24111,AU,New South Wales,25,600
Q1155919,Georgia Aquarium,zoo,33.76343,-84.39508,US,Fulton County,25,600
Q1870391,Loro Parque,zoo,28.40833,-16.56417,ES,Puerto de la Cruz,25,600
Q2452280,Baku Zoo,zoo,40.39295,49.84897,AZ,Baku,35,600
Q2709506,Singapore Zoo,zoo,1.40471,103.79105,SG,North Region,27,600
Q3108672,Yerevan Zoo,zoo,40.196,44.5505,AM,Yerevan,25,600
Q185228,Vancouver Aquarium,zoo,49.3006,-123.131,CA,Vancouver,10,600
Q220001,Zoo Atlanta,zoo,33.73248,-84.36967,US,Fulton County,13,600
Q220003,Antwerp Zoo,zoo,51.21639,4.42333,BE,Antwerp,19,600
Q220009,Basel Zoo,zoo,47.54734,7.57876,CH,Basel,17,600
Q220013,Barcelona Zoo,zoo,41.38788,2.19119,ES,Barcelona,24,600
Q220027,Dublin Zoo,zoo,53.35389,-6.30389,IE,Dublin,20,600
Q220033,Hanover Zoo,zoo,52.38054,9.77106,DE,Mitte,11,600
Q220036,Frankfurt Zoological Garden,zoo,50.1156,8.70314,DE,Frankfurt,15,600
Q220043,Kathmandu Zoo,zoo,27.67318,85.31093,NP,Lalitpur,11,600
Q220045,Korkeasaari Zoo,zoo,60.175,24.98417,FI,Helsinki,16,600
Q220055,Leipzig Zoological Garden,zoo,51.34842,12.3706,DE,Leipzig,18,600
Q220057,Copenhagen Zoo,zoo,55.67278,12.52139,DK,Frederiksberg Municipality,22,600
Q220063,Lisbon Zoo,zoo,38.74325,-9.169,PT,São Domingos de Benfica,13,600
Q220080,Salzburg Zoo,zoo,47.75682,13.06408,AT,Salzburg,10,600
Q220109,Zürich Zoo,zoo,47.385,8.57306,CH,Zurich,14,600
Q220113,Zagreb Zoo,zoo,45.8221,16.02128,HR,Zagreb,22,600
Q220125,La Palmyre Zoo,zoo,45.68753,-1.16692,FR,Les Mathes,11,600
Q220207,Hong Kong Zoological and Botanical Gardens,zoo,22.27778,114.15639,CN,Central and Western District,10,600
Q220221,Stazione Zoologica Anton Dohrn,zoo,40.8327,14.23577,IT,Naples,14,600
Q220232,Bratislava Zoo,zoo,48.16222,17.07444,SK,Bratislava,18,600
Q220237,Wrocław Zoological Garden,zoo,51.10471,17.07075,PL,Wrocław,17,600
Q220257,Krakow Zoo,zoo,50.05458,19.8532,PL,Zwierzyniec,15,600
Q220261,Warsaw Zoo,zoo,52.25778,21.02222,PL,Praga-Północ,18,600
Q220262,Osijek Zoo and Aquarium,zoo,45.56833,18.66806,HR,Osijek,10,600
Q220265,Karlsruhe Zoo,zoo,48.9978,8.40167,DE,Karlsruhe,13,600
Q264691,Hellabrunn Zoo,zoo,48.09722,11.55417,DE,Untergiesing-Harlaching,20,600
Q290283,Karagandy Zoo,zoo,49.78672,73.06024,KZ,Karaganda,19,600
Q317985,Aquarium Berlin,zoo,52.50583,13.34056,DE,Bezirk Mitte,11,600
Q373187,Whipsnade Zoo,zoo,51.84972,-0.54417,GB,Dunstable,16,600
Q460607,Haus des Meeres,zoo,48.1977,16.3529,AT,Mariahilf,10,600
Q485236,COEX Aquarium,zoo,37.51262,127.05881,KR,,10,600
Q487104,Walsrode World Bird Park,zoo,52.88168,9.59834,DE,Walsrode,16,600
Q525190,Ozeaneum,zoo,54.3156,13.0969,DE,Stralsund,18,600
Q529586,Cologne Zoological Garden,zoo,50.95833,6.97333,DE,Riehl,10,600
Q548850,AquaDom,zoo,52.51972,13.40278,DE,Bezirk Mitte,18,600
Q578027,Melbourne Zoo,zoo,-37.78476,144.9521,AU,City of Melbourne,20,600
Q581344,Denver Zoo,zoo,39.75,-104.95,US,Denver,10,600
Q591131,Taipei Zoo,zoo,25.0026,121.582,TW,Wenshan District,16,600
Q623163,Aquarium of Genoa,zoo,44.41019,8.92651,IT,Genoa,16,600
Q623333,Cincinnati Zoo and Botanical Garden,zoo,39.145,-84.5075,US,Cincinnati,24,600
Q625610,Belgrade Zoo,zoo,44.82583,20.45333,RS,Belgrade,16,600
Q641873,Lone Pine Koala Sanctuary,zoo,-27.5329,152.969,AU,Queensland,13,600
Q652806,Lisbon Oceanarium,zoo,38.76353,-9.09375,PT,Parque das Nações,17,600
Q674961,Omaha’s Henry Doorly Zoo and Aquarium,zoo,41.2247,-95.9287,US,Omaha,10,600
Q679067,Wilhelma,zoo,48.805,9.205,DE,Stuttgart,14,600
Q686220,Nuremberg Zoo,zoo,49.44737,11.14482,DE,Nuremberg,14,600
Q708915,Korea Central Zoo,zoo,39.075,125.815,KP,Pyongyang,17,600
Q741395,Toronto Zoo,zoo,43.82028,-79.18222,CA,Ontario,19,600
Q781321,Australia Zoo,zoo,-26.8366,152.9595,AU,Beerwah,20,600
Q833625,Kabul Zoo,zoo,34.50944,69.15528,AF,Kabul,16,600
Q861318,Nogeyama Zoo,zoo,35.44656,139.62287,JP,Oimatsuchō,10,600
Q864639,bioparco,zoo,41.91747,12.48519,IT,Rome,14,600
Q869894,Lüneburg Heath Wildlife Park,zoo,53.2367,10.0443,DE,Hanstedt,10,600
Q922178,Budapest Zoo & Botanical Garden,zoo,47.5191,19.0783,HU,Budapest,22,600
Q927893,Zoo Băneasa,zoo,44.5174,26.1039,RO,Bucharest,11,600
Q929075,Brookfield Zoo,zoo,41.8327,-87.8335,US,Brookfield,12,600
Q954207,Central Park Zoo,zoo,40.76778,-73.97167,US,Manhattan,23,600
Q966676,Sofia Zoo,zoo,42.65806,23.33194,BG,Sofia,14,600
Q993926,Asahiyama Zoo,zoo,43.76805,142.47978,JP,Asahikawa,12,600
Q1000257,National Aquarium,zoo,39.28509,-76.60829,US,Baltimore,10,600
Q1049423,Castle Clinton,zoo,40.70348,-74.01681,US,Manhattan,20,600
Q1054648,Tennōji Zoo,zoo,34.6526,135.508,JP,Q86727104,11,600
Q1058886,Carmel Hai-Bar Nature Reserve,zoo,32.74994,34.99959,IL,,10,600
Q1067861,Chengdu Research Base of Giant Panda Breeding,zoo,30.73861,104.14194,CN,Chengdu,13,600
Q1073067,Toba Aquarium,zoo,34.4817,136.846,JP,Toba,10,600
Q1136334,Yangon Zoological Gardens,zoo,16.79167,96.15944,MM,Yangon,11,600
Q1139958,National Zoological Garden of South Africa,zoo,-25.73833,28.18917,ZA,Pretoria,14,600
Q1142942,National Zoo of Malaysia,zoo,3.20972,101.75778,MY,Gombak,15,600
Q1149264,Leningrad Zoo,zoo,59.95353,30.30846,RU,Saint Petersburg,21,600
Q1189553,Bristol Zoo,zoo,51.46333,-2.62222,GB,City of Bristol,13,600
Q1191885,Osaka Aquarium Kaiyukan,zoo,34.65447,135.42889,JP,Kaigandori,20,600
Q1193386,Kaliningrad Zoo,zoo,54.72044,20.48737,RU,Kaliningrad,17,600
Q1200948,Aquarium Barcelona,zoo,41.37667,2.18417,ES,Gothic Quarter,21,600
Q1267646,Dusit Zoo,zoo,13.7725,100.51639,TH,Dusit,15,600
Q1284778,Edinburgh Zoo,zoo,55.9425,-3.27,GB,City of Edinburgh,19,600
Q1319073,Alpenzoo Innsbruck,zoo,47.2806,11.3981,AT,Innsbruck,16,600
Q1321392,Melbourne Aquarium,zoo,-37.82083,144.95778,AU,City of Melbourne,11,600
Q1368242,San Diego Zoo Safari Park,zoo,33.1,-117.0025,US,California,16,600
Q1370924,Los Angeles Zoo,zoo,34.1481,-118.284,US,California,20,600
Q1413736,Tama Zoological Park,zoo,35.651,139.402,JP,Hino,11,600
Q1445750,Okinawa Churaumi Aquarium,zoo,26.69439,127.87794,JP,Motobu,21,600
Q1479980,Réserve africaine de Sigean,zoo,43.06813,2.95356,FR,Sigean,10,600
Q1547682,Jurong Bird Park,zoo,1.32101,103.70703,SG,Boon Lay,24,600
Q1557640,Guyana Zoo,zoo,6.80605,-58.14631,GY,,11,600
Q1585312,Harewood House,zoo,53.8969,-1.5273,GB,Harewood,20,600
Q1754233,Monterey Bay Aquarium,zoo,36.61825,-121.90148,US,Monterey,18,600
Q1779978,Polar Park,zoo,68.6917,18.1098,NO,Bardu Municipality,12,600
Q1783786,Two Oceans Aquarium,zoo,-33.90806,18.41767,ZA,City of Cape Town,12,600
Q1938567,Kolmården Wildlife Park,zoo,58.66528,16.46639,SE,Norrköping Municipality,18,600
Q390504,Royal Burgers' Zoo,zoo,52.00972,5.9,,Arnhem,10,600
Q618187,Apenheul Primate Park,zoo,52.21556,5.91889,,Apeldoorn,12,600
Q2183630,Safaripark Beekse Bergen,zoo,51.51944,5.10944,,Hilvarenbeek,11,600
Q18775796,Diergaarde Blijdorp,zoo,51.92694,4.45333,,Rotterdam,16,600
Q1850938,North Carolina Zoo,zoo,35.6295,-79.7645,US,Asheboro,10,600
Q1867975,Butterfly World,zoo,26.2684,-80.1713,US,Coconut Creek,10,600
Q1886334,San Francisco Zoo,zoo,37.73347,-122.50191,US,San Francisco,19,600
Q28888,Polaria,zoo,69.64369,18.94987,NO,Tromsø Municipality,11,600
Q28897,Kelly Tarlton's Sea Life Aquarium,zoo,-36.84583,174.81722,NZ,Auckland Region,10,600
Q29168,Aquaria KLCC,zoo,3.15339,101.71308,MY,Kuala Lumpur,17,600
Q29329,Bergen Aquarium,zoo,60.3997,5.3038,NO,Bergen Municipality,10,600
Q31529,Cretaquarium,zoo,35.33268,25.28247,GR,Hersonissos Municipality,11,600
Q31828,The Blue Planet,zoo,55.638,12.656,DK,Tårnby Municipality,12,600
Q31833,Aquarium of Rhodes,zoo,36.4571,28.2207,GR,Rhodes,12,600
Q1957702,Ménagerie du Jardin des Plantes,zoo,48.84545,2.36033,FR,5th arrondissement of Paris,11,600
Q1969385,Paris Zoological Park,zoo,48.83222,2.41861,FR,12th arrondissement of Paris,24,600
Q1974519,Odesa Zoo,zoo,46.4675,30.73167,UA,Odesa,15,600
Q1994806,Zoo Aquarium de Madrid,zoo,40.40861,-3.7625,ES,Madrid,19,600
Q2033070,Safari World,zoo,13.865,100.70278,TH,Bangkok,10,600
Q2154395,Pairi Daiza,zoo,50.58472,3.88722,BE,Brugelette,12,600
Q2166515,Shedd Aquarium,zoo,41.86778,-87.61389,US,Near South Side,19,600
Q2234723,Night Safari,zoo,1.40402,103.78922,SG,Central Water Catchment,12,600
Q2343219,Ramat Gan Safari,zoo,32.045,34.825,IL,Ramat Gan,11,600
Q2349688,Baghdad Zoo,zoo,33.31484,44.37642,IQ,Baghdad,12,600
Q2376115,Minsk Zoo,zoo,53.85056,27.63472,BY,Minsk,15,600
Q2392126,Alexandria Zoo,zoo,31.205,29.9444,EG,Alexandria Governorate,10,600
Q2447851,L'Oceanogràfic,zoo,39.45287,-0.34805,ES,Valencia,16,600
Q2459274,Kyiv Zoo,zoo,50.45553,30.46473,UA,Kyiv,23,600
Q2509245,Giza Zoo,zoo,30.02453,31.2139,EG,Giza Governorate,13,600
Q2591764,Sea Life Sydney Aquarium,zoo,-33.8694,151.202,AU,New South Wales,14,600
Q2626523,Košice Zoo,zoo,48.78361,21.20389,SK,Košice,15,600
Q2660049,Kuala Lumpur Bird Park,zoo,3.14243,101.68847,MY,Kuala Lumpur,19,600
Q2665285,Auckland Zoo,zoo,-36.86278,174.72083,NZ,Auckland Region,13,600
Q2672104,Pinnawala Elephant Orphanage,zoo,7.30056,80.38833,LK,,11,600
Q2678981,Cabarceno Natural Park,zoo,43.35,-3.85222,ES,Cantabria,10,600
Q2698060,Dvůr Králové Zoo,zoo,50.43028,15.80139,CZ,Dvůr Králové nad Labem,12,600
Q2713110,Ragunan Zoo,zoo,-6.31159,106.81992,ID,,17,600
Q2753621,Houston Zoo,zoo,29.71613,-95.39057,US,Houston,11,600
Q2859182,Istanbul Aquarium,zoo,40.96417,28.8,TR,Bakırköy,15,600
Q2891869,Waikiki Aquarium,zoo,21.2659,-157.822,US,Honolulu,10,600
Q2915736,Jerusalem Biblical Zoo,zoo,31.74944,35.17694,IL,Jerusalem,17,600
Q2917115,Attica Zoological Park,zoo,37.98124,23.90738,GR,,14,600
Q2982903,Calgary Zoo,zoo,51.04583,-114.03333,CA,Alberta,14,600
Q2984677,Riga Zoo,zoo,57.0067,24.16,LV,Riga,19,600
Q3026688,Zoo Miami,zoo,25.61,-80.4,US,Florida,11,600
Q3034913,Chiang Mai Zoo,zoo,18.809,98.947,TH,Chiang Mai,13,600
Q3036205,Saint Louis Zoo,zoo,38.6355,-90.2905,US,St. Louis,11,600
Q3047381,Healesville Sanctuary,zoo,-37.6839,145.534,AU,Yarra Ranges Shire,12,600
Q3077592,Bojnice Zoo,zoo,48.78056,18.57694,SK,Bojnice,13,600
Q3082266,Philadelphia Zoo,zoo,39.9725,-75.19667,US,Philadelphia,14,600
Q3082583,Perth Zoo,zoo,-31.97556,115.85222,AU,City of South Perth,11,600
Q3133681,Skopje Zoo,zoo,42.00708,21.41687,MK,Skopje,15,600
Q3139243,Chester Zoo,zoo,53.22667,-2.88417,GB,Upton-by-Chester,15,600
Q3162430,Saigon Zoo and Botanical Gardens,zoo,10.78806,106.70472,VN,Ho Chi Minh City,13,600
Q3182046,Shanghai Zoo,zoo,31.19548,121.35876,CN,Shanghai,14,600
Q3241309,Lincoln Park Zoo,zoo,41.92139,-87.63389,US,Illinois,11,600
Q3244627,Adelaide Zoo,zoo,-34.91409,138.60579,AU,South Australia,11,600
Q3253024,Aalborg Zoo,zoo,57.0368,9.8982,DK,Aalborg Municipality,11,600
Q3266986,Lithuanian Zoo,zoo,54.90139,23.95139,LT,Kaunas County,17,600
Q3312744,Sea Life London Aquarium,zoo,51.5019,-0.11889,GB,London Borough of Lambeth,16,600
Q3328425,Museu Paraense Emílio Goeldi,zoo,-1.4525,-48.47639,BR,Belém,10,600
Q3350326,Bangladesh National Zoo,zoo,23.81267,90.34461,BD,,13,600
Q3436372,Ljubljana Zoo,zoo,46.055,14.47167,SI,Ljubljana,21,600
Q3495905,Padmaja Naidu Himalayan Zoological Park,zoo,27.05861,88.25441,IN,Darjeeling,10,600
Q3521808,The Maryland Zoo,zoo,39.32333,-76.64944,US,Baltimore,10,600
Q3562223,Ostrava Zoo,zoo,49.8456,18.3251,CZ,Slezská Ostrava,10,600
Q3576007,ZooParc de Beauval,zoo,47.24763,1.35044,FR,Saint-Aignan-sur-Cher,11,600
Q3735534,Ähtäri Zoo,zoo,62.53889,24.17611,FI,Ähtäri,12,600
Q3845012,Al Ain Zoo,zoo,24.17608,55.73849,AE,,10,600
Q4062771,Almaty Zoo,zoo,43.26342,76.97405,KZ,Almaty,10,600
Q4250220,Surabaya Zoo,zoo,-7.29583,112.73611,ID,Surabaya,10,600
Q4325472,Novosibirsk Zoo,zoo,55.0566,82.8879,RU,Novosibirsk,13,600
Q4345284,Jersey Zoo,zoo,49.22917,-2.07361,JE,Trinity,16,600
Q4389973,Ranua Wildlife Park,zoo,65.94222,26.46833,FI,Ranua,10,600
Q4398499,Rostov Zoo,zoo,47.2526,39.671,RU,Rostov-on-Don,16,600
Q4453139,Tbilisi Zoo,zoo,41.713,44.777,GE,Tbilisi,17,600
Q4802284,Melaka Zoo and Bird Park,zoo,2.27778,102.30167,MY,Melaka Tengah District,11,600
Q5071705,Changa Manga,zoo,31.08333,73.96667,PK,Chunian Tehsil,10,600
Q5150169,Columbus Zoo and Aquarium,zoo,40.1563,-83.1184,US,Liberty Township,12,600
Q5302436,Jigokudani Monkey Park,zoo,36.7328,138.4627,JP,Yamanouchi,19,600
Q5310637,Dubai Zoo,zoo,25.22237,55.25658,AE,Dubai,10,600
Q5528980,Gaza Zoo,zoo,31.48031,34.44537,PS,Gaza Strip,10,600
Q5551958,Living Desert Zoo and Gardens,zoo,33.69583,-116.37028,US,Riverside County,10,600
Q5896736,Honolulu Zoo,zoo,21.2709,-157.819,US,Honolulu,11,600
Q6815902,Memphis Zoo,zoo,35.15,-89.9943,US,Memphis,12,600
Q7101428,Oregon Zoo,zoo,45.50833,-122.71472,US,Portland,10,600
Q7187022,Phoenix Zoo,zoo,33.4525,-111.949,US,Arizona,10,600
Q7981545,Wellington Zoo,zoo,-41.3225,174.785,NZ,Wellington Region,11,600
Q8074029,ZooMontana,zoo,45.7315,-108.623,US,Montana,10,600
Q21641834,Moskvarium,zoo,55.83306,37.61861,RU,Moscow,11,600
Q134617498,Buenos Aires Zoo,zoo,-34.58097,-58.42,AR,Buenos Aires,10,600
Q31808,Nordsøen Oceanarium,aquarium,57.5871,9.98047,DK,Hjørring Municipality,8,300
Q697507,National Museum of Marine Biology and Aquarium,aquarium,22.04649,120.69768,TW,Checheng Township,9,300
Q1060884,New York Aquarium,aquarium,40.5743,-73.9751,US,Brooklyn,8,300
Q1656431,Palma Aquarium,aquarium,39.5323,2.72835,ES,Palma,8,300
Q2859185,New England Aquarium,aquarium,42.35902,-71.05068,US,Boston,9,300
Q3604681,Civic Aquarium of Milan,aquarium,45.47402,9.18071,IT,Milan,8,300
Q3657749,Varna Aquarium,aquarium,43.2014,27.9225,BG,Varna,9,300
Q4782759,Aquarium of the Pacific,aquarium,33.76216,-118.19692,US,Long Beach,9,300
Q4809463,Sea Life İstanbul,aquarium,41.0456,28.8963,TR,Bayrampaşa,8,300
Q4849544,Seattle Aquarium,aquarium,47.6077,-122.343,US,Seattle,8,300
Q4925165,Tokyo Sea Life Park,aquarium,35.64008,139.86217,JP,Rinkaichō,8,300
Q7231211,Port of Nagoya Public Aquarium,aquarium,35.0906,136.8782,JP,Minato-machi,8,300
Q11564667,Lake Biwa Museum,aquarium,35.07414,135.93492,JP,Kusatsu,8,300
Q163255,Botanic Garden and Botanical Museum Berlin,botanical_garden,52.455,13.3036,DE,Steglitz-Zehlendorf,27,600
Q188617,Kew Gardens,botanical_garden,51.47889,-0.29361,GB,London Borough of Richmond upon Thames,52,600
Q596642,Eden Project,botanical_garden,50.36194,-4.74472,GB,Cornwall,32,600
Q598892,Padova botanical garden,botanical_garden,45.39953,11.88068,IT,Padua,40,600
Q730948,Jardin des plantes,botanical_garden,48.84389,2.35972,FR,5th arrondissement of Paris,35,600
Q829338,Carlton Gardens,botanical_garden,-37.8061,144.97,AU,City of Melbourne,37,600
Q838691,Muséum national d'histoire naturelle,botanical_garden,48.84222,2.35611,FR,5th arrondissement of Paris,40,600
Q1852803,Missouri Botanical Garden,botanical_garden,38.6141,-90.2589,US,St. Louis,28,600
Q2297522,Sofiyivsky Park,botanical_garden,48.76306,30.2225,UA,Uman,38,600
Q3046409,Singapore Botanic Gardens,botanical_garden,1.3151,103.8162,SG,Tanglin,47,600
Q18748726,"Royal Botanic Gardens, Kew",botanical_garden,51.47869,-0.29561,GB,London,30,600
Q2882456,Orto Botanico di Brera,botanical_garden,45.47102,9.18924,IT,Milan,10,600
Q24433,Gibraltar Botanic Gardens,botanical_garden,36.1313,-5.3511,GB,Gibraltar,13,600
Q45242,Rio de Janeiro Botanical Garden,botanical_garden,-22.9675,-43.22389,BR,Rio de Janeiro,17,600
Q54489,"Royal Botanic Gardens, Sydney",botanical_garden,-33.86222,151.2175,AU,New South Wales,21,600
Q2917011,Botanical Garden of the University of Latvia,botanical_garden,56.9502,24.0599,LV,Riga,10,600
Q2919730,Chicago Botanic Garden,botanical_garden,42.1475,-87.78972,US,Cook County,11,600
Q3034795,Ljubljana Botanical Garden,botanical_garden,46.04017,14.51443,SI,Ljubljana City Municipality,15,600
Q3052500,Meise Botanic Garden,botanical_garden,50.92798,4.32907,BE,Meise,10,600
Q3100546,Jardin des plantes de Montpellier,botanical_garden,43.6143,3.8717,FR,Montpellier,10,600
Q3106834,Kyoto Botanical Garden,botanical_garden,35.04833,135.76111,JP,Sakyō-ku,12,600
Q3115229,Botanic Gardens,botanical_garden,54.582,-5.931,GB,Belfast,16,600
Q3116396,Oslo Botanical Garden,botanical_garden,59.91746,10.77002,NO,Oslo Municipality,13,600
Q3119056,"Royal Botanic Gardens, Peradeniya",botanical_garden,7.27111,80.5956,LK,,15,600
Q3139233,National Botanic Garden of Wales,botanical_garden,51.8376,-4.15176,GB,Carmarthenshire,10,600
Q3162408,Botanical garden of Thutmosis III,botanical_garden,25.71776,32.65977,EG,Karnak,10,600
Q3162686,Manor d'Eyrignac Gardens,botanical_garden,44.93993,1.31518,FR,Salignac-Eyvigues,12,600
Q3346386,Acharya Jagadish Chandra Bose Indian Botanic Garden,botanical_garden,22.56056,88.28694,IN,Howrah,13,600
Q3443536,Vytautas Magnus University Botanical Garden,botanical_garden,54.87056,23.91111,LT,Kaunas,14,600
Q3495894,Kings Park,botanical_garden,-31.96213,115.83171,AU,City of Perth,12,600
Q3694552,Bagh-e-Jinnah,botanical_garden,31.55373,74.3313,PK,,10,600
Q3886274,Wrocław University Botanical Garden,botanical_garden,51.11611,17.0475,PL,Wrocław,12,600
Q4275602,Thurston Gardens,botanical_garden,-18.1491,178.4247,FJ,Suva,10,600
Q5364342,Tennōji Park,botanical_garden,34.65,135.51,JP,Q86727104,11,600
Q5702508,Northern Arboretum,botanical_garden,63.84,20.11611,SE,Umeå Municipality,21,600
Q5810092,National Botanical Garden of Israel,botanical_garden,31.79361,35.24417,IL,,20,600
Q5926428,National Botanic Garden of Latvia,botanical_garden,56.8654,24.3551,LV,Salaspils,18,600
Q8065112,Zakir Hussain Rose Garden,botanical_garden,30.74811,76.78374,IN,Chandigarh,10,600
Q8203264,United States National Arboretum,botanical_garden,38.91028,-76.96611,US,"Washington, D.C.",13,600
Q11851493,Anja's Park,botanical_garden,61.6531,27.3768,FI,Mikkeli,11,600
Q18942185,Arboretum Vrahovice,botanical_garden,49.4796,17.14502,CZ,Prostějov,13,600
Q56695607,Sítio Roberto Burle Marx,botanical_garden,-23.02385,-43.54474,BR,Rio de Janeiro,13,600
Q117797383,University of Helsinki Botanical Garden,botanical_garden,60.17222,24.9475,FI,Helsinki,11,600
Q2605209,Jardí Botànic de Barcelona,botanical_garden,41.3618,2.1587,ES,Sants-Montjuïc,11,600
Q2616933,Bucharest Botanical Garden,botanical_garden,44.4379,26.06365,RO,Bucharest,14,600
Q2619332,Botanic Garden of the Jagiellonian University,botanical_garden,50.06292,19.95792,PL,Kraków,12,600
Q2634943,Sukhumi botanical garden,botanical_garden,43.00611,41.02361,GE,Sokhumi,12,600
Q1576733,Hortus Botanicus Amsterdam,botanical_garden,52.36697,4.90844,,Amsterdam,18,600
Q2468128,Hortus botanicus Leiden,botanical_garden,52.15611,4.48417,,Leiden,14,600
Q2061221,Rold Skov,botanical_garden,56.8,9.81667,DK,Mariagerfjord Municipality,10,600
Q2095464,Vizcaya Museum and Gardens,botanical_garden,25.74361,-80.21028,US,Miami,15,600
Q2115661,University of Oxford Botanic Garden,botanical_garden,51.75056,-1.24833,GB,Oxford,16,600
Q2444945,Nong Nooch Tropical Botanical Garden,botanical_garden,12.76667,100.93333,TH,Na Chom Thian,11,600
Q2466783,"Federal Research Center ""N.I. Vavilov All-Russian Institute of Plant Genetic Resources""",botanical_garden,59.93194,30.30861,RU,Saint Petersburg,10,600
Q2563728,Bali Botanic Garden,botanical_garden,-8.2778,115.1544,ID,Tabanan,11,600
Q94923,Botanical Garden of Curitiba,botanical_garden,-25.44278,-49.23944,BR,Curitiba,17,600
Q153541,Botanical Garden of Mérida,botanical_garden,8.62369,-71.14411,VE,Mérida,16,600
Q153829,Alter Botanischer Garten,botanical_garden,48.14184,11.5643,DE,Munich,10,600
Q200711,"Lalbagh Botanical Garden, Bangalore",botanical_garden,12.95,77.59,IN,Bengaluru,18,600
Q256160,King's House on Schachen,botanical_garden,47.4197,11.11259,DE,Garmisch-Partenkirchen,23,600
Q280791,Hryshko National Botanical Garden,botanical_garden,50.41267,30.56225,UA,Kyiv,15,600
Q289277,Kirstenbosch National Botanical Garden,botanical_garden,-33.9875,18.4325,ZA,City of Cape Town,17,600
Q301787,University Museum of Bergen,botanical_garden,60.38762,5.32158,NO,Bergen Municipality,18,600
Q427979,Belize Botanic Gardens,botanical_garden,17.08333,-89.06667,BZ,,10,600
Q458588,Belle Isle Park,botanical_garden,42.33833,-82.97806,US,Detroit,10,600
Q478245,Inhotim,botanical_garden,-20.12413,-44.21878,BR,Brumadinho,12,600
Q503498,Jerusalem Botanical Gardens,botanical_garden,31.76873,35.20009,IL,Jerusalem,10,600
Q509884,Australian National Botanic Gardens,botanical_garden,-35.27889,149.10917,AU,Australian Capital Territory,12,600
Q533156,Villa Carlotta,botanical_garden,45.9864,9.23084,IT,Tremezzina,13,600
Q568666,Arnold Arboretum,botanical_garden,42.29778,-71.12278,US,Boston,14,600
Q574773,Herrenhausen Gardens,botanical_garden,52.39167,9.69833,DE,Herrenhausen-Stöcken,15,600
Q579893,Trsteno Arboretum,botanical_garden,42.71233,17.97651,HR,Dubrovnik,16,600
Q589884,San Francisco Botanical Garden,botanical_garden,37.76833,-122.47,US,San Francisco,10,600
Q596723,Cluj-Napoca Botanical Garden,botanical_garden,46.7603,23.5867,RO,Cluj-Napoca,10,600
Q604550,Jardin des serres d'Auteuil,botanical_garden,48.84694,2.25222,FR,16th arrondissement of Paris,17,600
Q606827,Jindai Botanical Garden,botanical_garden,35.67136,139.54591,JP,Chōfu,11,600
Q636275,New York Botanical Garden,botanical_garden,40.86361,-73.87833,US,The Bronx,22,600
Q663149,Palmengarten,botanical_garden,50.12361,8.65556,DE,Frankfurt,13,600
Q677516,Geneva Botanic Garden,botanical_garden,46.22612,6.14617,CH,Geneva,10,600
Q677602,Botanical Garden of the University of Vienna,botanical_garden,48.19167,16.38389,AT,Vienna,11,600
Q700908,Yubu Island,botanical_garden,24.345,123.935,JP,Komi,15,600
Q707660,Botanischer Garten München-Nymphenburg,botanical_garden,48.16313,11.49995,DE,Munich,15,600
Q776863,Shinjuku Gyoen,botanical_garden,35.68717,139.71064,JP,Sendagaya,23,600
Q819811,Bergian botanic garden,botanical_garden,59.36972,18.04611,SE,Stockholm Municipality,14,600
Q831148,Buenos Aires Botanical Garden,botanical_garden,-34.58247,-58.4186,AR,Buenos Aires,19,600
Q838392,Kadoorie Farm and Botanic Garden,botanical_garden,22.4335,114.118,CN,Yuen Long District,10,600
Q892711,University of Copenhagen Botanical Garden,botanical_garden,55.68694,12.57389,DK,Copenhagen Municipality,19,600
Q894579,Boston Public Garden,botanical_garden,42.3541,-71.0699,US,Boston,12,600
Q894634,Glasgow Botanic Gardens,botanical_garden,55.88014,-4.29064,GB,Glasgow City,13,600
Q894635,Yerevan Botanical Garden,botanical_garden,40.21083,44.55706,AM,Yerevan,18,600
Q894636,Madeira Botanical Garden,botanical_garden,32.66222,-16.89583,PT,Santa Maria Maior,14,600
Q894643,Batumi Botanical Garden,botanical_garden,41.69272,41.71978,GE,Batumi,21,600
Q894646,Hanbury botanical gardens,botanical_garden,43.78297,7.55448,IT,Ventimiglia,11,600
Q894648,Jevremovac botanic garden,botanical_garden,44.81528,20.47389,RS,Stari Grad City Municipality,15,600
Q894652,Montreal Botanical Garden,botanical_garden,45.55987,-73.56396,CA,Rosemont–La Petite-Patrie,16,600
Q894653,N.V. Tsitsin Main Botanical Garden,botanical_garden,55.83917,37.60083,RU,Ostankinsky District,12,600
Q894654,Nikitsky Botanical Garden,botanical_garden,44.5094,34.2328,UA,Nikita,10,600
Q894656,Orto botanico di Palermo,botanical_garden,38.1125,13.3725,IT,Palermo,10,600
Q894657,China National Botanical Garden (North Garden),botanical_garden,39.99279,116.20934,CN,Xiangshan Subdistrict,13,600
Q894658,Botanical Gardens of Tirana,botanical_garden,41.30991,19.80604,AL,Tirana,10,600
Q894659,Reykjavík Botanic Garden,botanical_garden,64.14083,-21.86944,IS,Reykjavík,13,600
Q894660,National Botanical Garden of Georgia,botanical_garden,41.68611,44.8075,GE,Tbilisi,18,600
Q894661,Zagreb Botanical Garden,botanical_garden,45.80486,15.97178,HR,Donji grad,16,600
Q894665,Cambridge University Botanic Garden,botanical_garden,52.1938,0.12789,GB,Cambridge,11,600
Q894670,Pisa Botanic Garden and Museum,botanical_garden,43.71982,10.39619,IT,Pisa,17,600
Q917681,City Botanic Gardens,botanical_garden,-27.4747,153.03,AU,Queensland,14,600
Q931430,Sir Seewoosagur Ramgoolam Botanical Garden,botanical_garden,-20.10815,57.57725,MU,Pamplemousses District,13,600
Q931457,Lost Gardens of Heligan,botanical_garden,50.28575,-4.81158,GB,Cornwall,12,600
Q946301,University of Tartu Botanical Gardens,botanical_garden,58.38466,26.72115,EE,Tartu City,13,600
Q956772,Gothenburg Botanical Garden,botanical_garden,57.68288,11.95039,SE,Gothenburg Municipality,14,600
Q956826,Parc de Bagatelle,botanical_garden,48.87139,2.24722,FR,16th arrondissement of Paris,18,600
Q979670,Bogotá Botanical Garden,botanical_garden,4.66821,-74.1002,CO,Bogotá,10,600
Q996541,Farnese Gardens,botanical_garden,41.89028,12.48639,IT,Rome,12,600
Q1002623,Folly arboretum,botanical_garden,46.81056,17.54528,HU,Badacsonytomaj,12,600
Q1026407,Kebun Raya Cibodas,botanical_garden,-6.74222,107.00556,ID,Cianjur,14,600
Q1064892,Koishikawa Botanical Garden,botanical_garden,35.71918,139.74538,JP,Hakusan,13,600
Q1069148,Chelsea Physic Garden,botanical_garden,51.485,-0.16278,GB,Royal Borough of Kensington and Chelsea,22,600
Q1123665,Bogor Botanical Gardens,botanical_garden,-6.59794,106.79911,ID,Bogor,22,600
Q1186086,Christchurch Botanic Gardens,botanical_garden,-43.53042,172.62115,NZ,Christchurch City,14,600
Q1303386,Jardín Botánico Canario Viera y Clavijo,botanical_garden,28.06361,-15.46333,ES,Gran Canaria,13,600
Q1360424,Brooklyn Botanic Garden,botanical_garden,40.66806,-73.96389,US,Brooklyn,21,600
Q1384208,Jardin Exotique de Monaco,botanical_garden,43.73151,7.41378,MC,Jardin Exotique,12,600
Q1400558,"The Huntington Library, Art Museum, and Botanical Gardens",botanical_garden,34.12917,-118.1125,US,San Marino,22,600
Q1515798,Linnaean Garden,botanical_garden,59.86222,17.63389,SE,Uppsala Municipality,24,600
Q1686510,Tromsø University Museum,botanical_garden,69.63486,18.91257,NO,Tromsø Municipality,10,600
Q1779489,Arctic-alpine Botanic Garden,botanical_garden,69.6768,18.9763,NO,Tromsø Municipality,12,600
Q1794858,Royal Botanic Garden of Madrid,botanical_garden,40.41087,-3.6914,ES,Madrid,24,600
Q1795487,Drew University,botanical_garden,40.761,-74.427,US,New Jersey,14,600
Q1799639,Jardín de Cactus,botanical_garden,29.0804,-13.47628,ES,Teguise,10,600
Q1807521,Royal Botanic Garden Edinburgh,botanical_garden,55.96507,-3.20853,GB,City of Edinburgh,20,600
Q1840963,Natural History Museum in Oslo,botanical_garden,59.91984,10.77169,NO,Oslo Municipality,12,600
Q1848855,United States Botanic Garden,botanical_garden,38.88972,-77.01417,US,"Washington, D.C.",20,600
Q1875558,Botanical Garden of Florence,botanical_garden,43.77889,11.26139,IT,Florence,11,600
Q1990013,Peter the Great Botanical Garden,botanical_garden,59.97009,30.32709,RU,Petrogradsky District,17,600
Q243,Eiffel Tower,observation_tower,48.8583,2.29448,FR,7th arrondissement of Paris,191,250
Q183536,Tokyo Tower,observation_tower,35.65861,139.74556,JP,Shibakōen,69,250
Q662367,Shukhov Tower,observation_tower,55.71722,37.61139,RU,Moscow,30,250
Q1120886,KVLY-TV mast,observation_tower,47.34222,-97.28917,US,North Dakota,26,250
Q1369185,Kyiv TV Tower,observation_tower,50.47111,30.45333,UA,Kyiv,33,250
Q625,Metallic tower of Fourvière,observation_tower,45.76377,4.82227,FR,Lyon,12,250
Q43244,Lighthouse of Alexandria,lighthouse,31.21417,29.885,EG,Alexandria,96,250
Q199234,Cordouan Lighthouse,lighthouse,45.58632,-1.17333,FR,Le Verdon-sur-Mer,32,250
Q245151,Tower of Hercules,lighthouse,43.38583,-8.40639,ES,A Coruña,53,250
Q848397,Maiden's Tower,lighthouse,41.02111,29.00417,TR,Üsküdar,45,250
Q2984041,Keri Lighthouse,lighthouse,59.69871,25.02274,EE,Viimsi Rural Municipality,26,250
Q218118,Hidirlik Tower,lighthouse,36.88139,30.70361,TR,Antalya,13,250
Q380270,Stanislav-Adziogol Lighthouse,lighthouse,46.49233,32.23261,UA,Oleksandrivka,18,250
Q385142,Slettnes Lighthouse,lighthouse,71.08956,28.21823,NO,Gamvik Municipality,14,250
Q454681,Lighthouse Westerheversand,lighthouse,54.3734,8.63992,DE,Westerhever,18,250
Q498583,Kiipsaare Lighthouse,lighthouse,58.49583,21.84111,EE,Saaremaa Rural Municipality,21,250
Q539709,Pilsum Lighthouse,lighthouse,53.49799,7.04565,DE,Krummhörn,12,250
Q546122,Eddystone Lighthouse,lighthouse,50.18,-4.265,GB,Devon,19,250
Q623540,Ar Men,lighthouse,48.05028,-4.99722,FR,Île-de-Sein,13,250
Q712299,Långe Jan,lighthouse,56.19798,16.3988,SE,Mörbylånga Municipality,13,250
Q773320,Lindesnes Lighthouse,lighthouse,57.9825,7.04667,NO,Lindesnes Municipality,14,250
Q773807,Kjeungskjær Lighthouse,lighthouse,63.7269,9.5306,NO,Ørland Municipality,13,250
Q776666,Lighthouse of Genoa,lighthouse,44.40454,8.90464,IT,Genoa,23,250
Q1024406,Långe Erik,lighthouse,57.36702,17.09699,SE,Borgholm Municipality,12,250
Q1151131,Jeddah Light,lighthouse,21.4687,39.1497,SA,Jeddah,20,250
Q1190267,Chipiona Lighthouse,lighthouse,36.73789,-6.4421,ES,Chipiona,15,250
Q1207989,Yokohama Marine Tower,lighthouse,35.44393,139.6509,JP,Yamashitachō,17,250
Q1409002,Wisłoujście Fortress,lighthouse,54.39586,18.67914,PL,Gdańsk,12,250
Q1795607,Kõpu Lighthouse,lighthouse,58.91597,22.19968,EE,Hiiumaa Rural Municipality,23,250
Q1976702,Vorontsov Lighthouse,lighthouse,46.49656,30.76006,UA,Odesa,12,250
Q2085015,Vieille Light,lighthouse,48.04056,-4.75639,FR,Plogoff,16,250
Q2206180,Rubjerg Knude lighthouse,lighthouse,57.44889,9.77444,DK,Hjørring Municipality,19,250
Q2279321,California Lighthouse,lighthouse,12.61337,-70.05241,AW,Noord,12,250
Q2305375,Bell Rock Lighthouse,lighthouse,56.43286,-2.38809,GB,Angus,17,250
Q2508238,Cape Hatteras Lighthouse,lighthouse,35.25056,-75.52881,US,Dare County,12,250
Q3269761,Rumeli Feneri,lighthouse,41.23417,29.11222,TR,Istanbul,12,250
Q3361471,Tahkuna Lighthouse,lighthouse,59.0914,22.58618,EE,Hiiumaa Rural Municipality,13,250
Q3361476,Kihnu lighthouse,lighthouse,58.09705,23.9711,EE,Kihnu Rural Municipality,12,250
Q3366505,Rodsher,lighthouse,59.96861,26.67972,RU,Leningrad Oblast,12,250
Q3376479,Sõrve Lighthouse,lighthouse,57.90982,22.05537,EE,Saaremaa Rural Municipality,18,250
Q3376563,Ruhnu Lighthouse,lighthouse,57.80135,23.26015,EE,Ruhnu Rural Municipality,12,250
Q3376573,Ristna Lighthouse,lighthouse,58.94,22.05528,EE,Hiiumaa Rural Municipality,12,250
Q3378140,Les Eclaireurs Lighthouse,lighthouse,-54.87153,-68.08333,AR,"Tierra del Fuego, Antarctica and South Atlantic Islands Province",15,250
Q3378451,Nosy Alañaña Light,lighthouse,-18.04874,49.46004,MG,Toamasina Province,13,250
Q3737012,Bengtskär lighthouse,lighthouse,59.72344,22.49928,FI,Kimitoön,17,250
Q5764622,Klaipėda Lighthouse,lighthouse,55.72722,21.09528,LT,Klaipėda,12,250
Q15217844,Flannan Isles Lighthouse,lighthouse,58.28811,-7.58828,GB,Outer Hebrides,14,250
Q21014964,Shabla Lighthouse,lighthouse,43.54035,28.60698,BG,Shabla,15,250
Q28375893,Thridrangaviti Lighthouse,lighthouse,63.48883,-20.51317,IS,Southern Region,18,250
Q6343,Carthage,marketplace,36.85256,10.32346,TN,Exarchate of Africa,121,400
Q44112,Cyrene,marketplace,32.82304,21.85727,LY,Jabal al Akhdar,75,400
Q101583,Thebes,marketplace,25.72056,32.61028,EG,Luxor Governorate,82,400
Q134762,Eilat,marketplace,29.55,34.95,IL,Beersheba Subdistrict,102,400
Q191504,Leptis Magna,marketplace,32.63675,14.2922,LY,Al Khums,69,400
Q153430,Bryggen,marketplace,60.3975,5.32333,NO,Bergen Municipality,47,400
Q157341,King's Lynn,marketplace,52.7543,0.3976,GB,King's Lynn and West Norfolk,47,400
Q195344,Great Market Hall,marketplace,47.48669,19.0588,HU,Budapest District IX,25,400
Q215429,Grand-Place,marketplace,50.84671,4.35254,BE,Brussels,56,400
Q309282,Avaris,marketplace,30.78623,31.82253,EG,Sharqia Governorate,40,400
Q381038,Sais,marketplace,30.96472,30.76833,EG,Markaz Basyūn,50,400
Q505954,Grand Bazaar,marketplace,41.01058,28.96793,TR,Fatih,46,400
Q770631,Old town Market Square in Krakow,marketplace,50.06167,19.93722,PL,Kraków,31,400
Q906661,Panticapaeum,marketplace,45.33861,36.46806,UA,Kerch,28,400
Q1058770,Metapontum,marketplace,40.41608,16.81676,IT,Bernalda,26,400
Q1143233,Olbia,marketplace,46.7,31.9,UA,Kutsurub rural hromada,28,400
Q1334899,La Boqueria,marketplace,41.3818,2.17155,ES,El Raval,26,400
Q55264655,Elmina Castle,marketplace,5.08274,-1.34821,GH,Central Region,35,400
Q49137,Faneuil Hall,marketplace,42.35999,-71.05631,US,Boston,18,400
Q190670,Riga Central Market,marketplace,56.944,24.116,LV,Riga,20,400
Q287522,Nymphaion,marketplace,45.23666,36.4175,RU,Kerch City Council,16,400
Q417645,Naschmarkt,marketplace,48.1989,16.3636,AT,Wieden,17,400
Q515965,Fort Frontenac,marketplace,44.23333,-76.47861,CA,Kingston,13,400
Q541933,Kauppatori,marketplace,60.167,24.955,FI,Helsinki,20,400
Q629659,Elim,marketplace,29.3,32.96667,EG,,16,400
Q917483,Loggia del Mercato Nuovo,marketplace,43.76999,11.25429,IT,borough 1,13,400
Q947295,Grote Markt,marketplace,51.22111,4.39972,BE,Antwerp,17,400
Q961148,Leadenhall Market,marketplace,51.5127,-0.0835,GB,City of London,21,400
Q1041262,Central Market,marketplace,3.14583,101.69556,MY,Kuala Lumpur,13,400
Q1108938,Markt,marketplace,51.2085,3.22444,BE,Bruges,15,400
Q1233293,Naxos,marketplace,37.82532,15.26669,IT,Giardini Naxos,21,400
Q1254826,Cape Coast Castle,marketplace,5.10358,-1.24125,GH,Cape Coast,21,400
Q1313314,York Factory,marketplace,57.00278,-92.30472,CA,Manitoba,15,400
Q1318387,Fort São Sebastião de Xama,marketplace,5.54667,-0.18356,GH,Shama,14,400
Q1408117,San Francisco Ferry Building,marketplace,37.79556,-122.39361,US,San Francisco,13,400
Q1435551,Roman Agora of Athens,marketplace,37.97417,23.72611,GR,Athens Municipality,19,400
Q1548947,The Market Square,marketplace,51.10944,17.03194,PL,Wrocław,16,400
Q1708950,Carmel Market,marketplace,32.06868,34.76905,IL,Tel Aviv,13,400
Q1998460,Fort Saint Anthony,marketplace,4.868,-2.2444,GH,Axim,13,400
Q2197068,Mercat Central,marketplace,39.4735,-0.37894,ES,Valencia,13,400
Q2566850,Massalia,marketplace,43.29635,5.36989,FR,,19,400
Q2627311,Besarabsky Market,marketplace,50.44236,30.52163,UA,Kyiv,15,400
Q2712497,Old Town Market Square in Warsaw,marketplace,52.2497,21.0122,PL,Warsaw,19,400
Q2918531,Mahane Yehuda Market,marketplace,31.78556,35.21222,IL,Mahane Yehuda,20,400
Q3232879,Bến Thành Market,marketplace,10.77252,106.69802,VN,Bến Thành,15,400
Q3607385,Akrai,marketplace,37.06121,14.90433,IT,Palazzolo Acreide,12,400
Q5182895,Crawford Market,marketplace,18.94741,72.83471,IN,Mumbai,12,400
Q60851537,Joom,marketplace,56.97698,24.16597,LV,,13,400
Q4152,Neuschwanstein Castle,castle,47.55749,10.74944,DE,Schwangau,93,450
Q42646,Windsor Castle,castle,51.48389,-0.60444,GB,Windsor and Maidenhead,85,450
Q62378,Tower of London,castle,51.5082,-0.0762,GB,London Borough of Tower Hamlets,88,450
Q177549,Krak des Chevaliers,castle,34.75694,36.29472,SY,Syria,77,450
Q188754,Himeji Castle,castle,34.83944,134.69361,JP,Himeji,75,450
Q193369,Prague Castle,castle,50.09,14.4,CZ,Hradčany,65,450
Q1143049,Château de Montsoreau,castle,47.2156,0.0622,FR,Montsoreau,100,450
Q1865480,Bastille,castle,48.85333,2.36917,FR,4th arrondissement of Paris,86,450
Q18820,Wawel Castle,castle,50.0544,19.9366,PL,Kraków,33,450
Q23354,Sforza Castle,castle,45.471,9.17969,IT,Milan,44,450
Q29894,Orava Castle,castle,49.26167,19.35806,SK,Oravský Podzámok,26,450
Q41977,Hiroshima Castle,castle,34.40275,132.45903,JP,Motomachi,31,450
Q46242,Hofburg Palace,castle,48.20639,16.36528,AT,Innere Stadt,55,450
Q46313,Buda Castle,castle,47.49611,19.03972,HU,Budapest District I,47,450
Q60491,Rozafa Fortress,castle,42.04633,19.493,AL,Shkodër,26,450
Q1013399,Nijō Castle,castle,35.01417,135.7475,JP,Nakagyō Ward,29,450
Q1013472,Palanok Castle,castle,48.43151,22.6878,UA,Mukachevo,25,450
Q1024886,Arsuf,castle,32.1952,34.8068,IL,,25,450
Q1035742,Cardiff Castle,castle,51.48231,-3.18111,GB,Castle,28,450
Q1048381,Shanhai Pass,castle,40.00916,119.75357,CN,Shanhaiguan District,43,450
Q1049259,Loarre Castle,castle,42.32556,-0.61194,ES,Loarre,29,450
Q1061061,Château de Loches,castle,47.12476,0.99686,FR,Loches,25,450
Q1082964,Osu Castle,castle,5.5466,-0.1827,GH,Accra Metropolitan District,27,450
Q1090492,Château Gaillard,castle,49.23813,1.40275,FR,Les Andelys,25,450
Q1092030,Vajdahunyad Castle,castle,47.51528,19.08194,HU,Budapest,25,450
Q1113602,Bodrum Castle,castle,37.03167,27.42944,TR,Bodrum,28,450
Q1125527,Rochester Castle,castle,51.3898,0.50163,GB,Rochester,26,450
Q1132683,Hever Castle,castle,51.18694,0.11389,GB,Hever,30,450
Q1155484,Inuyama Castle,castle,35.38833,136.93917,JP,Inuyama,27,450
Q1196273,Fushimi Castle,castle,34.9395,135.77686,JP,Fushimi-ku,26,450
Q1196357,Goryōkaku,castle,41.79694,140.75694,JP,Hakodate,26,450
Q1255597,Rock of Cashel,castle,52.52,-7.89,IE,Cashel,30,450
Q1271457,Kantara Castle,castle,35.4064,33.9233,CY,Kantara,32,450
Q1320427,Alnwick Castle,castle,55.41578,-1.70608,GB,England,27,450
Q1333330,Gusuku Sites and Related Properties of the Kingdom of Ryukyu,castle,26.2086,127.683,JP,Okinawa Prefecture,28,450
Q1353643,Swallow's Nest,castle,44.43057,34.12851,RU,Gaspra,39,450
Q1354033,Aljafería,castle,41.65649,-0.89708,ES,Zaragoza,33,450
Q1362749,Montréal Castle,castle,30.53139,35.56083,JO,Idumea,27,450
Q1367052,Gifu Castle,castle,35.43389,136.78222,JP,Gifu,25,450
Q1422235,Pembroke Castle,castle,51.67694,-4.92056,GB,Pembroke,33,450
Q1473825,Palazzo dei Normanni,castle,38.11128,13.35341,IT,Palermo,25,450
Q1482013,Trakai Island Castle,castle,54.6525,24.93306,LT,Trakai,37,450
Q1497616,Gediminas' Tower,castle,54.68676,25.29068,LT,Vilnius,31,450
Q1529151,Glamis Castle,castle,56.6203,-3.0024,GB,Angus,27,450
Q1552366,Château du Haut-Koenigsbourg,castle,48.24944,7.34417,FR,Orschwiller,27,450
Q1768091,Kuressaare Castle,castle,58.24689,22.47929,EE,Saaremaa Rural Municipality,39,450
Q1866166,Lubart's Castle,castle,50.73889,25.32333,UA,Lutsk,38,450
Q2000542,Saint Michael's Castle,castle,59.94042,30.33764,RU,Saint Petersburg,32,450
Q2026185,Bamburgh Castle,castle,55.60936,-1.711,GB,Bamburgh,29,450
Q2049047,Bled Castle,castle,46.37009,14.10093,SI,Municipality of Bled,26,450
Q2075156,Ljubljana Castle,castle,46.04871,14.50863,SI,Ljubljana City Municipality,31,450
Q2164919,Český Krumlov Castle,castle,48.8125,14.31528,CZ,Český Krumlov,29,450
Q2177200,Dumbarton Castle,castle,55.936,-4.5628,GB,West Dunbartonshire,26,450
Q2272243,Vyborg Castle,castle,60.71583,28.72889,RU,Vyborg,27,450
Q2287080,Three Towers of San Marino,castle,43.935,12.45,SM,,28,450
Q2302532,Saint Hilarion Castle,castle,35.31214,33.28108,CY,Kyrenia,26,450
Q2375603,Kamianets-Podilskyi Castle,castle,48.67333,26.5625,UA,Kamianets-Podilskyi,38,450
Q2581527,Kalat,castle,29.02584,66.58995,PK,Kalat Tehsil,29,450
Q2588696,Smederevo Fortress,castle,44.66861,20.92917,RS,Smederevo,28,450
Q2600596,Ananuri,castle,42.16361,44.70389,GE,Mtskheta-Mtianeti,26,450
Q4706020,Alamut Castle,castle,36.44472,50.58611,IR,Alamut-e Bala Rural District,50,450
Q24024872,Alcazaba y Murallas del Cerro de San Cristóbal,castle,36.84111,-2.47194,ES,Almería,27,450
Q1012374,Hikone Castle,castle,35.27639,136.25167,JP,Hikone,27,450
Q865913,Edo Castle,castle,35.68832,139.75439,JP,Chiyoda,39,450
Q866154,Haapsalu Castle,castle,58.94722,23.53861,EE,Haapsalu City,31,450
Q877023,Hohenwerfen Castle,castle,47.48292,13.18851,AT,Werfen,26,450
Q906516,Margat,castle,35.15111,35.94917,SY,Marqab,31,450
Q907052,Shuri Castle,castle,26.21703,127.71948,JP,Naha,39,450
Q912447,Chinon Castle,castle,47.16806,0.23611,FR,Chinon,30,450
Q913981,Urquhart Castle,castle,57.324,-4.442,GB,Highland,27,450
Q933219,Pharaoh's Island,castle,29.46284,34.86005,EG,South Sinai Governorate,27,450
Q934922,Tintagel Castle,castle,50.6683,-4.7608,GB,Tintagel,31,450
Q941276,Warwick Castle,castle,52.2796,-1.58561,GB,Warwick,35,450
Q943794,Pidhirtsi Castle,castle,49.9431,24.9835,UA,Pidhirtsi,29,450
Q950970,Dover Castle,castle,51.12827,1.3235,GB,Dover,36,450
Q756815,Beaumaris Castle,castle,53.26491,-4.08957,GB,Beaumaris,37,450
Q756830,Conwy Castle,castle,53.28015,-3.82563,GB,Q634054,40,450
Q781219,Castel Nuovo,castle,40.83838,14.25381,IT,Naples,35,450
Q785544,Olesko Castle,castle,49.96834,24.90056,UA,Olesko,25,450
Q786888,Azuchi Castle,castle,35.15602,136.13936,JP,Ōmihachiman-shi,29,450
Q829299,Glücksburg Castle,castle,54.83167,9.54361,DE,Glücksburg,26,450
Q830976,Devín Castle,castle,48.17389,16.97806,SK,Devín,34,450
Q857504,Egeskov Castle,castle,55.17639,10.48944,DK,Faaborg-Midtfyn Municipality,33,450
Q859010,Toompea Castle,castle,59.43556,24.73722,EE,Tallinn,43,450
Q71279,Malbork Castle,castle,54.03972,19.02778,PL,Malbork,58,450
Q79217,Predjama Castle,castle,45.8152,14.12759,SI,Municipality of Postojna,35,450
Q90801,Rumeli Hisarı,castle,41.08472,29.05611,TR,Istanbul,34,450
Q115253,Takht-e Soleyman,castle,36.60472,47.23417,IR,Chaman Rural District,50,450
Q118256,Špilberk Castle,castle,49.19444,16.59889,CZ,Brno-město,27,450
Q126576,Corvin Castle,castle,45.7491,22.8883,RO,Hunedoara County,35,450
Q136893,Turku Castle,castle,60.43528,22.22764,FI,Turku,31,450
Q141012,Khotyn Fortress,castle,48.52194,26.49833,UA,Khotyn,43,450
Q151545,Wartburg,castle,50.96611,10.30639,DE,Eisenach,58,450
Q151776,Matsue Castle,castle,35.47498,133.05056,JP,Matsue,34,450
Q153426,Eltz Castle,castle,50.205,7.33667,DE,Wierschem,40,450
Q156457,Hohenzollern Castle,castle,48.32356,8.9674,DE,Bisingen,47,450
Q156803,Moritzburg Castle,castle,51.16757,13.67961,DE,Moritzburg,29,450
Q165069,Miramare Castle,castle,45.70245,13.71232,IT,Trieste,38,450
Q189358,Kronborg Castle,castle,56.03861,12.62194,DK,Helsingør Municipality,55,450
Q200693,Kroměříž Castle,castle,49.30028,17.39306,CZ,Kroměříž,35,450
Q205558,Spiš Castle,castle,49.00056,20.76833,SK,Žehra,48,450
Q206231,Citadel of Aleppo,castle,36.19917,37.1625,SY,Aleppo,30,450
Q209643,Mir Castle Complex,castle,53.45127,26.47289,BY,Mir,49,450
Q212065,Edinburgh Castle,castle,55.9487,-3.20073,GB,City of Edinburgh,58,450
Q215315,Kernavė,castle,54.88333,24.85,LT,Širvintos District Municipality,49,450
Q251272,Olavinlinna Castle,castle,61.86371,28.90124,FI,Savonlinna,30,450
Q261707,Bellver Castle,castle,39.56375,2.61934,ES,Palma,27,450
Q266698,Karlštejn Castle,castle,49.93955,14.18793,CZ,Karlštejn,50,450
Q275128,Caernarfon Castle,castle,53.13931,-4.27689,GB,Caernarfon,39,450
Q277531,Citadel of Salah Ed-Din,castle,35.59583,36.05722,SY,Al-Haffah,45,450
Q301376,Buffavento Castle,castle,35.2875,33.41,CY,Bellapais Abbey,25,450
Q317096,Habsburg Castle,castle,47.46254,8.18073,CH,Habsburg,37,450
Q321242,Osaka Castle,castle,34.68722,135.52583,JP,Ōsaka-jō,51,450
Q322183,Riga Castle,castle,56.95095,24.10064,LV,Riga,41,450
Q327265,Heidelberg Castle,castle,49.41056,8.71583,DE,Heidelberg,40,450
Q372647,Chillon Castle,castle,46.41417,6.9275,CH,Veytaux,48,450
Q376699,Castle of Pierrefonds,castle,49.34694,2.98028,FR,Pierrefonds,27,450
Q390275,Bran Castle,castle,45.515,25.3671,RO,Bran,50,450
Q420810,Acrocorinth,castle,37.89142,22.87092,GR,Corinth Municipality,37,450
Q476801,Beaufort Castle,castle,33.32471,35.53215,LB,Arnoun,27,450
Q486382,Castel Sant'Angelo,castle,41.90304,12.46631,IT,Rome,58,450
Q498261,Reales Alcázares,castle,37.38443,-5.99119,ES,Seville,46,450
Q500367,Qal'at Bani Hammad,castle,35.81389,4.79333,DZ,M'Sila Province,51,450
Q537641,Qasr Kharana,castle,31.72889,36.46278,JO,Amman Governorate,25,450
Q540964,Harlech Castle,castle,52.86,-4.10916,GB,Q1024935,30,450
Q557337,Royal Alcázar of Segovia,castle,40.9525,-4.1325,ES,Segovia,38,450
Q562529,Namhansanseong,castle,37.47803,127.18419,KR,Gyeonggi Province,36,450
Q564868,Linlithgow Palace,castle,55.9785,-3.60097,GB,West Lothian,29,450
Q571409,Königsberg Castle,castle,54.71034,20.50956,RU,Kaliningrad,27,450
Q576369,Ludlow Castle,castle,52.3672,-2.72301,GB,Ludlow,28,450
Q593311,Bratislava Castle,castle,48.14222,17.1,SK,Bratislava,47,450
Q612364,Čachtice Castle,castle,48.72472,17.76083,SK,Čachtice,26,450
Q613355,Kumamoto Castle,castle,32.80606,130.70597,JP,Chūō-ku,38,450
Q636780,Castle of Saint George,castle,38.71389,-9.13333,PT,Santa Maria Maior,31,450
Q637827,Wewelsburg,castle,51.60677,8.65143,DE,Büren,25,450
Q639208,Bodiam Castle,castle,51.00226,0.54353,GB,Bodiam,41,450
Q644464,Akershus Fortress,castle,59.90661,10.73625,NO,Oslo Municipality,37,450
Q645041,Castel dell'Ovo,castle,40.82832,14.24766,IT,Naples,28,450
Q648226,Kalmar Castle,castle,56.65806,16.35528,SE,Kalmar County,33,450
Q648629,Nagoya Castle,castle,35.18556,136.89861,JP,Naka-ku,40,450
Q660001,Hermann Castle,castle,59.37556,28.20083,EE,Narva City,39,450
Q663673,Château de Vincennes,castle,48.84278,2.43583,FR,Vincennes,41,450
Q678465,Trenčín Castle,castle,48.89417,18.04472,SK,Trenčín,27,450
Q679248,Hochosterwitz Castle,castle,46.75593,14.45241,AT,St. Georgen am Längsee,32,450
Q679292,Hohensalzburg Fortress,castle,47.795,13.0473,AT,Salzburg,40,450
Q682601,Caerphilly Castle,castle,51.57605,-3.22033,GB,Caerphilly,26,450
Q694782,Vaduz Castle,castle,47.13944,9.52444,LI,Vaduz,40,450
Q699474,Liechtenstein Castle,castle,48.0927,16.27036,AT,Maria Enzersdorf,32,450
Q700562,Königstein Fortress,castle,50.91889,14.05694,DE,Königstein,25,450
Q707396,Nuremberg Castle,castle,49.4579,11.0759,DE,Nuremberg,33,450
Q714783,Gripsholm Castle,castle,59.25611,17.21917,SE,Strängnäs Municipality,38,450
Q716667,Arundel Castle,castle,50.85611,-0.55361,GB,Arundel,32,450
Q719422,Nesvizh Castle,castle,53.22288,26.69174,BY,Minsk region,47,450
Q738109,Książ Castle and park complex,castle,50.84222,16.29167,PL,Wałbrzych,34,450
Q739612,Matsumoto Castle,castle,36.23889,137.96917,JP,Marunouchi,37,450
Q742767,Dublin Castle,castle,53.34311,-6.26739,IE,Dublin,39,450
Q744016,Konopiště Castle,castle,49.77944,14.65667,CZ,Konopiště,35,450
Q746876,Leeds Castle,castle,51.24889,0.63,GB,Leeds,32,450
Q746983,Dunnottar Castle,castle,56.94569,-2.19677,GB,Aberdeenshire,29,450
Q752266,Durham Castle,castle,54.7749,-1.57558,GB,City of Durham,46,450
Q756098,Royal Castle in Warsaw,castle,52.24778,21.01417,PL,Warsaw,43,450
Q756268,Stirling Castle,castle,56.12389,-3.94778,GB,Stirling,43,450
Q678992,Plassenburg,castle,50.108,11.464,DE,Kulmbach,15,450
Q679009,Albrechtsburg,castle,51.1666,13.47138,DE,Meissen,17,450
Q680644,Gvozdansko Castle,castle,45.1333,16.2157,HR,Gvozdansko,18,450
Q681554,Toron,castle,33.19571,35.41233,LB,Tebnine,17,450
Q681677,Lockenhaus Castle,castle,47.40377,16.42444,AT,Lockenhaus,15,450
Q686787,Schloss Esterházy,castle,47.84648,16.51928,AT,Eisenstadt,24,450
Q687186,Schloss Wilhelmshöhe,castle,51.315,9.41611,DE,Kassel,20,450
Q688261,Valère Castle,castle,46.23389,7.36444,CH,Sion,21,450
Q691833,Kremenets Castle,castle,50.095,25.73083,UA,Kremenets,15,450
Q691966,Castle of the counts of Gruyères,castle,46.58466,7.08399,CH,Gruyères,15,450
Q696951,Pfalzgrafenstein Castle,castle,50.08306,7.76583,DE,Kaub,16,450
Q698689,Aggstein Castle,castle,48.31389,15.42167,AT,Schönbühel-Aggsbach,17,450
Q700384,Hammershus,castle,55.27115,14.75581,DK,Bornholm regional municipality,21,450
Q700639,Landskron Castle,castle,46.64247,13.89611,AT,Villach,16,450
Q700709,Kufstein Fortress,castle,47.58122,12.16914,AT,Kufstein,23,450
Q702906,Frankenstein Castle,castle,49.79333,8.66833,DE,Mühltal,18,450
Q721728,Castle of Eger,castle,47.9039,20.3794,HU,Eger,19,450
Q725274,"Ashford Castle, County Mayo",castle,53.5348,-9.28441,IE,Cong,16,450
Q726404,Ashtown Castle,castle,53.36577,-6.33057,IE,Dublin,16,450
Q727760,Lincoln Castle,castle,53.2349,-0.5409,GB,Lincoln,24,450
Q732249,Portchester Castle,castle,50.8375,-1.115,GB,England,18,450
Q743012,Šariš Castle,castle,49.05222,21.17611,SK,Q852313,15,450
Q761920,Château de Gien,castle,47.68472,2.63187,FR,Gien,15,450
Q764573,Cahir Castle,castle,52.37455,-7.92719,IE,County Tipperary,17,450
Q769303,Château du Rivau,castle,47.10389,0.32333,FR,Lémeré,15,450
Q769690,Zvíkov Castle,castle,49.43888,14.19241,CZ,Zvíkovské Podhradí,15,450
Q773316,Łańcut Castle,castle,50.06846,22.23456,PL,Łańcut,19,450
Q782719,Old Sarum,castle,51.09333,-1.80472,GB,Salisbury,18,450
Q786075,Château de Brissac,castle,47.35306,-0.44972,FR,Brissac Loire Aubance,21,450
Q791969,Beersel Castle,castle,50.76569,4.3,BE,Beersel,15,450
Q799921,Bagras,castle,36.42694,36.225,TR,Hatay Province,19,450
Q816295,Belvoir Castle,castle,52.8945,-0.78256,GB,Belvoir,19,450
Q832656,Uzhhorod Castle,castle,48.62167,22.30669,UA,Uzhhorod,19,450
Q844694,Kerak Castle,castle,31.18056,35.70139,JO,Al-Karak,20,450
Q849861,Donnington Castle,castle,51.4197,-1.3381,GB,Shaw cum Donnington,15,450
Q858940,Castel Capuano,castle,40.85354,14.26444,IT,Naples,18,450
Q870867,Taga Castle,castle,38.30667,140.98833,JP,Tagajō,14,450
Q872115,Riegersburg Castle,castle,47.00472,15.9325,AT,Riegersburg,16,450
Q877030,Forchtenstein Castle,castle,47.70974,16.33169,AT,Forchtenstein,22,450
Q881739,Blarney Castle,castle,51.92889,-8.57083,IE,Blarney,23,450
Q891918,Sofiero Palace,castle,56.08389,12.65972,SE,Helsingborg Municipality,17,450
Q897169,Braemar Castle,castle,57.01475,-3.39148,GB,Aberdeenshire,17,450
Q899545,Culzean Castle,castle,55.35464,-4.78929,GB,South Ayrshire,19,450
Q909515,Uwajima Castle,castle,33.2195,132.565,JP,Uwajima,14,450
Q911714,Laugharne Castle,castle,51.7696,-4.46205,GB,Laugharne,14,450
Q911975,Toyama Castle,castle,36.6933,137.211,JP,Toyama,14,450
Q913308,Chlemoutsi,castle,37.89028,21.14194,GR,Andravida-Kyllini Municipality,14,450
Q921344,Veveří Castle,castle,49.25667,16.46167,CZ,Brno-Bystrc,15,450
Q921634,Fraxinetum,castle,43.32139,6.46389,IT,Var,22,450
Q922422,Warkworth Castle,castle,55.3452,-1.61178,GB,Warkworth,19,450
Q931371,Palace of the Grand Master of the Knights of Rhodes,castle,36.44569,28.22411,GR,Rhodes,24,450
Q935973,Läckö Castle,castle,58.675,13.22,SE,Lidköping Municipality,20,450
Q940492,Bouzov Castle,castle,49.70444,16.88972,CZ,Q56413359,18,450
Q944597,Peyrepertuse,castle,42.8708,2.55537,FR,Duilhac-sous-Peyrepertuse,15,450
Q946702,Dunrobin Castle,castle,57.9817,-3.94552,GB,Highland,21,450
Q959733,Maglič,castle,43.6133,20.5378,RS,Kraljevo,18,450
Q981357,Matsuyama Castle,castle,33.84554,132.76572,JP,Matsuyama,20,450
Q1010951,Beckov Castle,castle,48.79083,17.89806,SK,Beckov,17,450
Q1010980,Belvoir Fortress,castle,32.59556,35.52139,IL,Northern District,20,450
Q1011026,Château de Beynac,castle,44.84028,1.14528,FR,Beynac-et-Cazenac,19,450
Q1011357,Château de Castelnaud-la-Chapelle,castle,44.81583,1.14889,FR,Castelnaud-la-Chapelle,20,450
Q1011692,Château de Falaise,castle,48.8932,-0.2039,FR,Falaise,15,450
Q1011806,Château de Foix,castle,42.96556,1.605,FR,Foix,22,450
Q1012141,Gutenberg Castle,castle,47.06525,9.50028,LI,Balzers,17,450
Q1012561,Häme Castle,castle,61.00351,24.45982,FI,Hämeenlinna,24,450
Q1012726,Kost Castle,castle,50.49028,15.135,CZ,Podkost,17,450
Q1012808,Křivoklát Castle,castle,50.03778,13.8725,CZ,Křivoklát,16,450
Q1012815,Kōchi Castle,castle,33.56111,133.53139,JP,Marunouchi,21,450
Q1012821,Laiuse Castle,castle,58.81208,26.54422,EE,Jõgeva Rural Municipality,16,450
Q1013039,Loket Castle,castle,50.18697,12.75444,CZ,Loket,19,450
Q1013093,New Castle of Manzanares el Real,castle,40.72722,-3.86222,ES,Manzanares el Real,14,450
Q1013127,Medvedgrad,castle,45.86955,15.94077,HR,Črnomerec,17,450
Q1049016,Castelvecchio,castle,45.43957,10.9881,IT,Verona,16,450
Q1049138,Castle of Almansa,castle,38.87156,-1.0934,ES,Almansa,20,450
Q1049270,Ponferrada Castle,castle,42.54417,-6.59361,ES,Ponferrada,15,450
Q1049589,Castle of Mey,castle,58.64703,-3.22448,GB,Highland,16,450
Q1064830,Hagi Castle,castle,34.41759,131.38248,JP,Hagi,17,450
Q1067494,Temple,castle,48.86528,2.36222,FR,Paris,19,450
Q1070187,Chepstow Castle,castle,51.6439,-2.6757,GB,Chepstow,18,450
Q1071856,Imabari Castle,castle,34.06334,133.00681,JP,Imabari,15,450
Q1072570,Ľubovňa Castle,castle,49.31522,20.69941,SK,Stará Ľubovňa,15,450
Q1072990,Chillingham Castle,castle,55.5258,-1.9041,GB,Chillingham,14,450
Q1073699,Tottori Castle,castle,35.5074,134.24,JP,Tottori,14,450
Q1074393,Oshi Castle,castle,36.1371,139.453,JP,Gyōda-shi,14,450
Q1133188,Moszna Castle,castle,50.44139,17.76944,PL,Q1004793,17,450
Q1138741,Craigievar Castle,castle,57.17415,-2.71812,GB,Aberdeenshire,18,450
Q1139896,Criccieth Castle,castle,52.91611,-4.2325,GB,Criccieth,15,450
Q1143892,Maruoka Castle,castle,36.15235,136.2721,JP,Sakai,22,450
Q1143974,Matsumae Castle,castle,41.42983,140.10839,JP,Matsumae,16,450
Q1146583,Hedingham Castle,castle,51.99248,0.60153,GB,Castle Hedingham,14,450
Q1149473,Qasr al-Hayr al-Sharqi,castle,35.07389,39.07111,SY,Homs Governorate,20,450
Q1151831,Akashi Castle,castle,34.6525,134.99167,JP,Akashi,14,450
Q1180981,Deal Castle,castle,51.2185,1.4039,GB,Deal,15,450
Q1186381,Bezděz Castle,castle,50.53904,14.7197,CZ,Bezděz,14,450
Q1186885,Denbigh Castle,castle,53.18055,-3.42073,GB,Denbigh,14,450
Q1191029,Hirado Castle,castle,33.36868,129.55752,JP,Hirado,14,450
Q1196356,Iwamura Castle,castle,35.36033,137.45131,JP,Ena,15,450
Q1197137,Komoro Castle,castle,36.32734,138.41725,JP,Komoro,14,450
Q1236430,Reccopolis,castle,40.32056,-2.89361,ES,Zorita de los Canes,17,450
Q1236511,Corfe Castle,castle,50.6399,-2.0589,GB,Corfe Castle,24,450
Q1252715,Doune Castle,castle,56.18516,-4.05025,GB,Stirling,20,450
Q1262718,Duart Castle,castle,56.45616,-5.65494,GB,Argyll and Bute,15,450
Q1266167,Dunluce Castle,castle,55.21139,-6.57917,GB,County Antrim,17,450
Q1266330,Dunvegan Castle,castle,57.4485,-6.59004,GB,Highland,22,450
Q1269394,Scone Palace,castle,56.42261,-3.43814,GB,Perth and Kinross,17,450
Q1275686,Hillsborough Castle,castle,54.4612,-6.08609,GB,Northern Ireland,20,450
Q1289258,Château des ducs de Bretagne,castle,47.21614,-1.54914,FR,Nantes,20,450
Q1322463,Shimabara Castle,castle,32.78916,130.36722,JP,Shimabara,17,450
Q1351222,Ponte Nomentano,castle,41.93361,12.5325,IT,Roma Capitale,14,450
Q1357421,Kiyosu Castle,castle,35.217,136.844,JP,Kiyosu,18,450
Q1365061,Aizuwakamatsu Castle,castle,37.48778,139.92972,JP,Aizuwakamatsu,19,450
Q1376597,Château de Troussay,castle,47.49139,1.42444,FR,Cheverny,16,450
Q1377160,Château du Plessis-Bourré,castle,47.601,-0.5444,FR,Écuillé,17,450
Q1377263,Powis Castle,castle,52.65,-3.16056,GB,Welshpool,17,450
Q1404704,Nimrod Fortress,castle,33.25278,35.71472,SY,Golan Heights,16,450
Q1408860,Bohus Fortress,castle,57.86194,11.99944,SE,Kungälv Municipality,17,450
Q1408884,Fredriksten,castle,59.11981,11.39722,NO,Halden,16,450
Q1439593,Fotheringhay Castle,castle,52.5242,-0.43572,GB,Fotheringhay,18,450
Q1475894,Uppsala Castle,castle,59.85359,17.63543,SE,Uppsala Municipality,17,450
Q1477613,Rumkale,castle,37.27078,37.83792,TR,Nizip,20,450
Q1479356,Château de Talcy,castle,47.76972,1.44444,FR,Talcy,18,450
Q1516747,Château de Commarque,castle,44.94167,1.10194,FR,Les Eyzies,17,450
Q1524213,Mamure Castle,castle,36.08083,32.89444,TR,Anamur district,14,450
Q1524366,Blackness Castle,castle,56.00611,-3.51611,GB,Falkirk,16,450
Q1531449,Glimmingehus,castle,55.50083,14.23083,SE,Simrishamn Municipality,15,450
Q1543972,Gravensteen,castle,51.05722,3.72056,BE,Ghent,22,450
Q1557685,Guédelon Castle,castle,47.58333,3.15583,FR,Treigny,21,450
Q1584818,Kolossi Castle,castle,34.665,32.93417,CY,Kolossi,21,450
Q1585849,Kidwelly Castle,castle,51.73941,-4.30574,GB,Kidwelly,15,450
Q1585938,Rhuddlan Castle,castle,53.2892,-3.46425,GB,Rhuddlan,23,450
Q1589230,Borgholm Castle,castle,56.87056,16.64333,SE,Borgholm Municipality,20,450
Q1592677,Põltsamaa Castle,castle,58.65458,25.96747,EE,Põltsamaa Rural Municipality,14,450
Q1613640,Hermitage Castle,castle,55.2556,-2.7933,GB,Scottish Borders,14,450
Q1619788,Byblos Castle,castle,34.12,35.6464,LB,Byblos,19,450
Q1636168,Qasr Mshatta,castle,31.7375,36.01028,JO,Amman,21,450
Q1654198,Tirol Castle,castle,46.69449,11.14479,IT,Tirol,17,450
Q1672292,Norwich Castle,castle,52.6281,1.29678,GB,Norwich,18,450
Q1704670,Winchester Castle,castle,51.0618,-1.32026,GB,Winchester,22,450
Q1735335,Kastelholm Castle,castle,60.2329,20.08066,FI,Sund,19,450
Q1738764,Kenilworth Castle,castle,52.347,-1.59111,GB,Kenilworth,22,450
Q1741270,Kildrummy Castle,castle,57.23481,-2.90463,GB,Aberdeenshire,14,450
Q1756534,Ujazdów Castle,castle,52.21944,21.03056,PL,Warsaw,20,450
Q1757808,Vadstena Castle,castle,58.44597,14.88361,SE,Vadstena Municipality,22,450
Q1758189,Slane Castle,castle,53.70942,-6.56125,IE,Slane,17,450
Q1760652,Sandal Castle,castle,53.6587,-1.49063,GB,Wakefield,17,450
Q1767946,Koluvere Castle,castle,58.90557,24.10387,EE,Lääne-Nigula Rural Municipality,17,450
Q1778194,Kodak Fortress,castle,48.38139,35.13669,UA,Dnipropetrovsk Oblast,16,450
Q1779071,Nyköping Castle,castle,58.74847,17.01167,SE,Nyköping Municipality,20,450
Q79160,Kisimul Castle,castle,56.952,-7.487,GB,Outer Hebrides,19,450
Q80637,York Castle,castle,53.95583,-1.08,GB,York,24,450
Q81593,Alanya Castle,castle,36.53333,31.99333,TR,Alanya,20,450
Q91110,Castillo de San Felipe de Barajas,castle,10.42222,-75.53806,CO,Cartagena,15,450
Q112738,Castle of Xabier,castle,42.59403,-1.21583,ES,Javier,18,450
Q115139,Sarvestan Palace,castle,29.19556,53.23083,IR,Sarvestan County,19,450
Q140998,Ostroh Castle,castle,50.33333,26.51667,UA,Ostroh,22,450
Q147009,Tre Kronor Castle,castle,59.32583,18.07139,SE,Stockholm Municipality,21,450
Q178522,Dunstaffnage Castle,castle,56.45465,-5.43694,GB,Argyll and Bute,19,450
Q198287,Colchester Castle,castle,51.89059,0.90305,GB,Colchester,18,450
Q205659,Château de Lunéville,castle,48.59472,6.4925,FR,Lunéville,15,450
Q206225,Ankara Castle,castle,39.94167,32.865,TR,Ankara,23,450
Q206246,Citadel of Damascus,castle,33.51167,36.30194,SY,Damascus,20,450
Q212625,Alcázar de los Reyes Cristianos,castle,37.8766,-4.78138,ES,Córdoba,22,450
Q217058,Castle Stalker,castle,56.57154,-5.38619,GB,Argyll and Bute,18,450
Q227176,Čakovec Castle,castle,46.38899,16.432,HR,Čakovec,14,450
Q247451,Buonconsiglio Castle,castle,46.07157,11.12704,IT,Trento,15,450
Q248735,Lietava Castle,castle,49.16071,18.68508,SK,Lietava,14,450
Q249047,Moorish Castle,castle,36.14389,-5.35,GB,Gibraltar,23,450
Q250115,Monnow Bridge,castle,51.809,-2.71996,GB,Monmouth,21,450
Q250658,Marugame Castle,castle,34.28619,133.80019,JP,Marugame,14,450
Q255574,Peveril Castle,castle,53.3402,-1.7772,GB,Castleton,17,450
Q257210,Marksburg,castle,50.27192,7.64944,DE,Braubach,23,450
Q258217,Burghausen Castle,castle,48.15611,12.82889,DE,Burghausen,19,450
Q264599,Sümeg Castle,castle,46.98222,17.28222,HU,Sümeg,15,450
Q268433,New Grodno Castle,castle,53.67613,23.82538,BY,Hrodna,15,450
Q315120,Maus Castle,castle,50.1719,7.69599,DE,Rhineland-Palatinate,14,450
Q319745,Aberystwyth Castle,castle,52.41328,-4.0895,GB,Aberystwyth,18,450
Q328582,Hirosaki Castle,castle,40.60804,140.46381,JP,Shimoshirogane-chō,22,450
Q328595,Carisbrooke Castle,castle,50.6875,-1.31389,GB,Newport and Carisbrooke,21,450
Q356289,"Hofburg, Innsbruck",castle,47.2689,11.3944,AT,Innsbruck,19,450
Q367781,Rudkhan Castle,castle,37.06444,49.23972,IR,Gurab Pas Rural District,16,450
Q371063,Calatrava la Vieja,castle,39.07434,-3.83252,ES,Carrión de Calatrava,14,450
Q373326,Viljandi Castle,castle,58.35917,25.59528,EE,Viljandi City,19,450
Q380298,Laxenburg castles,castle,48.0647,16.3581,AT,Laxenburg,14,450
Q384841,Old Castle,castle,48.7772,9.17917,DE,Stuttgart-Mitte,22,450
Q385428,Altenburg Abbey,castle,48.64361,15.59465,AT,Altenburg,16,450
Q402848,Launceston Castle,castle,50.6376,-4.36142,GB,Launceston,17,450
Q429562,Santa Bárbara Castle,castle,38.349,-0.478,ES,Alicante,16,450
Q432422,Craigmillar Castle,castle,55.9257,-3.14089,GB,City of Edinburgh,16,450
Q442169,Ducal Castle,castle,53.42621,14.56036,PL,Szczecin,15,450
Q449031,Vischering Castle,castle,51.7761,7.44306,DE,Lüdinghausen,14,450
Q449088,Stahleck Castle,castle,50.05806,7.76556,DE,Rhineland-Palatinate,15,450
Q478335,Rakvere Castle,castle,59.34778,26.35222,EE,Rakvere City,18,450
Q491322,Grodziec Castle,castle,51.17722,15.75922,PL,Grodziec,15,450
Q495086,Bolton Castle,castle,54.3221,-1.94991,GB,Castle Bolton with East and West Bolton,15,450
Q501080,Kimbolton Castle,castle,52.2956,-0.38716,GB,Kimbolton,18,450
Q505858,Chester Castle,castle,53.1853,-2.8923,GB,Chester Castle,14,450
Q506465,Reichsburg Cochem,castle,50.1422,7.16694,DE,Cochem,19,450
Q508519,Trosky Castle,castle,50.51625,15.23083,CZ,Tachov,21,450
Q508866,Nakijin Castle,castle,26.69083,127.93028,JP,Nakijin,20,450
Q511254,Chojnik Castle,castle,50.83361,15.64361,PL,Jelenia Góra,14,450
Q511412,Kanazawa Castle,castle,36.56432,136.65923,JP,Kanazawa,21,450
Q512271,Trausnitz Castle,castle,48.53168,12.15212,DE,Landshut,15,450
Q512373,Balga castle,castle,54.5525,19.96944,RU,Q2295727,18,450
Q514388,Loch Leven Castle,castle,56.2008,-3.39179,GB,Perth and Kinross,19,450
Q515105,Dunstanburgh Castle,castle,55.4885,-1.59351,GB,Craster,21,450
Q523286,Hambach Castle,castle,49.325,8.11861,DE,Neustadt an der Weinstraße,18,450
Q524338,Kórnik Castle,castle,52.24392,17.09084,PL,Kórnik,17,450
Q525635,Monmouth Castle,castle,51.8125,-2.71685,GB,Monmouth,23,450
Q532627,Blair Castle,castle,56.7734,-3.85754,GB,Perth and Kinross,17,450
Q536865,Angelokastro,castle,39.67839,19.68716,GR,Municipality of Central Corfu and Diapontia Islands,14,450
Q538301,Marburg Castle,castle,50.81019,8.767,DE,Marburg,15,450
Q539538,Beeston Castle,castle,53.12865,-2.69354,GB,Beeston,24,450
Q558514,Qal'eh Dokhtar,castle,28.921,52.53014,IR,Firuzabad County,16,450
Q565345,Falkland Palace,castle,56.2548,-3.20609,GB,Fife,22,450
Q567525,Bouillon Castle,castle,49.7932,5.0662,BE,Q217216,16,450
Q567635,Katz Castle,castle,50.1518,7.72414,DE,Sankt Goarshausen,14,450
Q567643,Rheinfels Castle,castle,50.15417,7.70444,DE,Sankt Goar,16,450
Q569546,Sigmaringen Castle,castle,48.08778,9.21694,DE,Sigmaringen,23,450
Q570515,Antonia Fortress,castle,31.78009,35.2343,IL,Jerusalem,23,450
Q573635,Rheinstein Castle,castle,49.9937,7.85843,DE,Trechtingshausen,14,450
Q573643,Kyburg Castle,castle,47.45838,8.74338,CH,Illnau-Effretikon,17,450
Q576534,Château de Coucy,castle,49.52167,3.31861,FR,Coucy-le-Château-Auffrique,24,450
Q576569,"Château de Beauregard, Loire Valley",castle,47.53694,1.38361,FR,Cellettes,14,450
Q577021,Nitra Castle,castle,48.31833,18.08639,SK,Nitra,15,450
Q580797,Larnaca Castle,castle,34.91052,33.63769,CY,Larnaca Municipality,22,450
Q1048850,Castello Ursino,castle,37.49897,15.08439,IT,Catania,17,450
Q1049008,Castle of the Moors,castle,38.79254,-9.3896,PT,"Sintra (Santa Maria e São Miguel, São Martinho e São Pedro de Penaferrim)",21,450
Q11845,Castle of Coca,castle,41.21528,-4.52556,ES,Coca,19,450
Q19838,Palace of Venaria,castle,45.13583,7.62352,IT,Venaria Reale,22,450
Q19844,Castle of Rivoli,castle,45.07003,7.51025,IT,Rivoli,18,450
Q19850,Castle of Moncalieri,castle,45.00217,7.68722,IT,Moncalieri,14,450
Q19851,Castle of Racconigi,castle,44.76939,7.67597,IT,Racconigi,18,450
Q33530,Carlow Castle,castle,52.8363,-6.93594,IE,Carlow,14,450
Q57803,Tantallon Castle,castle,56.05639,-2.65056,GB,East Lothian,19,450
Q64597,Huntly Castle,castle,57.45488,-2.78117,GB,Aberdeenshire,14,450
Q4891993,Berkeley Castle,castle,51.68861,-2.45694,GB,Berkeley,15,450
Q5311089,Dubovac Castle,castle,45.495,15.528,HR,Karlovac,19,450
Q5583571,Goodrich Castle,castle,51.8767,-2.6157,GB,Goodrich,16,450
Q5884534,Holt Castle,castle,53.0779,-2.88023,GB,Q5884520,17,450
Q6026101,Gaziantep Castle,castle,37.0664,37.3833,TR,Gaziantep,24,450
Q6060213,Inverness Castle,castle,57.47631,-4.2255,GB,Highland,14,450
Q6133648,Kubota Castle,castle,39.72348,140.12324,JP,Akita,14,450
Q6380677,Tenczyn Castle,castle,50.10224,19.58184,PL,Rudno,15,450
Q6598101,Vilnius Castle Complex,castle,54.68667,25.29083,LT,Vilnius,20,450
Q7108569,Othello Castle,castle,35.12769,33.94324,CY,Famagusta,17,450
Q7535853,Skipton Castle,castle,53.96373,-2.01437,GB,Skipton,14,450
Q7721569,Newcastle upon Tyne Castle,castle,54.96883,-1.61036,GB,Newcastle upon Tyne,16,450
Q7898392,Upnor Castle,castle,51.4069,0.52686,GB,Frindsbury Extra,15,450
Q7920355,Ventspils Castle,castle,57.39612,21.55861,LV,Ventspils,14,450
Q9386548,Brzeg Castle,castle,50.86375,17.4669,PL,Brzeg,15,450
Q10859317,Herat Citadel,castle,34.34583,62.18861,AF,Herat,17,450
Q11595283,Akita Castle,castle,39.74026,140.08134,JP,Akita,15,450
Q14201945,Montfort Castle,castle,33.04472,35.22611,IL,Northern District,23,450
Q15107343,Ballyloughan Castle,castle,52.83679,-6.77376,IE,Muine Bheag,14,450
Q16534749,Rabati Castle,castle,41.64289,42.97815,GE,Akhaltsikhe,24,450
Q17496804,Ioannina Castle,castle,39.6717,20.8606,GR,Ioannina Municipality,14,450
Q17642916,Nottingham Castle,castle,52.94917,-1.15472,GB,City of Nottingham,22,450
Q19968534,Bash Tapia Castle,castle,36.3554,43.1216,IQ,,15,450
Q20816698,Eilean Donan Castle,castle,57.27389,-5.51605,GB,Highland,16,450
Q21155924,Ogrodzieniec Castle,castle,50.45326,19.55214,PL,Podzamcze,17,450
Q27875946,Castle of Pico,castle,44.88907,11.06545,IT,Mirandola,16,450
Q28806346,Zerzevan Castle,castle,37.60833,40.49917,TR,Çınar district,14,450
Q1013619,Raseborg Castle,castle,59.99167,23.65111,FI,Raseborg,19,450
Q1014126,Het Steen,castle,51.22278,4.3975,BE,Antwerp,18,450
Q1014197,Strečno Castle,castle,49.17452,18.8624,SK,Strečno,16,450
Q1014312,Czocha Castle,castle,51.03056,15.30361,PL,Gmina Leśna,20,450
Q1014402,Vianden Castle,castle,49.935,6.20278,LU,Vianden,21,450
Q1014446,Castle of Vêves,castle,50.2208,4.9826,BE,Houyet,15,450
Q1014729,Ramana Tower,castle,40.45613,49.98006,AZ,Ramana,17,450
Q1014747,Český Šternberk Castle,castle,49.80889,14.92639,CZ,Český Šternberk,21,450
Q1014752,Červený Kameň Castle,castle,48.39167,17.33556,SK,Častá,19,450
Q1015617,Yoros Castle,castle,41.17861,29.09444,TR,Anadolu Kavağı,16,450
Q1021796,Porto Palermo Fortress,castle,40.06214,19.79071,AL,Vlorë County,19,450
Q1025398,Caerlaverock Castle,castle,54.9756,-3.524,GB,Dumfries and Galloway,20,450
Q1033649,Canossa Castle,castle,44.57605,10.45579,IT,Canossa,24,450
Q1038629,Sunpu Castle,castle,34.97917,138.38333,JP,Aoi-ku,14,450
Q1042740,San Andrés Castle,castle,28.505,-16.19083,ES,Santa Cruz de Tenerife,18,450
Q1048627,Castel Sant'Elmo,castle,40.84362,14.23933,IT,Naples,23,450
Q1048809,Aragonese Castle,castle,40.73162,13.96493,IT,Ischia,20,450
Q1048836,Castello Estense,castle,44.83763,11.61943,IT,Ferrara,22,450
Q1780430,Pieskowa Skała,castle,50.24417,19.78,PL,Sułoszowa,18,450
Q1801490,Lampron,castle,37.16674,34.60223,TR,Çamlıyayla,18,450
Q1804836,Budatín Castle,castle,49.23639,18.73389,SK,Žilina,19,450
Q1807458,Knutstorp Castle,castle,55.97944,13.13472,SE,Svalöv Municipality,17,450
Q1810918,Malmö Castle,castle,55.605,12.9875,SE,Malmö Municipality,24,450
Q1815544,Château de Châteaudun,castle,48.07056,1.32361,FR,Châteaudun,18,450
Q1855987,Ross Castle,castle,52.041,-9.531,IE,County Kerry,15,450
Q1857888,Qal'at Ja'bar,castle,35.8975,38.48083,SY,Raqqa Governorate,20,450
Q1891413,Skokloster Castle,castle,59.70306,17.62139,SE,Håbo Municipality,22,450
Q1893174,Gola Dzierżoniowska Castle,castle,50.73798,16.79433,PL,Gmina Niemcza,17,450
Q1934670,Royal Palace of Olite,castle,42.48173,-1.64956,ES,Olite/Erriberri,18,450
Q1963850,Scarborough Castle,castle,54.2869,-0.38803,GB,Scarborough,18,450
Q1968086,Bilhorod-Dnistrovskyi Fortress,castle,46.20059,30.3507,UA,Bilhorod-Dnistrovskyi,23,450
Q1988622,Codnor Castle,castle,53.04542,-1.35475,GB,Aldercar and Langley Mill,20,450
Q2007231,Château des Milandes,castle,44.82361,1.11333,FR,Castelnaud-la-Chapelle,14,450
Q2007516,Voruta,castle,55.54556,25.13861,LT,,18,450
Q2014458,Dunfermline Palace,castle,56.0695,-3.46461,GB,Fife,23,450
Q2060046,Château de Roquetaillade,castle,44.49258,-0.26982,FR,Mazères,17,450
Q2065395,Shahbulag Castle,castle,40.06876,46.90577,AZ,Aghdam District,14,450
Q2073299,Duffield Castle,castle,52.99225,-1.49194,GB,Duffield,15,450
Q2073408,Castillo de San Juan Bautista,castle,28.45556,-16.2525,ES,Santa Cruz de Tenerife,14,450
Q1013191,Château de Montségur,castle,42.87556,1.8325,FR,Montségur,22,450
Q1013209,Nakagusuku Castle,castle,26.28389,127.80139,JP,Nakagusuku,17,450
Q1013437,Odawara Castle,castle,35.25083,139.15361,JP,Odawara,23,450
Q1013445,Okazaki Castle,castle,34.95639,137.15889,JP,Kōsei-chō,20,450
Q1013448,Okayama Castle,castle,34.66528,133.93611,JP,Marunouchi,24,450
Q1013458,Orlík Castle,castle,49.513,14.17047,CZ,Orlík nad Vltavou,17,450
Q1013541,Puilaurens Castle,castle,42.80375,2.29944,FR,Puilaurens,15,450
Q1013551,Poenari Castle,castle,45.35386,24.63522,RO,Căpățânenii Ungureni,24,450
Q2075107,Turaida Castle,castle,57.18222,24.85028,LV,Sigulda,18,450
Q2078555,Dolbadarn Castle,castle,53.11658,-4.1142,GB,Q1638504,21,450
Q4242006,Round Tower (Mardakan),castle,40.49573,50.14716,AZ,Khazar,14,450
Q4583646,Raby Castle,castle,54.59092,-1.80175,GB,Raby with Keverstone,15,450
Q607126,Fénis Castle,castle,45.7369,7.48901,IT,Fénis,16,450
Q609669,Frangokastello,castle,35.18222,24.23389,GR,Sfakia Municipality,17,450
Q614836,Carlisle Castle,castle,54.8972,-2.94167,GB,Carlisle,22,450
Q615735,Berg Castle,castle,49.81417,6.08694,LU,Colmar-Berg,24,450
Q626232,Castle of Almodóvar del Río,castle,37.80742,-5.02371,ES,Almodóvar del Río,14,450
Q627928,Babak Castle,castle,38.83722,46.98083,IR,Kaleybar County,22,450
Q631473,Sudeley Castle,castle,51.94722,-1.95611,GB,Sudeley,14,450
Q632379,Imperial Palace of Goslar,castle,51.9028,10.4258,DE,Goslar,16,450
Q645898,Bauska Castle,castle,56.40361,24.17361,LV,Bauska,17,450
Q655633,Pernštejn Castle,castle,49.45083,16.31889,CZ,Pernstein,18,450
Q667763,Château de Quéribus,castle,42.83667,2.62167,FR,Cucugnan,18,450
Q668647,Lenzburg Castle,castle,47.38752,8.18531,CH,Lenzburg,16,450
Q669642,Burg Kreuzenstein,castle,48.3792,16.3089,AT,Leobendorf,19,450
Q673786,Aarburg Castle,castle,47.32151,7.90108,CH,Aarburg,15,450
Q678714,Berwick Castle,castle,55.77417,-2.01194,GB,Berwick-upon-Tweed,14,450
Q3662690,Castle of Melfi,castle,40.99835,15.65281,IT,Melfi,19,450
Q4175884,Nový zámok,castle,48.45577,18.89616,SK,Banská Štiavnica,14,450
Q4185811,Barnard Castle,castle,54.54333,-1.92667,GB,Barnard Castle,15,450
Q2177577,Loevestein Castle,castle,51.81639,5.02139,,Zaltbommel,18,450
Q2426916,Muiderslot,castle,52.33423,5.07181,,Gooise Meren,21,450
Q581644,Kokura Castle,castle,33.88444,130.87426,JP,Jōnai,18,450
Q583428,Bergenhus Fortress,castle,60.39972,5.3175,NO,Bergen Municipality,14,450
Q592319,Krásna Hôrka Castle,castle,48.65824,20.60033,SK,Krásnohorské Podhradie,19,450
Q598621,Sendai Castle,castle,38.25248,140.85616,JP,Aoba-ku,15,450
Q599132,Bunratty Castle,castle,52.69667,-8.81181,IE,County Clare,20,450
Q601598,Akō Castle,castle,34.74567,134.38898,JP,Akō-shi,14,450
Q603303,Grabštejn,castle,50.84613,14.87619,CZ,Grabštejn,17,450
Q606233,Veliki Tabor Castle,castle,46.15469,15.65108,HR,Desinić,21,450
Q3241847,Bolingbroke Castle,castle,53.1651,0.0169,GB,Bolingbroke,18,450
Q3306356,Chirk Castle,castle,52.935,-3.08972,GB,Chirk,19,450
Q3306889,Copenhagen Castle,castle,55.67722,12.58,DK,Copenhagen Municipality,18,450
Q3355366,Celje Castle,castle,46.21972,15.27167,SI,City Municipality of Celje,14,450
Q3395294,Cardigan Castle,castle,52.0815,-4.66053,GB,Cardigan,14,450
Q3403691,Carreg Cennen Castle,castle,51.85455,-3.93525,GB,Dyffryn Cennen,14,450
Q3405245,Vivari Fortress,castle,39.74167,19.9925,AL,Butrint,14,450
Q3497343,Falak-ol-Aflak,castle,33.48367,48.35325,IR,Khorramabad,14,450
Q3509540,Bobolice Castle,castle,50.61333,19.49306,PL,Silesian Voivodeship,16,450
Q3646287,Tmogvi,castle,41.39457,43.3148,GE,Aspindza Municipality,17,450
Q3662579,Conisbrough Castle,castle,53.4843,-1.22606,GB,Doncaster,17,450
Q2106892,Powderham Castle,castle,50.64297,-3.45997,GB,Powderham,14,450
Q2121495,Qasr Azraq,castle,31.87996,36.82743,JO,Zarqa Governorate,18,450
Q2145629,Aberdour Castle,castle,56.0552,-3.2983,GB,Fife,14,450
Q2165568,Trim Castle,castle,53.55434,-6.78976,IE,Trim,16,450
Q2193788,Będzin Castle,castle,50.32722,19.12914,PL,Będzin,24,450
Q2247315,Limassol Castle,castle,34.67231,33.04163,CY,Limassol Municipality,18,450
Q2255867,Fort Bard,castle,45.60817,7.74458,IT,"Bard, Aosta Valley",15,450
Q2277692,Qasr al-Hayr al-Gharbi,castle,34.37444,37.60583,SY,Homs Governorate,23,450
Q2278554,Muness Castle,castle,60.6895,-0.84918,GB,Shetland Islands,15,450
Q2301986,Halton Castle,castle,53.33306,-2.69583,GB,Halton,16,450
Q2338956,Zakimi Castle,castle,26.40833,127.74194,JP,Yomitan,18,450
Q2368960,Carrickfergus Castle,castle,54.7133,-5.80645,GB,Carrickfergus,17,450
Q2369922,Dolwyddelan Castle,castle,53.05306,-3.90833,GB,Dolwyddelan,16,450
Q2385597,Zbarazh Castle,castle,49.66336,25.78536,UA,Zbarazh,17,450
Q2419871,Birr Castle,castle,53.09532,-7.91554,IE,Birr,16,450
Q2453267,Kilkenny Castle,castle,52.65028,-7.24917,IE,County Kilkenny,20,450
Q2456319,Hisham's Palace,castle,31.8825,35.45972,PS,Jericho Governorate,19,450
Q2468464,Navahrudak Castle,castle,53.60146,25.82771,BY,Navahrudak,21,450
Q2468497,Kaunas Castle,castle,54.89889,23.885,LT,Kaunas,21,450
Q2470666,Kızıl Kule,castle,36.53644,31.99831,TR,Antalya Province,17,450
Q2471589,Katsuren Castle,castle,26.32981,127.87888,JP,Uruma,16,450
Q2478089,Kaunas Fortress,castle,54.8989,23.8854,LT,Lithuania,18,450
Q2498312,Hara Castle,castle,32.6333,130.256,JP,Minamishimabara,15,450
Q2498662,Vastseliina Castle,castle,57.7303,27.3614,EE,Võru Rural Municipality,18,450
Q2500125,Montjuïc Castle,castle,41.36342,2.16617,ES,El Poble-sec,17,450
Q2505824,Paphos Castle,castle,34.75367,32.40696,CY,Paphos,24,450
Q2512369,Cēsis Castle,castle,57.31333,25.27,LV,Cēsis,19,450
Q2524183,Framlingham Castle,castle,52.2246,1.34661,GB,Framlingham,18,450
Q2533198,King John's Castle,castle,52.66972,-8.62556,IE,Limerick,17,450
Q2552418,Ardvreck Castle,castle,58.167,-4.99563,GB,Highland,15,450
Q2567982,Pischalauski Castle,castle,53.89889,27.54806,BY,Minsk,14,450
Q2577195,Olyka Castle,castle,50.72333,25.80861,UA,Olyka,14,450
Q2579998,Castle of Óbidos,castle,39.36417,-9.15765,PT,"Santa Maria, São Pedro e Sobral da Lagoa",15,450
Q2584510,Čabraď Castle,castle,48.244,19.1061,SK,Čabradský Vrbovok,14,450
Q2599326,Castle of Almourol,castle,39.46194,-8.38383,PT,Praia do Ribatejo,16,450
Q2600886,Oxford Castle,castle,51.7518,-1.26248,GB,Oxford,19,450
Q2604117,Lublin Castle,castle,51.20053,22.57173,PL,Lublin,22,450
Q2623848,Lviv High Castle,castle,49.84833,24.03889,UA,Lviv,14,450
Q2625461,Golubac,castle,44.66119,21.67848,RS,Golubac,24,450
Q2627072,Lindisfarne Castle,castle,55.66907,-1.78475,GB,Holy Island,16,450
Q2628361,Tattershall Castle,castle,53.10133,-0.19261,GB,Tattershall,18,450
Q2630723,Raglan Castle,castle,51.7703,-2.85006,GB,Monmouthshire,17,450
Q2634748,Lida Castle,castle,53.8872,25.3024,BY,Lida,24,450
Q2652207,Herstmonceux Castle,castle,50.8702,0.33921,GB,Eastbourne,16,450
Q2652794,Medininkai Castle,castle,54.53942,25.64997,LT,Medininkai,19,450
Q2656838,Kosava Castle,castle,52.76556,25.12167,BY,Kosava,17,450
Q2658050,Dubno Castle,castle,50.41954,25.74808,UA,Rivne Oblast,16,450
Q2658498,Castle of Guimarães,castle,41.44783,-8.2903,PT,"Oliveira, São Paio e São Sebastião",22,450
Q2659104,Biržai Castle,castle,56.2,24.75,LT,Biržai,16,450
Q2659535,Old Grodno Castle,castle,53.677,23.823,BY,Hrodna,20,450
Q2661381,Malahide Castle,castle,53.44472,-6.165,IE,Fingal,15,450
Q2662617,Qasr ibn Wardan,castle,35.36667,37.23333,SY,Hama Governorate,15,450
Q2664904,Baghaberd,castle,39.21486,46.27761,AM,Andokavan,15,450
Q2704850,Castell Coch,castle,51.53583,-3.25472,GB,Tongwynlais,17,450
Q2705370,Middleham Castle,castle,54.28404,-1.80685,GB,Middleham,15,450
Q2713117,Dinefwr Castle,castle,51.8768,-4.01848,GB,Llandeilo,18,450
Q2716995,Belfast Castle,castle,54.6427,-5.94232,GB,Low Wood,18,450
Q2741891,Petrelë Fortress,castle,41.255,19.854,AL,Petrelë,16,450
Q2748806,Crathes Castle,castle,57.06148,-2.43992,GB,Aberdeenshire,15,450
Q2757682,Örebro Castle,castle,59.27389,15.21528,SE,Örebro Municipality,23,450
Q2786026,Kreva Castle,castle,54.30926,26.28249,BY,Kreva,24,450
Q2832233,Alcázar de Jerez de la Frontera,castle,36.68056,-6.14,ES,Jerez de la Frontera,17,450
Q2918974,Sidon Sea Castle,castle,33.567,35.3711,LB,Sidon,18,450
Q2968274,Ichijōdani Asakura Family Historic Ruins,castle,35.9995,136.296,JP,Fukui,16,450
Q2968336,Ostrožac Castle,castle,44.904,15.937,BA,Ostrožac,17,450
Q2968700,Brougham Castle,castle,54.6533,-2.71802,GB,Brougham,17,450
Q2968752,Castle of Caen,castle,49.18639,-0.36278,FR,Caen,17,450
Q2968772,Canterbury Castle,castle,51.2757,1.07462,GB,Canterbury,14,450
Q2969173,Dunster Castle,castle,51.1814,-3.44427,GB,Dunster,16,450
Q2969507,Krasiczyn Castle,castle,49.7764,22.64937,PL,Gmina Krasiczyn,19,450
Q2969574,Castle of La Mota,castle,41.3089,-4.90833,ES,Medina del Campo,17,450
Q2969640,Lancaster Castle,castle,54.0498,-2.80562,GB,Lancaster,16,450
Q2970215,Pevensey Castle,castle,50.8192,0.33311,GB,Pevensey,17,450
Q2971093,Zolochiv Castle,castle,49.80201,24.90624,UA,Zolochiv,18,450
Q2986978,Atalaya Castle,castle,38.63194,-0.86083,ES,Villena,15,450
Q2993456,Castillo de San Servando,castle,39.8604,-4.0156,ES,Toledo,15,450
Q3078443,Fortress of Prizren,castle,42.20942,20.74558,XK,Prizren,16,450
Q3127243,Alcazaba of Málaga,castle,36.72118,-4.41575,ES,Málaga,24,450
Q3175128,Letohrádek Hvězda,castle,50.0834,14.3263,CZ,Liboc,16,450
Q3176377,Royal Palace of La Almudaina,castle,39.5675,2.64722,ES,Palma,15,450
Q3182749,Kamerlengo Castle,castle,43.51528,16.2475,HR,Trogir,20,450
Q3187042,Van Fortress,castle,38.5025,43.34,TR,Van Province,22,450
Q2946,Palace of Versailles,palace,48.80472,2.12028,FR,Versailles,109,450
Q4132,Summer Palace,palace,39.9975,116.2689,CN,Haidian District,62,450
Q28471,Royal Monastery of San Lorenzo de El Escorial,palace,40.58917,-4.14778,ES,San Lorenzo de El Escorial,82,450
Q35525,White House,palace,38.89778,-77.03667,US,"Washington, D.C.",143,450
Q42182,Buckingham Palace,palace,51.501,-0.142,GB,City of Westminster,95,450
Q47476,Alhambra,palace,37.17634,-3.58821,ES,Granada,96,450
Q51252,Uffizi Gallery,palace,43.76833,11.25528,IT,Florence,73,450
Q71229,Potala Palace,palace,29.65778,91.11694,CN,Lhasa District,85,450
Q80290,Forbidden City,palace,39.91583,116.39083,CN,Dongcheng District,105,450
Q145093,Apostolic Palace,palace,41.90361,12.45639,VA,Vatican City,60,450
Q170495,Topkapı Palace,palace,41.013,28.984,TR,Istanbul,79,450
Q182147,Winter Palace,palace,59.93983,30.31456,RU,Dvortsovy Municipal Okrug,76,450
Q188190,Élysée Palace,palace,48.87028,2.31639,FR,8th arrondissement of Paris,66,450
Q189883,Doge's Palace,palace,45.43367,12.34042,IT,Venice,60,450
Q211818,Belvedere,palace,48.1934,16.38052,AT,Vienna,61,450
Q7461,Gatchina Palace,palace,59.5639,30.10798,RU,Gatchina,29,450
Q16566,Chehel Sotun,palace,32.65736,51.67181,IR,Isfahan,33,450
Q19824,Royal Palace of Turin,palace,45.07283,7.68633,IT,Turin,32,450
Q19834,Palazzina di caccia of Stupinigi,palace,44.995,7.60389,IT,Nichelino,25,450
Q56004,Princely Abbey of Corvey,palace,51.77778,9.41,DE,Höxter,39,450
Q62364,Royal Pavilion,palace,50.82236,-0.13772,GB,Brighton and Hove,36,450
Q911047,Palazzo Medici Riccardi,palace,43.77529,11.25599,IT,Florence,30,450
Q911734,Yıldız Palace,palace,41.0494,29.0111,TR,Beşiktaş,33,450
Q912192,Hôtel Matignon,palace,48.85444,2.32083,FR,Saint-Thomas-d'Aquin,34,450
Q917702,Peleș Castle,palace,45.35972,25.54278,RO,Sinaia,36,450
Q927806,Sándor Palace,palace,47.4978,19.0382,HU,Budapest District I,30,450
Q930376,Kremlin Senate,palace,55.7532,37.61857,RU,Tverskoy District,26,450
Q930795,Sans-Souci Palace,palace,19.60469,-72.2186,HT,Nord,25,450
Q935116,Sandringham House,palace,52.82972,0.51389,GB,Sandringham,40,450
Q936633,Palais Bourbon,palace,48.86207,2.31868,FR,7th arrondissement of Paris,42,450
Q940733,Christiansborg Palace,palace,55.67583,12.57889,DK,Copenhagen Municipality,40,450
Q957551,Ca' Foscari,palace,45.43446,12.3266,IT,Dorsoduro,28,450
Q1003322,Boukoleon Palace,palace,41.0025,28.97556,TR,Istanbul,27,450
Q1052171,Ca' Rezzonico,palace,45.43409,12.32435,IT,Venice,27,450
Q1055311,Livadia Palace,palace,44.46778,34.14361,UA,Livadiya,45,450
Q1066641,Charlottenlund Palace,palace,55.75028,12.58056,DK,Gentofte Municipality,26,450
Q1072510,Chapultepec Castle,palace,19.42056,-99.18167,MX,Mexico,26,450
Q1073173,Palace of Queluz,palace,38.75045,-9.25822,PT,Queluz e Belas,26,450
Q1075988,Louvre Palace,palace,48.86103,2.33589,FR,1st arrondissement of Paris,39,450
Q1123879,Palazzo Venezia,palace,41.8962,12.4815,IT,Rome,32,450
Q1123987,Rundāle Palace,palace,56.4133,24.02483,LV,Pilsrundāle,33,450
Q1130266,Lambeth Palace,palace,51.49556,-0.11972,GB,Lambeth,35,450
Q1136614,Palazzo Barberini,palace,41.90332,12.48986,IT,Rome,34,450
Q1164788,Prince's Palace of Monaco,palace,43.73142,7.42028,MC,Monaco-Ville,32,450
Q1202239,Kyoto Imperial Palace,palace,35.02528,135.76222,JP,Kamigyō-ku,33,450
Q1229016,Mariinsky Palace,palace,59.93083,30.30944,RU,Saint Petersburg,29,450
Q1261544,Palazzo del Te,palace,45.14755,10.78658,IT,Mantua,25,450
Q1314130,Hasht Behesht Palace,palace,32.65336,51.67014,IR,District 3,26,450
Q1323932,Istana Nurul Iman,palace,4.87203,114.92076,BN,Bandar Seri Begawan,27,450
Q1367970,Palace of Moncloa,palace,40.44361,-3.73694,ES,Madrid,30,450
Q1368885,Grandmaster's Palace,palace,35.89883,14.51406,MT,Valletta,27,450
Q1370087,Grand Kremlin Palace,palace,55.75,37.61583,RU,Tverskoy District,33,450
Q1486703,Taq-i Kisra,palace,33.09372,44.58072,IQ,Asuristan,32,450
Q1517884,National Palace,palace,19.4325,-99.13139,MX,Mexico City,31,450
Q1519034,Alexander Palace,palace,59.72111,30.39278,RU,Pushkin,26,450
Q1540732,Royal Palace of La Granja de San Ildefonso,palace,40.8975,-4.00458,ES,Real Sitio de San Ildefonso,26,450
Q1577652,Presidential Palace of Lithuania,palace,54.68316,25.28587,LT,Vilnius,26,450
Q1721042,Kafes,palace,41.01379,28.98355,TR,Istanbul,26,450
Q2047548,Palazzo Chigi,palace,41.90123,12.47977,IT,Rome,33,450
Q2187746,Lake Palace,palace,24.57507,73.68022,IN,Udaipur,25,450
Q2425839,Royal Palaces of Abomey,palace,7.18645,1.994,BJ,Abomey,39,450
Q2429287,Ali Qapu,palace,32.65714,51.67667,IR,District 3,27,450
Q2628708,Vorontsov Palace,palace,44.41978,34.05552,RU,Alupka,32,450
Q2757538,Jal Mahal,palace,26.95333,75.84611,IN,Jaipur,26,450
Q2854543,Catherine Palace,palace,59.716,30.39556,RU,Pushkin,56,450
Q2991838,Yusupov Palace on Moika,palace,59.9295,30.2987,RU,Saint Petersburg,25,450
Q4392418,Putin's Palace,palace,44.41921,38.20521,RU,Gelendzhik District,31,450
Q5574523,Haga Palace,palace,59.36361,18.03944,SE,Solna Municipality,26,450
Q7722735,Kadriorg Palace,palace,59.43852,24.791,EE,Tallinn,32,450
Q13360213,Chaillot Palace,palace,48.86234,2.28807,FR,16th arrondissement of Paris,34,450
Q79220,Uraniborg,palace,55.90786,12.69661,,Landskrona Municipality,30,450
Q391620,Palace of Whitehall,palace,51.50444,-0.12556,,City of Westminster,45,450
Q1056152,Royal Palace of Amsterdam,palace,52.37317,4.89136,,Amsterdam,37,450
Q1072284,Huis ten Bosch,palace,52.09306,4.34389,,The Hague,25,450
Q756807,Ca' Pesaro,palace,45.441,12.33146,IT,Venice,27,450
Q781417,Palazzo Montecitorio,palace,41.90106,12.47865,IT,Rome,25,450
Q794349,Beylerbeyi Palace,palace,41.0426,29.0399,TR,Üsküdar,32,450
Q820872,Ca' d'Oro,palace,45.44056,12.33389,IT,Venice,35,450
Q836531,Hawa Mahal,palace,26.924,75.82672,IN,Jaipur district,59,450
Q848386,Palazzo Farnese,palace,41.89469,12.47081,IT,Rome,38,450
Q848394,Lateran Palace,palace,41.88667,12.50528,IT,Rome,39,450
Q852429,Mukden Palace,palace,41.79583,123.45,CN,Shenyang,39,450
Q863932,"Royal Palace, Oslo",palace,59.91722,10.7275,NO,Oslo Municipality,32,450
Q867537,Norbulingka,palace,29.65234,91.09532,CN,Lhasa District,35,450
Q873769,Grand Palace,palace,13.75014,100.49203,TH,Phra Borom Maha Ratchawang,48,450
Q902222,Darul Aman Palace,palace,34.4648,69.10894,AF,Kabul,28,450
Q907964,Palazzo Grassi,palace,45.4338,12.32794,IT,Venice,25,450
Q692723,Yonghe Temple,palace,39.94709,116.41092,CN,Dongcheng District,26,450
Q704831,Ludwigsburg Palace,palace,48.89938,9.19607,DE,Ludwigsburg,25,450
Q732489,Mariinskyi Palace,palace,50.44833,30.5375,UA,Pecherskyi District,51,450
Q743881,Khan's Palace,palace,44.74861,33.88194,UA,Bakhchysarai,41,450
Q750444,Stockholm Palace,palace,59.32667,18.07167,SE,Stockholm Municipality,44,450
Q69513,Pena Palace,palace,38.78778,-9.39056,PT,"Sintra (Santa Maria e São Miguel, São Martinho e São Pedro de Penaferrim)",39,450
Q118618,Herrenchiemsee,palace,47.86043,12.4022,DE,Chiemsee,35,450
Q143463,Palais des Papes,palace,43.9508,4.8075,FR,Avignon,46,450
Q147994,Tsaritsyno Park + palace,palace,55.61683,37.68282,RU,Tsaritsyno District,26,450
Q151330,Sanssouci Palace,palace,52.40326,13.03863,DE,Potsdam,53,450
Q155107,Zwinger,palace,51.05306,13.73389,DE,Dresden,42,450
Q156316,Würzburg Residence,palace,49.7928,9.93889,DE,Würzburg,46,450
Q162052,Linderhof Palace,palace,47.57162,10.96075,DE,Ettal,41,450
Q164150,Palace of the Parliament,palace,44.4275,26.0875,RO,Bucharest,45,450
Q167314,Dresden Castle,palace,51.05278,13.73694,DE,Dresden,32,450
Q167566,Palace of Culture and Science,palace,52.23167,21.00639,PL,Warsaw,51,450
Q170119,Berlin Palace,palace,52.5175,13.40278,DE,Berlin,45,450
Q171517,Royal Palace of Madrid,palace,40.41795,-3.71431,ES,Madrid,45,450
Q197889,Zhongnanhai,palace,39.91139,116.38056,CN,Xichang'anjie Subdistrict,39,450
Q202902,The Crystal Palace,palace,51.42229,-0.07579,GB,London,52,450
Q203797,"Eggenberg Castle, Graz",palace,47.0739,15.3913,AT,Graz,39,450
Q205666,Hampton Court Palace,palace,51.4034,-0.3375,GB,London Borough of Richmond upon Thames,53,450
Q206101,Rosenborg Castle,palace,55.68566,12.57748,DK,Copenhagen Municipality,38,450
Q207385,Kensington Palace,palace,51.50528,-0.18833,GB,Royal Borough of Kensington and Chelsea,54,450
Q208559,Drottningholm Palace,palace,59.32169,17.88638,SE,Ekerö Municipality,59,450
Q210610,Golestan Palace,palace,35.67972,51.42028,IR,Tehran,59,450
Q211053,Amalienborg,palace,55.68403,12.59333,DK,Copenhagen Municipality,44,450
Q216511,Basilica Cistern,palace,41.0084,28.97792,TR,Fatih,41,450
Q223079,Quirinal Palace,palace,41.9,12.4875,IT,Rome,53,450
Q234364,Tuileries Palace,palace,48.86222,2.33111,FR,Saint-Germain-l'Auxerrois,59,450
Q247595,Leinster House,palace,53.34055,-6.25402,IE,Dublin City,31,450
Q271928,Palazzo Vecchio,palace,43.76944,11.25611,IT,Florence,48,450
Q272162,St James's Palace,palace,51.50472,-0.13778,GB,City of Westminster,51,450
Q273225,Çırağan Palace,palace,41.04344,29.01539,TR,Istanbul,33,450
Q274141,Dolmabahçe Palace,palace,41.03944,29.00167,TR,Beşiktaş,53,450
Q283120,Marble Palace,palace,59.94518,30.3268,RU,Saint Petersburg,27,450
Q304501,Heian Palace,palace,35.01361,135.74222,JP,Heian-kyō,25,450
Q317091,Bellevue Palace,palace,52.5175,13.35333,DE,Bezirk Mitte,37,450
Q321783,Cecilienhof,palace,52.41917,13.07083,DE,Nördliche Vorstädte,32,450
Q322287,Diocletian's Palace,palace,43.50806,16.43833,HR,Split,52,450
Q327983,Palace of Caserta,palace,41.07317,14.32711,IT,Caserta,54,450
Q329852,Luxembourg Palace,palace,48.84833,2.3375,FR,Quartier de l'Odéon,53,450
Q329948,Palais-Royal,palace,48.86333,2.33694,FR,Quartier du Palais-Royal,51,450
Q338889,Palace of the Shirvanshahs,palace,40.36611,49.83333,AZ,Sabail raion,49,450
Q345276,Łazienki Palace,palace,52.21512,21.03582,PL,Śródmieście,26,450
Q423525,ʻIolani Palace,palace,21.30662,-157.85896,US,Honolulu,26,450
Q426339,Royal Palace of Naples,palace,40.83614,14.24928,IT,Naples,30,450
Q456575,Mysore Palace,palace,12.30389,76.65444,IN,Mysore,29,450
Q456817,Amber Fort,palace,26.9859,75.8507,IN,Jaipur district,44,450
Q475338,Great Palace of Constantinople,palace,41.00639,28.97778,TR,Istanbul,28,450
Q477157,Changdeokgung,palace,37.57944,126.99167,KR,Seoul,50,450
Q482423,Hwaseong Fortress,palace,37.28073,127.0102,KR,Suwon,40,450
Q482485,Gyeongbokgung,palace,37.57988,126.9768,KR,Jongno District,45,450
Q482631,Deoksugung,palace,37.56611,126.975,KR,Seoul,32,450
Q482852,Changgyeonggung,palace,37.57843,126.99598,KR,Seoul,26,450
Q494577,Blue House,palace,37.58669,126.97486,KR,Jongno District,42,450
Q496950,Palácio do Planalto,palace,-15.799,-47.86083,BR,Brasília,34,450
Q500681,Tokyo Imperial Palace,palace,35.6825,139.7521,JP,Chiyoda,45,450
Q505950,Holyrood Palace,palace,55.9527,-3.17229,GB,City of Edinburgh,44,450
Q521619,Palazzo Strozzi,palace,43.7713,11.25239,IT,Florence,32,450
Q525811,Generalife,palace,37.17694,-3.58528,ES,Granada,47,450
Q530129,Royal Palace of Aranjuez,palace,40.03636,-3.60818,ES,Aranjuez,40,450
Q532399,Sintra National Palace,palace,38.79778,-9.39083,PT,"Sintra (Santa Maria e São Miguel, São Martinho e São Pedro de Penaferrim)",26,450
Q555255,Akasaka Palace,palace,35.68,139.72861,JP,Tokyo,26,450
Q564981,Queen's House,palace,51.4812,-0.00378,GB,Royal Borough of Greenwich,33,450
Q565521,Clarence House,palace,51.504,-0.1385,GB,City of Westminster,35,450
Q568640,Grassalkovich Palace,palace,48.14944,17.10778,SK,Bratislava,28,450
Q569877,Wallenstein Palace,palace,50.09,14.40667,CZ,Malá Strana,25,450
Q578771,Palace of Tau,palace,49.25306,4.03444,FR,Reims,32,450
Q597051,Palau Güell,palace,41.37882,2.17439,ES,El Raval,33,450
Q599223,Palace of Mafra,palace,38.93692,-9.32639,PT,Mafra,31,450
Q604921,Palace of Zarzuela,palace,40.48278,-3.80143,ES,Madrid,26,450
Q608932,Presidential Palace,palace,52.24278,21.01583,PL,Warsaw,25,450
Q622438,Domus Aurea,palace,41.89139,12.49528,IT,Roma Capitale,37,450
Q635307,Royal Palace of Brussels,palace,50.84167,4.36222,BE,Brussels,31,450
Q676093,Tauride Palace,palace,59.94778,30.37583,RU,Saint Petersburg,30,450
Q677383,New Palace,palace,52.4013,13.01603,DE,Brandenburger Vorstadt,26,450
Q680166,Schleißheim palace complex,palace,48.24861,11.56833,DE,Oberschleißheim,27,450
Q686548,Munich Residence,palace,48.14105,11.57871,DE,Munich,30,450
Q19826,"Palazzo Madama and Casaforte degli Acaja, Turin",palace,45.07094,7.68578,IT,Turin,23,450
Q19829,Palazzo Carignano,palace,45.06901,7.68559,IT,Turin,23,450
Q27017,Kinsky Palace,palace,50.08806,14.42167,CZ,Old Town,22,450
Q32434,Palace of Ardashir,palace,28.89806,52.53917,IR,Fars Province,23,450
Q51105,Royal Palace of Milan,palace,45.46305,9.19115,IT,Milan,22,450
Q52629,Palazzo Dario,palace,45.43084,12.33223,IT,Venice,16,450
Q59482,Rosendal Palace,palace,59.32889,18.11833,SE,Stockholm Municipality,19,450
Q64103,Palazzo dei Conservatori,palace,41.893,12.48281,IT,Rome,21,450
Q2465811,Vrana Palace,palace,42.6403,23.4328,BG,Sofia,15,450
Q2477653,Beloselsky-Belozersky Palace,palace,59.9327,30.3446,RU,Tsentralny District,16,450
Q2512526,Noor Mahal,palace,29.37944,71.66806,PK,Bahawalpur,15,450
Q2517428,Palazzo della Ragione,palace,45.40722,11.87528,IT,Padua,17,450
Q2517648,Palazzo Corsini,palace,41.89333,12.46692,IT,Rome,21,450
Q2522104,Palace of Culture,palace,47.15739,27.58695,RO,Iași County,22,450
Q2522114,Bang Pa-In Royal Palace,palace,14.2325,100.57917,TH,Ban Len,14,450
Q2529348,Villa del Priorato di Malta,palace,41.88361,12.4775,IT,Rome,14,450
Q2568720,Yelagin Palace,palace,59.97931,30.27,RU,Petrogradsky District,18,450
Q2603961,Palazzi Barbaro,palace,45.4317,12.33,IT,Venice,16,450
Q2625319,Palacio de la Magdalena,palace,43.46917,-3.76611,ES,Santander,20,450
Q2628455,Palace of Linares,palace,40.4199,-3.6921,ES,Madrid,16,450
Q2629065,Presidential Mansion,palace,37.97262,23.74083,GR,Athens Municipality,20,450
Q2630165,Quinta da Regaleira,palace,38.79635,-9.39603,PT,"Sintra (Santa Maria e São Miguel, São Martinho e São Pedro de Penaferrim)",22,450
Q2655670,Mandalay Palace,palace,21.99294,96.09591,MM,Mandalay,18,450
Q2665595,Palacio de San Telmo,palace,37.38028,-5.99361,ES,Seville,19,450
Q2666344,Prince Gong's Mansion,palace,39.93664,116.37986,CN,Xicheng District,16,450
Q2719120,Casa del Fascio,palace,45.81231,9.08593,IT,Como,16,450
Q2739100,Papal Palace of Castel Gandolfo,palace,41.7471,12.6503,IT,Castel Gandolfo,23,450
Q2828887,Ak-Saray Palace,palace,39.06078,66.82948,UZ,Shahrisabz,17,450
Q2883493,Banski Dvor,palace,44.7732,17.1924,BA,Republika Srpska,14,450
Q2982559,Santa Cruz Palace,palace,40.4147,-3.70603,ES,Madrid,14,450
Q2986276,Sponza Palace,palace,42.64111,18.11056,HR,Dubrovnik,21,450
Q2992825,Royal Palace of Nukuʻalofa,palace,-21.13139,-175.20056,TO,Nukuʻalofa,16,450
Q3043543,Leh Palace,palace,34.16628,77.58639,IN,Leh district,16,450
Q3129969,Government Palace,palace,60.16954,24.95387,FI,Helsinki,14,450
Q3175595,Monserrate Palace,palace,38.79428,-9.42071,PT,"Sintra (Santa Maria e São Miguel, São Martinho e São Pedro de Penaferrim)",16,450
Q3288223,Liria Palace,palace,40.4277,-3.7124,ES,Madrid,15,450
Q3298842,Palacio de López,palace,-25.27764,-57.63757,PY,La Encarnación,23,450
Q3372473,Palazzo Pisani Moretta,palace,45.43601,12.32925,IT,Venice,14,450
Q3457358,Singha Durbar,palace,27.69827,85.32525,NP,Kathmandu,17,450
Q3815086,Palazzo Piccolomini,palace,43.07649,11.67878,IT,Pienza,14,450
Q3849748,Massandra Palace,palace,44.51722,34.20278,UA,Yalta,14,450
Q3890694,Palazzo Poli,palace,41.90114,12.48318,IT,Rome,15,450
Q4115652,Palace of Capodimonte,palace,40.86701,14.25053,IT,Naples,17,450
Q4346239,Hallwyl Museum,palace,59.33296,18.07452,SE,Stockholm Municipality,15,450
Q4855010,Bangabhaban,palace,23.7233,90.41825,BD,Dhaka,14,450
Q4925369,Perdana Putra,palace,2.93833,101.69222,MY,Putrajaya,16,450
Q5868468,"People's Palace, Damascus",palace,33.5175,36.25167,SY,Damascus,17,450
Q6564498,Tachara,palace,29.93438,52.88955,IR,Marvdasht County,17,450
Q7084890,Old Royal Palace,palace,37.97528,23.73694,GR,Athens Municipality,22,450
Q8077521,Çankaya Mansion,palace,39.88917,32.86444,TR,Çankaya,14,450
Q9054619,Palacio de las Cortes,palace,40.4164,-3.69654,ES,Cortes,16,450
Q10769129,Imperial City of Hue,palace,16.46944,107.57778,VN,Huế,20,450
Q10778917,Kraton Ngayogyakarta Hadiningrat,palace,-7.80577,110.36411,ID,Yogyakarta,20,450
Q11287942,Palace Modello,palace,45.32528,14.44361,HR,Rijeka,14,450
Q12486833,Cipanas Palace,palace,-6.73357,107.04108,ID,Cianjur,14,450
Q12947124,Hanuman Dhoka,palace,27.70417,85.3075,NP,Kathmandu,14,450
Q15075626,Marble Palace,palace,35.68903,51.40197,IR,District 11,21,450
Q17266053,Natoli Palace,palace,38.11472,13.35894,IT,Palermo,14,450
Q17621052,Palace of Yamamah,palace,24.6647,46.64,SA,Riyadh,14,450
Q20949683,Palazzo Ferreria,palace,35.89683,14.51,MT,Valletta,16,450
Q21006949,Palace of Viceroy Laserna,palace,36.68187,-6.13901,ES,Jerez de la Frontera,19,450
Q21748501,Palazzo Brera,palace,45.47206,9.18813,IT,Milan,16,450
Q56240051,Achilleion,palace,39.56244,19.90425,GR,Municipality of Central Corfu and Diapontia Islands,21,450
Q61053357,Chitralada Royal Villa,palace,13.76934,100.52067,TH,Suan Chitlada,16,450
Q991665,Verdala Palace,palace,35.86153,14.40061,MT,Dingli,17,450
Q1033333,Hamarikyu Gardens,palace,35.66,139.762,JP,Hamarikyū-Teien,19,450
Q1041792,Palace of Portici,palace,40.81125,14.34267,IT,Portici,17,450
Q1046529,Casa de Pilatos,palace,37.39027,-5.98699,ES,Seville,19,450
Q1050082,Kew Palace,palace,51.4838,-0.29506,GB,Greater London,22,450
Q1058475,Palazzo Spada,palace,41.89435,12.472,IT,Roma Capitale,18,450
Q1059945,Richmond Palace,palace,51.46039,-0.31022,GB,London Borough of Richmond upon Thames,19,450
Q1065016,Presidential Palace of Nanjing,palace,32.04528,118.79222,CN,Xuanwu District,18,450
Q1090910,Palazzo Braschi,palace,41.89692,12.47283,IT,Rome,18,450
Q1094986,Palazzo Altemps,palace,41.90134,12.47297,IT,Rome,15,450
Q1095476,Kazimierz Palace,palace,52.24069,21.02028,PL,Śródmieście,19,450
Q1139728,Merdeka Palace,palace,-6.17017,106.8241,ID,Jakarta,24,450
Q1144475,Ostankino Palace,palace,55.82538,37.61464,RU,Ostankinsky District,17,450
Q1144592,Belém Palace,palace,38.69799,-9.2006,PT,Belém,22,450
Q1149220,Czapski Palace,palace,52.23944,21.015,PL,Warsaw,16,450
Q1158530,Daming Palace,palace,34.29139,108.95944,CN,Xi'an,20,450
Q1190657,Museo Poldi Pezzoli,palace,45.46848,9.19144,IT,Milan,23,450
Q1190961,Palazzo Pubblico,palace,43.31801,11.33194,IT,Siena,22,450
Q1205254,Grand Ducal Palace,palace,49.61089,6.13283,LU,Luxembourg,22,450
Q1229917,Palais de la Légion d'Honneur,palace,48.86036,2.32444,FR,Invalides,15,450
Q1238767,Domus Tiberiana,palace,41.89024,12.48623,IT,Rome,15,450
Q1265593,Ca' Vendramin Calergi,palace,45.44222,12.32972,IT,Venice,20,450
Q1267721,Palazzo Ducale,palace,43.72424,12.63599,IT,Urbino,22,450
Q1267941,Mattancherry Palace,palace,9.95827,76.25936,IN,Kerala,15,450
Q1273374,Palazzo Labia,palace,45.44323,12.32528,IT,Venice,15,450
Q1276962,Palazzo Schifanoia,palace,44.83047,11.62896,IT,Ferrara,16,450
Q1277747,El Badi Palace,palace,31.61833,-7.98583,MA,Marrakech,21,450
Q1280223,Charlottenborg Palace,palace,55.68028,12.5875,DK,Copenhagen Municipality,15,450
Q1283476,Palazzo della Civiltà Italiana,palace,41.83668,12.46531,IT,Rome,15,450
Q1284847,Palace of the Grand Dukes of Lithuania,palace,54.68585,25.28896,LT,Vilnius,19,450
Q1290337,Rova of Antananarivo,palace,-18.92361,47.53222,MG,Antananarivo,21,450
Q1315015,Zvolen Castle,palace,48.57291,19.12736,SK,Zvolen,19,450
Q1350295,Montaza Palace,palace,31.2886,30.0159,EG,,19,450
Q1368571,Royal Palace of El Pardo,palace,40.52129,-3.77506,ES,Madrid,20,450
Q1370513,Euxinograd,palace,43.21917,27.99469,BG,Varna,18,450
Q1371109,Palácio da Bolsa,palace,41.14137,-8.61569,PT,"Cedofeita, Santo Ildefonso, Sé, Miragaia, São Nicolau e Vitória",21,450
Q1393493,Saxon Palace,palace,52.24111,21.01139,PL,Warsaw,23,450
Q1424839,Palace of Placentia,palace,51.48222,-0.00667,GB,Royal Borough of Greenwich,21,450
Q1461235,Stroganov Palace,palace,59.93574,30.32067,RU,Tsentralny District,22,450
Q1464499,São Bento Palace,palace,38.7125,-9.15361,PT,Estrela,21,450
Q1472490,Palace of the Porphyrogenitus,palace,41.03389,28.94028,TR,Istanbul,24,450
Q1473122,Palazzo di Propaganda Fide,palace,41.90417,12.48331,IT,Rome,14,450
Q1478288,Palace of Ajuda,palace,38.7075,-9.19778,PT,Ajuda,19,450
Q1478810,Ostrogski Palace,palace,52.23642,21.02285,PL,Warsaw,15,450
Q1479428,Vimanmek Mansion,palace,13.77389,100.51278,TH,Bangkok,18,450
Q1501534,Ishak Pasha Palace,palace,39.5206,44.12893,TR,Ağrı Province,22,450
Q1520647,Royal Palace,palace,44.77039,20.44878,RS,Belgrade,16,450
Q1521924,Palazzo Massimo alle Colonne,palace,41.89667,12.47361,IT,Rome,14,450
Q1533416,Museo Civico di Storia Naturale di Milano,palace,45.47278,9.20246,IT,Milan,20,450
Q1547268,Swedish House of Nobility,palace,59.32593,18.06573,SE,Stockholm Municipality,17,450
Q1549852,San Anton Palace,palace,35.89639,14.44694,MT,Attard,18,450
Q1561438,"Palais Rohan, Strasbourg",palace,48.581,7.752,FR,Strasbourg,14,450
Q1576016,Potocki Palace,palace,49.83806,24.02694,UA,Lviv,16,450
Q1585745,Palazzo Contarini del Bovolo,palace,45.43481,12.33453,IT,Venice,16,450
Q1591054,Ruzhany Palace,palace,52.86,24.896,BY,Ruzhany,23,450
Q1635704,Palazzo Ducale Mantua,palace,45.15967,10.79721,IT,Mantua,23,450
Q1638733,La Fortaleza,palace,18.46411,-66.11923,US,San Juan,22,450
Q1640555,Solliden Palace,palace,56.86528,16.63444,SE,Borgholm Municipality,15,450
Q1674833,Maimun Palace,palace,3.5752,98.68381,ID,Medan,14,450
Q1705125,Palazzo Pubblico,palace,43.93679,12.44644,SM,San Marino,20,450
Q1729938,Palace of Darius in Susa,palace,32.19222,48.24889,IR,Shush County,15,450
Q1736808,Katsura Imperial Villa,palace,34.98389,135.70944,JP,Nishikyō Ward,18,450
Q1755046,Palazzo Madama,palace,41.89928,12.47386,IT,Rome,20,450
Q1760658,Krasiński Palace,palace,52.24917,21.00389,PL,Warsaw,18,450
Q1818601,Oscarshall,palace,59.91015,10.69223,NO,Oslo Municipality,14,450
Q1849031,Palacio de Cibeles,palace,40.41861,-3.69167,ES,Madrid,16,450
Q1877773,Amusement Palace,palace,55.75128,37.61439,RU,Tverskoy District,14,450
Q1886295,Savoy Palace,palace,51.51056,-0.12028,GB,City of Westminster,16,450
Q1893940,Ras el-Tin Palace,palace,31.19964,29.86883,EG,Alexandria Governorate,14,450
Q1930409,Mikhaylovsky Palace,palace,59.93861,30.33222,RU,Saint Petersburg,16,450
Q1934091,Rosersberg Palace,palace,59.57417,17.84444,SE,Sigtuna Municipality,18,450
Q1939953,Ribeira Palace,palace,38.70684,-9.13704,PT,Lisbon,16,450
Q1953449,Mukataa Ramallah,palace,31.91233,35.20856,PS,Ramallah and al-Bireh Governorate,14,450
Q1963797,Vorontsov Palace,palace,59.93139,30.33194,RU,Saint Petersburg,15,450
Q1968159,Sorgenfri Palace,palace,55.77876,12.49689,DK,Lyngby-Taarbæk Municipality,14,450
Q2004573,Palazzo dei Priori,palace,43.11194,12.38861,IT,Perugia,14,450
Q2465115,Bahia Palace,palace,31.62159,-7.98223,MA,Marrakech,18,450
Q234048,Soestdijk Palace,palace,52.19333,5.27944,,Baarn,24,450
Q692381,Het Loo Palace,palace,52.23417,5.94583,,Apeldoorn,22,450
Q1889721,Noordeinde Palace,palace,52.08092,4.30614,,The Hague,18,450
Q2034292,Černín Palace,palace,50.08883,14.39017,CZ,Hradčany,18,450
Q2034331,Palazzo Rosso,palace,44.41125,8.93212,IT,Genoa,24,450
Q2046808,Palace of Charles V,palace,37.17694,-3.58944,ES,Granada,18,450
Q2047247,Palais de la Cité,palace,48.85639,2.34556,FR,Paris,16,450
Q2047396,Palace of Nestor,palace,37.02722,21.695,GR,Municipality of Pylos-Nestor,18,450
Q2047566,Doge's Palace,palace,44.40752,8.93326,IT,Genoa,22,450
Q2047593,Palazzo Pamphilj,palace,41.89829,12.47293,IT,Rome,18,450
Q2047639,Palazzo dei Diamanti,palace,44.84162,11.62106,IT,Ferrara,15,450
Q2089016,Dusit Palace,palace,13.77405,100.51246,TH,Dusit,18,450
Q2111621,Palace of the Dukes of Burgundy,palace,47.32194,5.04139,FR,Dijon,18,450
Q2121461,Al Alam Palace,palace,23.616,58.5947,OM,Muscat Governorate,15,450
Q2151874,Rideau Hall,palace,45.4438,-75.6856,CA,Ottawa,14,450
Q2263539,Falaknuma Palace,palace,17.33095,78.4675,IN,Hyderabad,17,450
Q2267154,Palazzo d'Accursio,palace,44.49394,11.3424,IT,Bologna,15,450
Q2307647,Palace of Facets,palace,55.75028,37.61667,RU,Tverskoy District,21,450
Q2330055,Ihlamur Palace,palace,41.05075,29.00117,TR,Istanbul,15,450
Q2330391,Palácio da Alvorada,palace,-15.79277,-47.82218,BR,Brasília,24,450
Q2340793,Old Royal Palace,palace,50.09063,14.40174,CZ,Hradčany,17,450
Q2344976,Aga Khan Palace,palace,18.5524,73.90152,IN,Pune,18,450
Q2376970,Branicki Palace,palace,53.13056,23.165,PL,Białystok,24,450
Q2384554,Gomel Palace,palace,52.42222,31.01639,BY,Gomel,14,450
Q2463835,Peterhof Grand Palace,palace,59.88465,29.9088,RU,Peterhof,14,450
Q962070,"Sapieha Palace, Warsaw",palace,52.25417,21.00667,PL,Warsaw,14,450
Q962117,Buen Retiro Palace,palace,40.41367,-3.68169,ES,Madrid,14,450
Q963326,Palazzo dei Camerlenghi,palace,45.43834,12.33582,IT,Venice,14,450
Q975426,Menshikov Palace (Saint Petersburg),palace,59.93889,30.29583,RU,Vasileostrovsky District,21,450
Q2006730,palazzo del Podestà,palace,44.49283,11.34305,IT,Bologna,15,450
Q2028348,Geguti,palace,42.19111,42.69083,GE,Geguti,19,450
Q2031943,Palazzo della Cancelleria,palace,41.89669,12.47152,IT,Rome,22,450
Q2033910,State Kremlin Palace,palace,55.75139,37.61556,RU,Tverskoy District,22,450
Q80843,Troja Palace,palace,50.11642,14.41288,CZ,Praha-Troja,19,450
Q156555,Staszic Palace,palace,52.2375,21.01806,PL,Warsaw,20,450
Q176860,Ulriksdal Palace,palace,59.39028,18.01694,SE,Solna Municipality,20,450
Q179062,Schloss Weißenstein,palace,49.76274,10.82049,DE,Pommersfelden,17,450
Q182708,Fondaco dei Turchi,palace,45.442,12.32868,IT,Venice,22,450
Q187333,Anichkov Palace,palace,59.93278,30.33972,RU,Tsentralny District,24,450
Q211585,Heijō Palace,palace,34.69111,135.79556,JP,Nara,21,450
Q233579,Dunadd,palace,56.08573,-5.47892,GB,Argyll and Bute,16,450
Q257617,Tatoi Palace,palace,38.16271,23.79168,GR,Acharnes Municipality,20,450
Q283153,Palazzo Nuovo,palace,41.89359,12.48316,IT,Rome,16,450
Q283417,Legislative Palace,palace,-34.89107,-56.18726,UY,Municipality B,17,450
Q284719,Basilica Palladiana,palace,45.54694,11.54639,IT,Vicenza,21,450
Q300739,Palace of Aachen,palace,50.77556,6.08389,DE,Aachen,22,450
Q301684,Glienicke Palace,palace,52.4139,13.09392,DE,Steglitz-Zehlendorf,19,450
Q307747,Abdeen Palace,palace,30.0417,31.2483,EG,Cairo Governorate,24,450
Q315030,Schloss Rastatt,palace,48.8589,8.20556,DE,Rastatt,14,450
Q322605,Imperial Castle in Poznań,palace,52.40778,16.91861,PL,Q268,15,450
Q385938,Government Palace,palace,-12.04514,-77.02989,PE,Lima,17,450
Q396496,Tullgarn Palace,palace,58.95028,17.58444,SE,Södertälje Municipality,18,450
Q402937,Ahsan Manzil,palace,23.70861,90.40611,BD,Dhaka,20,450
Q420618,Royal Palace,palace,11.56368,104.93112,KH,Phnom Penh,23,450
Q449455,Ehrenburg Palace,palace,50.258,10.9672,DE,Coburg,14,450
Q472403,Celle Castle,palace,52.6239,10.0775,DE,Celle,15,450
Q483291,Gyeonghuigung,palace,37.57144,126.96814,KR,,22,450
Q507390,Palacio Episcopal de Astorga,palace,42.4578,-6.056,ES,Astorga,21,450
Q509638,National Palace,palace,18.54311,-72.33886,HT,Port-au-Prince,21,450
Q527260,City Palace,palace,52.39472,13.06056,DE,Potsdam,21,450
Q529806,Flavian Palace,palace,41.8885,12.4869,IT,Municipio I,20,450
Q530930,Kronprinzenpalais,palace,52.5172,13.3969,DE,Bezirk Mitte,18,450
Q574723,Mannheim Palace,palace,49.4829,8.46177,DE,Mannheim,17,450
Q583541,Palazzo Margherita,palace,41.90673,12.49083,IT,Rome,14,450
Q588680,Constantine Palace,palace,59.85391,30.05837,RU,Strelna,19,450
Q597957,Villa Farnese,palace,42.32863,12.23701,IT,Caprarola,22,450
Q604770,Palazzo Re Enzo,palace,44.49438,11.34291,IT,Bologna,18,450
Q608346,Presidential Palace,palace,60.16836,24.95632,FI,Helsinki,23,450
Q635084,Beaumont Palace,palace,51.755,-1.2627,GB,Oxfordshire,17,450
Q637314,Summer Palace of Peter I,palace,59.94722,30.33611,RU,Tsentralny District,19,450
Q642615,Hotel Danieli,palace,45.4338,12.3421,IT,Venice,14,450
Q645474,Belweder,palace,52.21306,21.02778,PL,Śródmieście,23,450
Q647919,Palazzo Borghese,palace,41.90389,12.47649,IT,Rome,20,450
Q648534,Château de Rambouillet,palace,48.64556,1.81778,FR,Rambouillet,20,450
Q651030,Palais Schwarzenberg,palace,48.19697,16.37689,AT,Landstraße,16,450
Q652402,Palais Schaumburg,palace,50.72023,7.11736,DE,Stadtbezirk Bonn,14,450
Q657629,Palazzo Davanzati,palace,43.7702,11.25286,IT,Florence,14,450
Q662491,Château de Saint-Cloud,palace,48.8375,2.21639,FR,Saint-Cloud,23,450
Q665954,Frederiksberg Palace,palace,55.67167,12.525,DK,Frederiksberg Municipality,20,450
Q673695,Gödöllő Palace,palace,47.59611,19.34778,HU,Gödöllő,20,450
Q674963,Charlottenhof Palace,palace,52.3955,13.0259,DE,Potsdam,18,450
Q677420,Schloss Nordkirchen,palace,51.7326,7.53368,DE,Nordkirchen,16,450
Q688899,Biebrich Palace,palace,50.0375,8.23417,DE,Biebrich,14,450
Q693042,Kaiservilla,palace,47.715,13.62083,AT,Q250984,14,450
Q694382,Monbijou Palace,palace,52.5233,13.3967,DE,Bezirk Mitte,18,450
Q729773,Palazzo Chiericati,palace,45.54917,11.54917,IT,Vicenza,22,450
Q769182,Nonsuch Palace,palace,51.35444,-0.23833,GB,Epsom and Ewell,17,450
Q783848,Tessin Palace,palace,59.32583,18.07278,SE,Stockholm Municipality,14,450
Q793169,Aynalıkavak Palace,palace,41.03792,28.95532,TR,Istanbul,14,450
Q793784,Al-Azm Palace,palace,33.51028,36.30694,SY,Damascus,22,450
Q794711,Kikin Hall,palace,59.94969,30.3867,RU,Saint Petersburg,15,450
Q808618,Baron Empain Palace,palace,30.08667,31.33028,EG,Cairo Governorate,17,450
Q814899,Beiteddine Palace,palace,33.69622,35.57993,LB,Beit ed-Dine,16,450
Q819575,Braunes Haus,palace,48.1453,11.5675,DE,Maxvorstadt,24,450
Q843531,The Istana,palace,1.30686,103.84314,SG,Newton,14,450
Q854317,Gresham Palace,palace,47.49975,19.04798,HU,Budapest District V,21,450
Q864758,Presidential Palace of Vietnam,palace,21.03944,105.83444,VN,Hanoi,21,450
Q873332,Palais Augarten,palace,48.222,16.3794,AT,Leopoldstadt,15,450
Q879941,Palace of Blachernae,palace,41.0339,28.9403,TR,Istanbul,23,450
Q892231,Bonde Palace,palace,59.32611,18.06639,SE,Stockholm Municipality,14,450
Q908472,Domus Augustana,palace,41.8877,12.4866,IT,Rome,16,450
Q911762,Bogor Palace,palace,-6.598,106.79735,ID,Bogor,17,450
Q913573,Bridewell Palace,palace,51.51179,-0.10576,GB,,19,450
Q921212,Summer Archbishop's Palace,palace,48.15257,17.10941,SK,Bratislava,14,450
Q922371,Palazzo Grimani di San Luca,palace,45.43596,12.33281,IT,Venice,15,450
Q923702,Palazzo Rucellai,palace,43.77128,11.2496,IT,Florence,24,450
Q925271,Palazzo Barbaran da Porto,palace,45.54861,11.54556,IT,Vicenza,14,450
Q927092,Palazzo Senatorio,palace,41.893,12.48355,IT,Rome,18,450
Q933384,Independence Palace,palace,10.77705,106.69537,VN,Ho Chi Minh City,19,450
Q937209,Tajbeg Palace,palace,34.45483,69.11334,AF,Kabul Province,17,450
Q938516,Primate's Palace,palace,48.14396,17.10867,SK,Bratislava,16,450
Q942688,Malacañang Palace,palace,14.59386,120.99452,PH,San Miguel,24,450
Q749,Groningen,fortification,53.21889,6.5675,,Groningen,115,450
Q5086,Berlin Wall,fortification,52.50444,13.44111,DD,East Berlin,140,450
Q12501,Great Wall of China,fortification,40.43139,116.56444,CN,Beijing,194,450
Q26418,Hakodate,fortification,41.76867,140.72892,JP,Oshima Subprefecture,81,450
Q45957,Red Fort,fortification,28.65583,77.24028,IN,Chandni Chowk tehsil,76,450
Q57357,Hadrian's Wall,fortification,55.02417,-2.2925,GB,Cumbria,82,450
Q82425,Brandenburg Gate,fortification,52.51627,13.37772,DE,Berlin,86,450
Q91228,Monteriggioni,fortification,43.36699,11.21804,IT,Province of Siena,61,450
Q131013,Acropolis of Athens,fortification,37.97167,23.72611,GR,Athens Municipality,97,450
Q133274,Kremlin,fortification,55.75167,37.61778,RU,Moscow,97,450
Q171857,Agra Fort,fortification,27.17958,78.0213,IN,Agra,78,450
Q179046,Fatehpur Sikri,fortification,27.09111,77.66111,IN,Agra district,85,450
Q186312,Masada,fortification,31.31556,35.35389,IL,Tamar Regional Council,70,450
Q199889,Kumamoto,fortification,32.803,130.70786,JP,Kumamoto Prefecture,90,450
Q309436,Aït Benhaddou,fortification,31.05,-7.13333,MA,Ait Zineb,68,450
Q477232,Aktobe,fortification,50.28361,57.22972,KZ,Aktobe City Administration,83,450
Q81650,Anadoluhisarı,fortification,41.08214,29.06703,TR,Beykoz,32,450
Q89917,Walls of Constantinople,fortification,41.01806,28.92333,TR,Istanbul Province,40,450
Q92089,Fort Boyard,fortification,45.99964,-1.21393,FR,Île-d'Aix,33,450
Q150039,Neuf-Brisach,fortification,48.01806,7.52833,FR,Haut-Rhin,56,450
Q152339,Porta Nigra,fortification,49.75972,6.64389,DE,Trier,49,450
Q153491,Führerbunker,fortification,52.5125,13.3815,DE,Berlin,49,450
Q155093,Mannerheim Line,fortification,60.5,29.41667,FI,Leningrad Oblast,41,450
Q155188,Rohtas Fort,fortification,32.96528,73.57642,PK,Jhelum District,47,450
Q155453,Narikala,fortification,41.68778,44.80861,GE,Krtsanisi District,29,450
Q190060,Citadel of the Hồ Dynasty,fortification,20.07806,105.60472,VN,,52,450
Q191146,Peñón de Vélez de la Gomera,fortification,35.17222,-4.29972,ES,Melilla,53,450
Q191697,Peñón de Alhucemas,fortification,35.2135,-3.8895,ES,Melilla,39,450
Q204719,Dung Gate,fortification,31.77472,35.23389,IL,Jerusalem,26,450
Q205416,Zion Gate,fortification,31.77286,35.22952,IL,Jerusalem,26,450
Q206194,Citadelle Laferrière,fortification,19.57361,-72.24389,HT,Milot,32,450
Q206219,Imperial Citadel of Thang Long,fortification,21.0325,105.83972,VN,Hanoi,42,450
Q206236,Citadel of Erbil,fortification,36.191,44.009,IQ,Erbil,34,450
Q210957,Antonine Wall,fortification,55.967,-4.067,GB,Scotland,52,450
Q215003,Belém Tower,fortification,38.69139,-9.21583,PT,Belém,57,450
Q223726,Hill of Crosses,fortification,56.01528,23.41667,LT,Šiauliai District Municipality,48,450
Q227070,Zoutleeuw,fortification,50.8333,5.1036,BE,Arrondissement of Leuven,33,450
Q246105,Zytglogge,fortification,46.94806,7.44778,CH,Bern,25,450
Q253241,Su Nuraxi di Barumini,fortification,39.70286,8.99988,IT,Barumini,38,450
Q273702,Rocroi,fortification,49.92528,4.52139,FR,Ardennes,54,450
Q281330,Servian Wall,fortification,41.90167,12.50167,IT,Rome,37,450
Q311721,Hindenburg Line,fortification,49.5,2.83333,FR,,31,450
Q312812,Jaffa Gate,fortification,31.77653,35.22769,PS,Jerusalem,35,450
Q321229,Holstentor,fortification,53.8662,10.6797,DE,Lübeck,31,450
Q344569,Old City of Baku,fortification,40.36503,49.836,AZ,Sabail raion,49,450
Q379080,Fort Jesus Museum,fortification,-4.07117,39.68206,KE,Mombasa,48,450
Q1140634,Alcalá Gate,fortification,40.42002,-3.68873,ES,Madrid,25,450
Q1177765,Tower of David,fortification,31.77611,35.22778,PS,East Jerusalem,34,450
Q1191316,Round city of Baghdad,fortification,33.3475,44.335,IQ,Baghdad,35,450
Q1196381,Fujiwara-kyō,fortification,34.50222,135.80722,JP,Yamato Province,25,450
Q1246283,Kumbhalgarh,fortification,25.14917,73.58111,IN,Rajsamand district,33,450
Q1262367,Skopje Fortress,fortification,42.0,21.43444,MK,Centar Municipality,28,450
Q1275701,Acra,fortification,31.77262,35.23594,IL,Jerusalem,26,450
Q1278115,Fort Ross,fortification,38.51444,-123.24361,US,California,34,450
Q1292442,Suomenlinna,fortification,60.14361,24.98444,FI,Helsinki,54,450
Q1338582,Porta Pia,fortification,41.9093,12.5013,IT,Rome,26,450
Q1361820,Kuelap,fortification,-6.41792,-77.92333,PE,Amazonas Department,25,450
Q1366583,Line of Control,fortification,34.93333,76.76667,IN,,40,450
Q1367167,Golden Gate,fortification,31.77889,35.23694,PS,Jerusalem,31,450
Q1402157,Koporye,fortification,59.70917,29.03222,RU,Lomonosovsky District,26,450
Q1408909,Bahla Fort,fortification,22.9644,57.3007,OM,Bahla,43,450
Q1408931,Kyrenia Castle,fortification,35.34161,33.32236,CY,Kyrenia,26,450
Q1409017,Belgrade Fortress,fortification,44.8236,20.4503,RS,Belgrade,32,450
Q1420569,Pikk Hermann,fortification,59.43519,24.73694,EE,Tallinn,30,450
Q1427503,Golden Gate,fortification,50.44833,30.51306,UA,Kyiv,39,450
Q1438739,Fort St. George,fortification,13.07972,80.28694,IN,Chennai,25,450
Q1450403,Lion Gate,fortification,37.73081,22.7564,GR,Argos-Mykines Municipality,26,450
Q1483099,Mehrangarh Fort,fortification,26.29806,73.01889,IN,Jodhpur,30,450
Q1488700,Powder Tower,fortification,50.08722,14.42778,CZ,Old Town,28,450
Q1501940,Colonia Iulia Urbs Triumphalis Tarraco,fortification,41.11648,1.25523,ES,Tarragona,32,450
Q1580447,Por-Bazhyn,fortification,50.615,97.38472,RU,Tuva,25,450
Q1801226,Lalbagh Fort,fortification,23.71903,90.38806,BD,Dhaka,30,450
Q1815305,Isker,fortification,58.14942,68.52048,RU,Preobrazhenka,34,450
Q1988240,Cairo Citadel,fortification,30.0294,31.2614,EG,Cairo Governorate,37,450
Q2044535,City Gate,fortification,35.89617,14.50931,MT,Valletta,26,450
Q2131024,Ranikot Fort,fortification,25.88306,67.93222,PK,Jamshoro District,26,450
Q2416732,Spasskaya Tower,fortification,55.7525,37.6214,RU,Tverskoy District,30,450
Q2421968,Babylon Fortress,fortification,30.0061,31.2297,EG,Cairo Governorate,27,450
Q2486263,Bolghar Gord,fortification,54.97739,49.05426,RU,Bolğar,44,450
Q23868,Brest Fortress,fortification,52.08333,23.65278,BY,Brest,45,450
Q25496,"Bat, Al-Khutm and Al-Ayn archaeological sites",fortification,23.27,56.745,OM,,31,450
Q26082,Ishtar Gate,fortification,32.54333,44.42222,DE,Hillah,55,450
Q38646,Peter and Paul Fortress,fortification,59.95,30.31667,RU,Petrogradsky District,52,450
Q43277,Bam Citadel,fortification,29.11686,58.36847,IR,Kerman Province,47,450
Q50078,Castelvecchio Subequo,fortification,42.13111,13.72861,IT,Province of L'Aquila,51,450
Q50113,Ofena,fortification,42.32667,13.75972,IT,Province of L'Aquila,49,450
Q50712,Ehrenbreitstein Fortress,fortification,50.365,7.61528,DE,Koblenz,25,450
Q59893,Baba Vida,fortification,43.99318,22.88682,BG,Vidin,28,450
Q60308,London Wall,fortification,51.5175,-0.09694,GB,City of London,34,450
Q573920,Jasna Góra Monastery,fortification,50.8125,19.09722,PL,Częstochowa,35,450
Q6812419,Melilla la Vieja,fortification,35.294,-2.934,ES,Melilla,54,450
Q7060882,Diyarbakır Fortress,fortification,37.91086,40.22728,TR,Diyarbakır Province,29,450
Q19401632,Dwejra Tower,fortification,36.04944,14.19222,MT,San Lawrenz,25,450
Q1049562,Castle of Good Hope,fortification,-33.92591,18.42772,ZA,City of Cape Town,28,450
Q1060616,China–North Korea border,fortification,38.20472,123.5475,CN,,27,450
Q504678,Berwick-upon-Tweed,fortification,55.76917,-2.0025,GB,Northumberland,54,450
Q508815,Carnuntum,fortification,48.11333,16.86139,AT,Lower Austria,43,450
Q510052,Moroccan Western Sahara Wall,fortification,31.7916,-7.0925,EH,Western Sahara,32,450
Q512147,Tsarevets,fortification,43.0833,25.6528,BG,Veliko Tarnovo,27,450
Q523489,Terezín,fortification,50.51108,14.15064,CZ,Litoměřice District,48,450
Q524253,Israeli West Bank barrier,fortification,31.89074,35.16167,IL,,40,450
Q538953,La Vega,fortification,19.22417,-70.52833,DO,La Vega Province,33,450
Q546010,Ani,fortification,40.5075,43.57278,TR,Kars Province,59,450
Q550576,White Tower of Thessaloniki,fortification,40.62639,22.94833,GR,Thessaloniki Municipality,33,450
Q389269,Cité de Carcassonne,fortification,43.20644,2.36379,FR,Carcassonne,38,450
Q428829,Caernarfon,fortification,53.14,-4.27,GB,Caernarfon,54,450
Q461436,Halen,fortification,50.94806,5.11444,BE,Arrondissement of Hasselt,36,450
Q464695,Fasil Ghebbi,fortification,12.60806,37.46972,ET,Gondar,49,450
Q465345,Namdaemun,fortification,37.55997,126.97531,KR,Jung District,39,450
Q2631595,Mexico–United States border wall,fortification,32.5344,-117.1237,US,,25,450
Q2636724,Alamo Mission,fortification,29.42583,-98.48611,US,San Antonio,29,450
Q2712312,Klis Fortress,fortification,43.56,16.52389,HR,Klis,25,450
Q2724894,Ranthambore Fort,fortification,26.02038,76.455,IN,Sawai Madhopur district,27,450
Q2733427,Roman Walls of Lugo,fortification,43.01419,-7.55989,ES,Lugo,29,450
Q2915222,Belogradchik Fortress,fortification,43.62333,22.67722,BG,Belogradchik,25,450
Q2918723,Walls of Jerusalem,fortification,31.7747,35.2278,IL,Jerusalem,30,450
Q9948,Muiden,fortification,52.3292,5.0714,,Gooise Meren,44,450
Q9949,Naarden,fortification,52.29528,5.16222,,Gooise Meren,53,450
Q9974,Weesp,fortification,52.3075,5.04167,,North Holland,55,450
Q73501,Bredevoort,fortification,51.95,6.61667,,Aalten,38,450
Q73817,Winschoten,fortification,53.15,7.03333,,Oldambt,36,450
Q129278,Lions' Gate,fortification,31.78083,35.23694,,Jerusalem,26,450
Q165736,Doesburg,fortification,52.01667,6.13333,,Gelderland,52,450
Q223308,New Amsterdam,fortification,40.70365,-74.01241,,New Netherland,45,450
Q751907,Heian-kyō,fortification,35.0,135.76667,,Otagi district,36,450
Q816699,Culemborg,fortification,51.95,5.23333,,Gelderland,51,450
Q855003,Defence Line of Amsterdam,fortification,52.37444,4.89306,,North Holland,39,450
Q862509,Heijō-kyō,fortification,34.69111,135.79472,,Yamato Province,31,450
Q1052803,Nagaoka-kyō,fortification,34.9432,135.70323,,Otokuni district,25,450
Q33426218,Brielle,fortification,51.90167,4.1625,,Brielle,49,450
Q19053,Mystras,fortification,37.074,22.3673,GR,Sparta Municipality,53,450
Q603622,Qazan Kremlin,fortification,55.79744,49.10724,RU,Kazan,48,450
Q613720,Lahore Fort,fortification,31.59028,74.30972,PK,Lahore,47,450
Q616334,Vyšehrad,fortification,50.06443,14.41764,CZ,Vyšehrad,40,450
Q622500,Château d'If,fortification,43.27986,5.32514,FR,Frioul Islands,40,450
Q623345,Aquincum,fortification,47.56414,19.04947,HU,Budapest District III,43,450
Q623407,Numantia,fortification,41.80939,-2.44445,ES,Hispania Tarraconensis,39,450
Q625149,Aurelian Walls,fortification,41.87329,12.49896,IT,Rome,48,450
Q632795,Yedikule Fortress,fortification,40.99306,28.92333,TR,Fatih,27,450
Q640665,V-3 cannon,fortification,50.85417,1.75833,FR,Landrethun-le-Nord,28,450
Q650053,Bibracte,fortification,46.92306,4.0375,FR,Larochemillay,30,450
Q662102,Casbah of Algiers,fortification,36.78333,3.06028,DZ,Casbah,44,450
Q689454,Danevirke,fortification,54.4775,9.48667,DE,Schleswig-Holstein,37,450
Q707801,Limes Germanicus,fortification,49.5,9.5,DE,,25,450
Q718462,Winter Line,fortification,41.48333,13.8,IT,,29,450
Q733610,Erebuni Fortress,fortification,40.14065,44.53795,AM,Erebuni District,41,450
Q737517,Fort Sumter,fortification,32.7525,-79.87444,US,Charleston,36,450
Q739802,Sarmizegetusa Regia,fortification,45.62278,23.31028,RO,Orăștioara de Sus,32,450
Q748010,North American Aerospace Defense Command,fortification,38.7,-104.8,CA,Colorado Springs,38,450
Q751318,Porta Maggiore,fortification,41.89146,12.51524,IT,Rome,27,450
Q763742,Bar Lev Line,fortification,30.525,32.335,EG,,28,450
Q765017,Saladin Corridor,fortification,31.2481,34.25712,EG,North Sinai Governorate,28,450
Q772781,Yeni-Kale,fortification,45.34945,36.60455,RU,Kerch,28,450
Q835966,Alesia,fortification,47.53917,4.50056,FR,Alise-Sainte-Reine,33,450
Q910189,Castillo de San Pedro de la Roca,fortification,19.96871,-75.8703,CU,Santiago de Cuba,36,450
Q914562,Kiek in de Kök,fortification,59.43475,24.74125,EE,Tallinn,26,450
Q931733,Walls of Dubrovnik,fortification,42.64,18.108,HR,Dubrovnik,28,450
Q937212,Gate of Dawn,fortification,54.67444,25.28944,LT,Vilnius,29,450
Q943873,Torre del Oro,fortification,37.38246,-5.9963,ES,Seville,34,450
Q944813,Gonio,fortification,41.57306,41.57361,GE,Batumi,27,450
Q947597,Damascus Gate,fortification,31.78164,35.2305,PS,Jerusalem,38,450
Q947912,Fort Eben-Emael,fortification,50.79722,5.68083,BE,Bassenge,32,450
Q988400,Mangup,fortification,44.59306,33.80139,UA,Autonomous Republic of Crimea,36,450
Q1002656,Buhen,fortification,21.91667,31.28333,SD,Northern State,27,450
Q3242297,Old Delhi,fortification,28.66,77.23,IN,Old Delhi district,28,450
Q3626515,Raigad Fort,fortification,18.23535,73.44546,IN,Raigad district,25,450
Q3634368,Jaisalmer Fort,fortification,26.9127,70.9126,IN,Jaisalmer,28,450
Q3695769,Chittorgarh Fort,fortification,24.88722,74.64694,IN,Chittorgarh,31,450
Q4069358,Ark of Bukhara,fortification,39.77778,64.41028,UZ,Bukhara,25,450
Q4115349,Ancient City of Aleppo,fortification,36.18333,37.15,SY,Aleppo,34,450
Q4135567,Genoese Fortress,fortification,44.84155,34.95785,RU,Sudak,27,450
Q4240278,Saint Elisabeth Fortress,fortification,48.498,32.254,UA,Kropyvnytskyi,34,450
Q90764,National Redoubt,fortification,46.52839,8.58924,CH,,17,450
Q186536,Fort Douaumont,fortification,49.21667,5.43889,FR,Douaumont-Vaux,16,450
Q186990,Porta Tiburtina,fortification,41.8975,12.51028,IT,Rome,18,450
Q197703,Zhengyangmen,fortification,39.89925,116.39167,CN,Dongcheng District,23,450
Q200705,Iberian Gate and Chapel,fortification,55.75564,37.61797,RU,Tverskoy District,16,450
Q206170,Citadella,fortification,47.48694,19.04639,HU,Budapest District XI,22,450
Q206211,Spandau Citadel,fortification,52.54096,13.21259,DE,Berlin,21,450
Q206212,Warsaw Citadel,fortification,52.265,21.0,PL,Żoliborz,16,450
Q206220,Karim Khan Citadel,fortification,29.6174,52.5446,IR,Fars Province,22,450
Q209679,Fort Duquesne,fortification,40.44163,-80.01094,US,Pittsburgh,17,450
Q221812,Kastellet,fortification,55.69161,12.59357,DK,Copenhagen Municipality,19,450
Q254394,Sendlinger Tor,fortification,48.134,11.5676,DE,Munich,16,450
Q256546,Porta Pinciana,fortification,41.90944,12.48833,IT,Rome,18,450
Q258016,Pskov Krom,fortification,57.82139,28.32944,RU,Pskov,20,450
Q260660,Isartor,fortification,48.1351,11.5817,DE,Munich,19,450
Q280545,Quadrilatero,fortification,45.29417,10.96833,IT,Verona,18,450
Q281149,San Juan National Historic Site,fortification,18.4675,-66.11028,US,Puerto Rico,19,450
Q282994,Fat Margaret,fortification,59.44258,24.74954,EE,Tallinn,22,450
Q301996,Murud-Janjira,fortification,18.29977,72.96424,IN,Raigad district,17,450
Q305428,Hexamilion wall,fortification,37.92621,22.9726,GR,Corinth Municipality,19,450
Q320076,Project Riese,fortification,50.7,16.45,PL,,17,450
Q328352,Marienberg Fortress,fortification,49.78977,9.92111,DE,Würzburg,23,450
Q339097,Gori Fortress,fortification,41.98611,44.10806,GE,Shida Kartli,17,450
Q370350,Leonine City,fortification,41.90306,12.45972,VA,Rome,22,450
Q393191,Aggersborg,fortification,56.99561,9.2549,DK,Vesthimmerland Municipality,16,450
Q457057,Amberd,fortification,40.38873,44.22653,AM,Byurakan,22,450
Q482721,Heunginjimun,fortification,37.57115,127.00964,KR,Seoul,20,450
Q1034179,Chagres and Fort San Lorenzo,fortification,9.32259,-80.00243,PA,Chagres District,18,450
Q1049302,Castillo de la Real Fuerza,fortification,23.141,-82.3498,CU,Havana,20,450
Q1049836,Castra Praetoria,fortification,41.9088,12.50794,IT,Rome,24,450
Q1059426,Suzdal Kremlin,fortification,56.4164,40.4431,RU,Suzdal,17,450
Q1108269,Warsaw Barbican,fortification,52.25057,21.01013,PL,Warsaw,17,450
Q1141145,Korela Fortress,fortification,61.02983,30.12254,RU,Priozersk,22,450
Q1151529,Purana Qila,fortification,28.60944,77.24417,IN,Jangpura tehsil,20,450
Q1200624,Deshengmen,fortification,39.94846,116.37337,CN,Desheng Subdistrict,16,450
Q1232816,Maiden Castle,fortification,50.695,-2.47,GB,Winterborne Monkton,23,450
Q1233131,Vindolanda,fortification,54.99159,-2.3595,GB,Henshaw,22,450
Q1234193,Porta San Sebastiano,fortification,41.8735,12.50181,IT,Municipio I,20,450
Q1256221,New Gate,fortification,31.77931,35.22628,IL,Jerusalem,23,450
Q1265889,Lower German Limes,fortification,51.66222,6.45389,DE,Germania Inferior,17,450
Q1276499,Brod Fortress,fortification,45.15639,18.00667,HR,Slavonski Brod,16,450
Q1276854,Cadmea of Thebes,fortification,38.31944,23.31667,GR,Thiva Municipality,18,450
Q1277545,Novgorod Kremlin,fortification,58.52155,31.27568,RU,Veliky Novgorod,19,450
Q1309744,Castra Lambaesis,fortification,35.48889,6.25583,DZ,Batna Province,21,450
Q1334336,Fortifications of Xi'an,fortification,34.25334,108.94223,CN,Xi'an,21,450
Q1351060,Shaniwar Wada,fortification,18.51917,73.85528,IN,Pune,16,450
Q1363724,St. Florian's Gate,fortification,50.06472,19.94139,PL,Kraków Old Town,20,450
Q1408916,Ivangorod Fortress,fortification,59.37472,28.20778,RU,Ivangorod,24,450
Q1409023,Krujë Fortress,fortification,41.507,19.79411,AL,Krujë,20,450
Q1431801,Fort Ricasoli,fortification,35.8975,14.52583,MT,Kalkara,20,450
Q1438634,Fort McHenry,fortification,39.26333,-76.58,US,Baltimore,17,450
Q1438745,Fort Saint Elmo,fortification,35.90194,14.51861,MT,Valletta,22,450
Q1438776,Fort Ticonderoga,fortification,43.84167,-73.3875,US,Ticonderoga,20,450
Q1474383,City wall of Visby,fortification,57.64028,18.29444,SE,Region Gotland,21,450
Q1480575,Ajlun Castle,fortification,32.32521,35.72728,JO,Ajloun,18,450
Q1484405,Herod's Gate,fortification,31.783,35.23375,PS,Jerusalem,24,450
Q1519037,Petra,fortification,41.76833,41.75333,GE,Lazica,16,450
Q1528473,White Tower,fortification,51.5081,-0.07598,GB,London Borough of Tower Hamlets,19,450
Q1544611,Porta Carmentalis,fortification,41.8914,12.4803,IT,Rome,17,450
Q1550905,Nizhny Novgorod Kremlin,fortification,56.32865,44.00286,RU,Nizhny Novgorod,23,450
Q1579766,Los Millares,fortification,36.96261,-2.52164,ES,Santa Fe de Mondújar,17,450
Q1021901,Bab Tuma,fortification,33.51373,36.3152,SY,Damascus,16,450
Q2671791,Ulpia Traiana Sarmizegetusa,fortification,45.5158,22.7881,RO,Sarmizegetusa,20,450
Q2722759,Jaigarh Fort,fortification,26.98278,75.84472,IN,Jaipur,21,450
Q2723401,Nahargarh Fort,fortification,26.9375,75.81583,IN,Jaipur,19,450
Q2742973,Castro of San Cibrao de Las,fortification,42.36,-8.03194,ES,"Las, San Amaro",16,450
Q2750027,Fort William,fortification,22.55778,88.33806,IN,Kolkata,22,450
Q2877688,Bab Mansour,fortification,33.89261,-5.56464,MA,Meknes,21,450
Q2898604,Moscow Kremlin Wall,fortification,55.74917,37.61667,RU,Tverskoy District,18,450
Q2991256,Asen's Fortress,fortification,41.98667,24.87333,BG,Plovdiv,18,450
Q2994707,Albazino,fortification,53.38333,124.095,RU,Albazino Selsoviet,21,450
Q3050235,Walls of Ávila,fortification,40.65747,-4.70729,ES,Ávila,18,450
Q3077898,Fort Julien,fortification,31.43972,30.38944,EG,Rosetta,17,450
Q3078407,Ajyad Fortress,fortification,21.41889,39.82639,SA,Mecca Province,18,450
Q3111513,Melilla border fence,fortification,35.29944,-2.97455,ES,,18,450
Q3396134,Lovrijenac,fortification,42.64073,18.10441,HR,Dubrovnik,20,450
Q3396212,Ram Fortress,fortification,44.81278,21.33,RS,Veliko Gradište,16,450
Q3434339,Walls of Ston,fortification,42.838,17.697,HR,Ston Municipality,16,450
Q3506125,Apuolė,fortification,56.24444,21.65556,LT,Skuodas District Municipality,16,450
Q3514386,Knin Fortress,fortification,44.03404,16.19349,HR,Knin,17,450
Q3520074,Shivneri Fort,fortification,19.19664,73.859,IN,Pune district,20,450
Q3630997,Kalinjar Fort,fortification,24.9997,80.4852,IN,Banda district,22,450
Q2339765,Ceuta border fence,fortification,35.89889,-5.37647,ES,Ceuta,21,450
Q2373544,Troitskaya Tower,fortification,55.75224,37.6146,RU,Tverskoy District,17,450
Q2374273,Soroca Fort,fortification,48.16122,28.30548,MD,Soroca,22,450
Q2388030,"Military Historical Museum of Artillery, Engineers and Signal Corps",fortification,59.95303,30.31446,RU,Saint Petersburg,17,450
Q2474542,Derawar Fort,fortification,28.76728,71.33386,PK,Yazman Tehsil,24,450
Q2478899,Khertvisi,fortification,41.47957,43.28568,GE,Samtskhe–Javakheti,21,450
Q2482977,Qur'an Gate,fortification,29.63562,52.56185,IR,Shiraz County,18,450
Q2487545,Gwalior Fort,fortification,26.2303,78.1689,IN,Gwalior,23,450
Q2503140,Osowiec Fortress,fortification,53.46861,22.64389,PL,Osowiec-Twierdza,20,450
Q2507050,Galle Fort,fortification,6.02747,80.21711,LK,Galle,18,450
Q2511605,Tughlaqabad Fort,fortification,28.51461,77.25997,IN,Badarpur tehsil,18,450
Q2516819,Fortaleza Ozama,fortification,18.4732,-69.88171,DO,Santo Domingo,21,450
Q2586088,Petrovaradin Fortress,fortification,45.2525,19.8625,RS,Petrovaradin,22,450
Q2627611,Vaxholm Fortress,fortification,59.40306,18.35972,SE,Vaxholm Municipality,18,450
Q2631476,Rayen Citadel,fortification,29.59338,57.43826,IR,Kerman County,16,450
Q630604,Camulodunum,fortification,51.892,0.898,GB,Colchester,20,450
Q636506,Gla,fortification,38.48333,23.18194,GR,Orchomenos Municipality,17,450
Q636638,Gjirokastër Fortress,fortification,40.074,20.141,AL,Gjirokastër,18,450
Q644765,Porta Nomentana,fortification,41.90856,12.50206,IT,Rome,17,450
Q656587,Fort Zeelandia,fortification,5.82528,-55.15,SR,Paramaribo,16,450
Q667811,"Vindonissa, Celtic oppidum / Roman legionary camp / civilian settlement",fortification,47.48093,8.22007,CH,Windisch,18,450
Q668772,Alcázar de Colón,fortification,18.4775,-69.88275,DO,,18,450
Q689334,Porta Caelimontana,fortification,41.8856,12.4952,IT,Rome,17,450
Q695045,Brandenburg Gate,fortification,52.3995,13.048,DE,Potsdam,18,450
Q700580,Fort Breendonk,fortification,51.05639,4.34139,BE,Willebroek,20,450
Q702360,Mareth Line,fortification,33.6333,10.3,TN,Mareth,17,450
Q739507,Great Wall of Gorgan,fortification,37.07038,54.07655,IR,Golestan Province,22,450
Q751987,Masmak Fort,fortification,24.6311,46.7133,SA,Riyadh,22,450
Q770040,Tula Kremlin,fortification,54.19537,37.62008,RU,Tula,16,450
Q771059,Al-Ukhaidir Fortress,fortification,32.44056,43.60222,IQ,Karbala Governorate,19,450
Q775020,Golden Gate,fortification,56.12667,40.39694,RU,Vladimir,22,450
Q804581,Bala Hissar,fortification,34.50556,69.19167,AF,Kabul,21,450
Q867647,Cittadella,fortification,36.04639,14.23944,MT,Rabat,21,450
Q950217,Porte Saint-Martin,fortification,48.86917,2.3556,FR,Quartier de la Porte-Saint-Martin,19,450
Q1011625,Eketorp Fort,fortification,56.29556,16.48611,SE,Mörbylånga Municipality,16,450
Q1632777,Porta Capena,fortification,41.88394,12.4905,IT,Rome,21,450
Q1636207,Porta San Paolo,fortification,41.8767,12.4815,IT,Rome,21,450
Q14690,Oreshek Fortress,fortification,59.95383,31.03887,RU,Shlisselburg,20,450
Q47796,Modlin Fortress,fortification,52.43833,20.68194,PL,Nowy Dwór Mazowiecki,22,450
Q50127,Poznań Fortress,fortification,52.4219,16.9352,PL,Q268,24,450
Q58131,Əsgəran Fortress,fortification,39.93385,46.83109,AZ,Khojaly District,16,450
Q65349,Bashtovë Fortress,fortification,41.047,19.4967,AL,Tirana County,18,450
Q1760057,Porta del Popolo,fortification,41.91153,12.47597,IT,Rome,18,450
Q1783374,Gremi,fortification,42.01361,45.67028,GE,Kakheti,20,450
Q1798266,United States Bullion Depository,fortification,37.8832,-85.9652,US,Kentucky,17,450
Q1798978,La Navidad,fortification,19.69056,-72.01583,HT,,18,450
Q1815788,Tvrđa,fortification,45.56107,18.69609,HR,Osijek,16,450
Q1822397,Menin Gate,fortification,50.85205,2.89107,BE,Ypres,19,450
Q1896299,Tashichho Dzong,fortification,27.48944,89.635,BT,Thimphu,18,450
Q1938065,Citadel of Qaitbay,fortification,31.213,29.8852,EG,Alexandria Governorate,21,450
Q1955098,A Famosa,fortification,2.19162,102.25031,MY,Malacca,20,450
Q1964646,Porta Metronia,fortification,41.8824,12.4986,IT,Rome,16,450
Q1969968,São João Baptista d’Ajudá,fortification,6.35889,2.09,BJ,Ouidah,16,450
Q1970689,Porta Trigemina,fortification,41.88667,12.48,IT,Rome,19,450
Q2033069,Oscarsborg Fortress,fortification,59.67361,10.60667,NO,Frogn Municipality,16,450
Q2041270,Bab Zuweila,fortification,30.0428,31.2578,EG,Cairo Governorate,18,450
Q2080429,Simtokha Dzong,fortification,27.43806,89.66944,BT,Thimphu,16,450
Q2089605,Walls of Tallinn,fortification,59.4351,24.741,EE,Tallinn,22,450
Q2104854,Porta Asinaria,fortification,41.88569,12.50869,IT,Rome,17,450
Q2104863,Porta Collina,fortification,41.90722,12.49889,IT,Rome,20,450
Q2104896,Porta San Giovanni,fortification,41.88583,12.50917,IT,Rome,16,450
Q2207146,Fort St Angelo,fortification,35.89243,14.51774,MT,Birgu,22,450
Q6452341,Kyrenia Gate,fortification,35.18139,33.36167,CY,Nicosia,16,450
Q7590832,St. Nicholas Fortress,fortification,43.72161,15.85453,HR,Šibenik,20,450
Q7919752,Venetian walls of Nicosia,fortification,35.17106,33.37006,CY,Nicosia,21,450
Q7963249,Walls of Thessaloniki,fortification,40.6425,22.95444,GR,Thessaloniki Municipality,18,450
Q12073345,Erivan Fortress,fortification,40.17306,44.50278,AM,Yerevan,19,450
Q12907852,Fortifications of Kotor,fortification,42.42489,18.77104,ME,Kotor,21,450
Q15061692,Bhangarh Fort,fortification,27.09583,76.2875,IN,Alwar district,20,450
Q16375846,Skande,fortification,42.26389,43.04806,GE,Terjola Municipality,16,450
Q16891508,Gagron Fort,fortification,24.628,76.183,IN,Jhalawar district,22,450
Q17374397,Upper German-Raetian Limes,fortification,49.79639,9.1575,DE,Bavaria,23,450
Q43951417,Daorson,fortification,43.10408,17.92682,BA,Herzegovina-Neretva Canton,19,450
Q1757628,San Carlos de la Cabaña Fortress,fortification,23.14722,-82.35,CU,Havana,21,450
Q1024854,Churchill War Rooms,fortification,51.50222,-0.1293,GB,City of Westminster,19,450
Q571510,Adlerhorst,fortification,50.37917,8.61111,DE,,16,450
Q585990,Fort Thüngen,fortification,49.61639,6.13889,LU,Luxembourg,22,450
Q603920,Rocca a Mare,fortification,35.34457,25.13688,GR,Heraklion Municipality,20,450
Q606341,Palamidi,fortification,37.56194,22.80417,GR,Nafplio Municipality,20,450
Q616887,Porta Esquilina,fortification,41.89577,12.50135,IT,Rome,22,450
Q540062,Fortress of Louisbourg,fortification,45.8925,-59.985,CA,Cape Breton,23,450
Q548289,Taku Forts,fortification,38.97713,117.7053,CN,Binhai New Area,18,450
Q561923,Veste Coburg,fortification,50.2639,10.9814,DE,Coburg,20,450
Q2657591,Gate of Toledo,fortification,40.40671,-3.71162,ES,Madrid,17,450
Q3848929,Smbataberd,fortification,39.87174,45.33811,AM,Artabuynk,19,450
Q4068363,Arabat Fortress,fortification,45.29583,35.47833,RU,Lenine Raion of Crimea,17,450
Q4383728,Punakha Dzong,fortification,27.58194,89.86306,BT,Punakha,19,450
Q4837210,Bab Agnaou,fortification,31.61761,-7.99067,MA,Marrakech,20,450
Q4837223,Bab Sharqi,fortification,33.50944,36.31778,SY,Damascus,19,450
Q4917129,Birtvisi,fortification,41.60889,44.53917,GE,Tetritsqaro Municipality,16,450
Q5470982,Fort Copacabana,fortification,-22.98583,-43.18528,BR,Rio de Janeiro,22,450
Q5472741,Seoul City Wall,fortification,37.57285,127.0085,KR,Seoul,19,450
Q5830586,Arch of Dolabella,fortification,41.88562,12.49517,IT,Rome,18,450
Q76937,Willemstad,fortification,51.6919,4.4378,,North Brabant,17,450
Q589056,Ravenstein,fortification,51.79702,5.65158,,Oss,21,450
Q670791,Bourtange,fortification,53.0067,7.1917,,Vlagtwedde,23,450
Q1429748,Munttoren,fortification,52.36694,4.89333,,Amsterdam,19,450
Q1890680,Bad Nieuweschans,fortification,53.1806,7.2072,,Oldambt,17,450
Q2500600,Zoutkamp,fortification,53.3375,6.3031,,Het Hogeland,16,450
Q1657663,Porta Salaria,fortification,41.9107,12.4981,IT,Rome,18,450
Q1710170,Tower of Kamianiec,fortification,52.40476,23.81946,BY,Kamieniec,22,450
Q1717975,Michael's Gate,fortification,48.1451,17.1068,SK,Bratislava,18,450
Q1720229,Porta Latina,fortification,41.8765,12.5025,IT,Rome,18,450
Q20706255,Fort Zeelandia,fortification,23.00175,120.16092,TW,Anping District,24,450
Q20730345,Hungarian border barrier,fortification,46.3,20.08333,HU,,22,450
Q21746176,Kastel Fortress,fortification,44.76583,17.18895,BA,Banja Luka,19,450
Q182324,Antikythera mechanism,monument,35.86417,23.305,,,71,300
Q5680,Nineveh,monument,36.36667,43.15,IQ,Mosul,86,300
Q5687,Jericho,monument,31.85611,35.46306,PS,Jericho Governorate,99,300
Q9141,Taj Mahal,monument,27.175,78.04194,IN,Uttar Pradesh,184,300
Q9202,Statue of Liberty,monument,40.68921,-74.04443,US,New York City,158,300
Q37200,Great Pyramid of Giza,monument,29.97915,31.13422,EG,Giza Governorate,126,300
Q39671,Stonehenge,monument,51.17889,-1.82611,GB,Amesbury,135,300
Q41150,Way of Saint James,monument,42.88056,-8.54389,ES,,78,300
Q41553,Colossus of Rhodes,monument,36.45111,28.22778,GR,Rhodes,94,300
Q45368,Mausoleum at Halicarnassus,monument,37.03794,27.4241,TR,Muğla Province,90,300
Q46239,Statue of Zeus at Olympia,monument,37.63786,21.63,GR,Ancient Olympia Municipality,93,300
Q47672,Terracotta Army,monument,34.385,109.27306,CN,,90,300
Q64436,Arc de Triomphe,monument,48.87378,2.29504,FR,16th arrondissement of Paris,86,300
Q71719,Hollywood Walk of Fame,monument,34.1014,-118.34497,US,Los Angeles,76,300
Q79961,Christ the Redeemer,monument,-22.95192,-43.21046,BR,Alto da Boa Vista,94,300
Q130958,The Great Sphinx,monument,29.97527,31.13768,EG,Giza,85,300
Q131301,Homs,monument,34.73333,36.71667,SY,Roman Syria,110,300
Q132564,Mycenae,monument,37.73083,22.75611,GR,Argos-Mykines Municipality,91,300
Q133575,Cave of Altamira,monument,43.38333,-4.11667,ES,Santillana del Mar,76,300
Q156591,Yad Vashem,monument,31.77442,35.17725,IL,Jerusalem,63,300
Q172613,Teotihuacan,monument,19.6925,-98.84389,MX,State of Mexico,79,300
Q178114,Washington Monument,monument,38.88947,-77.03524,US,"Washington, D.C.",70,300
Q180012,Behistun inscription,monument,34.39036,47.43589,IR,Harsin County,70,300
Q185382,Trevi Fountain,monument,41.90093,12.48331,IT,Rome,68,300
Q188856,Panthéon,monument,48.8462,2.34611,FR,5th arrondissement of Paris,61,300
Q189648,Humayun's Tomb,monument,28.59326,77.2506,IN,Jangpura tehsil,69,300
Q191414,Lenin's Mausoleum,monument,55.75361,37.61972,RU,Tverskoy District,62,300
Q191687,Heliopolis,monument,30.12953,31.28889,EG,Cairo Governorate,63,300
Q192522,Çatalhöyük,monument,37.6675,32.82833,TR,Konya Province,70,300
Q205131,Leshan Giant Buddha,monument,29.54694,103.76925,CN,Shizhong District,63,300
Q214944,Göbekli Tepe,monument,37.22306,38.9225,TR,Şanlıurfa Province,78,300
Q216344,Arlington National Cemetery,monument,38.87809,-77.06877,US,Arlington County,63,300
Q231140,Hiroshima Peace Memorial,monument,34.39556,132.45361,JP,Ōtemachi,70,300
Q484458,Buddhas of Bamiyan,monument,34.83204,67.8268,AF,Bamyan Province,86,300
Q638445,Chersonesus,monument,44.61163,33.4933,UA,Sevastopol,65,300
Q7604504,Statue of Unity,monument,21.838,73.7191,IN,Gujarat,71,300
Q4243,Sheikh Safi al-Din Khānegāh and Shrine Ensemble,monument,38.24861,48.29139,IR,Ardabil County,41,300
Q5736,Amarna,monument,27.66167,30.90556,EG,Minya Governorate,57,300
Q5743,Ebla,monument,35.79806,36.79861,SY,Idlib Governorate,56,300
Q5786,Arch of Constantine,monument,41.88983,12.49061,IT,Rome,49,300
Q9708,Kurapaty,monument,53.96571,27.6121,BY,Minsk District,29,300
Q19665,Bremen Roland,monument,53.0759,8.80731,DE,Mitte,34,300
Q28769,Ming Xiaoling,monument,32.06031,118.83457,CN,Nanjing,27,300
Q34485,Basilica of Candelaria,monument,28.35128,-16.36978,ES,Candelaria,33,300
Q34562,Cathedral of La Laguna,monument,28.48889,-16.31611,ES,San Cristóbal de La Laguna,41,300
Q46069,Mausoleum of Khoja Ahmed Yasawi,monument,43.29764,68.27104,KZ,Turkistan Region,47,300
Q48441,Soviet War Memorial,monument,52.48611,13.47167,DE,Berlin,32,300
Q63724,stechak,monument,43.655,18.23694,HR,,49,300
Q2384491,The Dubai Fountain,monument,25.19519,55.27506,AE,Emirate of Dubai,25,300
Q2389195,Mother Armenia,monument,40.19525,44.52482,AM,Yerevan,38,300
Q2419290,Murcia's Cathedral,monument,37.98404,-1.12865,ES,Murcia,25,300
Q2425991,Shaheed Minar,monument,23.72217,90.39499,BD,Dhaka,26,300
Q2462558,Salamanca New Cathedral,monument,40.96069,-5.666,ES,Salamanca,26,300
Q2529281,War of Independence Victory Column,monument,59.43404,24.74306,EE,Tallinn,25,300
Q2571455,Mazar-e-Quaid,monument,24.87528,67.04083,PK,Karachi,29,300
Q2635530,Tomb of Cyrus the Great,monument,30.19392,53.16719,IR,Fars Province,43,300
Q2896261,"Hiraizumi – Temples, Gardens and Archaeological Sites Representing the Buddhist Pure Land",monument,38.98861,141.11028,JP,Hiraizumi,27,300
Q2916616,Victims of Acts of Terror Memorial,monument,31.77499,35.17802,IL,Jerusalem,37,300
Q3695640,Pakistan Monument,monument,33.69333,73.06833,PK,Islamabad,26,300
Q4314522,Gamaleya Research Institute of Epidemiology and Microbiology,monument,55.8015,37.45757,RU,Shchukino District,33,300
Q7751872,"Sites of Japan’s Meiji Industrial Revolution: Iron and Steel, Shipbuilding and Coal Mining",monument,34.43056,131.41222,JP,,30,300
Q18201640,Wikipedia Monument,monument,52.34931,14.56036,PL,Lubusz Voivodeship,58,300
Q20645774,Soltaniyeh Dome,monument,36.4338,48.79594,IR,Zanjan Province,33,300
Q125072234,Einsiedeln Abbey,monument,47.12667,8.75139,CH,Einsiedeln,28,300
Q508040,Koutammakou,monument,10.06744,1.13453,TG,Kara Region,39,300
Q523268,Havis Amanda,monument,60.16758,24.9515,FI,Helsinki,28,300
Q523312,Tomb of the Unknown Soldier in Paris,monument,48.87375,2.29513,FR,8th arrondissement of Paris,33,300
Q526804,Wellington Arch,monument,51.5025,-0.15083,GB,City of Westminster,25,300
Q536955,Monument to the People's Heroes,monument,39.90306,116.39167,CN,Dongcheng District,27,300
Q538605,Kültepe,monument,38.85,35.63333,TR,Kayseri Province,36,300
Q540794,Chiang Kai-shek Memorial Hall,monument,25.03444,121.52167,TW,Taipei,33,300
Q542324,Ushiku Daibutsu,monument,35.9825,140.22028,JP,Ushiku,28,300
Q543419,iron pillar of Delhi,monument,28.52466,77.18507,IN,South Delhi district,44,300
Q558861,Alacahöyük,monument,40.23389,34.69557,TR,Çorum Province,32,300
Q575249,Alalakh,monument,36.23778,36.38472,TR,Hatay Province,32,300
Q581641,Divriği Great Mosque and Hospital,monument,39.37122,38.12158,TR,Divriği,40,300
Q588192,Tell Leilan,monument,36.9572,41.5053,SY,Hasakah Governorate,25,300
Q588892,Serpent Column,monument,41.00562,28.97512,TR,Istanbul,28,300
Q589651,KV3,monument,25.74105,32.60269,EG,Luxor,26,300
Q590096,KV8,monument,25.74083,32.60111,EG,Luxor,27,300
Q603841,Bubastis,monument,30.57278,31.51,EG,Sharqia Governorate,44,300
Q606069,Kumsusan Palace of the Sun,monument,39.06327,125.78905,KP,Taesong-guyok,36,300
Q606763,Gonbad-e Qabus,monument,37.25812,55.16899,IR,Golestan Province,40,300
Q607700,Monument to the Great Fire of London,monument,51.51014,-0.08594,GB,City of London,27,300
Q615404,Anıtkabir,monument,39.925,32.83694,TR,Ankara,52,300
Q621498,Osun-Osogbo Grove,monument,7.75556,4.55222,NG,Osun State,34,300
Q627114,Worker and Kolkhoz Woman,monument,55.82823,37.64669,RU,Ostankinsky District,39,300
Q630734,Qatna,monument,34.835,36.86583,SY,Homs Governorate,30,300
Q631075,Arc de Triomf,monument,41.39111,2.18056,ES,"Sant Pere, Santa Caterina i la Ribera",28,300
Q631104,arc de triomphe du Carrousel,monument,48.86167,2.33278,FR,Saint-Germain-l'Auxerrois,40,300
Q638278,Arcul de Triumf Bucharest,monument,44.46728,26.07836,RO,Bucharest,25,300
Q639319,Natzweiler-Struthof concentration camp,monument,48.455,7.2546,FR,Natzwiller,29,300
Q643631,Ring of Brodgar,monument,59.00148,-3.22972,GB,Orkney Islands,29,300
Q644288,Mausoleum of Galla Placidia,monument,44.42102,12.19708,IT,Ravenna,37,300
Q648655,Lenin,monument,68.97472,33.05895,RU,Murmansk,28,300
Q650531,Thracian Tomb of Sveshtari,monument,43.74496,26.7663,BG,Razgrad,43,300
Q655470,Four Rivers Fountain,monument,41.89895,12.47307,IT,Rome,36,300
Q661046,Devín,monument,48.17389,16.98333,SK,Bratislava,28,300
Q661855,Avebury,monument,51.42861,-1.85417,GB,Avebury,44,300
Q662652,Imperial Crypt,monument,48.20556,16.36972,AT,Vienna,33,300
Q664245,Hermannsdenkmal,monument,51.91167,8.83944,DE,Detmold,28,300
Q665266,Ninth Fort,monument,54.94472,23.87056,LT,Kaunas,27,300
Q666886,Moscow Kiyevsky railway station,monument,55.7432,37.5674,RU,Dorogomilovo District,29,300
Q672444,Bronze Horseman,monument,59.93656,30.30217,RU,Saint Petersburg,40,300
Q682612,Antipatris,monument,32.105,34.93042,IL,Central District,26,300
Q684594,Porte Saint-Denis,monument,48.86972,2.3525,FR,Quartier de la Porte-Saint-Denis,27,300
Q684661,Jet d'Eau,monument,46.20739,6.1559,CH,Geneva,37,300
Q685448,Prora,monument,54.43408,13.57527,DE,Binz,33,300
Q688214,Lion Monument,monument,47.05845,8.31089,CH,Lucerne,25,300
Q690481,Battle of Slankamen,monument,45.13333,20.23333,RS,Inđija Municipality,25,300
Q695229,Great Living Chola Temples,monument,10.78306,79.1325,IN,Tamil Nadu,45,300
Q696641,Nikkō Tōshō-gū,monument,36.75917,139.59861,JP,Nikkō-shi,25,300
Q713628,Vietnam Veterans Memorial,monument,38.89111,-77.04778,US,"Washington, D.C.",36,300
Q717956,Unisphere,monument,40.74639,-73.845,US,Queens,29,300
Q723887,Arch of Titus,monument,41.89072,12.48859,IT,Rome,43,300
Q724954,Mesha Stele,monument,31.49889,35.78556,JO,,37,300
Q725404,Pyramid of Cestius,monument,41.87649,12.4809,IT,Roma Capitale,35,300
Q729370,Prague Astronomical Clock,monument,50.08699,14.4207,CZ,Old Town,46,300
Q734539,House of Flowers,monument,44.78667,20.45167,RS,Belgrade,30,300
Q739278,Buto,monument,31.19639,30.74472,EG,Kafr el-Sheikh Governorate,31,300
Q740138,Tel Hazor,monument,33.01833,35.56917,IL,Northern District,42,300
Q742362,Holy Trinity Column in Olomouc,monument,49.59402,17.25049,CZ,Olomouc,40,300
Q289427,Mausoleum of Theodoric,monument,44.42505,12.20917,IT,Ravenna,33,300
Q301135,Parc de la Ciutadella,monument,41.38811,2.18752,ES,"Sant Pere, Santa Caterina i la Ribera",25,300
Q301815,Thracian Tomb of Kazanlak,monument,42.62556,25.39917,BG,Kazanlak,43,300
Q309426,Kasubi Tombs,monument,0.32917,32.55333,UG,Kampala,57,300
Q309484,Al-Askari Shrine,monument,34.19889,43.87361,IQ,Samarra,38,300
Q321240,Walhalla memorial,monument,49.03149,12.22409,DE,Donaustauf,39,300
Q321697,Juche Tower,monument,39.01759,125.76361,KP,Pyongyang,48,300
Q326183,Jefferson Memorial,monument,38.88139,-77.03667,US,"Washington, D.C.",41,300
Q326193,Stutthof concentration camp,monument,54.32889,19.15389,PL,Sztutowo,40,300
Q334704,Orkhon inscriptions,monument,47.56056,102.84111,MN,,36,300
Q336310,Skull Tower,monument,43.31222,21.92389,RS,Niš,30,300
Q337179,Freedom Monument,monument,56.95156,24.11322,LV,Central District,43,300
Q338834,Igel Column,monument,49.7092,6.54944,DE,Igel,28,300
Q339503,Newgrange,monument,53.69473,-6.47557,IE,County Meath,48,300
Q343053,Ħaġar Qim,monument,35.82778,14.44222,MT,Qrendi,30,300
Q346445,Adab,monument,31.95,45.96667,IQ,Wasit Governorate,33,300
Q359256,Admiralty Arch,monument,51.50676,-0.12869,GB,City of Westminster,32,300
Q369075,Column of Phocas,monument,41.8925,12.48472,IT,Rome,36,300
Q372717,Tower of the Winds,monument,37.97418,23.727,GR,Athens Municipality,36,300
Q375624,Tomb of Safdar Jang,monument,28.58929,77.21061,IN,New Delhi district,30,300
Q378143,Hearst Castle,monument,35.68528,-121.16778,US,San Luis Obispo County,28,300
Q382500,Nevsky Prospect,monument,59.93667,30.315,RU,Tsentralny District,47,300
Q385280,KV11,monument,25.75,32.6143,EG,Luxor,25,300
Q389210,Pamplona Cathedral,monument,42.81972,-1.64111,ES,Pamplona,30,300
Q408318,Bulguksa,monument,35.79,129.33222,KR,North Gyeongsang,40,300
Q416646,Akbar's Tomb,monument,27.22056,77.95056,IN,Agra,30,300
Q425622,"St. Nicholas Church, Hamburg",monument,53.5475,9.99056,DE,Hamburg-Mitte,31,300
Q460889,Museo Nacional Centro de Arte Reina Sofía,monument,40.40857,-3.694,ES,Madrid,46,300
Q470763,African Renaissance Monument,monument,14.72222,-17.495,SN,Ouakam,34,300
Q472975,Rök Runestone,monument,58.29503,14.77503,SE,Ödeshög Municipality,32,300
Q492487,Pompey's Pillar,monument,31.1825,29.89639,EG,Alexandria Governorate,25,300
Q495241,Gyeongju Historic Areas,monument,35.78889,129.22667,KR,Gyeongju,27,300
Q495276,Royal Tombs of the Joseon Dynasty,monument,37.19722,128.45278,KR,Seoul,40,300
Q495286,"Gochang, Hwasun and Ganghwa Dolmen Sites",monument,34.96667,126.92917,KR,Incheon,30,300
Q503823,Tomb of Askia,monument,16.28972,-0.04444,ML,Gao,55,300
Q507076,Maes Howe,monument,58.9966,-3.1882,GB,Orkney Islands,29,300
Q870258,Plain of Jars,monument,19.43111,103.1525,LA,Xiangkhouang Province,47,300
Q874234,Ho Chi Minh Mausoleum,monument,21.03667,105.83472,VN,Điện Biên,35,300
Q890652,Our Lady of Promise,monument,42.21139,20.73583,RS,Prizren,29,300
Q907366,Alexander Column,monument,59.93917,30.31583,RU,Saint Petersburg,29,300
Q907387,equestrian statue of Marcus Aurelius,monument,41.89274,12.48224,IT,Rome,33,300
Q910180,Mausoleum of the First Qin Emperor,monument,34.38167,109.25389,CN,Lintong District,37,300
Q910370,Mineirão,monument,-19.86583,-43.97083,BR,Belo Horizonte,57,300
Q917830,Cathedral of the Archangel,monument,55.75028,37.61778,RU,Tverskoy District,35,300
Q920206,Grimeton VLF transmitter,monument,57.11398,12.40442,SE,Varberg Municipality,36,300
Q924174,Spring Temple Buddha,monument,33.77528,112.45111,CN,Lushan County,45,300
Q926536,Lion of Belfort,monument,47.63667,6.86472,FR,Belfort,26,300
Q928541,Angel of Independence,monument,19.427,-99.16771,MX,Cuauhtémoc,25,300
Q929072,Sanxingdui,monument,30.99372,104.19983,CN,Guanghan,27,300
Q931796,Wallace Monument,monument,56.13881,-3.91802,GB,Stirling,25,300
Q958391,Georgia Guidestones,monument,34.23198,-82.89451,US,Elbert County,32,300
Q958585,Sigismund's Column,monument,52.24725,21.01339,PL,Warsaw,29,300
Q964745,Poverty Point,monument,32.6425,-91.40833,US,West Carroll Parish,26,300
Q969047,Patriarchate of Peć,monument,42.66116,20.26562,RS,Peja,29,300
Q978443,Tell Brak,monument,36.6667,41.0583,SY,Hasakah Governorate,31,300
Q985484,Manzanar,monument,36.72833,-118.15444,US,Inyo County,25,300
Q985542,Shiloh,monument,32.0557,35.28954,IL,Shilo,34,300
Q1051476,KV7,monument,25.74074,32.60166,EG,Luxor,27,300
Q1059672,Seikilos epitaph,monument,37.85992,27.83511,DK,Copenhagen Municipality,32,300
Q1063133,Shrines and Temples of Nikkō,monument,36.7475,139.61056,JP,Nikkō-shi,31,300
Q1074330,Qutb complex,monument,28.52438,77.18543,IN,Mehrauli tehsil,33,300
Q1076004,imam Khomeini Mausoleum,monument,35.5492,51.3665,IR,Tehran,34,300
Q1106930,Le Gua,monument,45.02528,5.64778,FR,Isère,35,300
Q1111051,Colonne Vendôme,monument,48.86747,2.32941,FR,1st arrondissement of Paris,26,300
Q1114231,Fontana della Barcaccia,monument,41.90581,12.48221,IT,Rome,32,300
Q1130019,Kremlin Wall Necropolis,monument,55.75378,37.61931,RU,Tverskoy District,37,300
Q1131807,El Retiro Park,monument,40.415,-3.68389,ES,Madrid,34,300
Q1133712,Padrão dos Descobrimentos,monument,38.69368,-9.20569,PT,Belém,32,300
Q1134365,Spire of Dublin,monument,53.34972,-6.26028,IE,Dublin,32,300
Q1135534,Izborsk,monument,57.70938,27.86051,RU,Q4198337,35,300
Q1136137,National September 11 Memorial & Museum,monument,40.71139,-74.01361,US,New York City,35,300
Q1137661,Gračanica monastery,monument,42.59833,21.19333,RS,Gračanica,39,300
Q1139153,Three-Country Cairn,monument,69.05998,20.54865,NO,Storfjord Municipality,27,300
Q1139250,Crazy Horse Memorial,monument,43.83679,-103.62439,US,Custer County,30,300
Q1147179,Kartlis Deda,monument,41.68806,44.80472,GE,Tbilisi,31,300
Q1154819,Mausoleum of Mao Zedong,monument,39.90102,116.39158,CN,Donghuamen Subdistrict,36,300
Q1160691,Choragic Monument of Lysicrates,monument,37.97108,23.72995,GR,Athens Municipality,26,300
Q1165021,Genghis Khan Equestrian Statue,monument,47.80808,107.52981,MN,Nalaikh,26,300
Q1194336,Field of Mars,monument,59.94356,30.33183,RU,Saint Petersburg,27,300
Q1202019,Temple of Literature,monument,21.02861,105.83556,VN,Hanoi,30,300
Q1207208,Hiroshima Peace Memorial Park,monument,34.39273,132.45237,JP,Naka-ku,30,300
Q1247287,Column of Constantine,monument,41.00861,28.97111,TR,Istanbul Province,28,300
Q1256223,Gur-e Amir,monument,39.64833,66.96889,UZ,Samarkand,47,300
Q1258082,Arch of Galerius and Rotunda,monument,40.63224,22.95174,GR,Thessaloniki Municipality,26,300
Q1259626,Al Khazneh,monument,30.32206,35.45145,JO,Al-Betrā',29,300
Q1262524,Treasury of Atreus,monument,37.72681,22.7536,GR,Argos-Mykines Municipality,26,300
Q1268850,Samanid Mausoleum,monument,39.77701,64.40058,UZ,Bukhara,32,300
Q1277723,"Blagaj, Mostar",monument,43.25743,17.89467,BA,Federation of Bosnia and Herzegovina,25,300
Q1318766,Tomb of I'timād-ud-Daulah,monument,27.1925,78.03139,IN,Agra,26,300
Q1322447,Luiz I Bridge,monument,41.13972,-8.60944,PT,"Cedofeita, Santo Ildefonso, Sé, Miragaia, São Nicolau e Vitória",30,300
Q1323557,Ekron,monument,31.77889,34.85111,IL,Jerusalem District,29,300
Q1325633,Mansu Hill Grand Monument,monument,39.0321,125.75306,KP,Pyongyang,27,300
Q1333411,Victoria Memorial,monument,51.50183,-0.14064,GB,City of Westminster,27,300
Q1338405,Sun Yat-sen Mausoleum,monument,32.06442,118.84827,CN,Xuanwu District,26,300
Q1345100,Kryptos,monument,38.95226,-77.14577,US,Langley,28,300
Q1346856,Dan,monument,33.249,35.652,IL,Northern District,26,300
Q94731,Arch of Reunification,monument,38.96453,125.71582,KP,Pyongyang,29,300
Q109968,Columbus Circle,monument,40.76806,-73.98194,US,Manhattan,27,300
Q122026,Zollverein Coal Mine Industrial Complex,monument,51.4865,7.04408,DE,Q54803602,34,300
Q129479,Tomb of Hafez,monument,29.62581,52.55844,IR,Shiraz County,26,300
Q134873,Capital Cities and Tombs of the Ancient Koguryo Kingdom,monument,41.15694,126.18722,CN,Jilin,30,300
Q138388,Blue Mosque,monument,36.70889,67.11083,AF,Mazar-i-Sharif,44,300
Q142917,Mother Ukraine Monument,monument,50.4265,30.56311,UA,Kyiv,33,300
Q145151,National Monument of Indonesia,monument,-6.17539,106.82714,ID,Central Jakarta,32,300
Q147875,Tsar Bell,monument,55.75083,37.61833,RU,Tverskoy District,43,300
Q147881,Tsar Cannon,monument,55.75146,37.61793,RU,Tverskoy District,44,300
Q151356,Fernsehturm Berlin,monument,52.52083,13.40944,DE,Berlin,58,300
Q152341,Neue Wache,monument,52.5175,13.39556,DE,Bezirk Mitte,26,300
Q152449,Beit Shemesh,monument,31.75139,34.98861,IL,Jerusalem District,55,300
Q154116,Al-Kadhimiya Mosque,monument,33.37997,44.33796,IQ,Baghdad,31,300
Q154775,Tsitsernakaberd,monument,40.18582,44.48811,AM,Yerevan,36,300
Q154987,Siegessäule,monument,52.51451,13.35011,DE,Bezirk Mitte,44,300
Q160700,Memorial to the Murdered Jews of Europe,monument,52.51389,13.37889,DE,Bezirk Mitte,42,300
Q162353,Arch of Septimius Severus (Roman Forum),monument,41.89278,12.48472,IT,Rome,38,300
Q167677,Yavne,monument,31.88333,34.73333,IL,Rehovot sub-district,43,300
Q168713,Aurora,monument,59.95546,30.33778,RU,Petrogradsky District,57,300
Q175874,León Cathedral,monument,42.59944,-5.56667,ES,León,38,300
Q187531,Monument to Minin and Pozharsky,monument,55.75278,37.6225,RU,Tverskoy District,25,300
Q192295,Gol Gumbaz,monument,16.83,75.73583,IN,Vijaypura District,32,300
Q192784,Trajan's Column,monument,41.89583,12.48417,IT,Rome,56,300
Q198106,"St. Paul's Church, Frankfurt am Main",monument,50.11111,8.68083,DE,Frankfurt-Innenstadt I,31,300
Q203479,Pavlov's House,monument,48.71609,44.53139,RU,Tsentralny District,28,300
Q204200,Cavern of the Patriarchs,monument,31.52467,35.11076,PS,Hebron,53,300
Q205711,Solovetsky Islands,monument,65.02444,35.71056,RU,Q60849951,58,300
Q208175,Novodevichy Cemetery,monument,55.72472,37.55417,RU,Khamovniki District,47,300
Q208177,Birka,monument,59.33667,17.545,SE,Ekerö Municipality,51,300
Q208379,Tel Megiddo,monument,32.58528,35.18444,IL,Northern District,55,300
Q208811,Panathenaic Stadium,monument,37.96833,23.74111,GR,Athens Municipality,47,300
Q209676,Arch of Triumph,monument,39.04465,125.7531,KP,Moranbong-guyok,32,300
Q211250,Teatro Real,monument,40.41824,-3.71037,ES,Palacio,30,300
Q213559,Lincoln Memorial,monument,38.88928,-77.05014,US,"Washington, D.C.",53,300
Q216185,Charing Cross,monument,51.5073,-0.12755,GB,City of Westminster,45,300
Q216357,Grande Arche,monument,48.8928,2.23583,FR,La Défense,51,300
Q217447,Verla,monument,61.06199,26.64002,FI,Kouvola,38,300
Q225373,Kykkos Monastery,monument,34.98387,32.74108,CY,Nicosia District,26,300
Q225896,Silbury Hill,monument,51.41556,-1.8575,GB,Avebury,28,300
Q238990,United States Holocaust Memorial Museum,monument,38.88667,-77.0325,US,"Washington, D.C.",38,300
Q239748,Sammallahdenmäki,monument,61.11767,21.77517,FI,Rauma,40,300
Q242803,Yasukuni Shrine,monument,35.69396,139.74269,JP,Kudankita,48,300
Q244762,Mari,monument,34.54944,40.89,SY,Abu Kamal,57,300
Q245347,India Gate,monument,28.61286,77.22931,IN,New Delhi district,51,300
Q258908,Salzburg Cathedral,monument,47.79778,13.04694,AT,Salzburg,36,300
Q265384,Column of Marcus Aurelius,monument,41.90083,12.48,IT,Rome,39,300
Q267971,Triton Fountain,monument,41.90361,12.48833,IT,Rome,29,300
Q269641,July Column,monument,48.85306,2.36917,FR,4th arrondissement of Paris,27,300
Q281465,Albert Memorial,monument,51.50241,-0.17774,GB,City of Westminster,32,300
Q1520979,Sanabria Lake,monument,42.1225,-6.71917,ES,Zamora Province,25,300
Q1520987,KV9,monument,25.74028,32.60139,EG,Luxor,25,300
Q1534288,"Metropolitan Cathedral Basilica of the Holy Saviour, Oviedo",monument,43.36258,-5.84308,ES,Oviedo,31,300
Q1570082,Pyramid of Userkaf,monument,29.87345,31.2189,EG,Giza Governorate,28,300
Q1581555,Tepe Sialk,monument,33.96889,51.40472,IR,Isfahan Province,28,300
Q1582758,Cathedral Basilica of the Virgin of Incarnation,monument,36.72004,-4.42012,ES,Málaga,30,300
Q1601986,The Motherland Calls,monument,48.74228,44.53708,RU,Tsentralny District,54,300
Q1639016,Mother Albania,monument,41.30849,19.84017,AL,Tirana,27,300
Q1678536,Tomb of Jahangir,monument,31.6225,74.30306,PK,Lahore,26,300
Q1739453,Obninsk Nuclear Power Plant,monument,55.08389,36.57139,RU,Kaluga Oblast,26,300
Q1771696,Charminar,monument,17.36161,78.47466,IN,Hyderabad,51,300
Q864862,Gateway of India,monument,18.92184,72.8347,IN,Mumbai City district,44,300
Q820002,Mamayev Kurgan,monument,48.74139,44.53528,RU,Volgograd,41,300
Q831361,Santa Costanza,monument,41.9226,12.5174,IT,Rome,26,300
Q831389,Obelisco de Buenos Aires,monument,-34.60376,-58.38162,AR,Buenos Aires,25,300
Q833213,Forest of Remembrance,monument,40.41194,-3.68694,ES,Atocha,25,300
Q833850,Carnac stones,monument,47.59333,-3.07972,FR,Carnac,37,300
Q835309,tomb of Tutankhamun,monument,25.74036,32.60144,EG,Luxor,46,300
Q838359,Imam Ali Mosque,monument,31.99611,44.31417,IQ,Najaf,52,300
Q841388,Lapis Niger,monument,41.8925,12.48472,IT,Rome,26,300
Q842089,Nelson's Column,monument,51.50775,-0.12794,GB,City of Westminster,39,300
Q842822,Maiden Tower,monument,40.36617,49.83725,AZ,Sabail raion,48,300
Q845529,Marble Arch,monument,51.51306,-0.15889,GB,City of Westminster,35,300
Q846901,Senegambian stone circles,monument,13.69111,-15.5225,GM,,39,300
Q848509,Lachish,monument,31.56528,34.84917,IL,Southern District,28,300
Q849517,Visoki Dečani,monument,42.54694,20.26639,RS,Deçan Municipality,39,300
Q856259,Bibi Ka Maqbara,monument,19.90139,75.32083,IN,Aurangabad district,30,300
Q856462,National Library of Kosovo,monument,42.6575,21.16227,XK,Pristina,33,300
Q858689,Federal Hall,monument,40.7072,-74.0103,US,Manhattan,30,300
Q744406,Library of Celsus,monument,37.93914,27.34075,TR,Selçuk,41,300
Q744420,Burgos Cathedral,monument,42.34081,-3.70447,ES,Burgos,55,300
Q746063,Villa d'Este,monument,41.9625,12.79611,IT,Tivoli,47,300
Q747588,Tropaeum Alpium,monument,43.74478,7.4018,FR,La Turbie,26,300
Q749556,Yasnaya Polyana,monument,54.07513,37.52638,RU,Yasnaya Polyana,46,300
Q750209,Colossi of Memnon,monument,25.72056,32.61056,EG,Thebes,44,300
Q755221,Athena Promachos,monument,37.9718,23.7257,GR,Athens Municipality,27,300
Q755514,Hypogeum of Ħal Saflieni,monument,35.86956,14.50688,MT,Paola,47,300
Q763854,Obelisk of Theodosius,monument,41.00606,28.97539,TR,Sultan Ahmet,31,300
Q770847,Mausoleum of Augustus,monument,41.90611,12.47639,IT,Rome,40,300
Q773704,Imam Husayn Mausoleum,monument,32.61639,44.0325,IQ,Karbala,36,300
Q778902,KV1,monument,25.7425,32.60194,EG,Luxor,28,300
Q798610,Et'hem Bey Mosque,monument,41.32781,19.81936,AL,Tirana,31,300
Q804210,Bayterek,monument,51.12833,71.43056,KZ,Astana,29,300
Q805442,Christ the King statue,monument,52.23667,15.54639,PL,Lubusz Voivodeship,30,300
Q165366,Anne Frank House,monument,52.37515,4.88404,,Amsterdam,38,300
Q323420,Westerbork Transit Camp,monument,52.91667,6.60694,,Midden-Drenthe,31,300
Q458061,Stjepan Filipović,monument,44.70041,19.38372,,Mačva District,35,300
Q754378,Merneptah Stele,monument,25.72,32.61,,,37,300
Q1161218,Fallen Astronaut,monument,26.13222,3.63386,,,33,300
Q1462314,Shrine of the Báb,monument,32.81444,34.98722,,Haifa,25,300
Q1347523,KV2,monument,25.74151,32.60227,EG,Luxor,27,300
Q1348082,KV5,monument,25.74071,32.60206,EG,Luxor,27,300
Q1348441,Gath,monument,31.69972,34.84694,IL,,30,300
Q1352282,National Museum of Archaeology,monument,40.42365,-3.68942,ES,Madrid,32,300
Q1356352,Victoria Memorial,monument,22.5449,88.3425,IN,"Ward No. 63, Kolkata Municipal Corporation",32,300
Q1403946,Marine Corps War Memorial,monument,38.89044,-77.06972,US,Arlington County,26,300
Q1420195,KV17,monument,25.75,32.6143,EG,Luxor,25,300
Q1427162,Mendes,monument,30.95628,31.5172,EG,Dakahlia Governorate,29,300
Q1434444,Amazon Theatre,monument,-3.13028,-60.02333,BR,Manaus,28,300
Q1466687,Gezer,monument,31.85917,34.91917,IL,Jerusalem,30,300
Q1499912,Segovia Cathedral,monument,40.95018,-4.12562,ES,Segovia,31,300
Q1503331,Luxor Obelisk,monument,48.86548,2.32113,FR,8th arrondissement of Paris,31,300
Q2177261,Millennium of Russia,monument,58.52115,31.27523,RU,Veliky Novgorod,29,300
Q2308606,Obelisk of Axum,monument,14.13217,38.71967,ET,Axum,27,300
Q1777218,Triumphal Arch of Orange,monument,44.14217,4.80481,FR,Orange,30,300
Q1791841,Imam Reza Shrine,monument,36.28797,59.61569,IR,Mashhad,39,300
Q1946569,Che Guevara Mausoleum,monument,22.40264,-79.97938,CU,Santa Clara,26,300
Q1957722,Shah Cheragh shrine,monument,29.60961,52.5433,IR,Shiraz County,27,300
Q2027162,Gateway Arch,monument,38.62461,-90.18497,US,St. Louis,40,300
Q2070605,Athena Parthenos,monument,37.97151,23.72694,GR,,31,300
Q2075146,Tomb of the Unknown Soldier,monument,55.75472,37.61611,RU,Moscow,28,300
Q2097034,Piskaryovskoye Memorial Cemetery,monument,59.99649,30.42213,RU,Kalininsky District,25,300
Q2142541,Tell Halaf,monument,36.82679,40.03967,SY,Hasakah Governorate,25,300
Q916963,Milliarium Aureum,monument,41.89259,12.48448,IT,Rome,22,300
Q917699,Christ Blessing,monument,1.43833,124.84778,ID,Manado,16,300
Q926366,Tomb of Nefertari,monument,25.7333,32.6,EG,,18,300
Q929778,Isca Augusta,monument,51.60986,-2.9565,GB,Caerleon,15,300
Q931718,HMCS Haida,monument,43.2753,-79.8554,CA,Hamilton,15,300
Q932599,Tropaeum Traiani,monument,44.10192,27.95508,RO,Adamclisi,24,300
Q932746,Mosque of Pasha Qasim,monument,46.07694,18.22806,HU,Pécs,20,300
Q936234,Stoa Poikile,monument,37.9763,23.723,GR,Athens Municipality,23,300
Q936296,Fontana delle Tartarughe,monument,41.89381,12.4775,IT,Rome,20,300
Q936453,Monastery of Yuste,monument,40.11417,-5.73889,ES,Cuacos de Yuste,23,300
Q943174,Garabaghlar Mausoleum,monument,39.43028,45.19222,AZ,Kangarli District,14,300
Q947481,KV57,monument,25.75,32.6143,EG,Luxor,21,300
Q950653,Qianling Mausoleum,monument,34.56918,108.21473,CN,Qian County,21,300
Q952381,Arch of the Sergii,monument,44.86828,13.84694,HR,Pula,20,300
Q952817,Gefion Fountain,monument,55.68931,12.59763,DK,Copenhagen Municipality,18,300
Q959459,Monar Jonban,monument,32.65045,51.59415,IR,Isfahan County,18,300
Q959799,Antigonia,monument,40.0873,20.22227,AL,,16,300
Q963330,Gazimestan,monument,42.69056,21.12361,RS,Obiliq,18,300
Q963472,Voortrekker Monument,monument,-25.77639,28.17583,ZA,Pretoria,21,300
Q963503,Dolmen of Viera,monument,37.02342,-4.54908,ES,Antequera,21,300
Q963671,Stadium of Domitian,monument,41.8989,12.4731,IT,Ponte,19,300
Q969351,Kensington Runestone,monument,45.89019,-95.37807,US,Minnesota,21,300
Q983774,Fontana dell'Acqua Felice,monument,41.90436,12.49442,IT,Municipio I,24,300
Q987958,Eger minaret,monument,47.90467,20.37636,HU,Eger,15,300
Q991637,Ta' Ħaġrat,monument,35.91855,14.36856,MT,Mġarr,22,300
Q994471,"Fountain of Neptune, Bologna",monument,44.49422,11.34265,IT,Bologna,20,300
Q995736,Nekresi,monument,41.97216,45.7677,GE,Qvareli Municipality,14,300
Q997762,Pleshcheyevo Lake,monument,56.76639,38.78444,RU,Pereslavsky District,22,300
Q1004589,Mastabet el-Fara'un,monument,29.83889,31.21528,EG,Giza Governorate,24,300
Q1009561,Bunker Hill Monument,monument,42.37636,-71.06078,US,Boston,14,300
Q1018007,Butovo firing range,monument,55.53339,37.59434,RU,Drozhzhino,19,300
Q1024943,Iglesia de la Concepción,monument,28.49056,-16.32028,ES,San Cristóbal de La Laguna,16,300
Q1024971,Cabrillo National Monument,monument,32.67306,-117.23861,US,San Diego,14,300
Q1025105,Grant's Tomb,monument,40.81344,-73.96301,US,Manhattan,17,300
Q1034039,Canyon de Chelly National Monument,monument,36.1553,-109.509,US,Apache County,24,300
Q1039186,Zincirli Höyük,monument,37.10361,36.67861,TR,İslahiye,19,300
Q1046027,Aisha Bibi,monument,42.83379,71.21047,KZ,Jambyl District,18,300
Q1046524,Casa de Campo Park,monument,40.42291,-3.75595,ES,Madrid,21,300
Q1058720,Buzludzha monument,monument,42.73581,25.39385,BG,Shipka,19,300
Q1061643,KV64,monument,25.73333,32.6,EG,Luxor,18,300
Q1062192,Sebilj,monument,43.85972,18.43126,BA,Stari Grad,16,300
Q1069807,Church of St. Mary of Blachernae,monument,41.03874,28.94283,TR,Fatih,22,300
Q1074177,Zabala,monument,31.7433,45.8767,IQ,,17,300
Q1096108,Kutha,monument,32.76003,44.61286,IQ,Babylon Governorate,20,300
Q1102519,Gëlle Fra,monument,49.60944,6.12889,LU,Luxembourg,15,300
Q1107952,Arch of Drusus,monument,41.87379,12.50141,IT,Rome,14,300
Q1109547,KV60,monument,25.74083,32.60222,EG,,21,300
Q1109560,KV63,monument,25.74015,32.60152,EG,Luxor,23,300
Q1116389,Memorial to the Victims of Communism,monument,50.08117,14.40427,CZ,Malá Strana,19,300
Q1131391,Arbeia,monument,55.0044,-1.43111,GB,South Tyneside,15,300
Q1143218,Dolmen of Menga,monument,37.02402,-4.54846,ES,Antequera,23,300
Q1143790,Republic Monument,monument,41.03694,28.985,TR,Istanbul,20,300
Q1144137,Kirkuk Citadel,monument,35.46972,44.39583,IQ,Kirkuk,15,300
Q1146714,Libyco-Punic Mausoleum of Dougga,monument,36.4203,9.2202,TN,Tunisia,14,300
Q1153879,Arco dei Gavi,monument,45.4401,10.98877,IT,Verona,15,300
Q1156980,Strawberry Fields,monument,40.77541,-73.97461,US,Manhattan,19,300
Q1177668,David's Tomb,monument,31.77164,35.22901,IL,Jerusalem,23,300
Q1186076,Democracy Monument,monument,13.75667,100.50167,TH,Bowon Niwet,20,300
Q1187329,The Stone of Million,monument,41.00804,28.97807,TR,Istanbul,21,300
Q1187994,Monument to the Unknown Hero,monument,44.68869,20.51581,RS,City of Belgrade,19,300
Q1188019,Peter the Great Statue,monument,55.73861,37.60833,RU,Moscow,17,300
Q1188049,Victims of Communism Memorial,monument,38.89849,-77.01205,US,"Washington, D.C.",23,300
Q1188062,Shabaka Stone,monument,51.5193,-0.1281,EG,,19,300
Q1193204,Springfield Armory,monument,42.10806,-72.58167,US,Springfield,19,300
Q1195839,Muir Woods National Monument,monument,37.8919,-122.571,US,Marin County,17,300
Q69992,Christ the Redeemer of the Andes,monument,-32.82531,-70.07075,CL,Los Andes,15,300
Q80374,Statue of Decebalus,monument,44.64056,22.29139,RO,Orșova,19,300
Q83238,Three Crosses,monument,54.68674,25.29755,LT,Vilnius,21,300
Q93490,Nagasaki Peace Park,monument,32.77558,129.86312,JP,Nagasaki,20,300
Q95517,Gedenkstätte Berliner Mauer,monument,52.535,13.3897,DE,Berlin,18,300
Q114718,Children's Peace Monument,monument,34.39414,132.45278,JP,Hiroshima,22,300
Q116484,Imagine Peace Tower,monument,64.16324,-21.85947,IS,Reykjavíkurborg,23,300
Q117210,Arch of Germanicus,monument,45.74592,-0.62897,FR,Saintes,14,300
Q127064,Bilbao Fine Arts Museum,monument,43.26597,-2.93785,ES,Bilbao,21,300
Q151785,Memorial to the Sinti and Roma victims of National Socialism,monument,52.51722,13.37611,DE,Bezirk Mitte,18,300
Q152348,Castalian Spring,monument,38.48306,22.50556,GR,Delfi Municipality,21,300
Q153645,Poulnabrone dolmen,monument,53.04869,-9.14002,IE,County Clare,22,300
Q155414,La Foncalada,monument,43.36531,-5.84606,ES,Oviedo,17,300
Q155443,Hospital de los Reyes Católicos,monument,42.88139,-8.54583,ES,Santiago de Compostela,19,300
Q158989,Buckingham Fountain,monument,41.87579,-87.61894,US,Chicago,19,300
Q167247,Mound of Glory,monument,54.01905,27.89815,BY,Smalavičy District,15,300
Q175588,KV41,monument,25.74083,32.60222,EG,Luxor,17,300
Q176458,Til Barsip,monument,36.67404,38.121,SY,Syria,17,300
Q177008,Soviet War Memorial,monument,48.19802,16.37634,AT,Landstraße,15,300
Q177335,Pyramid of Tirana,monument,41.32302,19.82157,AL,Tirana,22,300
Q180973,Tannenberg Memorial,monument,53.58139,20.26083,PL,Olsztynek,16,300
Q187499,Shrine of Bahá'u'lláh,monument,32.94347,35.09188,IL,Acre,22,300
Q195286,Tell al-Rimah,monument,36.1333,42.5167,IQ,Nineveh Governorate,15,300
Q200653,WV24,monument,25.75,32.6143,EG,Luxor,20,300
Q204004,KV61,monument,25.74083,32.60222,EG,Luxor,19,300
Q212110,Fatima Masumeh Shrine,monument,34.6417,50.879,IR,Qom Province,24,300
Q219028,Mausoleum of Mohammed V,monument,34.02261,-6.82195,MA,Rabat,22,300
Q240426,King Fahd's Fountain,monument,21.51556,39.145,SA,Jeddah,23,300
Q246200,Battle of Medina de Rioseco,monument,41.89417,-4.99361,ES,,14,300
Q252858,Chinese pyramids,monument,34.33806,108.56972,CN,,17,300
Q254294,Siegestor,monument,48.15235,11.58214,DE,Munich,20,300
Q257153,Mausoleum of Saladin,monument,33.51211,36.30593,SY,Damascus,21,300
Q259004,Befreiungshalle,monument,48.91863,11.86035,DE,Kelheim,18,300
Q259336,Bingling Temple,monument,35.80551,103.04438,CN,Yongjing County,23,300
Q259633,Cristo de la Concordia,monument,-17.38425,-66.13496,BO,Cochabamba,20,300
Q277837,Christ of Vung Tau,monument,10.32639,107.08444,VN,Vũng Tàu,14,300
Q281309,Stravinsky Fountain,monument,48.85944,2.35139,FR,4th arrondissement of Paris,14,300
Q281859,Vagankovo Cemetery,monument,55.76806,37.54833,RU,Presnensky District,23,300
Q285236,Column of Marcian,monument,41.0155,28.9502,TR,Fatih,16,300
Q301779,Our Lady of Montserrat,monument,41.59348,1.8383,ES,Monistrol de Montserrat,22,300
Q304555,Stones of Mora,monument,59.79778,17.78083,SE,Knivsta Municipality,17,300
Q306978,Eastern Qing tombs,monument,40.19333,117.65111,CN,Zunhua,19,300
Q311441,Al-Rifa'i Mosque,monument,30.03278,31.25667,EG,Cairo Governorate,21,300
Q326263,Saadi Mausoleum,monument,29.62254,52.58318,IR,Shiraz County,19,300
Q331729,Tomb of Absalom,monument,31.77696,35.23896,IL,Jerusalem District,24,300
Q340747,Akhziv National Park,monument,33.04828,35.10265,IL,Acre Subdistrict,21,300
Q342799,Jemdet Nasr,monument,32.71778,44.77944,IQ,Babylon Governorate,23,300
Q345467,Ad Deir,monument,30.33823,35.43093,JO,Al-Betrā',19,300
Q366941,KV47,monument,25.75,32.6143,EG,Luxor,20,300
Q371872,Reformation Wall,monument,46.20028,6.14556,CH,Geneva,21,300
Q374580,Titanic Memorial,monument,38.87194,-77.01931,US,"Washington, D.C.",15,300
Q383659,Basilica of San Isidoro,monument,42.60075,-5.57094,ES,León,16,300
Q384077,Tepe Yahya,monument,28.3309,56.8674,IR,Soghan Rural District,14,300
Q385577,Afrikaans Language Monument,monument,-33.76556,18.9425,ZA,Paarl,24,300
Q386178,Jewel Cave National Monument,monument,43.72944,-103.82944,US,Custer County,14,300
Q389930,Castro de Elviña,monument,43.32944,-8.41528,ES,"Elviña, A Coruña",15,300
Q402041,Pyramid of Ahmose,monument,26.17572,31.93778,EG,Matruh Governorate,17,300
Q421819,Wanda Mound,monument,50.07028,20.06806,PL,Kraków,19,300
Q425898,Jaén Cathedral,monument,37.76502,-3.7899,ES,Jaén,24,300
Q429007,Monument to the Ghetto Heroes,monument,52.24972,20.99389,PL,Warsaw,21,300
Q431458,Rossio railway station,monument,38.71472,-9.14222,PT,Santa Maria Maior,18,300
Q450966,Warsaw Uprising Monument,monument,52.24944,21.00583,PL,Warsaw,17,300
Q463147,America Football Club,monument,-22.91646,-43.21729,BR,Rio de Janeiro,23,300
Q464384,Tomb of the Diver,monument,40.4,15.0,IT,Capaccio Paestum,14,300
Q473237,Statue of Bartolomeo Colleoni,monument,45.4392,12.3414,IT,Venice,19,300
Q473811,Shoes on the Danube Bank,monument,47.5039,19.04478,HU,Budapest District V,24,300
Q481670,Amik Valley,monument,36.34139,36.31611,TR,Hatay Province,19,300
Q488571,Seodaemun Prison,monument,37.57442,126.95663,KR,Seoul,16,300
Q491712,Andersonville National Historic Site,monument,32.19472,-84.12889,US,Andersonville,21,300
Q492091,Tomb of Zechariah,monument,31.77624,35.23912,IL,Jerusalem,15,300
Q534596,Tel Be'er Sheva,monument,31.24482,34.84013,IL,Beersheba,24,300
Q536802,"Martin Luther King, Jr. Memorial",monument,38.88611,-77.04417,US,"Washington, D.C.",19,300
Q536924,Cyrrhus,monument,36.73466,36.94896,SY,Aleppo Governorate,20,300
Q537577,TT320,monument,25.7368,32.60504,EG,Qurnah District,17,300
Q538382,Laboe Naval Memorial,monument,54.4122,10.2306,DE,Laboe,15,300
Q540460,Bismarck Monument,monument,53.54869,9.97205,DE,Hamburg-Mitte,14,300
Q540882,Talpiot Tomb,monument,31.7514,35.2352,IL,East Talpiot,19,300
Q542329,Saalburg Roman Fort,monument,50.2715,8.56666,DE,Bad Homburg vor der Höhe,15,300
Q543753,Stalin Monument,monument,47.5114,19.0814,HU,Budapest,15,300
Q558159,Türkmenbaşy Mosque,monument,38.01778,58.25278,TM,Ashgabat,24,300
Q561913,Drobytsky Yar,monument,49.93306,36.44,UA,Kharkiv,15,300
Q568194,Flaminio Obelisk,monument,41.9107,12.47635,IT,Rome,16,300
Q568945,Memorial to Homosexuals Persecuted Under Nazism in Berlin,monument,52.5133,13.37608,DE,Bezirk Mitte,18,300
Q580555,Arch of Janus,monument,41.88944,12.48278,IT,Rome,23,300
Q587106,Frederic Chopin Monument in Warsaw,monument,52.21472,21.02806,PL,Warsaw,15,300
Q587584,"Stonehenge, Avebury and Associated Sites",monument,51.1789,-1.82528,GB,Wiltshire,17,300
Q590286,Kingittorsuaq Runestone,monument,55.675,12.57507,GL,,15,300
Q591371,KV31,monument,25.7386,32.6008,EG,Luxor,17,300
Q591894,KV4,monument,25.74076,32.60292,EG,Luxor,24,300
Q592198,Franklin Delano Roosevelt Memorial,monument,38.88389,-77.04444,US,"Washington, D.C.",18,300
Q593468,KV43,monument,25.75,32.6143,EG,Luxor,21,300
Q596200,Thracian tomb of Aleksandrovo,monument,41.97972,25.73806,BG,Haskovo,15,300
Q599116,Iglesia de la Concepción,monument,28.46444,-16.24894,ES,Santa Cruz de Tenerife,20,300
Q599302,Column of Antoninus Pius,monument,41.90167,12.47611,IT,Rome,21,300
Q600367,Manchester Piccadilly station,monument,53.477,-2.23,GB,Manchester,21,300
Q603573,Infant Jesus of Prague,monument,50.08556,14.40333,CZ,Prague,24,300
Q607583,Tepe Gawra,monument,36.483,43.25,IQ,Nineveh Governorate,19,300
Q609021,Skanderbeg Monument,monument,41.32752,19.8189,AL,Tirana,17,300
Q616837,Sarepta,monument,33.4575,35.29583,LB,Sidon District,21,300
Q617328,Afaq Khoja Mausoleum,monument,39.49077,76.02295,CN,Kashgar,16,300
Q621794,Cape Spear,monument,47.52361,-52.61944,CA,Newfoundland and Labrador,19,300
Q623228,Águas Livres Aqueduct,monument,38.72667,-9.16667,PT,Campolide,19,300
Q634655,Lefkandi,monument,38.4132,23.67282,GR,Chalkideon Municipality,19,300
Q636891,Archaeological Museum of Alicante,monument,38.35375,-0.47639,ES,Alicante,14,300
Q637590,Rua Augusta Arch,monument,38.7084,-9.1368,PT,Santa Maria Maior,18,300
Q639000,Wupatki National Monument,monument,35.5575,-111.39583,US,Arizona,14,300
Q641398,Kościuszko Mound,monument,50.0549,19.89328,PL,Kraków,19,300
Q641907,Hochdorf Chieftain's Grave,monument,48.88861,9.00972,DE,Eberdingen,16,300
Q645062,Arch of Septimius Severus (Forum Boarium),monument,41.88951,12.48297,IT,Rome,14,300
Q645181,Lateran Obelisk,monument,41.88683,12.50478,IT,Rome,24,300
Q645374,Fountain of Neptune,monument,43.76956,11.25606,IT,Florence,15,300
Q646012,Niederwalddenkmal,monument,49.98103,7.89983,DE,Rüdesheim am Rhein,17,300
Q646967,KV65,monument,25.7408,32.6022,EG,,17,300
Q650657,Neptunbrunnen,monument,52.51961,13.40686,DE,Bezirk Mitte,22,300
Q650987,Aljaž Tower,monument,46.37827,13.83661,SI,Municipality of Bovec,15,300
Q651551,Tomb of Pope Julius II,monument,41.89386,12.49342,IT,,14,300
Q655583,KV50,monument,25.74083,32.60222,EG,Luxor,19,300
Q657272,Tell Bi'a,monument,35.9575,39.0475,SY,Raqqa Governorate,19,300
Q657766,Emperors Yan and Huang,monument,34.95122,113.51127,CN,Zhengzhou,16,300
Q662744,KV45,monument,25.74028,32.60306,EG,Luxor,18,300
Q665154,Santa Cristina de Lena,monument,43.12733,-5.81431,ES,Lena,19,300
Q668343,Spiral Jetty,monument,41.43778,-112.66889,US,Box Elder County,15,300
Q677211,Leontopolis,monument,30.6831,31.3549,EG,Mit Ghamr,24,300
Q679124,Bismarck Memorial,monument,52.51583,13.34972,DE,Bezirk Mitte,17,300
Q680813,Cristo Rei of Dili,monument,-8.52053,125.60832,TL,Cristo Rei administrative post,14,300
Q684908,KV14,monument,25.75,32.6143,EG,Luxor,23,300
Q686510,Ale's Stones,monument,55.3827,14.0544,SE,Ystad Municipality,24,300
Q687578,Lia Fáil,monument,53.57863,-6.61214,IE,County Meath,21,300
Q688614,Pestsäule,monument,48.20872,16.36981,AT,Vienna,22,300
Q723262,White Mosque,monument,40.70858,19.94494,AL,Berat,14,300
Q724745,National Monument,monument,3.14886,101.68383,MY,Kuala Lumpur,14,300
Q735438,unfinished obelisk,monument,24.07689,32.89544,EG,Aswan,18,300
Q740755,Obelisk of Montecitorio,monument,41.9006,12.4787,IT,Rome,14,300
Q742474,Walled Obelisk,monument,41.0054,28.9748,TR,Istanbul,22,300
Q742922,KV21,monument,25.75,32.6143,EG,Luxor,23,300
Q755734,Athribis,monument,30.46667,31.18333,EG,Qalyubia Governorate,21,300
Q764396,Monument to the Fallen Shipyard Workers of 1970,monument,54.3605,18.6492,PL,Gdańsk,16,300
Q769963,Terzi Bridge,monument,42.3594,20.5092,XK,Gjakova,16,300
Q776353,Column of Arcadius,monument,41.0078,28.9431,TR,Cerrahpaşa,19,300
Q782783,Australian War Memorial,monument,-35.28047,149.14906,AU,Canberra,22,300
Q783294,Neptune's Fountain,monument,54.34856,18.65338,PL,Gdańsk,15,300
Q786814,Aztec Ruins National Monument,monument,36.83682,-107.99981,US,New Mexico,17,300
Q794242,Landakotskirkja,monument,64.14744,-21.94855,IS,Reykjavík,21,300
Q805446,Sanctuary of Christ the King,monument,38.67861,-9.17139,PT,"Almada, Cova da Piedade, Pragal e Cacilhas",18,300
Q808456,Barnenez,monument,48.6675,-3.85861,FR,Plouezoc'h,18,300
Q826635,Elephant and Obelisk,monument,41.89797,12.47753,IT,Rome,16,300
Q831484,Pirámide de Mayo,monument,-34.60893,-58.37215,AR,Buenos Aires,15,300
Q832351,Gate of Peyrou,monument,43.61113,3.87241,FR,Montpellier,15,300
Q838479,Pyramid of Khentkaus I,monument,29.97347,31.13549,EG,Giza,17,300
Q844556,Anzac Memorial,monument,-33.87572,151.21094,AU,City of Sydney,15,300
Q850519,Yusif ibn Kuseyir Mausoleum,monument,39.20187,45.41389,AZ,Nakhchivan,15,300
Q857540,Fontana delle Api,monument,41.90431,12.48872,IT,Roma Capitale,18,300
Q857933,Canada's Walk of Fame,monument,43.6471,-79.38705,CA,Toronto,16,300
Q862890,Chicago Water Tower,monument,41.89716,-87.62442,US,Illinois,18,300
Q864959,Bir Hakeim,monument,31.59389,23.48,LY,Butnan District,14,300
Q867321,Narva Triumphal Arch,monument,59.90084,30.27382,RU,"Kirovsky District, Saint Petersburg",24,300
Q869807,Christ of Havana,monument,23.14389,-82.345,CU,Havana,14,300
Q869818,Christ of the Abyss,monument,44.3133,9.17526,IT,Camogli,18,300
Q886458,Akeldama,monument,31.76841,35.23288,IL,Jerusalem,19,300
Q887517,Ravenhill Stadium,monument,54.57639,-5.90444,GB,Belfast,15,300
Q889893,Pentagon Memorial,monument,38.8709,-77.0587,US,Virginia,17,300
Q890386,Nereid Monument,monument,36.35472,29.32017,GB,,18,300
Q1361548,Ourense Cathedral,monument,42.33644,-7.86286,ES,Ourense,21,300
Q1361580,Viroconium Cornoviorum,monument,52.67417,-2.64417,GB,Shropshire,15,300
Q1364533,KV30,monument,25.74083,32.60222,EG,Luxor,21,300
Q1369544,Shrine of Remembrance,monument,-37.83056,144.97344,AU,City of Melbourne,16,300
Q1385934,Cathedral Basilica of St. Ann,monument,28.10083,-15.41472,ES,Las Palmas de Gran Canaria,20,300
Q1389520,Monumento a la Revolución,monument,19.43618,-99.15463,MX,Cuauhtémoc,20,300
Q1398072,Fatih Mosque,monument,41.3111,19.44597,AL,Durrës District,14,300
Q1414600,Magic Fountain of Montjuïc,monument,41.37114,2.15173,ES,Montjuïc,24,300
Q1419777,Famine Stela,monument,24.05751,32.874,EG,,24,300
Q1427189,Mureybet,monument,36.04341,38.12874,SY,Raqqa Governorate,15,300
Q1435791,fontaine des Innocents,monument,48.86065,2.34801,FR,Quartier des Halles,17,300
Q1435809,Fontana dell'Acqua Paola,monument,41.88875,12.46417,IT,Rome,16,300
Q1435824,Fontana del Moro,monument,41.89814,12.47315,IT,Rome,14,300
Q1438483,Fort Caroline,monument,30.3869,-81.5006,US,Q16568,14,300
Q1444766,Vatican obelisk,monument,41.9022,12.4563,VA,Vatican City,17,300
Q1465157,KV58,monument,25.75,32.6143,EG,Luxor,18,300
Q1470020,World War II Memorial,monument,38.88375,-76.98893,US,"Washington, D.C.",19,300
Q1470300,Whitehurst & Son sundial,monument,52.9233,-1.4795,GB,City of Derby,16,300
Q1473630,Fuling Tomb,monument,41.83293,123.58351,CN,Shenyang,20,300
Q1477526,KV20,monument,25.73333,32.6,EG,Luxor,21,300
Q1482124,Knowth,monument,53.70167,-6.49167,IE,County Meath,23,300
Q1494672,Garden Tomb,monument,31.78396,35.23015,IL,,19,300
Q1499244,KV6,monument,25.74054,32.60189,EG,Luxor,22,300
Q1509102,Arch of Trajan,monument,43.62528,13.5065,IT,Ancona,15,300
Q1509145,Georgi Dimitrov Mausoleum,monument,42.69586,23.32625,BG,Sofia,17,300
Q1512876,Ulpiana,monument,42.59185,21.18604,XK,Gračanica,21,300
Q1514332,Kuntsevo Cemetery,monument,55.70719,37.42012,RU,Mozhaysky District,15,300
Q1516753,Saihō-ji Temple,monument,34.9925,135.68417,JP,Nishikyō Ward,22,300
Q1517387,Vvedenskoye Cemetery,monument,55.76806,37.71028,RU,Lefortovo District,14,300
Q1519076,Sardarapat Memorial,monument,40.09363,43.9467,AM,Armavir Province,16,300
Q1539949,Abbey of Santa María la Real de Las Huelgas,monument,42.3361,-3.7202,ES,Burgos,22,300
Q1540716,Tomb of the Scipios,monument,41.87614,12.50075,IT,Rome,18,300
Q1540741,The King's Grave,monument,55.6825,14.23389,SE,Simrishamn Municipality,17,300
Q1540920,Tomb of Caecilia Metella,monument,41.85201,12.5207,IT,Roma Capitale,23,300
Q1540926,"Tomb of the Unknown Soldier, Warsaw",monument,52.24111,21.01139,PL,Warsaw,19,300
Q1548655,Phuket Giant Buddha,monument,7.82768,98.3129,TH,Karon,16,300
Q1550899,Ponte de D. Maria Pia,monument,41.13982,-8.59702,PT,Bonfim,22,300
Q1570519,Colossus of Nero,monument,41.89111,12.49139,IT,Rome,24,300
Q1571266,Ulysses S. Grant Memorial,monument,38.88979,-77.01291,US,"Washington, D.C.",16,300
Q1577987,Polytechnical Museum in Moscow,monument,55.75774,37.62949,RU,Tverskoy District,15,300
Q1580877,Palace of Culture of Tirana,monument,41.32878,19.81931,AL,Tirana,17,300
Q1581475,National Museum of Sculpture,monument,41.6569,-4.72361,ES,Valladolid,17,300
Q1584879,Hammouda Pacha Mosque,monument,36.79833,10.17083,TN,Tunis,18,300
Q1584994,Hardknott Roman Fort,monument,54.4033,-3.20317,GB,Eskdale,14,300
Q1586213,Mirahori Mosque,monument,40.61591,20.77539,AL,Korçë,14,300
Q1597218,KV39,monument,25.73778,32.60167,EG,Luxor,19,300
Q1601019,Church of Santa Engrácia,monument,38.715,-9.125,PT,São Vicente,23,300
Q1621882,Sendai Daikannon Temple,monument,38.3005,140.8237,JP,Izumi-ku,20,300
Q1627991,Co-cathedral of Santa María de la Redonda,monument,42.46652,-2.44553,ES,Logroño,14,300
Q1630016,Tanners' Bridge,monument,41.32642,19.82605,AL,Tirana District,18,300
Q1630019,Pithom,monument,30.55194,32.09861,EG,,23,300
Q1633253,KV35,monument,25.75,32.6143,EG,Luxor,24,300
Q1635369,Mask of Sorrow,monument,59.59166,150.81214,RU,Magadan,23,300
Q1641913,Imamzadeh Saleh,monument,35.80511,51.42986,IR,Tehran Province,14,300
Q1658146,Tell Beydar,monument,36.73778,40.58694,SY,Hasakah Subdistrict,14,300
Q1661091,KV44,monument,25.75,32.6143,EG,Luxor,19,300
Q1668625,KV54,monument,25.73972,32.6025,PE,Luxor,17,300
Q1678179,Yad Kennedy,monument,31.74908,35.13472,IL,Jerusalem mountains,14,300
Q1683260,Western Qing Tombs,monument,39.36061,115.33981,CN,Yi County,17,300
Q1696230,Castle of San Juan de Ulúa,monument,19.20917,-96.13139,MX,Mexico,15,300
Q1706629,Stalin Monument,monument,50.09472,14.41599,CZ,Prague,20,300
Q1708620,Yser Tower,monument,51.03165,2.85214,BE,Diksmuide,14,300
Q1708945,Tomb of Benei Hezir,monument,31.77645,35.23913,IL,Jerusalem,14,300
Q1714672,Lacus Juturnae,monument,41.89157,12.48589,IT,Rome,16,300
Q1716474,KV48,monument,25.74,32.60056,EG,Luxor,18,300
Q1717939,Vatican Grotto,monument,41.90222,12.45333,VA,Vatican City,18,300
Q1719112,KV12,monument,25.75,32.6143,EG,Luxor,22,300
Q1719116,KV13,monument,25.75,32.6143,EG,Luxor,21,300
Q1719122,KV18,monument,25.75,32.6143,EG,Luxor,21,300
Q1719126,KV19,monument,25.75,32.6143,EG,Luxor,21,300
Q1719130,KV26,monument,25.74083,32.60222,EG,,21,300
Q1719135,KV28,monument,25.74083,32.60222,EG,,20,300
Q1719144,KV34,monument,25.75,32.6143,EG,Luxor,23,300
Q1719150,KV40,monument,25.73333,32.6,EG,Luxor,19,300
Q1719155,KV42,monument,25.75,32.6143,EG,Luxor,19,300
Q1719159,KV46,monument,25.74083,32.60278,EG,Luxor,21,300
Q1719163,KV53,monument,25.73972,32.60056,EG,Luxor,17,300
Q1719164,KV56,monument,25.74083,32.60222,EG,Luxor,20,300
Q1739448,Novovoronezh Nuclear Power Plant,monument,51.26994,39.19819,RU,Novovoronezh,20,300
Q1744863,Tell Arpachiyah,monument,36.4833,42.95,IQ,Nineveh Governorate,14,300
Q1754499,Vía de la Plata,monument,41.08808,-5.70358,ES,Province of Salamanca,24,300
Q1754526,Tell Abu Hureyra,monument,35.8667,38.4,SY,Raqqa Governorate,22,300
Q1758030,Urkesh,monument,37.05694,40.99722,SY,Hasakah Governorate,21,300
Q1759793,Fountain of Neptune,monument,41.8998,12.473,IT,Rome,14,300
Q1760491,Philopappos Monument,monument,37.96722,23.72139,GR,Athens Municipality,24,300
Q1787325,Liébana,monument,43.1506,-4.62028,ES,Cantabria,15,300
Q1799090,La Roche-aux-Fées,monument,47.93639,-1.40472,FR,Essé,15,300
Q1799877,Ladby ship,monument,55.44544,10.61517,DK,Kerteminde Municipality,15,300
Q1812832,Housesteads Roman Fort,monument,55.013,-2.331,GB,Bardon Mill,15,300
Q1812874,San Miguel de Lillo,monument,43.38028,-5.86833,ES,Lillo,19,300
Q1816972,Momine Khatun Mausoleum,monument,39.20501,45.40617,AZ,Nakhchivan,21,300
Q1826864,Co-cathedral of Santa María de la Fuente la Mayor,monument,40.63461,-3.16263,ES,Guadalajara,14,300
Q1848287,St. Vladimir's Cathedral,monument,44.61042,33.52356,RU,Sevastopol,15,300
Q1850757,Castlerigg stone circle,monument,54.6028,-3.09843,GB,St John's Castlerigg and Wythburn,14,300
Q1854330,Heliodorus Pillar,monument,23.5493,77.8003,IN,Vidisha district,17,300
Q1868880,KV32,monument,25.73833,32.60056,EG,Luxor,20,300
Q1890632,Millennium Cross,monument,41.96503,21.39441,MK,Skopje,24,300
Q1894724,Rainbow Bridge National Monument,monument,37.07722,-110.96417,US,San Juan County,21,300
Q1898482,Urca,monument,-22.9489,-43.1656,BR,Rio de Janeiro,15,300
Q1899569,Mên-an-Tol,monument,50.15856,-5.6045,GB,Madron,15,300
Q1914227,Rujm el-Hiri,monument,32.90861,35.80111,IL,Northern District,17,300
Q1924755,Meta Sudans,monument,41.89008,12.49067,IT,Rome,17,300
Q1945976,Monte d'Accoddi,monument,40.7907,8.44893,IT,Sassari,15,300
Q1946228,Montezuma Castle National Monument,monument,34.6131,-111.84,US,Yavapai County,14,300
Q1968108,National Art Gallery of Albania,monument,41.32546,19.82021,AL,Tirana County,16,300
Q1969432,Almendres Cromlech,monument,38.5575,-8.06108,PT,Nossa Senhora da Tourega e Nossa Senhora de Guadalupe,15,300
Q1975338,KV37,monument,25.74083,32.60222,EG,Luxor,17,300
Q1976462,KV27,monument,25.74083,32.60222,EG,,21,300
Q1985405,Piłsudski's Mound,monument,50.06006,19.84724,PL,Kraków,16,300
Q1999150,Bestuzhev Courses,monument,59.94278,30.27278,RU,Vasileostrovsky District,14,300
Q2000846,Peace Arch,monument,49.00214,-122.75653,CA,Surrey,16,300
Q2002770,Theodore Roosevelt Island,monument,38.89722,-77.06417,US,"Washington, D.C.",15,300
Q2004262,USS Arizona Memorial,monument,21.3649,-157.95,US,Honolulu County,17,300
Q2005166,Alexandria on the Caucasus,monument,34.9925,69.3106,AF,Bagram,18,300
Q2006052,Tombul Mosque (Shumen),monument,43.26944,26.91,BG,Shumen,21,300
Q2018179,Olaria Atlético Clube,monument,-22.84214,-43.267,BR,Rio de Janeiro,18,300
Q2037523,Monument to the Tsar Liberator,monument,42.69361,23.33222,BG,Sofia,15,300
Q2063578,Tel Arad,monument,31.28083,35.125,IL,Arad,20,300
Q2063737,Victory Monument,monument,13.76492,100.53829,TH,Q15735829,16,300
Q2065740,Peace Monument,monument,38.89065,-77.01233,US,"Washington, D.C.",14,300
Q2067390,Japanese Peace Bell,monument,40.74944,-73.96778,US,Manhattan,18,300
Q2068595,Ezana Stone,monument,14.13786,38.72292,ET,,15,300
Q2068654,Kommunarka shooting ground,monument,55.57874,37.45595,RU,Novomoskovsky Administrative Okrug,23,300
Q2083114,Great Buddha of Thailand,monument,14.59322,100.37778,TH,Wiset Chai Chan,23,300
Q2091081,National War Memorial,monument,45.42404,-75.6955,CA,Ottawa,15,300
Q2097655,Sinan Pasha Mosque in Prizren,monument,42.20889,20.74139,XK,Prizren,24,300
Q2104675,Agave Landscape and Ancient Industrial Facilities of Tequila,monument,20.62829,-103.76999,MX,,17,300
Q2128037,KV29,monument,25.74083,32.60222,EG,Luxor,21,300
Q2133920,KV59,monument,25.74083,32.60222,EG,Luxor,17,300
Q2142241,Arch of Trajan,monument,41.1325,14.77917,IT,Benevento,24,300
Q2152745,Saadian Tombs,monument,31.61722,-7.98861,MA,Marrakesh Prefecture,17,300
Q2157562,Sinchon Museum of American War Atrocities,monument,38.35467,125.48753,KP,South Hwanghae Province,14,300
Q2158200,Saint Peter's tomb,monument,41.9022,12.4533,VA,,18,300
Q2160663,Church of Colònia Güell,monument,41.3638,2.02785,ES,Colònia Güell,18,300
Q2163496,Museo de Bellas Artes de Sevilla,monument,37.39265,-6.00013,ES,Seville,19,300
Q2167317,sanctuary of Loyola,monument,43.17444,-2.28237,ES,Loyola,17,300
Q2182509,Cristo della Minerva,monument,41.89811,12.4784,IT,,15,300
Q2184354,KV15,monument,25.75,32.6143,EG,Luxor,22,300
Q2186284,Brankovina,monument,44.35,19.88333,RS,Valjevo,19,300
Q2280593,Tomb of Antipope John XXIII,monument,43.7732,11.2546,IT,borough 1,16,300
Q2288815,Columbus Monument,monument,41.3758,2.17776,ES,Gothic Quarter,24,300
Q2293995,Cathedral of San Juan de Albacete,monument,38.99573,-1.8562,ES,Albacete,17,300
Q2299609,Monument to the Conquerors of Space,monument,55.82278,37.63972,RU,Ostankinsky District,20,300
Q2300538,WV25,monument,25.73333,32.6,EG,,20,300
Q2310019,Arch of Tiberius,monument,41.89234,12.48425,IT,Rome,14,300
Q2350741,Nelson's Pillar,monument,53.34981,-6.26025,IE,Dublin,19,300
Q2356112,Culebra Cut,monument,9.07722,-79.67528,PA,Panamá Province,16,300
Q2360379,Roman amphitheatre of Mérida,monument,38.91619,-6.33772,ES,Mérida,15,300
Q2371121,Šumarice Memorial Park,monument,44.0233,20.9007,RS,Kragujevac,17,300
Q2420025,Crystal Palace,monument,40.41356,-3.68206,ES,Madrid,15,300
Q2424300,Rachel's Tomb,monument,31.7219,35.20306,PS,Bethlehem Governorate,22,300
Q2429589,Mangalia Mosque,monument,43.81028,28.58306,RO,Constanța County,19,300
Q1326631,Kharaqan Towers,monument,35.84006,49.00903,IR,Kharaqan-e Gharbi Rural District,15,300
Q1340405,Abbey of Santo Domingo de Silos,monument,41.96187,-3.4191,ES,Santo Domingo de Silos,20,300
Q1340523,Victory Arch,monument,33.30517,44.38646,IQ,Baghdad,17,300
Q570385,Torre Monumental,monument,-34.59296,-58.37319,AR,Buenos Aires,17,300
Q573639,Kyffhäuser Monument,monument,51.41306,11.10972,DE,Bad Frankenhausen,16,300
Q574308,Forest of the Martyrs,monument,31.78056,35.06111,IL,,23,300
Q576793,KV10,monument,25.74009,32.6014,EG,Luxor,22,300
Q579250,São Bento railway station,monument,41.14542,-8.6104,PT,"Cedofeita, Santo Ildefonso, Sé, Miragaia, São Nicolau e Vitória",20,300
Q579585,Cueva de los Casares,monument,40.9575,-2.29093,ES,Riba de Saelices,14,300
Q902957,Mevlâna Museum,monument,37.87056,32.50472,TR,Konya,24,300
Q907974,Tell Tayinat,monument,36.2475,36.37639,TR,Hatay Province,16,300
Q910923,Communards' Wall,monument,48.85967,2.40006,FR,20th arrondissement of Paris,15,300
Q1233638,Solarium Augusti,monument,41.90056,12.47861,IT,Rome,15,300
Q1243563,Dora,monument,32.61598,34.92748,IL,Haifa District,19,300
Q1245805,Philae obelisk,monument,24.02083,32.88944,GB,Pamphill,16,300
Q1253443,Dowth,monument,53.70292,-6.44917,IE,County Meath,19,300
Q1277350,Madrassa of Al-Nasir Muhammad,monument,30.04975,31.26106,EG,Cairo Governorate,14,300
Q1283114,Hadrian's Gate,monument,36.88531,30.70835,TR,Antalya,20,300
Q1287997,Pobednik,monument,44.82303,20.44769,RS,Belgrade,22,300
Q1289781,Colossus of Constantine,monument,41.8918,12.4883,IT,Rome,20,300
Q1300297,KV36,monument,25.75,32.6143,EG,Luxor,20,300
Q1305112,Khafajah,monument,33.75,44.75,IQ,Diyala Governorate,15,300
Q1309632,Castra Gerulata,monument,48.05611,17.14972,SK,Bratislava,14,300
Q1309695,Castra Celemantia,monument,47.745,18.19861,SK,Iža,14,300
Q1316721,Lychakiv Cemetery,monument,49.8325,24.05611,UA,Lviv,22,300
Q1317854,Tell al-'Ubaid,monument,30.9722,46.0306,IQ,Dhi Qar Governorate,16,300
Q1321720,Monastery of Sant Jeroni de Cotalba,monument,38.94069,-0.2461,ES,Alfauir,18,300
Q1323820,Sidrón Cave,monument,43.38361,-5.32889,ES,Piloña,16,300
Q1326237,Elephant of the Bastille,monument,48.85306,2.36917,FR,Paris,18,300
Q1196070,Tomb of Marquis Yi of Zeng,monument,31.7309,113.3449,CN,Leigudun Community,14,300
Q1196073,Kashmiri Gate,monument,28.66639,77.22889,IN,Chandni Chowk tehsil,17,300
Q1210083,Raj Ghat and associated memorials,monument,28.64055,77.24943,IN,Jangpura tehsil,24,300
Q1217302,Quattro Fontane,monument,41.90196,12.49074,IT,Rome,18,300
Q1231440,Column of Justinian,monument,41.00792,28.97864,TR,Istanbul,19,300
Q1232346,Arch of Augustus,monument,41.89189,12.48599,IT,Rome,19,300
Q1232467,Lacus Curtius,monument,41.89234,12.48511,IT,Rome,16,300
Q504642,Angel of Peace,monument,48.1414,11.5969,DE,Bogenhausen,15,300
Q513012,TT1,monument,25.7333,32.6,EG,Qurnah District,15,300
Q513756,King's Mosque in Pristina,monument,42.667,21.167,XK,Pristina,24,300
Q522170,Santa Cueva de Covadonga,monument,43.3089,-5.05635,ES,Q131709003,15,300
Q525882,KV52,monument,25.74083,32.60222,EG,Luxor,17,300
Q531989,Angel of Grief,monument,41.87607,12.47954,IT,,15,300
Q690563,KV49,monument,25.74083,32.60222,EG,,18,300
Q692020,Tomb of Gül Baba,monument,47.516,19.0349,HU,Budapest,14,300
Q700785,Emperor William Memorial at Deutsches Eck,monument,50.36417,7.60564,DE,Koblenz,24,300
Q701096,Gwanggaeto Stele,monument,41.14488,126.21421,CN,Taiwang,19,300
Q703916,Leipzig Central Station,monument,51.34528,12.38222,DE,Leipzig,21,300
Q704240,Arzhan,monument,52.0805,93.66378,RU,Piy-Khemsky District,15,300
Q707668,Mimizuka,monument,34.99146,135.77033,JP,Higashiyama-ku,17,300
Q707669,Bavaria,monument,48.13069,11.54579,DE,Munich,24,300
Q708847,Korean War Veterans Memorial,monument,38.88778,-77.04722,US,"Washington, D.C.",16,300
Q714431,Fort Provintia,monument,22.9975,120.20281,TW,West Central District,15,300
Q722446,Krakus Mound,monument,50.03805,19.95844,PL,Kraków,23,300
Q1554020,Nestorian Stele,monument,34.16,108.56,CN,,23,300
Q1561555,Plaza Mayor,monument,40.965,-5.6641,ES,Salamanca,14,300
Q1567576,Arch of Hadrian,monument,37.97017,23.732,GR,Athens Municipality,21,300
Q1806478,Ciudad Mitad del Mundo,monument,-0.00222,-78.45583,EC,Q1002025,19,300
Q1809404,Laykyun Sekkya,monument,22.08021,95.28936,MM,Sagaing Region,23,300
Q2627907,Parque de María Luisa,monument,37.37574,-5.98889,ES,Seville,16,300
Q2634186,KV16,monument,25.75,32.6143,EG,,24,300
Q2520201,Grand Buddha at Ling Shan,monument,31.43194,120.09139,CN,Mashan Subdistrict,19,300
Q2547508,Casa de los Botines,monument,42.59844,-5.57072,ES,León,17,300
Q2551859,Miraflores Charterhouse,monument,42.33806,-3.65667,ES,Burgos,15,300
Q2560485,Stora Hammars stones,monument,57.73333,18.83333,SE,,14,300
Q2561040,Canadian National Vimy Memorial,monument,50.37944,2.77361,FR,Givenchy-en-Gohelle,14,300
Q2564552,Arch of Neutrality,monument,37.93694,58.38,TM,Ashgabat,22,300
Q2569026,Maqbaratoshoara,monument,38.08367,46.30344,IR,Tabriz,18,300
Q2577054,Monument to the Liberators of Soviet Latvia and Riga from the German Fascist Invaders,monument,56.9368,24.08581,LV,Riga,14,300
Q2584017,Sibelius Monument,monument,60.18206,24.91334,FI,Helsinki,22,300
Q2585161,Kedesh,monument,33.11164,35.52952,IL,Northern District,15,300
Q2605056,Issyk kurgan,monument,43.33,77.61861,KZ,Enbekshiqazaq District,16,300
Q2606802,Valle del Jerte,monument,40.13972,-5.88056,ES,Cáceres Province,14,300
Q2622376,Nabi Habeel Mosque,monument,33.62139,36.10611,SY,Syria,20,300
Q2623744,Yad La-Shiryon,monument,31.8381,34.9804,IL,Latrun,15,300
Q2624621,Onofrio fountain,monument,42.64153,18.10722,HR,Dubrovnik,14,300
Q2627383,Nizami Mausoleum,monument,40.6855,46.43271,AZ,Ganja,15,300
Q2627416,Moscow Triumphal Gate,monument,59.8914,30.3194,RU,"Moskovsky District, Saint Petersburg",18,300
Q3491563,Avukana Buddha statue,monument,8.02278,80.52028,LK,North Central Province,24,300
Q3492840,Zmievskaya Balka,monument,47.2456,39.6517,RU,Rostov-on-Don,14,300
Q3554935,Statue of Ramesses II,monument,29.84949,31.25433,EG,Giza,14,300
Q3630998,Bara Imambara,monument,26.8691,80.91289,IN,Lucknow,22,300
Q3671990,Nicolaus Copernicus Monument in Warsaw,monument,52.23817,21.01799,PL,Śródmieście,14,300
Q3747483,source of Arethusa,monument,37.0573,15.2929,IT,Syracuse,15,300
Q3774528,Acueducto de los Milagros,monument,38.92444,-6.34806,ES,Mérida,17,300
Q3888479,Four Corners Monument,monument,36.99898,-109.04517,US,San Juan County,22,300
Q3917633,Independence Monument,monument,50.44954,30.52538,UA,Kyiv,23,300
Q4115443,Tomb of Darius I,monument,29.9889,52.8747,IR,Marvdasht County,15,300
Q4165296,Tomb of Aaron,monument,30.31889,35.40734,JO,Al-Betrā',19,300
Q4189105,Memorial to Defenders of the Soviet Arctic during the Great Patriotic War,monument,68.9929,33.07105,RU,Murmansk,18,300
Q4250584,Mozu Tombs,monument,34.56389,135.4875,JP,Sakai,16,300
Q2454775,Bulls of Guisando,monument,40.36069,-4.44161,ES,El Tiemblo,17,300
Q2459269,the Unknown Warrior,monument,51.4994,-0.12762,GB,City of Westminster,16,300
Q2473884,Royal Basilica of Saint Francis the Great,monument,40.41048,-3.71439,ES,Madrid,15,300
Q2474224,Tirana Clock Tower,monument,41.32772,19.81965,AL,Tirana,18,300
Q2479712,Zorats Karer,monument,39.5507,46.0286,AM,Sisian,21,300
Q2480865,WV22,monument,25.75,32.6143,EG,Luxor,21,300
Q2502213,Scott Monument,monument,55.95242,-3.19328,GB,City of Edinburgh,18,300
Q2511913,Equestrian statue of Marshal Mannerheim,monument,60.17155,24.9364,FI,Helsinki,17,300
Q2664713,Sandarmokh,monument,62.88796,34.67959,RU,Povenetsky Uyezd,21,300
Q2664885,Martyrs' Lane,monument,40.35792,49.82708,AZ,Baku,23,300
Q2669375,Gate of the Sun,monument,-16.5544,-68.6741,BO,,16,300
Q2671839,Catacombs of Kom el Shoqafa,monument,31.18694,29.90472,EG,Alexandria,21,300
Q2677032,Beidha,monument,30.37078,35.44776,JO,Ma'an Governorate,15,300
Q2706226,WV23,monument,25.75,32.6143,EG,Luxor,19,300
Q2717956,Makedonium,monument,41.37735,21.24833,MK,Kruševo,19,300
Q2719492,KV33,monument,25.73778,32.60083,EG,Luxor Governorate,20,300
Q2722123,Cathedral of Valladolid,monument,41.65268,-4.72342,ES,Valladolid,20,300
Q2723971,Font de Canaletes,monument,41.38528,2.17014,ES,El Raval,14,300
Q2735094,Sverd i fjell,monument,58.9414,5.67134,NO,Stavanger,24,300
Q2736564,Fountain of Cybele,monument,40.41933,-3.69309,ES,Madrid,17,300
Q2745309,tomb of Genghis Khan,monument,48.76194,109.01111,MN,,17,300
Q2756685,Noah’s Mausoleum,monument,39.19588,45.41233,AZ,Nakhchivan,15,300
Q2771864,KV38,monument,25.74083,32.60222,EG,Luxor,18,300
Q2790054,Powązki Military Cemetery,monument,52.25833,20.95306,PL,Warsaw,18,300
Q2859883,Arco de la Victoria,monument,40.43591,-3.72019,ES,Moncloa-Aravaca,15,300
Q2885760,"Tomb of the Prophets Haggai, Zechariah and Malachi",monument,31.77665,35.24314,IL,Mount of Olives,17,300
Q2887370,Column of the Goths,monument,41.0145,28.98544,TR,Fatih,15,300
Q2896743,the Cenotaph,monument,51.50269,-0.12608,GB,London,20,300
Q2910785,KV51,monument,25.74083,32.60222,EG,Luxor,17,300
Q2914898,Tel Jezreel,monument,32.55785,35.32795,IL,Yizre'el,18,300
Q2916596,Garden of the Missing Soldiers,monument,31.77616,35.17971,IL,Jerusalem,22,300
Q2920806,National Memorial Hall (Mount Herzl),monument,31.77366,35.18213,IL,Jerusalem,18,300
Q2942449,Co-cathedral of San Pedro,monument,41.76604,-2.45904,ES,Soria,14,300
Q2942496,Astorga Cathedral,monument,42.45778,-6.05694,ES,Astorga,22,300
Q2942521,Palencia Cathedral,monument,42.01111,-4.53694,ES,Palencia,19,300
Q2942524,Cathedral of Santa María de Vitoria,monument,42.85076,-2.67246,ES,Vitoria-Gasteiz,19,300
Q2942592,Badajoz Cathedral,monument,38.87844,-6.96941,ES,Badajoz,20,300
Q2942608,Cathedral of Santa María of Calahorra,monument,42.29892,-1.95753,ES,Calahorra,17,300
Q2942635,Cathedral of St Mary of the Assumption,monument,35.88778,-5.31667,ES,Ceuta,16,300
Q2942638,Cathedral of Ciudad Real,monument,38.98632,-3.93096,ES,Ciudad Real,15,300
Q2942676,cathedral of the Magdalene,monument,40.30399,-3.7292,ES,Getafe,14,300
Q2942680,Guadix Cathedral,monument,37.30125,-3.13626,ES,Guadix,16,300
Q2942688,Jerez de la Frontera Cathedral,monument,36.68197,-6.14098,ES,Jerez de la Frontera,18,300
Q2942708,Lugo Cathedral,monument,43.0092,-7.5583,ES,Lugo city,20,300
Q2942804,Cathedral of Santo Domingo de la Calzada,monument,42.44108,-2.95353,ES,Santo Domingo de la Calzada,16,300
Q2942814,Segorbe Cathedral,monument,39.85228,-0.48825,ES,Segorbe,15,300
Q2942824,Sigüenza Cathedral,monument,41.06841,-2.64127,ES,Sigüenza,22,300
Q2942864,Cathedral of Zamora,monument,41.49889,-5.75444,ES,Zamora,24,300
Q2968210,Elbasan Fortress,monument,41.113,20.08,AL,Elbasan County,16,300
Q2976528,Guanyin of Nanshan,monument,18.29222,109.20833,CN,Yazhou District,18,300
Q2983085,Serra dos Ancares,monument,42.84306,-6.83167,ES,León Province,15,300
Q2983646,Columbus Lighthouse,monument,18.4786,-69.86816,DO,Santo Domingo,16,300
Q3005469,Crown Fountain,monument,41.8815,-87.6237,US,Illinois,14,300
Q3020134,Church of St. Mary of the Spring,monument,41.0065,28.9157,TR,Zeytinburnu,18,300
Q3047420,Salamanca Old Cathedral,monument,40.96045,-5.66646,ES,Salamanca,20,300
Q3076126,Fountain of Ahmed III,monument,41.00825,28.98121,TR,Istanbul,15,300
Q3078453,Porta Macedonia,monument,41.99444,21.43222,MK,Skopje,21,300
Q3087671,Metropol Parasol,monument,37.39325,-5.99188,ES,Seville,18,300
Q3118755,Guishan Guanyin of the Thousand Hands and Eyes,monument,28.185,111.96335,CN,Changsha,14,300
Q3119451,Ktuts monastery,monument,38.60962,43.08498,TR,Van Province,16,300
Q3157009,Amman Citadel,monument,31.9547,35.9343,JO,Amman,20,300
Q3250647,Al Abbas Mosque,monument,32.61719,44.03622,IQ,Karbala,21,300
Q3250992,Harmodius and Aristogeiton,monument,37.97513,23.7234,GR,,16,300
Q3272450,Cathedral of Salvador,monument,-12.97283,-38.51033,BR,Salvador,14,300
Q3273537,Pazyryk burials,monument,49.579,88.153,RU,Altai Republic,16,300
Q3297266,Tomb of Daniel,monument,32.19028,48.24417,IR,Khuzestan Province,17,300
Q3301848,Mausoleum of Genghis Khan,monument,39.37115,109.7794,CN,Ordos City,14,300
Q3301866,Royal Mausoleum of Mauretania,monument,36.57472,2.55333,DZ,Sidi Rached,14,300
Q3321632,Teatro de la Zarzuela,monument,40.41719,-3.69678,ES,Madrid,16,300
Q3323339,"Independence Monument, Ashgabat",monument,37.88119,58.38236,TM,Ashgabat,18,300
Q3324861,Hadum Mosque,monument,42.3754,20.4208,RS,Gjakova,14,300
Q3333173,National Monument in Vitkov,monument,50.0883,14.4494,CZ,Žižkov,14,300
Q3344887,Vivekananda Rock Memorial,monument,8.0781,77.55537,IN,Kanniyakumari,14,300
Q3394959,Monastery of Carboeiro,monument,42.75503,-8.24676,ES,"Carboeiro, Silleda",17,300
Q3396766,Philippeion,monument,37.6387,21.62935,GR,Ancient Olympia Municipality,17,300
Q3396952,Ibrahim Pasha Mosque,monument,43.52562,26.52352,BG,Razgrad,14,300
Q3397498,Green Mosque,monument,36.75823,66.8967,AF,Balkh,22,300
Q3406766,Tomb of the Unknown Soldier,monument,50.43915,30.5532,UA,Kyiv,14,300
Q3409197,Dzhumaya Mosque,monument,42.14786,24.74834,BG,Plovdiv,20,300
Q3412514,Almoravid Koubba,monument,31.6315,-7.9872,MA,Marrakech,18,300
Q3437688,Tughrul Tower,monument,35.60066,51.44564,IR,Ray County,21,300
Q31752,Marx-Engels Forum,monument,52.5183,13.4042,DE,Bezirk Mitte,19,300
Q33186,Bobovac,monument,44.13668,18.23805,BA,Vareš,14,300
Q45687,Dream Stele,monument,29.97528,31.1375,EG,Giza,18,300
Q49745,Soviet War Memorial Schönholzer Heide,monument,52.58167,13.3725,DE,Pankow,14,300
Q48816032,Atatürk Mask,monument,38.40606,27.14581,TR,Konak,15,300
Q56256396,Tomb of Eurysaces the Baker,monument,41.89143,12.5153,IT,Roma Capitale,16,300
Q65043165,Chronicle of Georgia,monument,41.77058,44.81042,GE,Nadzaladevi District,16,300
Q96218300,Rzhev Memorial to Soviet Soldier,monument,56.21861,34.26278,RU,Rzhevsky District,14,300
Q97633694,Antequera Dolmens Site,monument,37.02333,-4.54806,ES,Antequera,21,300
Q113996207,Izium mass graves,monument,49.21278,37.25694,UA,,22,300
Q119719218,Church of St. George in Topola,monument,44.25,20.66667,RS,Topola,18,300
Q132533474,Tomb of Thutmose II,monument,25.73667,32.57833,EG,,18,300
Q51411,Homomonument,monument,52.37444,4.88472,,Amsterdam,23,300
Q473851,National Monument on Dam Square,monument,52.37284,4.89367,,Amsterdam,14,300
Q637629,Marble Arch,monument,30.3325,18.78139,,,17,300
Q17596974,Graf met de handjes,monument,51.18114,6.00014,,Roermond,15,300
Q17026167,Tomb of Asif Khan,monument,31.6225,74.2975,PK,Shahdara Bagh,15,300
Q17026183,Tomb of Nur Jahan,monument,31.6209,74.2947,PK,,15,300
Q18010006,Kasta tomb,monument,40.83944,23.86278,GR,Amphipolis Municipality,19,300
Q20170929,Dolmen of Guadalperal,monument,39.83574,-5.40448,ES,Peraleda de la Mata,14,300
Q20578301,Nekresi monastery,monument,41.97216,45.7677,GE,Qvareli Municipality,14,300
Q21077991,Arch of Palmyra,monument,34.54999,38.27101,SY,Tadmur,14,300
Q22330289,Gommateshwara statue,monument,12.85389,76.48472,IN,Shravanabelagola,18,300
Q23073305,Russia–Georgia Friendship Monument,monument,42.4923,44.45295,GE,Kazbegi Municipality,15,300
Q24964531,Bisesero Genocide Memorial,monument,-2.192,29.3413,RW,Karongi district,14,300
Q24964550,Nyamata Genocide Memorial,monument,-2.14907,30.09368,RW,Nyamata Sector,18,300
Q32660126,Soviet War Memorial,monument,52.5166,13.37193,DE,Berlin,23,300
Q39653088,Wall of Grief,monument,55.77011,37.64264,RU,Moscow,16,300
Q4272468,Lab-i Hauz,monument,39.77308,64.42024,UZ,Bukhara,17,300
Q4273758,Vagif Mausoleum,monument,39.75542,46.75833,AZ,Shusha,15,300
Q4273760,Diri Baba Mausoleum,monument,40.53252,48.94199,AZ,Gobustan,14,300
Q4273784,Sultan Sanjar's mausoleum,monument,37.6643,62.1637,TM,Merv,17,300
Q4273796,Chashma-Ayub Mausoleum,monument,39.77831,64.40232,UZ,Bukhara,17,300
Q4343109,Saint Vladimir Monument,monument,50.45635,30.52634,UA,Kyiv,14,300
Q4343335,Monument to Salavat Yulaev,monument,54.7184,55.9258,RU,Ufa,20,300
Q4343361,Suvorov monument in Saint Petersburg,monument,59.9458,30.3297,RU,Tsentralny District,14,300
Q4343542,Monument to the Founders of Kyiv,monument,50.42915,30.56866,UA,Kyiv,16,300
Q4357227,Stadium at Olympia,monument,37.63917,21.63306,GR,Ancient Olympia Municipality,15,300
Q4361429,Petroglyphic Complexes of the Mongolian Altai,monument,49.33389,88.39528,MN,Bayan-Ölgii Province,23,300
Q4409143,Savur-Mohyla,monument,47.92194,38.74028,UA,Horlivka Raion,24,300
Q4427945,Solovetsky Stone,monument,55.75911,37.62761,RU,Tverskoy District,20,300
Q4459073,Thmuis,monument,30.9386,31.5164,EG,,14,300
Q4669005,Statue of Abraham Lincoln,monument,38.8893,-77.05012,US,,15,300
Q5103512,Barda Tower Mausoleum,monument,40.38306,47.12778,AZ,Barda,16,300
Q5294275,Sayyidah Zaynab Mosque,monument,33.44444,36.34083,SY,Sayyidah Zaynab,21,300
Q5369466,Tomb of Esther and Mordechai,monument,34.79803,48.51286,IR,Hamadan Province,18,300
Q5517744,Gal Vihara,monument,7.96588,81.00497,LK,Polonnaruwa,14,300
Q5533392,Kinneret,monument,32.86056,35.50722,IL,,15,300
Q5812486,Tholos de El Romeral,monument,37.03446,-4.53494,ES,Antequera,19,300
Q5952145,Avicenna Mausoleum,monument,34.79153,48.51317,IR,Hamadan County,15,300
Q5957084,Nader Shah Mausoleum,monument,36.29486,59.61044,IR,Mashhad County,16,300
Q5959602,Ferdowsi Mausoleum,monument,36.48613,59.51754,IR,Mashhad County,24,300
Q5964053,Murambi Genocide Memorial,monument,-2.4544,29.5684,RW,Gasaka,18,300
Q5996986,Karahan Tepe,monument,37.0916,39.3027,TR,Şanlıurfa Province,21,300
Q6055664,Bintepe,monument,38.57694,27.99333,TR,Manisa Province,16,300
Q6127500,Srebrenica Genocide Memorial,monument,44.15806,19.30167,BA,Potočari,16,300
Q6130080,Tiya archaeological site,monument,8.43492,38.61211,ET,"Southern Nations, Nationalities, and Peoples' Region",16,300
Q6185108,Jerusalem War Cemetery,monument,31.79832,35.23978,IL,Jerusalem,14,300
Q6347940,Kailashnath Mahadev Statue,monument,27.64602,85.47477,NP,Kavrepalanchok District,16,300
Q6405906,Kigali Genocide Memorial,monument,-1.93089,30.06071,RW,Kigali,17,300
Q6431557,Kordopulov House,monument,41.52306,23.39833,BG,Melnik,17,300
Q6462819,Relief of triumph of Shapur I over Valerian at Naqsh-e Rustam,monument,29.98911,52.87448,IR,Marvdasht County,14,300
Q6679799,Batu Caves Murugan Statue,monument,3.2374,101.68391,MY,Gombak,14,300
Q6735332,Maidam,monument,26.9431,94.8792,IN,Assam,23,300
Q6794054,Omar Khayyam Mausoleum,monument,36.16589,58.82223,IR,Nishapur County,17,300
Q6989380,En Esur,monument,32.48194,35.01944,IL,Haifa District,16,300
Q7521764,Sinan Pasha Mosque,monument,33.50785,36.30167,SY,Damascus,14,300
Q7574167,Spaç Prison,monument,41.89917,20.04611,AL,Lezhë County,19,300
Q7818612,tomb of Bibi Jawindi,monument,29.24092,71.0525,PK,Uch,24,300
Q7818644,Tomb of Suleyman Shah,monument,36.87917,38.10556,SY,Aleppo Governorate,22,300
Q7833054,Trajan's Kiosk,monument,24.0251,32.8846,EG,Aswan Governorate,14,300
Q7844583,"Triumphal Arch, Chișinău",monument,47.02472,28.8325,MD,Chișinău,16,300
Q7943424,Vukovar water tower,monument,45.34404,19.01227,HR,Vukovar,18,300
Q8053362,Yeşil Türbe,monument,40.18139,29.07472,TR,Bursa,15,300
Q8077504,Çanakkale Martyrs' Memorial,monument,40.05016,26.21928,TR,Çanakkale Province,17,300
Q9148422,Alışar Höyük,monument,39.60611,35.26139,TR,Yozgat Province,14,300
Q10904104,Jallianwala Bagh,monument,31.6205,74.8806,IN,Amritsar,20,300
Q11127667,Young Mao Zedong Statue,monument,28.17103,112.95466,CN,Changsha,16,300
Q12044655,Arslanagić Bridge,monument,42.71472,18.35398,BA,Republika Srpska,14,300
Q12063972,Newborn monument,monument,42.6607,21.1583,XK,Pristina,20,300
Q12204304,Mosque of the Prophet Yunus,monument,36.34795,43.15953,IQ,Mosul,14,300
Q12399328,Ruins of San Domingos Convent,monument,42.4312,-8.64696,ES,Pontevedra city,15,300
Q12640281,Monument to the Sun,monument,44.11756,15.2198,HR,Zadar,23,300
Q12841468,Lökbatan Mud Volcano,monument,40.30444,49.70917,AZ,Lokbatan,19,300
Q12849004,Imamzadeh Mausoleum (Ganja),monument,40.71475,46.42467,AZ,Ganja,14,300
Q15465499,United Nations Memorial Cemetery,monument,35.12845,129.09623,KR,Busan,16,300
Q15544905,Virgin of Candelaria,monument,28.35139,-16.36972,ES,Canary Islands,17,300
Q15983527,Tomb of Shah Rukn-e-Alam,monument,30.1989,71.4714,PK,Multan,16,300
Q16684555,Monument to the laboratory mouse,monument,54.84903,83.10606,RU,Novosibirsk,20,300
Q16831150,Sarajevo City Hall,monument,43.85912,18.43323,BA,Stari Grad,24,300
Q16854086,Open Hand Monument,monument,30.759,76.8074,IN,Chandigarh,19,300
Q16988858,The Kelpies,monument,56.0191,-3.7553,GB,Falkirk,18,300
Q39054,Leaning Tower of Pisa,tower,43.72301,10.39662,IT,Pisa,119,250
Q41225,Big Ben,tower,51.50067,-0.12457,GB,City of Westminster,88,250
Q57965,Tokyo Skytree,tower,35.71006,139.81072,JP,Oshiage,72,250
Q134883,CN Tower,tower,43.64275,-79.38715,CA,Toronto,80,250
Q181324,Ostankino Tower,tower,55.81972,37.61167,RU,Ostankinsky District,60,250
Q187635,Qutb Minar,tower,28.52435,77.18525,IN,Delhi,73,250
Q192981,Minaret of Jam,tower,34.39639,64.51589,AF,Shahrak District,75,250
Q1030463,Mode Gakuen Cocoon Tower,tower,35.69167,139.69694,JP,Nishi-Shinjuku,83,250
Q969215,Euromast,tower,51.90539,4.46658,,Rotterdam,25,250
Q2441211,Belfry of Bruges,tower,51.20798,3.2253,BE,Bruges,25,250
Q4294007,Kalyan Minaret,tower,39.77568,64.41501,UZ,Bukhara,32,250
Q5269090,Dharahara,tower,27.7006,85.3117,NP,Kathmandu,35,250
Q20025373,Hoằng Phúc pagoda,tower,17.18,106.735,VN,Quảng Bình,38,250
Q5317,Space Needle,tower,47.6204,-122.3491,US,Seattle,45,250
Q69134,Namsan Seoul Tower,tower,37.55122,126.98828,KR,Yongsan District,32,250
Q91274,Galata Tower,tower,41.02563,28.97415,TR,Beyoğlu,58,250
Q168400,Canton Tower,tower,23.1092,113.31915,CN,Chigang Subdistrict,53,250
Q189476,Abraj Al Bait,tower,21.41889,39.82639,SA,Mecca,59,250
Q190377,Central Radio & TV Tower,tower,39.91809,116.30041,CN,Ganjiakou Subdistrict,25,250
Q201902,Mole Antonelliana,tower,45.06898,7.69324,IT,Turin,35,250
Q208234,Broadway Tower,tower,52.02421,-1.83576,GB,Wychavon,38,250
Q223207,Oriental Pearl Tower,tower,31.24167,121.49472,CN,Shanghai,52,250
Q321789,Einstein Tower,tower,52.37889,13.06361,DE,Potsdam-Süd,31,250
Q569767,Torre della Ghirlandina,tower,44.64634,10.92588,IT,Modena,25,250
Q579331,Hassan Tower,tower,34.0241,-6.82272,MA,http://www.wikidata.org/.well-known/genid/2bab731e93911bb4e567acbad584973e,37,250
Q614684,Cairo Tower,tower,30.04583,31.22444,EG,Giza Governorate,28,250
Q622796,Milad Tower,tower,35.74461,51.37533,IR,District 2,51,250
Q686544,Donauturm,tower,48.24023,16.41003,AT,Vienna,28,250
Q722125,Sky Tower,tower,-36.84847,174.76231,NZ,Auckland Region,38,250
Q753230,Atakule,tower,39.88611,32.85611,TR,Çankaya,26,250
Q754194,St Mark's Campanile,tower,45.43403,12.33903,IT,Venice,36,250
Q797085,BT Tower,tower,51.5215,-0.1389,GB,London Borough of Camden,25,250
Q827268,Sydney Tower,tower,-33.87028,151.20889,AU,New South Wales,32,250
Q830319,Riga Radio and TV Tower,tower,56.92389,24.13694,LV,Latgale Suburb,35,250
Q834479,Giralda,tower,37.38614,-5.99238,ES,Seville,44,250
Q837291,Bridge of the Slovak National Uprising,tower,48.13833,17.10444,SK,Bratislava,36,250
Q845846,"The STRAT Hotel, Casino & SkyPod",tower,36.14746,-115.15603,US,Las Vegas,32,250
Q852032,Burana Tower,tower,42.74648,75.25038,KG,Chuy Region,38,250
Q916943,Prahadisvarar Temple,tower,10.78306,79.1325,IN,Thanjavur,55,250
Q957441,Ivan the Great Bell Tower,tower,55.75083,37.61806,RU,Tverskoy District,29,250
Q1047061,Giant Wild Goose Pagoda,tower,34.21977,108.95933,CN,Yanta District,37,250
Q1063425,Porcelain Tower of Nanjing,tower,32.01111,118.77778,CN,Qinhuai District,32,250
Q1121720,Warsaw radio mast,tower,52.36778,19.8025,PL,Konstantynów,30,250
Q1140023,Giotto's Campanile,tower,43.77281,11.25581,IT,Florence,27,250
Q1140026,Azadi Tower,tower,35.69972,51.33806,IR,Tehran,47,250
Q1140534,Rundetaarn,tower,55.68137,12.57579,DK,Copenhagen Municipality,29,250
Q1192804,Kyaiktiyo Pagoda,tower,17.48358,97.09843,MM,,27,250
Q1258275,Avala Tower,tower,44.69583,20.51444,RS,Belgrade,31,250
Q1365010,Tallinn TV Tower,tower,59.47111,24.8875,EE,Tallinn,28,250
Q1407274,Baku TV Tower,tower,40.35139,49.82333,AZ,Baku,40,250
Q1413217,Žižkov Television Tower,tower,50.08083,14.45139,CZ,Žižkov,29,250
Q1424358,Meenakshi Temple,tower,9.91972,78.11944,IN,Madurai,45,250
Q1431547,Saint-Jacques Tower,tower,48.85776,2.34878,FR,4th arrondissement of Paris,28,250
Q1568304,Macau Tower,tower,22.17972,113.53667,CN,Macau,28,250
Q2166466,Söyembikä Tower,tower,55.80053,49.10519,RU,Kazan,26,250
Q2349903,Cœur Défense,tower,48.89095,2.24413,FR,Courbevoie,27,250
Q1195294,Liuhe Pagoda,tower,30.19833,120.12667,CN,Hangzhou,20,250
Q1201304,Kyoto Tower,tower,34.9875,135.75917,JP,Shimogyō-ku,21,250
Q1208032,Skylon Tower,tower,43.08528,-79.07972,CA,Niagara Falls,22,250
Q1343398,Clock Tower of Bitola,tower,41.03084,21.33389,MK,Bitola Municipality,14,250
Q1353260,Tianjin Radio and Television Tower,tower,39.09194,117.175,CN,Tianjin,22,250
Q1355638,Saint Petersburg TV Tower,tower,59.97667,30.32083,RU,Saint Petersburg,21,250
Q1407266,Baghdad Tower,tower,33.30333,44.35417,IQ,Baghdad,15,250
Q1407277,Kamzík TV Tower,tower,48.1825,17.09444,SK,Bratislava,16,250
Q1407311,Yerevan TV Tower,tower,40.17129,44.53616,AM,Yerevan,24,250
Q1407337,Turkmenistan Tower,tower,37.86259,58.23817,TM,Ashgabat,18,250
Q1407344,Tbilisi TV Broadcasting Tower,tower,41.69583,44.78472,GE,Tbilisi,20,250
Q1407353,Vilnius TV Tower,tower,54.68711,25.21461,LT,Vilnius,22,250
Q1557132,Clock Tower of Sighișoara,tower,46.21929,24.79332,RO,Sighișoara,14,250
Q1561904,Iron Pagoda,tower,34.81667,114.36489,CN,Gulou District,21,250
Q1563940,Hillbrow Tower,tower,-26.18694,28.04917,ZA,Johannesburg,15,250
Q1581102,Tiger Hill Pagoda,tower,31.33794,120.57631,CN,Suzhou,17,250
Q1721899,Kaknästornet,tower,59.335,18.12639,SE,Stockholm Municipality,17,250
Q1753844,Antalya Mosque,tower,36.88639,30.70444,TR,Antalya,22,250
Q1756313,Vasco da Gama Tower,tower,38.77472,-9.09139,PT,Parque das Nações,22,250
Q1786037,Wrocław water tower,tower,51.08523,17.01756,PL,Wrocław,14,250
Q1786361,Town Hall Tower,tower,50.06147,19.93647,PL,Kraków,17,250
Q1818013,Dolmabahçe Clock Tower,tower,41.03761,28.99637,TR,Beşiktaş,15,250
Q1819804,Torre dei Lamberti,tower,45.44295,10.99775,IT,Verona,14,250
Q1858077,Victoria Tower,tower,51.49834,-0.12549,GB,City of Westminster,22,250
Q1923610,"Cloth Hall, Ypres",tower,50.8512,2.8858,BE,Ypres,18,250
Q1935277,Tyholttårnet,tower,63.42236,10.43195,NO,Trondheim municipality,14,250
Q1937108,Tour de Nesle,tower,48.8575,2.33722,FR,Paris,14,250
Q2005868,Antwerp City Hall,tower,51.22139,4.39944,BE,Antwerp,22,250
Q2046262,Songyue Pagoda,tower,34.50161,113.01592,CN,Dengfeng,21,250
Q2090752,NTT Docomo Yoyogi Building,tower,35.68436,139.70325,JP,Tokyo,21,250
Q2118734,Tianfu Panda Tower,tower,30.66444,104.09222,CN,Chengdu,16,250
Q2234463,Leaning Tower of Toruń,tower,53.00834,18.6022,PL,Toruń,16,250
Q2363092,Ka'ba-ye Zartosht,tower,29.98845,52.87402,IR,Marvdasht County,24,250
Q2368198,Torrazzo of Cremona,tower,45.1337,10.0252,IT,Cremona,15,250
Q2381859,Dormition Cathedral,tower,49.99,36.23083,UA,Kharkiv,19,250
Q1897266,Martinitoren,tower,53.21917,6.56806,,Groningen,14,250
Q2018608,Oldehove,tower,53.20296,5.78971,,Leeuwarden,16,250
Q16375698,Svanetian tower,tower,42.91639,43.01139,GE,Svaneti,16,250
Q18404746,Kutlug Timur Minaret,tower,42.30864,59.14187,TM,Köneürgenç,14,250
Q18822753,Alphabetic Tower,tower,41.6559,41.6394,GE,Batumi,20,250
Q19726688,Triq il-Wiesgħa Tower,tower,35.878,14.56425,MT,Żabbar,15,250
Q24192494,Dubai Creek Tower,tower,25.19762,55.35519,AE,Dubai,22,250
Q58333357,Ghazni Minarets,tower,33.56458,68.43364,AF,Ghazni,14,250
Q97625199,Torre de la Calahorra,tower,37.87565,-4.77659,ES,Córdoba,15,250
Q12256,Petřín Lookout Tower,tower,50.08354,14.39505,CZ,Malá Strana,22,250
Q14058,Fernsehturm Stuttgart,tower,48.75575,9.19017,DE,Degerloch,18,250
Q117697,Pagoda of Fogong Temple,tower,39.56528,113.18194,CN,Ying County,16,250
Q132031,Leaning Tower of Suurhusen,tower,53.41347,7.22333,DE,Aurich District,14,250
Q153646,Colonius,tower,50.94722,6.93194,DE,Neustadt-Nord,15,250
Q186097,Powder Tower,tower,56.95125,24.10867,LV,,19,250
Q202530,Montjuïc Communications Tower,tower,41.36417,2.15056,ES,Sants-Montjuïc,20,250
Q462372,Tower of the Yellow Crane,tower,30.54694,114.29694,CN,Wuhan,24,250
Q488758,Dabotap,tower,35.79004,129.33224,KR,Gyeongju,14,250
Q541846,Spinnaker Tower,tower,50.7956,-1.10857,GB,City of Portsmouth,18,250
Q567400,Karlstor (München),tower,48.139,11.5668,DE,Munich,14,250
Q599148,Olympiaturm,tower,48.17446,11.55424,DE,Munich,19,250
Q605721,Torre dei Conti,tower,41.89355,12.48795,IT,Roma Capitale,20,250
Q607743,Aon Center,tower,34.04917,-118.25694,US,Los Angeles,22,250
Q631871,ArcelorMittal Orbit,tower,51.53833,-0.01333,GB,London Borough of Newham,20,250
Q667696,Clock Tower of Botevgrad,tower,42.90694,23.79194,BG,Sofia Oblast,15,250
Q674778,Emin Minaret,tower,42.93454,89.20346,CN,Ürümchilik,16,250
Q679491,Rheinturm,tower,51.21778,6.76167,DE,Düsseldorf,17,250
Q692288,"Clock Tower in Tsim Sha Tsui, Hong Kong",tower,22.29358,114.16955,CN,Hong Kong,18,250
Q699724,Funkturm Berlin,tower,52.50506,13.27818,DE,Charlottenburg-Wilmersdorf,19,250
Q699832,Heini Klopfer Ski Jump,tower,47.37519,10.26924,DE,Oberstdorf,15,250
Q701496,Europaturm,tower,50.13528,8.65472,DE,Frankfurt,18,250
Q798766,Kobe Port Tower,tower,34.6825,135.18667,JP,Hatobachō,23,250
Q815443,Belfry of Ghent,tower,51.05361,3.725,BE,Ghent,16,250
Q847033,Fukuoka Tower,tower,33.59331,130.3515,JP,Momochi-hama,16,250
Q853029,Beyazıt Tower,tower,41.01276,28.96486,TR,Istanbul Province,19,250
Q880905,Blackpool Tower,tower,53.81583,-3.05528,GB,Blackpool,23,250
Q897712,Great Lavra Bell Tower,tower,50.43469,30.55645,UA,Kyiv,14,250
Q909541,Yangguan,tower,39.92725,94.05904,CN,Dunhuang,15,250
Q913949,Sukharev Tower,tower,55.77278,37.63222,RU,Moscow,14,250
Q923376,Broch of Mousa,tower,59.99528,-1.18206,GB,Shetland Islands,14,250
Q960515,Almaty Tower,tower,43.22889,76.97611,KZ,Medeu district,20,250
Q966625,St Mark's Clocktower,tower,45.43472,12.33889,IT,Venice,22,250
Q1026689,Calgary Tower,tower,51.04444,-114.06361,CA,Alberta,17,250
Q1063319,Sapporo TV Tower,tower,43.06111,141.35639,JP,Ōdōri-Nishi,18,250
Q1107297,Coit Tower,tower,37.8025,-122.40583,US,San Francisco,21,250
Q1129608,Ještěd Tower,tower,50.73263,14.98459,CZ,Horní Hanychov,18,250
Q1141083,Pyongyang TV Tower,tower,39.05,125.75861,KP,Moranbong-guyok,18,250
Q1147977,Torre de Collserola,tower,41.41722,2.11417,ES,"Vallvidrera, el Tibidabo i les Planes",23,250
Q1148463,Tsūtenkaku,tower,34.65222,135.50611,JP,Ebisuhigashi,23,250
Q1151087,Bell Tower of Xi'an,tower,34.26101,108.94238,CN,Xi'an,15,250
Q1155765,Leifeng Pagoda,tower,30.23389,120.145,CN,Hangzhou,18,250
Q1156274,Torre Velasca,tower,45.45994,9.19066,IT,Milan,17,250
Q1190334,Näsinneula tower,tower,61.50479,23.74266,FI,Tampere,19,250
Q1194818,Small Wild Goose Pagoda,tower,34.2408,108.93736,CN,Xi'an,22,250
Q2387534,main building of Moscow State University,tower,55.70306,37.53056,RU,Ramenki District,18,250
Q2455550,Torres dels Serrans,tower,39.4793,-0.37593,ES,Valencia,15,250
Q2472396,Torre del Mangia,tower,43.31819,11.33212,IT,Siena,16,250
Q2502406,Virupaksha Temple,tower,15.33516,76.45873,IN,Vijayanagara District,17,250
Q2547165,Torre delle Milizie,tower,41.89594,12.48667,IT,Roma Capitale,16,250
Q2592701,De La Fratta,tower,43.9328,12.4515,SM,San Marino,17,250
Q2742315,Drum Tower of Xi'an,tower,34.26179,108.93893,CN,Xi'an,14,250
Q2919379,Jaffa Clock Tower,tower,32.055,34.75611,IL,Tel Aviv,15,250
Q2986837,Lotrščak Tower,tower,45.81463,15.97325,HR,Gornji Grad–Medveščak,15,250
Q3394745,Yıldız Clock Tower,tower,41.04989,29.00983,TR,Beşiktaş,14,250
Q3449463,Lotus Tower,tower,6.92694,79.85833,LK,Sri Lanka,20,250
Q3696052,İzmir Clock Tower,tower,38.41886,27.12867,TR,İzmir,20,250
Q4294004,Kalta Minor,tower,41.37824,60.35805,UZ,Khiva,15,250
Q5946940,Minaret of Ali Mosque,tower,32.66556,51.68294,IR,District 3,14,250
Q6863203,Bab al-Asbat Minaret,tower,31.78022,35.23641,PS,Jerusalem,14,250
Q2652980,Crimean Bridge,bridge,45.3086,36.5061,RU,Russia,68,400
Q44440,Golden Gate Bridge,bridge,37.81972,-122.47861,US,San Francisco,110,400
Q54495,Sydney Harbour Bridge,bridge,-33.85223,151.21068,AU,Sydney,68,400
Q83125,Tower Bridge,bridge,51.50556,-0.07528,GB,London Borough of Tower Hamlets,86,400
Q99236,Millau Viaduct,bridge,44.08028,3.0225,FR,Millau,74,400
Q125006,Brooklyn Bridge,bridge,40.70567,-73.99633,US,Manhattan,84,400
Q130206,London Bridge,bridge,51.50806,-0.08778,GB,London,78,400
Q184213,Akashi Kaikyō Bridge,bridge,34.61639,135.02028,JP,Awaji,71,400
Q188528,Stari Most,bridge,43.33728,17.81503,BA,Herzegovina-Neretva Canton,61,400
Q204871,Charles Bridge,bridge,50.08639,14.41194,CZ,Old Town,62,400
Q297871,Øresund Bridge,bridge,55.57644,12.82164,SE,Tårnby Municipality,72,400
Q275,Forth Bridge,bridge,55.9984,-3.3876,GB,Fife,55,400
Q4484,Bosphorus Bridge,bridge,41.04556,29.03403,TR,Istanbul,58,400
Q12568,Mackinac Bridge,bridge,45.815,-84.72806,US,Michigan,28,400
Q16396,Tsing Ma Bridge,bridge,22.35139,114.07417,CN,Hong Kong,32,400
Q25225,Chapel Bridge,bridge,47.05163,8.30753,CH,Lucerne,32,400
Q44057,Millennium Bridge,bridge,51.51017,-0.09844,GB,City of London,48,400
Q48353,Rio-Antirrio bridge,bridge,38.32139,21.77278,GR,West Greece Region,43,400
Q52505,Rialto Bridge,bridge,45.43801,12.33564,IT,Venice,52,400
Q52509,Ponte dell'Accademia,bridge,45.43166,12.32899,IT,Venice,28,400
Q52517,Bridge of Sighs,bridge,45.43406,12.34086,IT,Venice,51,400
Q1780883,Stone Bridge in Skopje,bridge,41.99699,21.43307,MK,Centar Municipality,28,400
Q1850537,Severn Bridge,bridge,51.6099,-2.64026,GB,Forest of Dean,27,400
Q1972207,Albert Bridge,bridge,51.48237,-0.16678,GB,Royal Borough of Kensington and Chelsea,30,400
Q2450190,Pulteney Bridge,bridge,51.38306,-2.35778,GB,Bath and North East Somerset,25,400
Q2642363,Paton Bridge,bridge,50.42778,30.58344,UA,Kyiv,28,400
Q2681107,The Helix Bridge,bridge,1.28762,103.861,SG,Downtown Core,25,400
Q3603782,Gamla bron,bridge,63.825,20.24917,SE,Umeå Municipality,30,400
Q3907993,Polcevera Viaduct,bridge,44.42583,8.88889,IT,Genoa,40,400
Q5482413,Francis Scott Key Bridge,bridge,39.21694,-76.52833,US,Baltimore,36,400
Q7784788,Yavuz Sultan Selim Bridge,bridge,41.20306,29.11167,TR,Istanbul,48,400
Q8077503,1915 Çanakkale Bridge,bridge,40.33989,26.63669,TR,Gelibolu,47,400
Q11550847,Eshima Ohashi Bridge,bridge,35.51917,133.2,JP,,25,400
Q12367079,Stone Bridge,bridge,58.38081,26.72592,EE,Tartu City,25,400
Q18109819,Duge Bridge,bridge,26.38556,104.67389,CN,Xuanwei,26,400
Q25338950,Osmangazi Bridge,bridge,40.755,29.51556,TR,Dilovası district,25,400
Q81523,Galata Bridge,bridge,41.02,28.97306,TR,Istanbul,39,400
Q99200,The Iron Bridge,bridge,52.62736,-2.48544,GB,The Gorge,33,400
Q113645,Landwasser Viaduct,bridge,46.68083,9.67583,CH,Canton of the Grisons,27,400
Q125050,Manhattan Bridge,bridge,40.70722,-73.99083,US,Manhattan,44,400
Q125068,Williamsburg Bridge,bridge,40.713,-73.97,US,Manhattan,35,400
Q125157,Queensboro Bridge,bridge,40.75694,-73.95472,US,Manhattan,31,400
Q125673,Verrazzano-Narrows Bridge,bridge,40.60639,-74.04556,US,Brooklyn,54,400
Q125821,George Washington Bridge,bridge,40.85167,-73.9525,US,Manhattan,50,400
Q148970,Palace Bridge,bridge,59.94114,30.30808,RU,Saint Petersburg,26,400
Q158822,Pontcysyllte Aqueduct,bridge,52.9702,-3.08782,GB,Llangollen Rural,42,400
Q162170,Clifton Suspension Bridge,bridge,51.455,-2.62776,GB,Clifton,26,400
Q189764,Pont du Gard,bridge,43.9473,4.5355,FR,Vers-Pont-du-Gard,59,400
Q203004,Danube Bridge,bridge,43.8875,26.00722,RO,Ruse,35,400
Q208633,Ponte Vecchio,bridge,43.76799,11.25319,IT,Florence,49,400
Q209710,Russky Bridge,bridge,43.06361,131.90806,RU,Vladivostok,41,400
Q210055,Mehmed Paša Sokolović Bridge,bridge,43.78248,19.28794,BA,Republika Srpska,52,400
Q213962,Great Belt Fixed Link,bridge,55.33333,10.96667,DK,Slagelse Municipality,49,400
Q216061,Bridge of the Americas,bridge,8.94306,-79.565,PA,Balboa,36,400
Q226035,Tacoma Narrows Bridge (2007),bridge,47.26806,-122.55056,US,Tacoma,29,400
Q233737,Vasco da Gama Bridge,bridge,38.76219,-9.04331,PT,Alcochete,52,400
Q244947,Aqueduct of Segovia,bridge,40.94789,-4.11781,ES,Segovia,58,400
Q284125,Roman Bridge,bridge,49.75167,6.62611,DE,Trier,25,400
Q284444,pont Saint-Bénézet,bridge,43.95327,4.80542,FR,Avignon,38,400
Q290355,pont de Bir-Hakeim,bridge,48.85556,2.28778,FR,15th arrondissement of Paris,27,400
Q291093,Pont Mirabeau,bridge,48.84639,2.27639,FR,15th arrondissement of Paris,26,400
Q296799,Öland Bridge,bridge,56.675,16.41667,SE,,34,400
Q317453,Sino-Korean Friendship Bridge,bridge,40.11452,124.393,CN,Dandong,25,400
Q326249,Hangzhou Bay Bridge,bridge,30.45,121.13333,CN,Zhejiang,35,400
Q331996,Vizcaya Bridge,bridge,43.32306,-3.01694,ES,Portugalete,47,400
Q335277,Pont Neuf,bridge,48.8575,2.34167,FR,6th arrondissement of Paris,45,400
Q338136,Donghai Bridge,bridge,30.75717,121.96883,CN,Shanghai,31,400
Q369967,Fatih Sultan Mehmet Bridge,bridge,41.09111,29.06139,TR,Istanbul,42,400
Q390418,Pont Alexandre III,bridge,48.86361,2.31361,FR,7th arrondissement of Paris,45,400
Q456960,Westminster Bridge,bridge,51.50083,-0.12194,GB,City of Westminster,49,400
Q465534,Széchenyi Chain Bridge,bridge,47.49889,19.04361,HU,Budapest,46,400
Q497367,Qingdao Jiaozhou Bay Bridge,bridge,36.17048,120.29986,CN,Qingdao,34,400
Q501003,Waterloo Bridge,bridge,51.50861,-0.11694,GB,City of Westminster,41,400
Q504710,Pont de Normandie,bridge,49.43222,0.27389,FR,Le Havre,36,400
Q520543,Europabrücke,bridge,47.20222,11.40194,AT,Schönberg im Stubaital,25,400
Q540546,Ponte Pietra,bridge,45.44777,11.0,IT,Verona,25,400
Q540781,Pont d'Iéna,bridge,48.85972,2.29222,FR,16th arrondissement of Paris,26,400
Q581526,Menai Suspension Bridge,bridge,53.22014,-4.16312,GB,Gwynedd,38,400
Q595768,Danyang–Kunshan Grand Bridge,bridge,31.63779,120.2459,CN,Jiangsu,50,400
Q640092,Pons Aemilius,bridge,41.88944,12.47944,IT,Roma Capitale,29,400
Q640980,Magdeburg Canal Bridge,bridge,52.23045,11.69628,DE,Möser,32,400
Q644398,Pont de la Concorde,bridge,48.86333,2.31944,FR,7th arrondissement of Paris,25,400
Q660029,Dragon Bridge,bridge,46.05194,14.51028,SI,Ljubljana City Municipality,25,400
Q667674,Si-o-se Pol,bridge,32.64487,51.66759,IR,Isfahan,34,400
Q684821,Reichsbrücke,bridge,48.2283,16.41,AT,Vienna,27,400
Q694708,Glienicke Bridge,bridge,52.41333,13.09028,DE,Steglitz-Zehlendorf,29,400
Q695082,Oberbaum Bridge,bridge,52.50194,13.44556,DE,Friedrichshain-Kreuzberg,27,400
Q696762,Hohenzollern Bridge,bridge,50.94139,6.96556,DE,Altstadt-Nord,27,400
Q699098,Elisabeth Bridge,bridge,47.49083,19.04917,HU,Budapest,29,400
Q721152,25 de Abril Bridge,bridge,38.69418,-9.17815,PT,Alcântara,33,400
Q739641,Howrah Bridge,bridge,22.58527,88.34694,IN,Howrah,28,400
Q777301,Megyeri Bridge,bridge,47.60694,19.09194,HU,Budapest,27,400
Q806225,Band-e Kaisar,bridge,32.05372,48.84869,IR,Shushtar County,25,400
Q806452,Burapha Withi Expressway,bridge,13.65944,100.665,TH,Bangkok,28,400
Q827735,King Fahd Causeway,bridge,26.1825,50.33583,BH,Bahrain,42,400
Q849786,Trajan's Bridge,bridge,44.62377,22.66705,RO,Drobeta-Turnu Severin,36,400
Q862779,I-35W Mississippi River bridge,bridge,44.97889,-93.245,US,Minnesota,25,400
Q865076,Confederation Bridge,bridge,46.19969,-63.7657,CA,Cape Tormentine,32,400
Q870476,Ponte Sant'Angelo,bridge,41.9018,12.46645,IT,Roma Capitale,37,400
Q880843,Blackfriars Bridge,bridge,51.50972,-0.10444,GB,City of London,30,400
Q915195,Liberty Bridge,bridge,47.48556,19.055,HU,Budapest,34,400
Q916120,Margaret Bridge,bridge,47.51472,19.04361,HU,Budapest,27,400
Q917862,First Thai–Lao Friendship Bridge,bridge,17.87833,102.71556,LA,Vientiane,31,400
Q918066,Britannia Bridge,bridge,53.21625,-4.18583,GB,Pentir,29,400
Q933000,Forth Road Bridge,bridge,56.0017,-3.40406,GB,Fife,27,400
Q944688,Pons Fabricius,bridge,41.89098,12.47819,IT,Roma Capitale,25,400
Q996197,Alcántara Bridge,bridge,39.7225,-6.8925,ES,Alcántara,35,400
Q1046736,Rainbow Bridge,bridge,35.63639,139.76361,JP,Minato,29,400
Q1060121,Lugou Bridge,bridge,39.84904,116.21289,CN,Wanping Subdistrict,28,400
Q1069141,Chelsea Bridge,bridge,51.48472,-0.15,GB,Royal Borough of Kensington and Chelsea,27,400
Q1077240,New Europe Bridge,bridge,44.005,22.9475,RO,Vidin,33,400
Q1089516,Mária Valéria Bridge,bridge,47.79528,18.73028,HU,Štúrovo,29,400
Q1127325,Ponte Milvio,bridge,41.93556,12.46694,IT,Roma Capitale,36,400
Q1130666,Lambeth Bridge,bridge,51.49446,-0.12221,GB,City of Westminster,32,400
Q1132510,Lake Pontchartrain Causeway,bridge,30.19972,-90.12278,US,Jefferson Parish,37,400
Q1134699,Ponte della Libertà,bridge,45.45449,12.29731,IT,Venice,26,400
Q1140475,Friendship Bridge,bridge,-25.50958,-54.60111,BR,Ciudad del Este,25,400
Q1141014,Humber Bridge,bridge,53.70694,-0.45,GB,North Lincolnshire,34,400
Q1142134,Vauxhall Bridge,bridge,51.4875,-0.12694,GB,City of Westminster,30,400
Q1367127,Rio–Niterói Bridge,bridge,-22.87111,-43.15669,BR,Rio de Janeiro,31,400
Q1424674,Little Belt Bridge,bridge,55.51861,9.74917,DK,Middelfart Municipality,26,400
Q1427489,Quebec Bridge,bridge,46.74556,-71.28806,CA,Les Chutes-de-la-Chaudière-Ouest,28,400
Q1436185,Hungerford Bridge and Golden Jubilee Bridges,bridge,51.50611,-0.12,GB,London,27,400
Q1573860,Hammersmith Bridge,bridge,51.4889,-0.22973,GB,London Borough of Richmond upon Thames,25,400
Q1621256,pont de l'Alma,bridge,48.86333,2.30167,FR,Paris,30,400
Q1740490,Khaju Bridge,bridge,32.63667,51.68333,IR,Isfahan,26,400
Q27925184,Zhangjiajie Glass Bridge,bridge,29.3987,110.6982,CN,Hunan,27,400
Q117857889,Huajiang Canyon Bridge,bridge,25.70472,105.58806,CN,Guanling Buyei and Miao Autonomous County,29,400
Q1155248,Pelješac Bridge,bridge,42.93278,17.53694,HR,Dubrovnik-Neretva County,28,400
Q1191515,Hong Kong–Zhuhai–Macau Bridge,bridge,22.2824,113.775,CN,Hong Kong,47,400
Q1193916,Samuel Beckett Bridge,bridge,53.34694,-6.24111,IE,Dublin,25,400
Q1275181,Suramadu Bridge,bridge,-7.18333,112.78028,ID,Surabaya,26,400
Q1277685,Latin Bridge,bridge,43.85765,18.42901,BA,Stari Grad,30,400
Q1324578,Southwark Bridge,bridge,51.50889,-0.09444,GB,London Borough of Southwark,33,400
Q1329141,Pont des Arts,bridge,48.85833,2.33778,FR,1st arrondissement of Paris,36,400
Q1348188,Erasmusbrug,bridge,51.90864,4.48654,,Rotterdam,27,400
Q12363,Solkan Bridge,bridge,45.97853,13.65175,SI,City Municipality of Nova Gorica,16,400
Q12575,Ambassador Bridge,bridge,42.31195,-83.07412,CA,Detroit,24,400
Q23476,Aioi Bridge,bridge,34.39652,132.45259,JP,Naka-ku,19,400
Q27574,Bridge of Peace,bridge,41.69361,44.80833,GE,Tbilisi,24,400
Q31374,Koror–Babeldaob Bridge,bridge,7.36204,134.50424,PW,Koror,14,400
Q52501,ponte della Costituzione,bridge,45.43889,12.31944,IT,Cannaregio,24,400
Q52508,Ponte degli Scalzi,bridge,45.44104,12.32278,IT,Venice,19,400
Q1494544,Bolshoy Obukhovsky Bridge,bridge,59.85417,30.49361,RU,Rybatskoye Municipal Okrug,21,400
Q1502874,Wandsworth Bridge,bridge,51.465,-0.18806,GB,London Borough of Hammersmith and Fulham,18,400
Q1513866,Pont de Bercy,bridge,48.83806,2.375,FR,12th arrondissement of Paris,18,400
Q1536150,Little Belt Bridge,bridge,55.51774,9.70968,DK,Middelfart Municipality,19,400
Q1539750,Tatara Bridge,bridge,34.25972,133.065,JP,Imabari,23,400
Q1542550,Grand Canyon Skywalk,bridge,36.0122,-113.811,US,Arizona,16,400
Q7784787,Atlantic Bridge,bridge,9.30806,-79.91889,PA,,14,400
Q8039097,Wuhan Yangtze River Bridge,bridge,30.5522,114.28279,CN,Wuhan,16,400
Q8564816,Queensferry Crossing,bridge,56.00472,-3.4125,GB,Fife,15,400
Q10729282,Jamuna Bridge,bridge,24.3991,89.7853,BD,Sirajganj District,18,400
Q10991765,Nelson Mandela Bridge,bridge,-26.1967,28.0342,ZA,Johannesburg,14,400
Q11963844,Circle Bridge,bridge,55.67243,12.5838,DK,Copenhagen Municipality,14,400
Q12039154,Mánes Bridge,bridge,50.08952,14.41273,CZ,Old Town,16,400
Q12470062,Art Bridge,bridge,41.9958,21.4359,MK,Centar Municipality,16,400
Q13529390,"Eiffel Bridge, Ungheni",bridge,47.19989,27.78708,MD,Iași County,18,400
Q1138655,Yokohama Bay Bridge,bridge,35.45438,139.67391,JP,Yokohama,18,400
Q1140060,pont Saint-Louis,bridge,48.85278,2.35279,FR,Paris,21,400
Q1145433,Vidyasagar Setu,bridge,22.55694,88.32778,IN,Kolkata,17,400
Q1151193,Cần Thơ Bridge,bridge,10.035,105.8125,VN,Cần Thơ,21,400
Q1155649,Penang Bridge,bridge,5.35386,100.35255,MY,Penang,24,400
Q1155735,Glenfinnan Viaduct,bridge,56.8763,-5.43166,GB,Highland,21,400
Q1164611,Langkawi Sky Bridge,bridge,6.38644,99.66241,MY,Kedah,14,400
Q1188691,Peace Bridge,bridge,42.9069,-78.9056,CA,New York,16,400
Q1193149,Bank Bridge,bridge,59.93215,30.32502,RU,Saint Petersburg,16,400
Q1194232,Lupu Bridge,bridge,31.19139,121.47639,CN,Shanghai,20,400
Q1196460,Kintai Bridge,bridge,34.1676,132.17837,JP,Iwakuni,20,400
Q1196470,Kanmon Bridge,bridge,33.9619,130.95836,JP,Shimonoseki,20,400
Q1196667,Pont Louis-Philippe,bridge,48.85389,2.35444,FR,Paris,20,400
Q1196669,Pont Amont,bridge,48.82639,2.38917,FR,12th arrondissement of Paris,18,400
Q1196676,pont Charles-de-Gaulle,bridge,48.8425,2.36889,FR,12th arrondissement of Paris,17,400
Q1196688,Pont de Sully,bridge,48.85,2.35917,FR,Paris,20,400
Q1239603,Dona Ana Bridge,bridge,-17.44194,35.05194,MZ,Mutarara District,14,400
Q1259211,Third Thai–Lao Friendship Bridge,bridge,17.4925,104.72833,LA,Thakhèk,15,400
Q1261987,Jamaraat Bridge,bridge,21.4214,39.8728,SA,Mecca,19,400
Q1262976,Admiral's bridge,bridge,38.105,13.375,IT,Palermo,17,400
Q1267436,Millennium Bridge,bridge,42.44491,19.25901,ME,Podgorica,21,400
Q1268692,Ponte della Paglia,bridge,45.43359,12.34104,IT,Venice,14,400
Q1268698,Ponte delle Guglie,bridge,45.44361,12.32556,IT,Venice,16,400
Q1272855,Ada Bridge,bridge,44.79506,20.42619,RS,Belgrade,24,400
Q1286851,Pančevo Bridge,bridge,44.828,20.492,RS,Belgrade,17,400
Q1287969,Prince of Wales Bridge,bridge,51.5745,-2.7016,GB,Monmouthshire,17,400
Q1289417,Iron Gate I Hydroelectric Power Station,bridge,44.67083,22.52917,RO,Drobeta-Turnu Severin,20,400
Q1066786,Tianjin Grand Bridge,bridge,39.05608,117.05495,CN,Tianjin,15,400
Q1067603,Lanfranconi Bridge,bridge,48.14278,17.07556,SK,Bratislava,18,400
Q1069945,Sandnessund bridge,bridge,69.69103,18.90254,NO,Tromsø Municipality,14,400
Q1070563,Chesapeake Bay Bridge-Tunnel,bridge,37.03056,-76.08611,US,Virginia Beach,16,400
Q1073098,Pont des Invalides,bridge,48.86379,2.31036,FR,Paris,21,400
Q1075303,Octávio Frias de Oliveira Bridge,bridge,-23.61275,-46.69924,BR,São Paulo,24,400
Q1079373,Richmond Bridge,bridge,-42.73361,147.43944,AU,Tasmania,15,400
Q1083571,Malaysia–Singapore Second Link,bridge,1.35085,103.63313,SG,,15,400
Q1085897,Črni Kal Viaduct,bridge,45.55749,13.8712,SI,,15,400
Q1091054,Japanese Bridge,bridge,15.87719,108.32597,VN,Hội An,15,400
Q1092231,Rama VIII Bridge,bridge,13.76917,100.49681,TH,Bangkok,20,400
Q1104903,Sandö Bridge,bridge,62.8833,17.8771,SE,Kramfors Municipality,14,400
Q1110979,Sidu River Bridge,bridge,30.62167,110.39472,CN,Badong County,23,400
Q1132178,Libertador General San Martín Bridge,bridge,-33.10056,-58.24869,UY,Río Negro Department,14,400
Q1136390,Iron Gate II Hydroelectric Power Station,bridge,44.30444,22.565,RO,Negotin Municipality,14,400
Q1138538,Lions' Bridge,bridge,42.705,23.32389,BG,Sofia,17,400
Q852967,Skarnsund Bridge,bridge,63.84361,11.07639,NO,Inderøy Municipality,14,400
Q855090,Bhumibol Bridge,bridge,13.66071,100.53935,TH,Samut Prakan,16,400
Q856285,Mes Bridge,bridge,42.11448,19.57498,AL,Shkodër municipality,23,400
Q862032,Skopje Aqueduct,bridge,42.02361,21.41861,MK,Butel Municipality,20,400
Q862283,Capilano Suspension Bridge,bridge,49.3428,-123.112,CA,North Vancouver,17,400
Q865013,Birchenough Bridge,bridge,-19.96194,32.34417,ZW,Chipinge,16,400
Q872931,Murinsel,bridge,47.07306,15.43444,AT,Innere Stadt,15,400
Q880838,Blackfriars Railway Bridge,bridge,51.50972,-0.10333,GB,City of London,20,400
Q891580,Bolsheokhtinsky Bridge,bridge,59.94271,30.40132,RU,Saint Petersburg,15,400
Q892615,Johor–Singapore Causeway,bridge,1.45277,103.76915,SG,Johor Bahru,23,400
Q896890,Krämerbrücke,bridge,50.9787,11.0308,DE,Erfurt,17,400
Q898731,Branko's Bridge,bridge,44.81472,20.44833,RS,Belgrade,18,400
Q945154,James Joyce Bridge,bridge,53.34663,-6.28261,IE,Dublin,17,400
Q945944,Tromsø bridge,bridge,69.6513,18.97813,NO,Tromsø Municipality,21,400
Q949446,Krungthep Bridge,bridge,13.70107,100.49166,TH,Bang Kho Laem,15,400
Q963509,Pont Marie,bridge,48.85278,2.3575,FR,4th arrondissement of Paris,18,400
Q976648,Great Seto Bridge,bridge,34.39833,133.81,JP,Kurashiki,19,400
Q977841,Governor Nobre de Carvalho Bridge,bridge,22.17639,113.54611,CN,Macau,19,400
Q996090,Bridge near Limyra,bridge,36.34885,30.20754,TR,Antalya Province,14,400
Q996111,6th October Bridge,bridge,30.04915,31.22857,EG,Cairo Governorate,20,400
Q996167,Khabarovsk Bridge,bridge,48.53628,135.00097,RU,Khabarovsk,14,400
Q1034624,Ha'penny Bridge,bridge,53.3461,-6.263,IE,Dublin,20,400
Q1035131,Hell Gate Bridge,bridge,40.7825,-73.92194,US,Manhattan,21,400
Q1057872,Jerusalem Chords Bridge,bridge,31.78899,35.20011,IL,Jerusalem,24,400
Q1058264,Severan Bridge,bridge,37.93292,38.60849,TR,Adıyaman Province,15,400
Q1060111,Saint-Nazaire Bridge,bridge,47.27876,-2.16568,FR,Saint-Nazaire,15,400
Q1061959,pont Notre-Dame,bridge,48.85616,2.34862,FR,Paris,21,400
Q1062588,Chaotianmen Bridge,bridge,29.58833,106.5775,CN,Chongqing,19,400
Q1289610,New Railroad Bridge,bridge,44.79944,20.43611,RS,Belgrade,14,400
Q1289617,Gazela Bridge,bridge,44.80278,20.44083,RS,Belgrade,18,400
Q1292175,Ōnaruto Bridge,bridge,34.23833,134.65028,JP,Naruto,14,400
Q1318003,Amizade Bridge,bridge,22.18932,113.56319,CN,Macau,16,400
Q1319988,Chesapeake Bay Bridge,bridge,38.99167,-76.37222,US,Anne Arundel County,16,400
Q1323635,Petit-Pont-Cardinal-Lustiger,bridge,48.85333,2.34694,FR,4th arrondissement of Paris,24,400
Q1327827,pont au Change,bridge,48.85666,2.34677,FR,1st arrondissement of Paris,23,400
Q1329076,pont Saint-Michel,bridge,48.85417,2.34472,FR,Paris,23,400
Q1333442,Garabit Viaduct,bridge,44.9754,3.17722,FR,Ruynes-en-Margeride,24,400
Q1343672,Xihoumen Bridge,bridge,30.06167,121.91528,CN,Zhejiang,18,400
Q1353494,Puente del Alamillo,bridge,37.41333,-5.99028,ES,Seville,23,400
Q1365598,Yangpu Bridge,bridge,31.2575,121.54139,CN,Shanghai,18,400
Q1394625,Kanuni Sultan Suleiman bridge,bridge,41.02181,28.57056,TR,Büyükçekmece,15,400
Q1397260,Farø Bridges,bridge,54.95093,11.98712,DK,Vordingborg Municipality,14,400
Q124352,Lions Gate Bridge,bridge,49.31528,-123.13833,CA,Vancouver,18,400
Q125450,Robert F. Kennedy Bridge,bridge,40.78,-73.92667,US,Manhattan,19,400
Q125543,Bronx–Whitestone Bridge,bridge,40.80111,-73.82917,US,Queens,15,400
Q125841,Tappan Zee Bridge,bridge,41.07,-73.89111,US,South Nyack,14,400
Q144629,Sangarius Bridge,bridge,40.73736,30.37276,TR,Sakarya Province,19,400
Q177865,Silver Bridge,bridge,38.845,-82.14111,US,West Virginia,15,400
Q182945,Queen Emma Bridge,bridge,12.10611,-68.93531,CW,Curaçao,14,400
Q205516,Rio Negro Bridge,bridge,-3.12194,-60.07944,BR,Amazonas,16,400
Q205682,Three Countries Bridge,bridge,47.59167,7.59028,FR,Weil am Rhein,23,400
Q209832,Zolotoy Bridge,bridge,43.10861,131.89611,RU,Vladivostok,14,400
Q227583,Zubizuri,bridge,43.26639,-2.92806,ES,Bilbao,15,400
Q233452,Second Thai–Lao Friendship Bridge,bridge,16.60111,104.73583,LA,Savannakhet,19,400
Q250523,Pont del Diable,bridge,41.475,1.93778,ES,Castellbisbal,15,400
Q252452,Árpád Bridge,bridge,47.5375,19.05417,HU,Budapest,23,400
Q253210,Egyptian Bridge,bridge,59.91695,30.29725,RU,Saint Petersburg,17,400
Q254087,Kazarma Mycenaean Bridge,bridge,37.59363,22.93756,GR,Epidavros Municipality,22,400
Q255506,Banpo Bridge,bridge,37.51568,126.99595,KR,Banpo-dong,19,400
Q264197,Storseisundet Bridge,bridge,63.01674,7.35431,NO,Averøy Municipality,18,400
Q278229,Svinesund Bridge,bridge,59.0943,11.2518,NO,Halden,22,400
Q278314,Cannon Street Railway Bridge,bridge,51.50833,-0.09194,GB,London,16,400
Q295838,ANZAC Bridge,bridge,-33.86933,151.18578,AU,New South Wales,14,400
Q308447,Abdoun Bridge,bridge,31.95133,35.89391,JO,Amman,14,400
Q314515,Hardanger Bridge,bridge,60.47917,6.82972,NO,Eidfjord Municipality,21,400
Q314572,Bandra–Worli Sea Link,bridge,19.03648,72.81725,IN,Mumbai,18,400
Q317207,General Rafael Urdaneta Bridge,bridge,10.57427,-71.57604,VE,Maracaibo,19,400
Q317323,Victoria Falls Bridge,bridge,-17.92833,25.85722,ZM,Livingstone District,20,400
Q1418458,Pont d'Arcole,bridge,48.85583,2.35083,FR,Paris,18,400
Q1430275,Runyang Yangtze River Bridge,bridge,32.2201,119.3578,CN,Yangzhou,22,400
Q1442774,Franjo Tuđman Bridge,bridge,42.66806,18.07917,HR,Dubrovnik,18,400
Q1466700,Pons Sublicius,bridge,41.88802,12.47968,IT,Roma,24,400
Q1469250,Pont au Double,bridge,48.8525,2.34833,FR,Paris,21,400
Q317508,Vanšu Bridge,bridge,56.95111,24.09528,LV,Riga,19,400
Q342168,Đurđevića Tara Bridge,bridge,43.15042,19.29524,ME,,17,400
Q355556,Wiesen Viaduct,bridge,46.69444,9.71278,CH,Canton of the Grisons,18,400
Q358267,Eagles' Bridge,bridge,42.69056,23.3375,BG,Sofia,16,400
Q359860,Grand Duchess Charlotte Bridge,bridge,49.61778,6.13083,LU,Luxembourg,14,400
Q365643,Adolphe Bridge,bridge,49.60831,6.12707,LU,Luxembourg,19,400
Q371906,Kew Bridge,bridge,51.48694,-0.2875,GB,London Borough of Richmond upon Thames,17,400
Q435423,Starý most,bridge,48.13836,17.11728,SK,Old Town of Bratislava,15,400
Q450445,Augustus Bridge,bridge,51.05526,13.73957,DE,Dresden,16,400
Q473467,Carrick-a-Rede Rope Bridge,bridge,55.23956,-6.33251,GB,County Antrim,17,400
Q475971,Putney Bridge,bridge,51.46656,-0.21339,GB,London Borough of Hammersmith and Fulham,16,400
Q483844,Bridge of No Return,bridge,37.95613,126.6706,KP,Paju,18,400
Q483949,Incheon Bridge,bridge,37.41389,126.56667,KR,Incheon,19,400
Q487356,Richmond Bridge,bridge,51.45725,-0.30732,GB,London Borough of Richmond upon Thames,14,400
Q496944,Vincent Thomas Bridge,bridge,33.74944,-118.27167,US,Los Angeles,18,400
Q498235,Yi Sun-sin Bridge,bridge,34.90583,127.70528,KR,Gwangyang,18,400
Q503740,Fehmarn Sound Bridge,bridge,54.4,11.11167,DE,Fehmarn,16,400
Q509824,Afghanistan–Uzbekistan Friendship Bridge,bridge,37.2278,67.4282,UZ,Termez,24,400
Q805835,Baluarte Bridge,bridge,23.53434,-105.7596,MX,Concordia,24,400
Q807059,Precious Belt Bridge,bridge,31.25889,120.64953,CN,Suzhou,14,400
Q809555,Barton Swing Aqueduct,bridge,53.4748,-2.3521,GB,Trafford,14,400
Q810945,Battersea Bridge,bridge,51.48111,-0.1725,GB,Royal Borough of Kensington and Chelsea,21,400
Q812580,Bayonne Bridge,bridge,40.64194,-74.14222,US,Staten Island,16,400
Q817485,Benjamin Franklin Bridge,bridge,39.953,-75.134,US,Pennsylvania,16,400
Q834287,Zhivopisny Bridge,bridge,55.77639,37.44306,RU,Moscow,21,400
Q842102,Krk Bridge,bridge,45.24722,14.57028,HR,Krk,24,400
Q845275,Streymin bridge,bridge,62.20833,-7.0055,FO,,14,400
Q850305,Brusio spiral viaduct,bridge,46.25389,10.12778,CH,Brusio,21,400
Q20808678,Kazungula Bridge,bridge,-17.79111,25.2625,ZM,North-West District,24,400
Q22342143,Laguna Garzón Bridge,bridge,-34.8024,-54.5721,UY,Rocha Department,20,400
Q24906291,Dr. Bhupen Hazarika Bridge,bridge,27.79861,95.67611,IN,Assam,14,400
Q28220942,Euphrates Tunnel,bridge,32.5363,44.415,IQ,Babylon,16,400
Q28669169,Amur Bridge,bridge,48.48691,35.02714,UA,Dnipro,18,400
Q30901234,Korea–Russia Friendship Bridge,bridge,42.41528,130.64111,RU,Rason,20,400
Q34048755,Charles Kuonen Suspension Bridge,bridge,46.10122,7.80214,CH,Randa,17,400
Q55954790,Golden Bridge,bridge,15.99486,107.99625,VN,Da Nang,24,400
Q97625652,Puente romano,bridge,37.87663,-4.77788,ES,Córdoba,24,400
Q100166601,516 Arouca,bridge,40.96417,-8.17487,PT,Arouca,16,400
Q109952773,Sky Bridge 721,bridge,50.14889,16.83694,CZ,Velká Morava,20,400
Q5305270,Dragon River Bridge,bridge,16.06111,108.22667,VN,Da Nang,19,400
Q5691633,Tabiat Bridge,bridge,35.75442,51.4205,IR,District 3,16,400
Q6076527,Golden Horn Metro Bridge,bridge,41.0225,28.96653,TR,Istanbul,16,400
Q6480690,Tay Rail Bridge,bridge,56.43889,-2.98858,GB,Fife,22,400
Q7123825,Padma Bridge,bridge,23.4443,90.261,BD,Shariatpur District,18,400
Q586329,Ponte Sisto,bridge,41.89234,12.47079,IT,Roma Capitale,22,400
Q588535,Puente Romano,bridge,38.91306,-6.35083,ES,Mérida,20,400
Q589000,Pont du Carrousel,bridge,48.85939,2.33292,FR,Paris,20,400
Q593265,Höga Kusten Bridge,bridge,62.79778,17.93861,SE,Kramfors Municipality,16,400
Q594779,Pegasus Bridge,bridge,49.24239,-0.27419,FR,Bénouville,21,400
Q605912,passerelle Léopold-Sédar-Senghor,bridge,48.86194,2.32472,FR,Saint-Germain-l'Auxerrois,18,400
Q610013,El Ferdan Railway Bridge,bridge,30.657,32.334,EG,Ismailia,19,400
Q611964,Suez Canal Bridge,bridge,30.82814,32.31772,EG,El-Qantarah al-Sharqiya,24,400
Q615365,Katarina Elevator,bridge,59.32,18.07278,SE,Stockholm Municipality,16,400
Q618937,Apollo Bridge,bridge,48.1375,17.12806,SK,Bratislava,19,400
Q637897,Liberty Bridge,bridge,45.23393,19.84947,RS,Novi Sad,16,400
Q643881,Waldschlösschen Bridge,bridge,51.064,13.777,DE,Dresden,21,400
Q649396,Blagoveshchensky Bridge,bridge,59.93466,30.28971,RU,Saint Petersburg,17,400
Q654084,San Roque González de Santa Cruz Bridge,bridge,-27.37311,-55.87189,AR,Posadas,14,400
Q655018,Juscelino Kubitschek bridge,bridge,-15.82361,-47.82944,BR,Brasília,22,400
Q657639,Langwieser Viaduct,bridge,46.8175,9.705,CH,Arosa,14,400
Q676315,Triple Bridge,bridge,46.05108,14.5062,SI,Ljubljana City Municipality,24,400
Q677754,Ludendorff Bridge,bridge,50.57917,7.24417,DE,Remagen,19,400
Q693731,Grosvenor Bridge,bridge,51.48472,-0.1475,GB,London,20,400
Q695095,Stone Bridge,bridge,49.02178,12.09728,DE,Regensburg,18,400
Q707706,Göltzsch Viaduct,bridge,50.6225,12.24583,DE,Reichenbach im Vogtland,24,400
Q712133,Allenby Bridge,bridge,31.87417,35.54083,JO,Area C,22,400
Q733320,Tjörn Bridge,bridge,58.05944,11.78056,SE,Stenungsund Municipality,14,400
Q734903,Pons Cestius,bridge,41.88999,12.47725,IT,Roma Capitale,24,400
Q747908,"Centennial Bridge, Panama",bridge,9.03005,-79.63569,PA,Panama,23,400
Q758638,Auckland Harbour Bridge,bridge,-36.82944,174.74639,NZ,Auckland Region,19,400
Q2336867,Puente de la Mujer,bridge,-34.60794,-58.36491,AR,Buenos Aires,23,400
Q2340139,Poniatowski Bridge,bridge,52.23601,21.04141,PL,Warsaw,16,400
Q2346069,South Stack,bridge,53.30681,-4.69875,GB,Isle of Anglesey,17,400
Q2361244,Krymsky Bridge,bridge,55.73389,37.59889,RU,Yakimanka District,22,400
Q2374688,Askøy Bridge,bridge,60.39611,5.21417,NO,Askøy Municipality,17,400
Q2458142,Dyavolski most,bridge,41.62062,25.11421,BG,Kardzhali,20,400
Q2465864,Tyne Bridge,bridge,54.96819,-1.60625,GB,Gateshead,16,400
Q2467654,Pivnichnyi Bridge,bridge,50.49111,30.53722,UA,Kyiv,15,400
Q2471370,Haghtanak bridge,bridge,40.1749,44.4994,AM,Yerevan,21,400
Q2475012,Kyiv Metro Bridge,bridge,50.44278,30.565,UA,Kyiv,24,400
Q2511710,Red Bridge,bridge,41.32922,45.07311,AZ,Gazakh District,22,400
Q2571655,Delal Bridge,bridge,37.13611,42.695,IQ,Zakho,14,400
Q2618925,Blue Bridge,bridge,59.93167,30.30889,RU,Saint Petersburg,17,400
Q2625335,Jiangyin Yangtze River Bridge,bridge,31.94528,120.26944,CN,Jiangyin,18,400
Q2657645,Mindaugas Bridge,bridge,54.68889,25.28833,LT,Vilnius,18,400
Q2670019,Long Bien Bridge,bridge,21.04333,105.85889,VN,Hanoi,16,400
Q2679759,Tancredo Neves Bridge,bridge,-25.58893,-54.56157,BR,Foz do Iguaçu,14,400
Q2717392,Ponte delle Tette,bridge,45.43885,12.33095,IT,Venice,15,400
Q2724307,Mahatma Gandhi Setu,bridge,25.62194,85.20714,IN,,19,400
Q2785646,Ponte Umberto I,bridge,41.9025,12.47139,IT,Roma Capitale,14,400
Q2792530,Ponte Cavour,bridge,41.90497,12.47439,IT,Roma Capitale,14,400
Q2916595,Daughters of Jacob Bridge,bridge,33.01028,35.62829,IL,Upper Galilee Regional Council,14,400
Q2980588,Mathematical Bridge,bridge,52.2022,0.11504,GB,Cambridge,14,400
Q2993838,Khudafarin Bridges,bridge,39.15744,46.9385,AZ,Jabrayil District,24,400
Q2994703,Red Bridge,bridge,59.93299,30.31526,RU,Saint Petersburg,14,400
Q3043107,Humen Pearl River Bridge,bridge,22.79306,113.60861,CN,Guangzhou,15,400
Q3044043,Kvalsund Bridge,bridge,70.5134,23.9508,NO,Hammerfest,15,400
Q3046103,Replot Bridge,bridge,63.20667,21.4715,FI,Korsholm,14,400
Q3082765,Nanjing Yangtze River Bridge,bridge,32.11528,118.73889,CN,Nanjing,17,400
Q3087620,Sanjō Ōhashi Bridge,bridge,35.00907,135.77174,JP,Kyoto,19,400
Q3107472,Red Bridge,bridge,40.1716,44.49989,AM,Yerevan,20,400
Q3114751,Great Bridge of Hrazdan,bridge,40.19139,44.48222,AM,Yerevan,18,400
Q3133093,Písek Stone Bridge,bridge,49.30988,14.14579,CZ,Písek,14,400
Q3137862,Pont de la Margineda,bridge,42.48417,1.49194,AD,Andorra la Vella,14,400
Q3319855,Helgeland bridge,bridge,66.03783,12.72025,NO,Leirfjord Municipality,15,400
Q3396957,Davtashen Bridge,bridge,40.21,44.49278,AM,Yerevan,15,400
Q3397053,Malabadi Bridge,bridge,38.15348,41.20373,TR,Silvan,15,400
Q3397334,Pupin Bridge,bridge,44.8675,20.3817,RS,Belgrade,14,400
Q3603778,Kyrkbron,bridge,63.82083,20.26667,SE,Umeå Municipality,23,400
Q3656540,Ibër Bridge,bridge,42.89163,20.86609,XK,,14,400
Q3657086,Anghel Saligny Bridge,bridge,44.34043,28.01702,RO,Constanța County,15,400
Q4067523,Antonivka Railway Bridge,bridge,46.67583,32.79637,UA,Antonivka,15,400
Q4067525,Antonivka Road Bridge,bridge,46.67,32.72028,UA,Kherson,22,400
Q4092754,Bolshoy Moskvoretsky Bridge,bridge,55.74917,37.62444,RU,Yakimanka District,15,400
Q1574275,Strömsund Bridge,bridge,63.85,15.54722,SE,Strömsund Municipality,15,400
Q1579892,Carioca Aqueduct,bridge,-22.91259,-43.17985,BR,Rio de Janeiro,15,400
Q1587288,Stonecutters Bridge,bridge,22.32611,114.11833,CN,Kwai Tsing District,16,400
Q1743883,Volga Hydroelectric Station,bridge,48.82611,44.67194,RU,Volgograd Oblast,18,400
Q1758497,Pont Royal,bridge,48.86,2.32972,FR,1st arrondissement of Paris,21,400
Q1766409,O'Connell Bridge,bridge,53.34727,-6.2591,IE,Dublin,15,400
Q1773424,Pont de pierre,bridge,44.83847,-0.56278,FR,Bordeaux,14,400
Q1785659,Uddevalla Bridge,bridge,58.325,11.84306,SE,Uddevalla Municipality,15,400
Q1809027,Castelvecchio Bridge,bridge,45.44028,10.98722,IT,Verona,14,400
Q1813523,Rama IX Bridge,bridge,13.68237,100.51791,TH,Bangkok,18,400
Q1816823,Pont Valentré,bridge,44.44508,1.43179,FR,Cahors,14,400
Q1846516,Royal Gorge Bridge,bridge,38.46167,-105.325,US,Fremont County,14,400
Q1853634,General Artigas Bridge,bridge,-32.26462,-58.10154,UY,Paysandú Department,14,400
Q1854285,Pamban Bridge,bridge,9.28247,79.19993,IN,Ramanathapuram district,24,400
Q1865088,Liteyny Bridge,bridge,59.95186,30.34947,RU,Saint Petersburg,16,400
Q1868889,London Bridge,bridge,34.4716,-114.34756,US,London,14,400
Q1886615,Mala Rijeka Viaduct,bridge,42.5525,19.3875,ME,,18,400
Q1930127,Gateshead Millennium Bridge,bridge,54.96944,-1.59972,GB,Gateshead,24,400
Q1953756,Goteik viaduct,bridge,22.34306,96.85972,MM,Shan State,16,400
Q1973889,Qasr al-Nil Bridge,bridge,30.04374,31.22967,EG,Cairo Governorate,15,400
Q1982908,New River Gorge Bridge,bridge,38.06889,-81.0825,US,Fayetteville,17,400
Q2001686,The Rolling Bridge,bridge,51.51839,-0.17474,GB,City of Westminster,18,400
Q2004707,Puente Nuevo,bridge,36.74063,-5.16585,ES,Ronda,22,400
Q2029084,Green Bridge,bridge,54.69139,25.28,LT,Vilnius,17,400
Q2035546,Chengyang Yongji Bridge,bridge,25.90045,109.63806,CN,Ma'an Village,19,400
Q2037013,San Juanico Bridge,bridge,11.30278,124.97194,PH,Santa Rita,20,400
Q2060757,Trinity Bridge,bridge,59.94859,30.32748,RU,Saint Petersburg,18,400
Q2062395,San Diego–Coronado Bridge,bridge,32.6865,-117.1583,US,California,14,400
Q2063557,Ponte d'Augusto,bridge,44.06367,12.56383,IT,Rimini,16,400
Q2073282,Pont Aval,bridge,48.835,2.26389,FR,15th arrondissement of Paris,17,400
Q2073308,Pont de l'Archevêché,bridge,48.85167,2.35167,FR,Paris,19,400
Q2091681,Conwy Suspension Bridge,bridge,53.2805,-3.82382,GB,Q634054,15,400
Q2117406,Rande Bridge,bridge,42.28808,-8.66051,ES,Domaio,15,400
Q2157246,U Bein Bridge,bridge,21.8915,96.0572,MM,Amarapura,18,400
Q2164354,Seven Mile Bridge,bridge,24.68194,-81.22389,US,Florida,15,400
Q2209135,Sami Bridge,bridge,69.91081,27.03185,NO,Tana Municipality,19,400
Q2263851,Sultan Abdul Halim Muadzam Shah Bridge,bridge,5.24979,100.35135,MY,Penang,15,400
Q2271703,viaduc d'Austerlitz,bridge,48.84361,2.36778,FR,12th arrondissement of Paris,19,400
Q2273701,pont de Grenelle,bridge,48.85029,2.28007,FR,Paris,17,400
Q2274186,Passerelle Debilly,bridge,48.86306,2.29639,FR,16th arrondissement of Paris,15,400
Q2302271,Sunshine Skyway Bridge,bridge,27.625,-82.65861,US,Florida,19,400
Q2307584,Pont Rouelle,bridge,48.85227,2.28306,FR,Paris,16,400
Q2307670,pont de Tolbiac,bridge,48.83333,2.38194,FR,12th arrondissement of Paris,16,400
Q2307685,pont National,bridge,48.82806,2.38694,FR,12th arrondissement of Paris,15,400
Q2307722,Pont d'Austerlitz,bridge,48.845,2.36611,FR,12th arrondissement of Paris,22,400
Q513655,Pont de la Tournelle,bridge,48.85066,2.35552,FR,Paris,18,400
Q530858,Queen Louise Bridge,bridge,55.08361,21.90556,LT,Sovetsk,15,400
Q545578,Ponte Santa Trinita,bridge,43.76889,11.25028,IT,Florence,17,400
Q550953,Anichkov Bridge,bridge,59.93333,30.34333,RU,Saint Petersburg,22,400
Q551446,Zhaozhou Bridge,bridge,37.72017,114.76325,CN,Zhao County,19,400
Q567518,Loschwitz Bridge,bridge,51.05361,13.81083,DE,Dresden,15,400
Q567962,Third Mainland Bridge,bridge,6.5,3.40139,NG,Lagos,15,400
Q568902,Sutong Yangtze River Bridge,bridge,31.77722,120.995,CN,Suzhou,21,400
Q580046,Salginatobel Bridge,bridge,46.98167,9.71833,CH,Schiers,14,400
Q581198,Fourth Thai–Lao Friendship Bridge,bridge,20.28333,100.41667,LA,Ban Houayxay,16,400
Q581532,"Puente de Alcántara, Toledo",bridge,39.8603,-4.0175,ES,Toledo,14,400
Q770949,Bridge Vittorio Emanuele II,bridge,41.90111,12.46444,IT,Roma Capitale,16,400
Q775528,Saratov Bridge,bridge,51.51722,46.07056,RU,Saratov,18,400
Q781659,Petőfi Bridge,bridge,47.47889,19.06333,HU,Budapest,24,400
Q787108,Rákóczi Bridge,bridge,47.46861,19.0675,HU,Budapest,23,400
Q800135,Bagration Bridge,bridge,55.74723,37.54507,RU,Moscow,18,400
Q4290838,Merefa-Kherson bridge,bridge,48.46774,35.08333,UA,Dnipro,14,400
Q4812886,Atatürk Bridge,bridge,41.02424,28.96531,TR,Istanbul,23,400
Q4827383,Ava Bridge,bridge,21.87111,95.9925,MM,,14,400
Q4855911,Chenab Bridge,bridge,33.15083,74.8825,IN,Reasi district,24,400
Q184390,Zeeland Bridge,bridge,51.61111,3.88972,,Noord-Beveland,18,400
Q683180,Muntplein,bridge,52.36694,4.89333,,Amsterdam,14,400
Q883126,Blauwbrug,bridge,52.36634,4.90084,,Amsterdam,15,400
Q1344400,Magere Brug,bridge,52.36359,4.90236,,Amsterdam,22,400
Q4519,Naqsh-e Jahan Square,square,32.65822,51.67733,IR,District 3,67,350
Q11259,Times Square,square,40.7575,-73.98583,US,Manhattan,72,350
Q41116,Red Square,square,55.75417,37.62,RU,Moscow,101,350
Q83425,Saint Peter's Square,square,41.90218,12.45724,VA,Vatican City,66,350
Q129143,Trafalgar Square,square,51.50806,-0.12806,GB,City of Westminster,73,350
Q164055,Tiananmen Square,square,39.90457,116.39139,CN,Donghuamen Subdistrict,78,350
Q180212,Roman Forum,square,41.8922,12.4852,IT,Rome,72,350
Q189503,place de la Concorde,square,48.86563,2.32124,FR,Quartier de la Madeleine,62,350
Q12192963,Al-Aqsa Mosque,square,31.77611,35.23583,PS,Jerusalem,103,350
Q12061,Tahrir Square,square,30.04444,31.23583,EG,Cairo,53,350
Q28303,Campo de' Fiori,square,41.89566,12.47205,IT,Rome,36,350
Q36998,Freedom Square,square,41.6934,44.8015,GE,Tbilisi,29,350
Q63785,Piazza Colonna,square,41.90106,12.47992,IT,Rome,26,350
Q72218,Kim Il-sung Square,square,39.01953,125.75247,KP,Pyongyang,34,350
Q110000,Madison Square and Madison Square Park,square,40.74222,-73.98806,US,Manhattan,31,350
Q110007,Union Square,square,40.73556,-73.99056,US,Manhattan,28,350
Q152252,Potsdamer Platz,square,52.50894,13.37633,DE,Bezirk Mitte,50,350
Q152783,Alexanderplatz,square,52.52167,13.41361,DE,Bezirk Mitte,49,350
Q156716,Pariser Platz,square,52.51639,13.37889,DE,Bezirk Mitte,34,350
Q170103,Gendarmenmarkt,square,52.51361,13.39278,DE,Bezirk Mitte,31,350
Q175055,place de la République,square,48.86728,2.36406,FR,10ᵗʰ arrondissement of Paris,32,350
Q179656,Amphitheater of Nîmes,square,43.83489,4.35963,FR,Nîmes,27,350
Q211295,Trajan's Forum,square,41.89542,12.48587,IT,Rome,47,350
Q217527,Piazza San Marco,square,45.434,12.338,IT,Venice,54,350
Q252648,Marienplatz,square,48.13722,11.57528,DE,Altstadt-Lehel,40,350
Q258348,Jemaa el-Fnaa,square,31.62597,-7.9891,MA,Marrakech,38,350
Q283650,Forum Boarium,square,41.88889,12.48111,IT,Rome,29,350
Q299973,Heroes' Square,square,47.51528,19.07806,HU,Budapest district XIV,46,350
Q377002,Ban Jelačić Square,square,45.81306,15.97722,HR,Zagreb,26,350
Q390243,place Charles-de-Gaulle,square,48.87389,2.29472,FR,16th arrondissement of Paris,42,350
Q421678,Old Town Square,square,50.0875,14.42139,CZ,Old Town,39,350
Q426064,Stanislas Square,square,48.69361,6.18333,FR,Nancy,33,350
Q427163,Puerta del Sol,square,40.41694,-3.70361,ES,Madrid,34,350
Q463400,Piazza Navona,square,41.89871,12.47316,IT,Rome,47,350
Q465811,National Mall,square,38.88962,-77.02298,US,"Washington, D.C.",48,350
Q510323,Speakers' Corner,square,51.51171,-0.15978,GB,City of Westminster,27,350
Q525297,Piazzale Loreto,square,45.48623,9.21677,IT,Milan,25,350
Q526595,place du Tertre,square,48.88667,2.34083,FR,18th arrondissement of Paris,30,350
Q609528,Skanderbeg Square,square,41.32791,19.81846,AL,Tirana,30,350
Q643520,Place Vendôme,square,48.8675,2.32944,FR,1st arrondissement of Paris,42,350
Q686911,Forum Nervae,square,41.89305,12.48617,IT,Rome,26,350
Q699504,Bebelplatz,square,52.5164,13.3939,DE,Bezirk Mitte,25,350
Q700128,Heldenplatz,square,48.20628,16.36376,AT,Innere Stadt,25,350
Q700887,Theresienwiese,square,48.1333,11.55,DE,Ludwigsvorstadt-Isarvorstadt,25,350
Q702512,Lustgarten,square,52.51861,13.39972,DE,Bezirk Mitte,26,350
Q736072,Taksim Square,square,41.03694,28.98583,TR,Beyoğlu,50,350
Q750245,"Piazza del Duomo, Pisa",square,43.72343,10.39478,IT,Pisa,50,350
Q756621,Las Ventas,square,40.43208,-3.66328,ES,Madrid,29,350
Q778784,Place de la Bastille,square,48.85314,2.36911,FR,11th arrondissement of Paris,42,350
Q822881,Plaça de Catalunya,square,41.38703,2.17008,ES,Gothic Quarter,37,350
Q824997,piazza del Popolo,square,41.91071,12.47632,IT,Municipio I,39,350
Q847613,Wenceslas Square,square,50.08231,14.42614,CZ,New Town,41,350
Q848912,Leicester Square,square,51.51028,-0.13028,GB,City of Westminster,41,350
Q849846,piazza della Signoria,square,43.76972,11.25556,IT,Florence,35,350
Q856968,Forum of Caesar,square,41.89401,12.48494,IT,Rome,31,350
Q863759,Maidan Nezalezhnosti,square,50.45025,30.52389,UA,Kyiv,54,350
Q874832,piazza Venezia,square,41.89639,12.4825,IT,Rome,38,350
Q898629,place des Vosges,square,48.85556,2.36556,FR,3rd arrondissement of Paris,40,350
Q947037,piazza Barberini,square,41.90361,12.48833,IT,Rome,27,350
Q956018,Plaza de España,square,37.37708,-5.9869,ES,Seville,27,350
Q961993,Freedom Square,square,50.00444,36.23417,UA,Kharkiv,30,350
Q999002,Praça do Comércio,square,38.7075,-9.13639,PT,Santa Maria Maior,32,350
Q1061229,piazza del Campo,square,43.3184,11.33145,IT,Siena,31,350
Q1074318,National Museum of China,square,39.90361,116.395,CN,Donghuamen Subdistrict,45,350
Q1078123,People's Square,square,31.2309,121.4703,CN,Shanghai,25,350
Q1123493,Main Square,square,40.41546,-3.70738,ES,Sol,37,350
Q1126357,Plaza de Mayo,square,-34.60833,-58.37194,AR,Monserrat,28,350
Q839050,Dam Square,square,52.37306,4.89278,,Amsterdam,33,350
Q1132624,Palace Square,square,59.93879,30.31481,RU,Saint Petersburg,32,350
Q1137997,Syntagma Square,square,37.97556,23.73472,GR,Athens Municipality,34,350
Q1202365,Piazza della Repubblica,square,41.9025,12.49639,IT,Rome,26,350
Q1254964,Horse Guards Parade,square,51.5047,-0.1283,GB,City of Westminster,25,350
Q1326261,plaza de España,square,40.42339,-3.71223,ES,Madrid,28,350
Q1329554,Senate Square,square,60.16947,24.95228,FI,Helsinki,29,350
Q1348507,Zócalo,square,19.43278,-99.13333,MX,Cuauhtémoc,30,350
Q1362670,place des Victoires,square,48.86583,2.34111,FR,1st arrondissement of Paris,27,350
Q1368556,Parliament Square,square,51.50056,-0.12667,GB,City of Westminster,28,350
Q1373583,Registan,square,39.65472,66.97556,UZ,Samarkand,56,350
Q1422975,Place du Châtelet,square,48.8575,2.34722,FR,Paris,26,350
Q1469337,place de l'Hôtel-de-Ville - Esplanade de la Libération,square,48.85667,2.35139,FR,Quartier Saint-Merri,25,350
Q1537446,plaza de Cibeles,square,40.41917,-3.69306,ES,Madrid,25,350
Q2072409,Freedom Square,square,59.43376,24.74413,EE,Tallinn,30,350
Q2584192,Republic Square,square,40.17753,44.51257,AM,Kentron District,38,350
Q2723969,Place du Carrousel,square,48.86144,2.33412,FR,Paris,25,350
Q2995249,Senate Square,square,59.936,30.303,RU,Saint Petersburg,26,350
Q15124814,Piazza di Spagna,square,41.90595,12.48206,IT,Rome,40,350
Q24009481,Western Wall Plaza,square,31.77648,35.23367,IL,Jerusalem,38,350
Q614,Place Bellecour,square,45.7575,4.83222,FR,2nd arrondissement of Lyon,15,350
Q34921,Piazza del Campidoglio,square,41.89334,12.48292,IT,Rome,22,350
Q48463,Schlossplatz,square,50.0819,8.24139,DE,Wiesbaden,19,350
Q51108,piazza del Duomo,square,45.46417,9.19,IT,Milan,24,350
Q1633670,Theatre Square,square,55.75933,37.61978,RU,Moscow,16,350
Q1635932,Palacio Vistalegre,square,40.38611,-3.73889,ES,Madrid,18,350
Q1645600,piazza Unità d'Italia,square,45.65,13.76786,IT,Trieste,15,350
Q1665695,Quattro Canti,square,38.11568,13.36149,IT,Palermo,17,350
Q1704545,Praça dos Três Poderes,square,-15.80075,-47.86132,BR,Brasília,19,350
Q1750652,Norrmalmstorg,square,59.33333,18.07278,SE,Stockholm Municipality,14,350
Q1759903,Place du Trocadéro,square,48.86306,2.28722,FR,16th arrondissement of Paris,14,350
Q1807096,Marquess of Pombal Square,square,38.72528,-9.15,PT,Lisbon,14,350
Q1810430,place Dauphine,square,48.85654,2.34243,FR,Saint-Germain-l'Auxerrois,24,350
Q1810764,place de Clichy,square,48.88352,2.32739,FR,17th arrondissement of Paris,16,350
Q1850614,University Square,square,44.43555,26.10235,RO,Bucharest,17,350
Q1851912,Plaza de las Tres Culturas,square,19.45167,-99.13611,MX,Cuauhtémoc,19,350
Q1865794,Mont des Arts - Kunstberg,square,50.84421,4.35761,BE,Brussels,14,350
Q1889515,Prešeren Square,square,46.05137,14.50595,SI,Ljubljana City Municipality,22,350
Q1966521,place d'Italie,square,48.83161,2.35578,FR,13th arrondissement of Paris,15,350
Q1980511,Market Square,square,49.84147,24.03127,UA,Lviv,15,350
Q1988837,Cathedral Square,square,54.68528,25.2875,LT,Vilnius,24,350
Q1995558,"Independence Square, Minsk",square,53.89556,27.54778,BY,Maskowski District,15,350
Q1996213,Oxford Circus,square,51.51528,-0.14194,GB,City of Westminster,21,350
Q2013874,Plaça d'Espanya,square,41.37504,2.14911,ES,Montjuïc,23,350
Q2032089,Sloane Square,square,51.49252,-0.15719,GB,Royal Borough of Kensington and Chelsea,15,350
Q2033759,Plaza de Toros de Pamplona,square,42.81587,-1.63955,ES,Pamplona,15,350
Q2056775,Paternoster Square,square,51.51472,-0.09944,GB,City of London,16,350
Q2067174,plaça del Rei,square,41.38413,2.17744,ES,Gothic Quarter,16,350
Q2082605,Plaça Sant Jaume,square,41.3825,2.17694,ES,Gothic Quarter,15,350
Q2085218,Temple Square,square,40.77056,-111.8925,US,Salt Lake City,16,350
Q2091963,Piazza Farnese,square,41.89516,12.47123,IT,Rome,15,350
Q2099121,Plaza Independencia,square,-34.9065,-56.19975,UY,Montevideo,15,350
Q2099124,Plaza San Martín,square,-34.59444,-58.375,AR,Buenos Aires,14,350
Q2099125,Plaza del Callao,square,40.41995,-3.7058,ES,Sol,14,350
Q2178686,City Hall Square,square,55.67606,12.56883,DK,Copenhagen Municipality,16,350
Q2193218,Oriente square,square,40.41806,-3.71222,ES,Madrid,16,350
Q2234574,Ba Ðình Square,square,21.03667,105.83583,VN,Hanoi,19,350
Q2252810,Piazza del Duomo,square,43.77287,11.25656,IT,Florence,14,350
Q2253418,Manezhnaya Square,square,55.75583,37.61472,RU,Moscow,23,350
Q2274061,Plaza de toros de la Maestranza,square,37.38596,-5.99841,ES,Seville,22,350
Q2349318,Praça da Liberdade,square,-19.93207,-43.93806,BR,Belo Horizonte,15,350
Q2352588,Saint Isaac's Square,square,59.9331,30.3068,RU,Saint Petersburg,16,350
Q2416242,Lubyanka Square,square,55.75944,37.62694,RU,Tverskoy District,23,350
Q2429499,Kontraktova Square,square,50.46389,30.51806,UA,Kyiv,14,350
Q2476039,Azadi Square,square,35.69972,51.33778,IR,Tehran,19,350
Q2501733,St. Mark's Square,square,45.81639,15.97389,HR,Gornji Grad–Medveščak,18,350
Q2518575,Piazza della Minerva,square,41.89806,12.4775,IT,Pigna,14,350
Q2536763,"Plaza Mayor, Lima",square,-12.04596,-77.03054,PE,Lima,16,350
Q2547111,Cortile del Belvedere,square,41.90417,12.45472,VA,Vatican City,15,350
Q2570082,Cathedral Square,square,55.75056,37.6175,RU,Moscow,15,350
Q2632676,Bolotnaya Square,square,55.745,37.6175,RU,Yakimanka District,20,350
Q2633804,Republic Square,square,44.81644,20.46011,RS,Belgrade,22,350
Q2635425,Victory Square,square,53.90853,27.57478,BY,Minsk,17,350
Q2636862,Prato della Valle,square,45.39833,11.87584,IT,Padua,18,350
Q2638276,Merdeka Square,square,-6.17528,106.82722,ID,Jakarta,24,350
Q2656831,"Halytska Square, Kyiv",square,50.4469,30.4922,UA,Kyiv,14,350
Q2661168,place de la Carrière,square,48.6958,6.18167,FR,Nancy,16,350
Q2711992,Plaza de la Villa,square,40.41528,-3.71056,ES,Madrid,14,350
Q2717102,piazza delle Erbe,square,45.44306,10.99722,IT,Verona,16,350
Q2717404,Piazzale Roma,square,45.438,12.3181,IT,Venice,16,350
Q2718057,piazza Grande,square,44.64592,10.92561,IT,Modena,16,350
Q2720522,parvis Notre-Dame - place Jean-Paul-II,square,48.85351,2.34839,FR,Quartier Notre-Dame,16,350
Q2723163,Bharat Mandapam,square,28.61681,77.24336,IN,Jangpura tehsil,15,350
Q2889910,Dizengoff Square,square,32.07806,34.77417,IL,Tel Aviv,15,350
Q2914748,place d'Alliance,square,48.69382,6.18632,FR,Nancy,16,350
Q2915104,Rabin Square,square,32.08083,34.78056,IL,Tel Aviv,22,350
Q2988303,Ala-Too Square,square,42.87639,74.60389,KG,Bishkek,20,350
Q2997168,European Square,square,50.45222,30.5275,UA,Kyiv,18,350
Q3043065,Independence Square,square,3.14882,101.69367,MY,Kuala Lumpur,22,350
Q3048023,Stortorget,square,59.325,18.07083,SE,Stockholm Municipality,21,350
Q639321,Museumplein,square,52.35761,4.88162,,Amsterdam,23,350
Q1187380,Augustaion,square,41.008,28.979,,,16,350
Q1409805,Leidseplein,square,52.36413,4.88297,,Amsterdam,14,350
Q1568693,Nieuwmarkt,square,52.37257,4.9005,,Amsterdam,16,350
Q1579642,Rembrandtplein,square,52.36602,4.89664,,Amsterdam,16,350
Q3070972,Macedonia Square,square,41.99612,21.4317,MK,Centar Municipality,18,350
Q3090480,Plaza de Bolívar,square,4.59806,-74.0758,CO,Bogotá,16,350
Q3232906,Azadliq Square,square,40.3725,49.85333,AZ,Baku,14,350
Q3234894,Tartini Square,square,45.52852,13.56829,SI,Piran,16,350
Q3389969,place Diana,square,48.86417,2.30083,FR,16th arrondissement of Paris,20,350
Q3390456,"Revolution Square, Bucharest",square,44.43856,26.0975,RO,Bucharest,16,350
Q3457157,Piazza della Rotonda,square,41.89931,12.47675,IT,Rome,19,350
Q4900869,Bhaktapur Durbar Square,square,27.67218,85.42845,NP,Bhaktapur,18,350
Q4921908,Black Star Square,square,5.5476,-0.1926,GH,Accra Metropolitan District,17,350
Q5160826,Congress Square,square,46.05007,14.50369,SI,Ljubljana City Municipality,15,350
Q5474853,"Fountains Square, Baku",square,40.37083,49.83667,AZ,Sabail raion,17,350
Q5500627,Freedom Square,square,40.18536,44.51522,AM,Yerevan,23,350
Q5544754,George Square,square,55.86111,-4.25028,GB,Glasgow City,14,350
Q5623300,Gwanghwamun Plaza,square,37.57278,126.97667,KR,Seoul,15,350
Q6043077,Beyazıt Square,square,41.01052,28.9677,TR,Istanbul,15,350
Q6122177,Basantapur Durbar Square,square,27.70407,85.30708,NP,Kathmandu,24,350
Q7144236,Patan Durbar Square,square,27.67307,85.32571,NP,Lalitpur,18,350
Q7214285,São Francisco Square,square,-11.01361,-37.20556,BR,Sergipe,17,350
Q12034073,Arch. Plečnik's Marketplace,square,46.05143,14.50857,SI,Ljubljana City Municipality,20,350
Q16102159,Mount Herzl Plaza,square,31.77379,35.18026,IL,Jerusalem,22,350
Q1411047,Náměstí Republiky,square,50.0882,14.42856,CZ,New Town,14,350
Q1411612,piazza De Ferrari,square,44.40726,8.93405,IT,Genoa,16,350
Q1426190,plaça de les Glòries Catalanes,square,41.40333,2.18694,ES,Sant Martí,14,350
Q1453036,Nikola Pašić Square,square,44.81269,20.46294,RS,Belgrade,14,350
Q1514053,Charles Square,square,50.07583,14.42083,CZ,New Town,17,350
Q1519964,Royal Square,square,41.38,2.175,ES,Gothic Quarter,17,350
Q1541068,largo di Torre Argentina,square,41.89528,12.47694,IT,Rome,21,350
Q1549270,Rossio Square,square,38.71389,-9.13944,PT,Freguesia de Santa Justa,18,350
Q1573359,Place de la Nation,square,48.84833,2.39583,FR,Paris,23,350
Q1589941,Kongens Nytorv,square,55.68028,12.58583,DK,Copenhagen Municipality,18,350
Q1608760,Hötorget,square,59.33486,18.06217,SE,Stockholm Municipality,15,350
Q109982,Herald Square,square,40.75012,-73.98774,US,Manhattan,14,350
Q131995,Platz der Republik,square,52.5186,13.3725,DE,Bezirk Mitte,18,350
Q181132,Nollendorfplatz,square,52.4992,13.3539,DE,Tempelhof-Schöneberg,20,350
Q181189,Arles Amphitheatre,square,43.67775,4.63092,FR,Arles,20,350
Q181837,Komsomolskaya Square,square,55.775,37.65417,RU,Krasnoselsky District,17,350
Q195141,Römerberg,square,50.11028,8.68222,DE,Frankfurt,16,350
Q227659,Zuccotti Park,square,40.70917,-74.01111,US,Manhattan,16,350
Q242067,Schloßplatz,square,48.7785,9.17991,DE,Stuttgart-Mitte,14,350
Q259839,Odeonsplatz,square,48.14222,11.5775,DE,Maxvorstadt,21,350
Q299975,Szabadság tér,square,47.50472,19.05028,HU,Budapest District V,16,350
Q337522,La Monumental,square,41.4,2.18111,ES,Fort Pienc,16,350
Q383586,Pearl Roundabout,square,26.23028,50.56139,BH,Manama,19,350
Q425754,Omonoia Square,square,37.98408,23.72834,GR,Athens Municipality,22,350
Q514642,Neumarkt,square,51.0516,13.7403,DE,Dresden,15,350
Q523311,Plaza de toros de la Malagueta,square,36.72038,-4.4108,ES,Málaga,15,350
Q526528,Plaza de Toros de Valencia,square,39.46667,-0.37625,ES,Russafa,14,350
Q527972,Union Square,square,37.78806,-122.4075,US,San Francisco,15,350
Q561084,Königsplatz,square,48.14556,11.56528,DE,Maxvorstadt,16,350
Q570848,Vörösmarty tér,square,47.49664,19.05062,HU,Budapest District V,24,350
Q585938,Slavija Square,square,44.8025,20.4664,RS,Belgrade,19,350
Q602107,place Pigalle,square,48.88217,2.33728,FR,9th arrondissement of Paris,19,350
Q606406,Jan Palach Square,square,50.08889,14.41472,CZ,Old Town,17,350
Q607810,Yonge Dundas Square,square,43.65603,-79.38013,CA,Toronto,22,350
Q612619,Nikola Šubić Zrinski Square,square,45.81028,15.97806,HR,Donji grad,14,350
Q621107,National Flag Square,square,40.34444,49.845,AZ,Baku,23,350
Q630780,Merrion Square,square,53.33972,-6.24917,IE,Dublin,15,350
Q633284,Umschlagplatz in Warsaw ghetto,square,52.25231,20.98908,PL,Śródmieście,18,350
Q634917,Piazza Maggiore,square,44.49373,11.34306,IT,Bologna,19,350
Q648165,Hackescher Markt,square,52.52333,13.40278,DE,Bezirk Mitte,18,350
Q659158,Rosa-Luxemburg-Platz,square,52.5269,13.4111,DE,Bezirk Mitte,17,350
Q667472,Aristotelous Square,square,40.63246,22.94119,GR,Thessaloniki Municipality,19,350
Q672806,Leipziger Platz,square,52.50964,13.37844,DE,Bezirk Mitte,19,350
Q686629,Viktualienmarkt,square,48.1353,11.5761,DE,Altstadt-Lehel,20,350
Q698370,Breitscheidplatz,square,52.50483,13.33617,DE,Charlottenburg-Wilmersdorf,22,350
Q699937,Graben,square,48.20861,16.36991,AT,Vienna,18,350
Q699952,Maria-Theresien-Platz,square,48.2046,16.3605,AT,Innere Stadt,16,350
Q700043,Wittenbergplatz,square,52.5019,13.3428,DE,Tempelhof-Schöneberg,18,350
Q700753,Karlsplatz,square,48.1992,16.37,AT,Vienna,24,350
Q701662,Stephansplatz,square,48.2084,16.3725,AT,Vienna,21,350
Q744776,campo San Polo,square,45.4375,12.3299,IT,Venice,15,350
Q767544,Sanam Luang,square,13.755,100.49306,TH,Phra Borom Maha Ratchawang,17,350
Q791408,Batthyány Square,square,47.50622,19.03861,HU,Budapest District I,15,350
Q829294,Schloßplatz,square,52.51694,13.40139,DE,Bezirk Mitte,17,350
Q844426,Sergels torg,square,59.3325,18.06444,SE,Stockholm Municipality,22,350
Q848472,Martyrs' Square,square,32.895,13.1811,LY,Tripoli,21,350
Q901479,Copley Square,square,42.35,-71.076,US,Boston,15,350
Q904825,Deák Ferenc tér,square,47.4975,19.055,HU,Budapest District V,18,350
Q920826,Kossuth Square,square,47.50694,19.04722,HU,Budapest District V,16,350
Q923304,Federation Square,square,-37.8178,144.96871,AU,City of Melbourne,17,350
Q926401,piazza Dante,square,40.84902,14.25007,IT,Naples,15,350
Q929269,Piłsudski Square,square,52.24123,21.01276,PL,Śródmieście,14,350
Q932992,Grosvenor Square,square,51.51139,-0.15139,GB,City of Westminster,15,350
Q934011,Kálvin tér,square,47.48969,19.06182,HU,Budapest District IX,15,350
Q948346,Terazije,square,44.815,20.46,RS,Belgrade,18,350
Q949192,Hlavné námestie,square,48.14323,17.10843,SK,Bratislava,14,350
Q959567,Restauradores Square,square,38.71583,-9.14167,PT,Lisbon,15,350
Q970525,plaza de Colón,square,40.42493,-3.68944,ES,Almagro,20,350
Q1047594,piazza del Plebiscito,square,40.8359,14.2488,IT,Naples,19,350
Q1056360,piazza Bra,square,45.43889,10.99278,IT,Verona,15,350
Q1070298,Town Hall Square,square,59.43722,24.74528,EE,Tallinn,19,350
Q1092468,Castle Square,square,52.2475,21.01361,PL,Warsaw,20,350
Q1110313,Pushkinskaya Square,square,55.76556,37.60583,RU,Moscow,15,350
Q1139579,Grand Army Plaza,square,40.7644,-73.9733,US,Manhattan,16,350
Q1187408,Peine del Viento XV,square,43.32177,-2.00567,ES,San Sebastián,15,350
Q1201111,place Saint-Michel,square,48.85333,2.34389,FR,Quartier de la Monnaie,17,350
Q1231380,Forum of Constantine,square,41.009,28.971,TR,Istanbul,21,350
Q1235440,Monastiraki,square,37.97639,23.72361,GR,1st District of Athens,24,350
Q1241176,Forum Holitorium,square,41.89111,12.48,IT,Rome,17,350
Q1247271,Forum of Arcadius,square,41.0077,28.943,TR,Istanbul,14,350
Q1247291,Forum of Theodosius,square,41.00972,28.96361,TR,Istanbul Province,16,350
Q1283790,Piazza della Repubblica,square,43.77139,11.25389,IT,Florence,14,350
Q1305091,Praça da Figueira,square,38.71374,-9.13787,PT,Santa Maria Maior,15,350
Q1346906,Russell Square,square,51.52213,-0.12637,GB,London Borough of Camden,22,350
Q1348158,piazzale Michelangelo,square,43.76292,11.26516,IT,Florence,17,350
Q1348864,Sükhbaatar Square,square,47.9189,106.918,MN,Ulaanbaatar,19,350
Q5471,La Scala,opera_house,45.46734,9.1888,IT,Milan,74,300
Q45178,Sydney Opera House,opera_house,-33.85706,151.2149,AU,City of Sydney,99,300
Q187840,Palais Garnier,opera_house,48.87194,2.33167,FR,Quartier de la Chaussée-d'Antin,63,300
Q28964,Auditorio de Tenerife,opera_house,28.45607,-16.25128,ES,Santa Cruz de Tenerife,52,300
Q36833,Hungarian State Opera House,opera_house,47.50278,19.05833,HU,Budapest District VI,40,300
Q43280,Oslo Opera House,opera_house,59.90694,10.75361,NO,Oslo Municipality,44,300
Q48623,Azerbaijan State Academic Opera and Ballet Theater,opera_house,40.3747,49.8454,AZ,Baku,39,300
Q55018,Royal Opera House,opera_house,51.51306,-0.12278,GB,London,56,300
Q127097,Semperoper,opera_house,51.05444,13.73528,DE,Dresden,40,300
Q195513,Odesa Opera and Ballet Theater,opera_house,46.4855,30.7413,UA,Odesa,31,300
Q207028,Mariinsky Theatre,opera_house,59.9252,30.2874,RU,Saint Petersburg,53,300
Q209937,Vienna State Opera house,opera_house,48.20333,16.36917,AT,Innere Stadt,55,300
Q223942,Teatro La Fenice,opera_house,45.4337,12.3339,IT,Venice,44,300
Q261439,Teatro Massimo Vittorio Emanuele,opera_house,38.12028,13.35722,IT,Palermo,28,300
Q268151,Croatian National Theatre in Zagreb,opera_house,45.8095,15.97,HR,Zagreb,32,300
Q278908,Margravial Opera House,opera_house,49.94434,11.57866,DE,Bayreuth,34,300
Q312576,Berlin State Opera,opera_house,52.51667,13.39472,DE,Bezirk Mitte,37,300
Q329133,Bayreuth Festival Theatre,opera_house,49.96,11.57972,DE,Bayreuth,34,300
Q588377,Teatro Argentina,opera_house,41.89556,12.47611,IT,Rome,27,300
Q628491,Teatro di San Carlo,opera_house,40.83739,14.24969,IT,Naples,44,300
Q637834,Deutsche Oper Berlin,opera_house,52.51278,13.30833,DE,Berlin,27,300
Q638423,Opéra Bastille,opera_house,48.85194,2.37056,FR,Quartier des Quinze-Vingts,41,300
Q641556,Verona Arena,opera_house,45.43889,10.99444,IT,Verona,43,300
Q670406,Zürich Opera House,opera_house,47.365,8.54694,CH,Zurich,28,300
Q687694,Komische Oper Berlin,opera_house,52.51583,13.38694,DE,Bezirk Mitte,25,300
Q694747,Vienna Volksoper,opera_house,48.2245,16.3504,AT,Vienna,27,300
Q827401,Colón Theater,opera_house,-34.60108,-58.38308,AR,Buenos Aires,36,300
Q838297,Copenhagen Opera House,opera_house,55.68194,12.60056,DK,Copenhagen Municipality,30,300
Q860188,National Centre for the Performing Arts,opera_house,39.90333,116.38361,CN,Xichang'anjie Subdistrict,35,300
Q1130050,Gran Teatre del Liceu,opera_house,41.38028,2.17361,ES,El Raval,26,300
Q1139081,Palace of Fine arts,opera_house,19.43528,-99.14139,MX,Cuauhtémoc,34,300
Q1469315,Théâtre du Châtelet,opera_house,48.85778,2.34639,FR,1st arrondissement of Paris,27,300
Q1847119,National Theatre in Belgrade,opera_house,44.81667,20.46056,RS,Belgrade,26,300
Q2373326,Yerevan Opera Theater,opera_house,40.1858,44.515,AM,Yerevan,29,300
Q2596393,Tbilisi Opera and Ballet Theatre,opera_house,41.70108,44.79628,GE,Tbilisi,32,300
Q21371563,Astana Opera,opera_house,51.13556,71.41092,KZ,Astana,25,300
Q1138851,Stopera,opera_house,52.36727,4.90153,,Amsterdam,12,300
Q3982047,Teatro Malibran,opera_house,45.43899,12.33816,IT,Venice,13,300
Q4080169,Bashkir Theater of Opera and Ballet,opera_house,54.72236,55.945,RU,Ufa,12,300
Q7541826,Opera Ljubljana,opera_house,46.05259,14.50065,SI,Ljubljana City Municipality,14,300
Q11704264,Estonia Theatre,opera_house,59.43472,24.75083,EE,Tallinn,13,300
Q17511186,Stavros Niarchos Foundation Cultural Center,opera_house,37.9397,23.6917,GR,Kallithea Municipality,14,300
Q64649,Opéra Royal de Wallonie,opera_house,50.64333,5.57028,BE,Liège,13,300
Q115035,Perm Opera and Ballet Theatre,opera_house,58.01597,56.24605,RU,Leninsky City District,12,300
Q126646,Chuvash State Opera and Ballet Theater,opera_house,56.14464,47.23701,RU,Cheboksary,15,300
Q133708,National Theatre Košice,opera_house,48.72165,21.25741,SK,Košice,17,300
Q165636,Theater am Kärntnertor,opera_house,48.2039,16.3694,AT,Vienna,20,300
Q183202,Teatro Regio,opera_house,45.07056,7.68778,IT,Turin,18,300
Q188031,Metropolitan Opera House,opera_house,40.7728,-73.9842,US,Upper West Side,13,300
Q246429,Teatro San Cassiano,opera_house,45.43851,12.33037,IT,Venice,13,300
Q267248,Leipzig Opera House,opera_house,51.34028,12.38139,DE,Leipzig,16,300
Q304839,Abay Opera House,opera_house,43.24889,76.94583,KZ,Almaty,16,300
Q436079,Alte Oper,opera_house,50.11583,8.67194,DE,Frankfurt,18,300
Q512614,Kroll Opera House,opera_house,52.5186,13.3706,DE,Bezirk Mitte,18,300
Q521155,Estates Theatre,opera_house,50.08611,14.42389,CZ,Old Town,24,300
Q523565,Teatro San Benedetto,opera_house,45.43525,12.33312,IT,Venice,12,300
Q528066,Teatro Comunale di Firenze,opera_house,43.775,11.239,IT,Florence,13,300
Q532191,Cuvilliés Theatre,opera_house,48.1409,11.58002,DE,Altstadt-Lehel,12,300
Q551479,Royal Theatre of La Monnaie,opera_house,50.84959,4.35425,BE,Brussels,22,300
Q551616,Süreyya Opera House,opera_house,40.98796,29.02898,TR,Istanbul,15,300
Q555332,National Theater and Concert Hall,opera_house,25.035,121.51806,TW,Taipei,13,300
Q555356,Tel Aviv Performing Arts Center,opera_house,32.0764,34.7855,IL,Tel Aviv,13,300
Q555398,Grand Théâtre de Genève,opera_house,46.20167,6.14278,CH,Geneva,13,300
Q559113,Esplanade – Theatres on the Bay,opera_house,1.28972,103.85528,SG,Marina Centre,19,300
Q559560,National Opera and Ballet Theatre of Moldova,opera_house,47.02765,28.82998,MD,Chișinău,12,300
Q568931,Oper Frankfurt,opera_house,50.1081,8.67417,DE,Frankfurt,16,300
Q576800,Manoel Theatre,opera_house,35.89983,14.51282,MT,Valletta,16,300
Q576808,Royal Opera House,opera_house,35.89644,14.51034,MT,Valletta,21,300
Q582203,Athens Concert Hall,opera_house,37.98111,23.75416,GR,Athens Municipality,23,300
Q618239,Graz Opera,opera_house,47.069,15.4456,AT,Graz,15,300
Q705453,Hamburg State Opera,opera_house,53.55667,9.98889,DE,Hamburg-Mitte,24,300
Q707679,National Theatre Munich,opera_house,48.13972,11.57889,DE,Munich,19,300
Q727749,Erkel Theatre,opera_house,47.49694,19.07667,HU,Budapest District VIII,14,300
Q747342,Palau de les Arts Reina Sofia,opera_house,39.45778,-0.35556,ES,Valencia,23,300
Q845510,Teatro Petruzzelli,opera_house,41.1235,16.8728,IT,Bari,15,300
Q872374,Stadttheater Klagenfurt,opera_house,46.6269,14.3052,AT,Klagenfurt am Wörthersee,16,300
Q877699,Carltheater,opera_house,48.215,16.3844,AT,Vienna,15,300
Q883512,Staatstheater Nürnberg,opera_house,49.4464,11.0751,DE,Nuremberg,12,300
Q1049376,Teatro dal Verme,opera_house,45.46712,9.18147,IT,Milan,14,300
Q1056064,New National Theatre Tokyo,opera_house,35.6825,139.68556,JP,Honmachi,15,300
Q1138893,Mahen Theatre,opera_house,49.19611,16.61333,CZ,Brno-město,12,300
Q1146936,Teatro Nacional de São Carlos,opera_house,38.70944,-9.14167,PT,Santa Maria Maior,19,300
Q1186043,Hanoi Opera House,opera_house,21.02417,105.85778,VN,Hanoi,17,300
Q1246092,Lviv Theatre of Opera and Ballet,opera_house,49.84399,24.02618,UA,Lviv,24,300
Q1250287,Dorothy Chandler Pavilion,opera_house,34.05639,-118.24861,US,California,18,300
Q1320197,Teatre Nacional de Catalunya,opera_house,41.39972,2.18611,ES,Fort Pienc,12,300
Q1325611,Shanghai Grand Theatre,opera_house,31.232,121.467,CN,Nanjingdonglu Subdistrict,23,300
Q1332652,Royal Opera House Muscat,opera_house,23.61406,58.46872,OM,Muscat,17,300
Q1429352,Teatro Massimo Bellini,opera_house,37.50417,15.09,IT,Catania,14,300
Q1461939,Gran Teatro de La Habana,opera_house,23.13683,-82.3596,CU,Havana,19,300
Q1478356,Teatro Politeama,opera_house,38.125,13.35667,IT,Palermo,14,300
Q1507772,Malmö Opera,opera_house,55.59611,12.99639,SE,Malmö Municipality,13,300
Q1530985,Alexander Theatre,opera_house,60.16343,24.93334,FI,Helsinki,15,300
Q1541186,Grand Théâtre de Bordeaux,opera_house,44.8425,-0.57361,FR,Bordeaux,14,300
Q1542926,Grand Théâtre de Luxembourg,opera_house,49.61787,6.12788,LU,Luxembourg,14,300
Q1572776,Egyptian Royal Opera House,opera_house,30.0508,31.248,EG,Cairo Governorate,17,300
Q1577048,Opéra de Monte-Carlo,opera_house,43.73889,7.42833,MC,Monte Carlo,20,300
Q1588452,Haskell Free Library and Opera House,opera_house,45.00578,-72.09769,CA,Stanstead,12,300
Q1868965,London Coliseum,opera_house,51.5097,-0.12639,GB,City of Westminster,22,300
Q1886083,State Opera Prague,opera_house,50.08028,14.43278,CZ,Vinohrady,20,300
Q1949129,Saigon Opera House,opera_house,10.77639,106.70278,VN,Ho Chi Minh City,16,300
Q2096472,Teatro Regio (Parma),opera_house,44.80321,10.32691,IT,Parma,13,300
Q2294135,Teatro Lirico Giuseppe Verdi,opera_house,45.6509,13.7687,IT,Trieste,16,300
Q2297627,Municipal Theater of São Paulo,opera_house,-23.54528,-46.63861,BR,Central Zone of São Paulo,20,300
Q2299021,Opera Carlo Felice Genova,opera_house,44.40791,8.93513,IT,Genoa,17,300
Q2306368,Teatro Comunale,opera_house,44.49637,11.35073,IT,Bologna,18,300
Q2389872,Vahdat Hall,opera_house,35.69958,51.41108,IR,District 11,14,300
Q2510029,Göteborgsoperan,opera_house,57.71111,11.96417,SE,Gothenburg Municipality,14,300
Q2706278,Novosibirsk Opera and Ballet Theatre,opera_house,55.03048,82.92446,RU,Novosibirsk,15,300
Q2722950,Bolshoi Kamenny Theatre,opera_house,59.92583,30.29806,RU,Saint Petersburg,18,300
Q2913336,Dubai Opera House,opera_house,25.20795,55.3441,AE,Dubai,16,300
Q2915772,War Memorial Opera House,opera_house,37.7786,-122.421,US,San Francisco,13,300
Q3018029,David H. Koch Theater,opera_house,40.7719,-73.9836,US,Upper West Side,12,300
Q3058143,Drottningholm Palace Theatre,opera_house,59.32307,17.885,SE,Ekerö Municipality,15,300
Q3063375,Theatro da Paz,opera_house,-1.45278,-48.49361,BR,Belém,12,300
Q3091701,Théâtre du Capitole,opera_house,43.6042,1.44444,FR,Toulouse,12,300
Q3249117,Salle Le Peletier,opera_house,48.87306,2.33889,FR,Paris,14,300
Q3354553,Guangzhou Opera House,opera_house,23.1175,113.31722,CN,Guangzhou,18,300
Q3354568,Navoi Theater,opera_house,41.30917,69.27167,UZ,Tashkent,18,300
Q3511873,Janáček Theatre,opera_house,49.19806,16.61083,CZ,Brno-město,14,300
Q3527492,Juliusz Słowacki Theatre,opera_house,50.06389,19.94306,PL,Kraków,16,300
Q3750900,Teatro Arriaga,opera_house,43.25948,-2.92492,ES,Bilbao,12,300
Q10285,Colosseum,theater,41.89028,12.49222,IT,Roma Capitale,148,300
Q138908,Bolshoi Theatre,theater,55.76028,37.61861,RU,Tverskoy District,76,300
Q849957,Concertgebouw,theater,52.35631,4.87908,,Amsterdam,38,300
Q1860439,Rustaveli Theatre,theater,41.6998,44.7979,GE,Tbilisi,35,300
Q2914326,Roman amphitheatre of El Jem,theater,35.29639,10.70694,TN,El Djem,41,300
Q4166247,Donetsk Academic Regional Drama Theatre,theater,47.09611,37.54861,UA,Mariupol,30,300
Q19670589,Osh State Academic Uzbek Music and Drama Theater named after Babur,theater,40.53306,72.78833,KG,Osh,29,300
Q46812956,Theatre of Thorikos,theater,37.73803,24.05375,GR,Lavreotiki Municipality,36,300
Q180615,Dolby Theatre,theater,34.10278,-118.34028,US,Los Angeles,53,300
Q193639,Royal Albert Hall,theater,51.50105,-0.17748,GB,City of Westminster,52,300
Q254650,Alexandra Palace,theater,51.59417,-0.13083,GB,London Borough of Haringey,29,300
Q272434,Globe Theatre,theater,51.50667,-0.09472,GB,London Borough of Southwark,46,300
Q308720,Burgtheater,theater,48.21028,16.36139,AT,Innere Stadt,43,300
Q330375,Folies Bergère,theater,48.87417,2.345,FR,9th arrondissement of Paris,39,300
Q374336,Theater an der Wien,theater,48.19968,16.36393,AT,Vienna,32,300
Q474982,Roman amphitheatre of Trier,theater,49.7481,6.64889,DE,Trier,25,300
Q474998,Pula Arena,theater,44.873,13.85,HR,Pula,37,300
Q555750,Habima Theatre,theater,32.07269,34.779,IL,Tel Aviv,28,300
Q565382,National Theatre Oslo,theater,59.9143,10.73425,NO,Oslo Municipality,29,300
Q607212,Studio 54,theater,40.76436,-73.98378,US,Manhattan,30,300
Q608198,Ancient Theatre of Epidaurus,theater,37.59611,23.07917,GR,Epidavros Municipality,30,300
Q641548,Arènes de Lutèce,theater,48.845,2.35306,FR,Quartier Saint-Victor,28,300
Q642039,Banqueting House,theater,51.5046,-0.1259,GB,City of Westminster,29,300
Q653858,Barbican Centre,theater,51.5202,-0.095,GB,City of London,36,300
Q659138,Theatre of Marcellus,theater,41.89191,12.47948,IT,Rome,36,300
Q726531,Théâtre des Champs-Élysées,theater,48.86583,2.30306,FR,Quartier des Champs-Élysées,31,300
Q753437,Radio City Music Hall,theater,40.75972,-73.97917,US,Manhattan,30,300
Q779868,Roman amphitheatre of Durrës,theater,41.31219,19.44526,AL,Durrës County,32,300
Q810700,Bataclan,theater,48.86306,2.37083,FR,11th arrondissement of Paris,43,300
Q868806,The Old Vic,theater,51.502,-0.10931,GB,London Borough of Lambeth,30,300
Q872222,Opéra-Comique,theater,48.87086,2.33751,FR,,30,300
Q902532,Olympic Theatre,theater,45.55,11.54917,IT,Vicenza,27,300
Q915451,Olympia,theater,48.87028,2.32833,FR,9th arrondissement of Paris,32,300
Q917274,Casa da Música,theater,41.15889,-8.63071,PT,Porto,26,300
Q944814,Theatre of Pompey,theater,41.89528,12.47361,IT,Rome,34,300
Q958961,Roman Theatre of Orange,theater,44.13575,4.80889,FR,Vaucluse,39,300
Q976218,Hollywood Bowl,theater,34.11278,-118.33889,US,Los Angeles,25,300
Q1050350,Teatro dell'Opera di Roma,theater,41.90083,12.49556,IT,Rome,31,300
Q1133501,Odéon-Théâtre de l'Europe,theater,48.8495,2.33875,FR,6th arrondissement of Paris,30,300
Q1138922,Le Chat Noir,theater,48.88359,2.33413,FR,Paris,33,300
Q1141915,Crucible Theatre,theater,53.38111,-1.46667,GB,Sheffield,28,300
Q1155331,His Majesty's Theatre,theater,51.5081,-0.132,GB,City of Westminster,27,300
Q1187508,National Theatre,theater,47.47083,19.07083,HU,Budapest District IX,25,300
Q1227044,Theatre of Dionysus,theater,37.9704,23.72778,GR,Athens Municipality,34,300
Q1328165,Odeon of Herodes Atticus,theater,37.97084,23.72452,GR,Athens Municipality,33,300
Q1416812,Ford's Theatre,theater,38.89663,-77.0257,US,"Washington, D.C.",29,300
Q1756626,The Theatre Royal,theater,51.51306,-0.12028,GB,London,27,300
Q555201,Roman Theatre at Palmyra,theater,34.5505,38.2687,SY,Palmyra,18,300
Q565670,Friedrichstadt-Palast,theater,52.52393,13.3881,DE,Bezirk Mitte,23,300
Q597573,National Theater of Albania,theater,41.3265,19.8205,AL,Tirana,18,300
Q597749,Baku Puppet Theatre,theater,40.3672,49.8392,AZ,Baku,22,300
Q597948,Sarajevo National Theatre,theater,43.85705,18.42071,BA,Sarajevo,23,300
Q676755,London Palladium,theater,51.51458,-0.1405,GB,City of Westminster,24,300
Q694891,Bregenzer Festspiele,theater,47.50486,9.73778,AT,Bregenz,19,300
Q704933,Haus der Kulturen der Welt,theater,52.5188,13.3648,DE,Berlin,22,300
Q731437,Shrine Auditorium and Expo Hall,theater,34.02333,-118.28167,US,Los Angeles,19,300
Q747484,Ancient theatre of Taormina,theater,37.85245,15.29212,IT,Taormina,18,300
Q751317,Grand Guignol,theater,48.8814,2.3331,FR,9th arrondissement of Paris,19,300
Q897556,Müpa Budapest,theater,47.46944,19.07167,HU,Budapest District IX,18,300
Q1139243,Crazy Horse,theater,48.86583,2.30167,FR,8th arrondissement of Paris,19,300
Q1169370,Royal Court Theatre,theater,51.49261,-0.1565,GB,Royal Borough of Kensington and Chelsea,19,300
Q1186561,Vakhtangov Theatre,theater,55.74984,37.59151,RU,Arbat District,19,300
Q1186567,Alexandrinsky Theatre,theater,59.93178,30.33631,RU,Saint Petersburg,22,300
Q1232473,Ludus Magnus,theater,41.89,12.495,IT,Rome,20,300
Q1253709,Tallinn Song Festival Grounds,theater,59.44474,24.80567,EE,Tallinn,19,300
Q1291166,Croatian National Theatre in Split,theater,43.51111,16.43694,HR,Split,20,300
Q1337772,Hammersmith Apollo,theater,51.4907,-0.22446,GB,London Borough of Hammersmith and Fulham,22,300
Q1363208,Plovdiv Roman theatre,theater,42.14684,24.75101,BG,Plovdiv,22,300
Q1375404,Royal Shakespeare Theatre,theater,52.1904,-1.70392,GB,Stratford-upon-Avon,19,300
Q1858012,Ivan Vazov National Theatre,theater,42.69417,23.32656,BG,Sofia,23,300
Q2015116,Amphitheatre of Pompeii,theater,40.75126,14.49497,IT,Pompei,18,300
Q2165797,Savoy Theatre,theater,51.51014,-0.12092,GB,City of Westminster,18,300
Q2239788,O2 Academy Brixton,theater,51.4651,-0.11492,GB,London Borough of Lambeth,21,300
Q2584583,Azerbaijan State Academic National Drama Theatre,theater,40.37529,49.83122,AZ,Yasamal raion,21,300
Q2634316,Roman Theatre of Amman,theater,31.95167,35.93936,JO,Amman,18,300
Q2700544,Roman Theatre of Emerita Augusta,theater,38.91536,-6.33866,ES,Mérida,22,300
Q3056297,Roman Theatre at Bosra,theater,32.51773,36.48157,SY,Bosra,18,300
Q3180446,Ancient Theatre of Ohrid,theater,41.11459,20.79381,MK,Ohrid Municipality,18,300
Q4496305,Kharkiv Ukrainian Drama Theatre,theater,49.995,36.23167,UA,Kharkiv,20,300
Q4780361,Apollo Theatre,theater,51.5115,-0.13342,GB,City of Westminster,18,300
Q16955257,National Theater of Kosovo,theater,42.66318,21.16453,XK,Pristina,21,300
Q190804,Rijksmuseum,museum,52.36,4.88528,,Amsterdam,70,300
Q224124,Van Gogh Museum,museum,52.35833,4.88111,,Amsterdam,60,300
Q6373,British Museum,museum,51.51944,-0.12694,GB,London Borough of Camden,109,300
Q7341,Auschwitz,museum,50.03583,19.17833,PL,Oświęcim County,128,300
Q9219,United States Military Academy,museum,41.3925,-73.9575,US,West Point,62,300
Q12506,Hagia Sophia,museum,41.00833,28.98,TR,Istanbul,152,300
Q19675,Louvre Museum,museum,48.86111,2.33583,FR,Saint-Germain-l'Auxerrois,169,300
Q23402,Musée d'Orsay,museum,48.85997,2.32653,FR,7th arrondissement of Paris,122,300
Q42049,Balmoral Castle,museum,57.0407,-3.23016,GB,Aberdeenshire,62,300
Q46815,Israel Museum,museum,31.7725,35.20417,IL,Jerusalem,90,300
Q82941,São Paulo Museum of Art,museum,-23.56111,-46.65583,BR,São Paulo,65,300
Q99309,Pantheon,museum,41.89861,12.47694,IT,Rome,81,300
Q126130,Bible Lands Museum,museum,31.77495,35.20248,IL,Givat Ram,64,300
Q131626,Smithsonian Institution,museum,38.88889,-77.026,US,,70,300
Q132783,Hermitage Museum,museum,59.94056,30.31361,RU,Saint Petersburg,86,300
Q157298,Pergamon Museum,museum,52.521,13.396,DE,Bezirk Mitte,61,300
Q160112,Museo del Prado,museum,40.41389,-3.69222,ES,Madrid,80,300
Q160236,Metropolitan Museum of Art,museum,40.77944,-73.96333,US,Manhattan,88,300
Q178065,Centre Georges Pompidou,museum,48.86064,2.35224,FR,Quartier Saint-Merri,63,300
Q178813,Herculaneum,museum,40.80611,14.3475,IT,Ercolano,72,300
Q179191,Rock and Roll Hall of Fame,museum,41.50861,-81.69556,US,Cleveland,63,300
Q179199,Guggenheim Museum Bilbao,museum,43.26883,-2.9341,ES,Bilbao,68,300
Q180788,National Gallery,museum,51.50889,-0.12833,GB,City of Westminster,71,300
Q182955,Vatican Museums,museum,41.90639,12.45444,VA,Vatican City,65,300
Q183334,Tretyakov Gallery,museum,55.74139,37.62086,RU,Russia,60,300
Q186309,Madame Tussauds,museum,51.52279,-0.15517,GB,City of Westminster,69,300
Q188740,Museum of Modern Art,museum,40.76167,-73.9775,US,Manhattan,67,300
Q191739,Florence Cathedral,museum,43.77306,11.25694,IT,Florence,71,300
Q192988,Royal Observatory,museum,51.47783,-0.00139,GB,Royal Borough of Greenwich,61,300
Q193375,Tate Modern,museum,51.50778,-0.09944,GB,London Borough of Southwark,61,300
Q200642,Palatine Hill,museum,41.88833,12.48694,IT,Municipio I,63,300
Q201219,Egyptian Museum,museum,30.04778,31.23333,EG,Cairo,63,300
Q201469,Solomon R. Guggenheim Museum,museum,40.78306,-73.95889,US,Manhattan,60,300
Q213322,Victoria and Albert Museum,museum,51.49685,-0.17162,GB,Royal Borough of Kensington and Chelsea,61,300
Q463179,Fallingwater,museum,39.90639,-79.46806,US,Stewart Township,60,300
Q2909160,The Temple Institute,museum,31.77548,35.2331,IL,Jerusalem,76,300
Q36698440,Château de Montsoreau-Museum of Contemporary Art,museum,47.21556,0.06222,FR,Montsoreau,62,300
Q201428,Palace of Fontainebleau,museum,48.40222,2.70056,FR,Fontainebleau,56,300
Q208181,Blenheim Palace,museum,51.84136,-1.36095,GB,Blenheim,52,300
Q211043,Russian Museum,museum,59.93859,30.33222,RU,Saint Petersburg,49,300
Q211252,Madinat Al-Zahra,museum,37.88608,-4.86779,ES,Córdoba,39,300
Q211262,Calouste Gulbenkian Museum,museum,38.73667,-9.15417,PT,Avenidas Novas,26,300
Q212459,National Museum of Ancient Art,museum,38.7053,-9.16072,PT,Estrela,26,300
Q212867,Park Güell,museum,41.41361,2.15278,ES,La Salut,55,300
Q213958,HMS Victory,museum,50.80176,-1.1096,GB,Portsmouth,43,300
Q215423,Saint Isaac's Cathedral,museum,59.93405,30.30595,RU,Saint Petersburg,56,300
Q215897,Castel del Monte,museum,41.08475,16.27093,IT,Andria,58,300
Q217717,American Museum of Natural History,museum,40.78083,-73.97444,US,Manhattan,59,300
Q220583,Sybaris,museum,39.71656,16.4937,IT,Cassano allo Ionio,35,300
Q226103,Frederiksborg Palace,museum,55.935,12.30083,DK,Hillerød Municipality,35,300
Q227602,Zubrnice,museum,50.64953,14.22048,CZ,Ústí nad Labem District,25,300
Q233098,Museum für Naturkunde - Leibniz Institute for Evolution and Biodiversity Science,museum,52.5302,13.3792,DE,Berlin,33,300
Q238587,National Portrait Gallery,museum,51.50944,-0.12806,GB,City of Westminster,47,300
Q239303,Art Institute of Chicago,museum,41.87944,-87.62389,US,Chicago,41,300
Q239935,City of Arts and Sciences,museum,39.45453,-0.35036,ES,Valencia,40,300
Q252071,Hungarian National Gallery,museum,47.49623,19.03977,HU,Budapest District I,29,300
Q254156,Egyptian Museum of Berlin,museum,52.52024,13.39774,DE,Bezirk Mitte,42,300
Q265129,Secession Building,museum,48.2004,16.36593,AT,Innere Stadt,28,300
Q270920,Royal Academy of Arts,museum,51.50917,-0.13944,GB,City of Westminster,41,300
Q272560,USS Missouri,museum,21.36222,-157.95333,US,Honolulu County,49,300
Q272777,Hadrian's Villa,museum,41.94194,12.77528,IT,Tivoli,52,300
Q273593,Beaux-Arts de Paris,museum,48.85681,2.33328,FR,,42,300
Q276553,Boyana Church,museum,42.64467,23.26617,BG,Sofia,49,300
Q74940,National Museum of Nature and Science,museum,35.71632,139.77654,JP,Ueno-kōen,25,300
Q95569,Kunsthistorisches Museum,museum,48.20388,16.3616,AT,Vienna,52,300
Q104314,"Maritime, Fluvial and Harbor Museum of Rouen",museum,49.4447,1.06074,FR,Rouen,53,300
Q131617,Deutsches Museum,museum,48.13,11.58333,DE,Ludwigsvorstadt-Isarvorstadt,55,300
Q131631,Nymphenburg Palace,museum,48.15806,11.50361,DE,Munich,52,300
Q147286,Kyoto National Museum,museum,34.98999,135.77312,JP,Higashiyama-ku,25,300
Q148554,National Museum of Natural History,museum,38.8913,-77.0259,US,"Washington, D.C.",47,300
Q148584,National Museum of American History,museum,38.89111,-77.03,US,"Washington, D.C.",30,300
Q150066,Pinacoteca di Brera,museum,45.47194,9.18768,IT,Milan,37,300
Q152802,Buchenwald concentration camp,museum,51.0212,11.249,DE,Weimar,59,300
Q153306,National Museum in Warsaw,museum,52.23167,21.02472,PL,Śródmieście,36,300
Q154568,Alte Pinakothek,museum,48.14829,11.56999,DE,Munich,47,300
Q154996,Charlottenburg Palace,museum,52.52111,13.29583,DE,Berlin,49,300
Q155921,Bletchley Park,museum,51.99806,-0.74111,GB,Milton Keynes,37,300
Q155999,Rammelsberg,museum,51.8875,10.43167,DE,Goslar district,36,300
Q156722,Altes Museum,museum,52.51944,13.39889,DE,Bezirk Mitte,44,300
Q157003,Jewish Museum Berlin,museum,52.50231,13.39545,DE,Friedrichshain-Kreuzberg,39,300
Q157316,Neues Museum,museum,52.5202,13.3976,DE,Bezirk Mitte,47,300
Q157550,Abbey and Altenmünster of Lorsch,museum,49.65389,8.56889,DE,Lorsch,44,300
Q157825,Bode Museum,museum,52.52194,13.39472,DE,Bezirk Mitte,44,300
Q157886,Maulbronn Monastery,museum,49.0011,8.8129,DE,Maulbronn,45,300
Q160135,Lublin-Majdanek concentration camp,museum,51.22278,22.59861,PL,Lublin,50,300
Q160139,Mauthausen concentration camp,museum,48.25752,14.50043,AT,Mauthausen,53,300
Q162077,Glyptothek,museum,48.14657,11.56582,DE,Munich,40,300
Q162111,Alte Nationalgalerie,museum,52.52081,13.39835,DE,Bezirk Mitte,38,300
Q163804,Städel Museum,museum,50.10322,8.67388,DE,Frankfurt,32,300
Q165631,Gemäldegalerie Berlin,museum,52.50861,13.36472,DE,Bezirk Mitte,40,300
Q167863,Musée du quai Branly,museum,48.86083,2.2975,FR,7th arrondissement of Paris,36,300
Q169542,Hamburger Kunsthalle,museum,53.555,10.00306,DE,Hamburg-Mitte,34,300
Q170152,Neue Pinakothek,museum,48.14989,11.57111,DE,Maxvorstadt,36,300
Q171255,Cutty Sark,museum,51.48278,-0.00972,GB,Royal Borough of Greenwich,43,300
Q174274,Cinémathèque Française,museum,48.83694,2.3825,FR,12th arrondissement of Paris,27,300
Q174527,Shrine of the Book,museum,31.77333,35.20278,IL,West Jerusalem,27,300
Q176251,Thyssen-Bornemisza Museum,museum,40.41604,-3.69493,ES,Madrid,37,300
Q177174,Icelandic Phallological Museum,museum,64.14295,-21.9146,IS,Reykjavík,41,300
Q179506,Tierradentro,museum,2.583,-76.033,CO,Inza,31,300
Q188112,National Museum in Prague,museum,50.07984,14.43042,CZ,Prague,41,300
Q194626,Kunstmuseum Basel,museum,47.55403,7.59419,CH,Basel,27,300
Q290549,Museo di Capodimonte,museum,40.86699,14.25035,IT,Naples,35,300
Q303139,Belvedere,museum,48.19139,16.38083,AT,Landstraße,31,300
Q304037,Austrian National Library,museum,48.20614,16.36627,AT,Vienna,43,300
Q309388,Natural History Museum,museum,51.49611,-0.17611,GB,Royal Borough of Kensington and Chelsea,55,300
Q313746,East Side Gallery,museum,52.50306,13.44472,DE,Friedrichshain-Kreuzberg,27,300
Q315644,Deutscher Dom,museum,52.51276,13.39251,DE,Bezirk Mitte,26,300
Q328623,Nunos porsche Museum,museum,48.83446,9.15195,DE,Stuttgart,27,300
Q333906,Capitoline Museums,museum,41.89306,12.48278,IT,Rome,46,300
Q334051,Abbey of Monte Cassino,museum,41.49,13.814,IT,Cassino,26,300
Q338330,Gallerie dell'Accademia,museum,45.43108,12.32814,IT,Venezia-Murano-Burano,42,300
Q338367,Accademia Carrara,museum,45.70386,9.67561,IT,Bergamo,29,300
Q371908,Albertina,museum,48.20472,16.36833,AT,Vienna,47,300
Q372376,House of Terror Museum,museum,47.50683,19.06514,HU,Budapest District VI,31,300
Q377500,Royal Museums of Fine Arts of Belgium,museum,50.84168,4.35824,BE,Brussels-Capital Region,32,300
Q388448,Bargello National Museum,museum,43.7704,11.25801,IT,Florence,40,300
Q391976,Chester Beatty Library,museum,53.342,-6.267,IE,Dublin,26,300
Q414110,"Academy of Arts, Berlin",museum,52.515,13.37944,DE,Bezirk Mitte,25,300
Q414219,Academy of Fine Arts Vienna,museum,48.20125,16.3651,AT,Vienna,38,300
Q421084,Acropolis Museum,museum,37.96842,23.72847,GR,Athens Municipality,37,300
Q429069,Museum of the History of Polish Jews,museum,52.24944,20.99306,PL,Warsaw,29,300
Q447441,Bergpark Wilhelmshöhe,museum,51.3167,9.4,DE,Kassel,35,300
Q456800,Mini Israel,museum,31.84217,34.96837,IL,Israel,45,300
Q463735,Nilgiri Mountain Railway,museum,11.34432,76.79194,IN,Tamil Nadu,32,300
Q463874,Darjeeling Himalayan Railway,museum,27.045,88.26722,IN,Darjeeling district,39,300
Q478455,MAK – Museum of Applied Arts,museum,48.20767,16.38137,AT,Innere Stadt,27,300
Q478695,Germanisches Nationalmuseum,museum,49.44833,11.07556,DE,Nuremberg,25,300
Q494407,National Museum of Korea,museum,37.52389,126.98028,KR,Yongsan District,38,300
Q501851,Bibliotheca Alexandrina,museum,31.20889,29.90917,EG,Alexandria,50,300
Q502098,Baths of Caracalla,museum,41.88026,12.49276,IT,Roma Capitale,43,300
Q503387,Rock-hewn Churches of Ivanovo,museum,43.69556,25.98806,BG,Ruse,44,300
Q505574,Villa Almerico Capra (La Rotonda),museum,45.53152,11.56027,IT,Vicenza,39,300
Q505617,Villa Romana del Casale,museum,37.36472,14.33455,IT,Piazza Armerina,48,300
Q506234,Altare della Patria,museum,41.89472,12.48306,IT,Rome,43,300
Q507603,USS New Jersey,museum,39.93917,-75.13278,US,Camden,31,300
Q510324,Philadelphia Museum of Art,museum,39.96583,-75.18139,US,Philadelphia,37,300
Q521251,National Museum of Iraq,museum,33.32861,44.38583,IQ,Baghdad,36,300
Q524249,National Museum of Anthropology,museum,19.42611,-99.18611,MX,Miguel Hidalgo,41,300
Q525939,Turkish and Islamic Arts Museum,museum,41.00628,28.97456,TR,Fatih,28,300
Q540668,National Palace Museum,museum,25.10222,121.54861,TW,Shilin District,50,300
Q544113,Glastonbury Abbey,museum,51.14611,-2.71528,GB,England,27,300
Q544894,Mary Rose,museum,50.79972,-1.10667,GB,Portsmouth,34,300
Q559807,Kubinka Tank Museum,museum,55.56514,36.71552,RU,Moscow Oblast,25,300
Q562230,USS Yorktown,museum,32.79056,-79.90861,US,Mount Pleasant,25,300
Q565155,Osborne House,museum,50.75053,-1.27005,GB,East Cowes,35,300
Q568938,National Museum of Bosnia and Herzegovina,museum,43.85499,18.40264,BA,Centar Municipality,28,300
Q573656,Schwerin Castle,museum,53.62417,11.41889,DE,Schwerin,43,300
Q573881,Basilica of San Lorenzo,museum,43.775,11.25389,IT,Florence,37,300
Q574740,Gardens of Bomarzo,museum,42.49163,12.24757,IT,Bomarzo,27,300
Q593463,Zwentendorf Nuclear Power Plant,museum,48.3544,15.8847,AT,Zwentendorf an der Donau,25,300
Q595802,Museum Plantin-Moretus,museum,51.21829,4.39816,BE,Antwerp,39,300
Q598646,Olympic Museum,museum,46.50861,6.63389,CH,Lausanne,36,300
Q605185,Blue Grotto,museum,40.56102,14.20542,IT,Anacapri,39,300
Q613201,"Nikola Tesla Museum, Belgrade, Serbia",museum,44.8051,20.4707,RS,Belgrade,28,300
Q616238,FC Barcelona Museum,museum,41.38039,2.12064,ES,Barcelona,27,300
Q617254,National Museum in Damascus,museum,33.51257,36.29004,SY,Damascus,25,300
Q622206,Apsley House,museum,51.50347,-0.15167,GB,City of Westminster,25,300
Q623578,National Library of Australia,museum,-35.29639,149.12944,AU,Canberra Central,59,300
Q623612,Ara Pacis,museum,41.90639,12.47556,IT,Rome,41,300
Q626963,National Museum of Iceland,museum,64.1419,-21.94811,IS,Reykjavík,25,300
Q630922,Beit Al Quran,museum,26.23976,50.59154,BH,Hoora,27,300
Q631733,Ytterby mine,museum,59.4265,18.35353,SE,Vaxholm Municipality,35,300
Q632682,Brooklyn Museum,museum,40.67131,-73.96375,US,Brooklyn,48,300
Q636400,Ashmolean Museum,museum,51.75556,-1.26056,GB,Oxford,46,300
Q636774,Valle dei Templi,museum,37.31119,13.57696,IT,Agrigento,38,300
Q636978,Istanbul Archaeology Museums,museum,41.01167,28.98139,TR,Istanbul Province,36,300
Q637187,National Archaeological Museum of Athens,museum,37.98917,23.73222,GR,Athens Municipality,41,300
Q637248,Naples National Archaeological Museum,museum,40.85361,14.25056,IT,Naples,39,300
Q639791,Whitney Museum of American Art,museum,40.73959,-74.00886,US,Manhattan,30,300
Q640447,Musée Carnavalet,museum,48.85737,2.36274,FR,3rd arrondissement of Paris,32,300
Q511,Museum of Fine Arts of Lyon,museum,45.76694,4.83361,FR,Lyon,29,300
Q4872,Pushkin Museum of Fine Arts,museum,55.74703,37.60603,RU,Khamovniki District,48,300
Q4890,Gemäldegalerie Alte Meister,museum,51.05338,13.73466,DE,Dresden,38,300
Q5901,Onze-Lieve-Vrouwekathedraal,museum,51.22027,4.40025,BE,Antwerp,39,300
Q8012,Derby Museum and Art Gallery,museum,52.92292,-1.48003,GB,City of Derby,59,300
Q19877,Museo Egizio,museum,45.06833,7.68444,IT,Turin,38,300
Q19881,Sacra di San Michele,museum,45.09779,7.34328,IT,Sant'Ambrogio di Torino,26,300
Q28924,Catacombs of Paris,museum,48.83397,2.33245,FR,14th arrondissement of Paris,46,300
Q29247,Getty Center,museum,34.0775,-118.475,US,Los Angeles,42,300
Q29286,Palazzo Pitti,museum,43.76515,11.25001,IT,Florence,59,300
Q43282,Alexander Nevsky Cathedral,museum,42.69584,23.33297,BG,Sofia,52,300
Q46812,National Museum of African Art,museum,38.88797,-77.0255,US,"Washington, D.C.",26,300
Q49133,Museum of Fine Arts Boston,museum,42.33944,-71.09417,US,Boston,45,300
Q49135,Isabella Stewart Gardner Museum,museum,42.33818,-71.09912,US,Boston,29,300
Q51175,Basilica of Santa Maria Novella,museum,43.7743,11.24937,IT,Florence,39,300
Q51177,Basilica of Santa Croce,museum,43.76845,11.26274,IT,Florence,47,300
Q59435,Leopold Museum,museum,48.20265,16.35914,AT,Vienna,25,300
Q650519,Musée Rodin,museum,48.85536,2.31582,FR,7th arrondissement of Paris,38,300
Q652464,Kolomenskoye,museum,55.66767,37.66657,RU,Nagatinsky Zaton District,44,300
Q653433,Tokyo National Museum,museum,35.71889,139.77639,JP,Ueno-kōen,52,300
Q656296,Galerie nationale du Jeu de Paume,museum,48.86583,2.32389,FR,1st arrondissement of Paris,26,300
Q657415,Cleveland Museum of Art,museum,41.50895,-81.61161,US,Cleveland,32,300
Q660082,Melk Abbey,museum,48.22843,15.33123,AT,Melk,42,300
Q666063,National Library of Wales,museum,51.80344,-4.96852,GB,Ceredigion,33,300
Q670250,Art Gallery of Ontario,museum,43.65361,-79.39278,CA,Toronto,29,300
Q670268,Musée de l'Homme,museum,48.86218,2.28741,FR,16th arrondissement of Paris,26,300
Q671384,Statens Museum for Kunst,museum,55.68889,12.57861,DK,Copenhagen Municipality,33,300
Q674773,Science Museum,museum,51.4975,-0.17472,GB,South Kensington,47,300
Q680685,Country Music Hall of Fame and Museum,museum,36.15833,-86.77611,US,Nashville,25,300
Q682827,The Frick Collection,museum,40.77111,-73.96722,US,Manhattan,29,300
Q684424,Mittelbau-Dora concentration camp,museum,51.5348,10.7488,DE,Nordhausen,27,300
Q684846,Château de Malmaison,museum,48.8708,2.16685,FR,Rueil-Malmaison,28,300
Q685038,Kunsthaus Zürich,museum,47.37028,8.54806,CH,Zurich,27,300
Q685524,Miniatur Wunderland,museum,53.54382,9.98894,DE,Hamburg-Mitte,30,300
Q685753,German Federal Archives,museum,50.34242,7.57256,DE,Koblenz,25,300
Q688335,Deutsches Historisches Museum,museum,52.51806,13.39694,DE,Bezirk Mitte,29,300
Q688704,"Natural History Museum, Vienna",museum,48.20513,16.35993,AT,Vienna,43,300
Q691896,National Museum Zurich,museum,47.37917,8.53972,CH,Zurich,26,300
Q692847,Segesta,museum,37.91591,12.86359,IT,Calatafimi-Segesta,37,300
Q696891,Mikasa,museum,35.285,139.67417,JP,Inaoka-chō,25,300
Q699943,MuseumsQuartier,museum,48.20333,16.35889,AT,Neubau,27,300
Q700751,Heeresgeschichtliches Museum,museum,48.18536,16.38739,AT,Vienna,29,300
Q700764,Ambras Castle,museum,47.25667,11.43472,AT,Innsbruck,35,300
Q15961492,The Museum of Innocence,museum,41.03093,28.97982,TR,Beyoğlu,26,300
Q15980608,Guitars – the Museum,museum,63.82722,20.26806,SE,Umeå Municipality,29,300
Q20196262,Humboldt Forum,museum,52.5175,13.40278,DE,Bezirk Mitte,26,300
Q23894294,Museum of Philistine Culture,museum,31.79937,34.64206,IL,Rova Dalet,58,300
Q700959,Wallraf–Richartz Museum,museum,50.9375,6.95861,DE,Altstadt-Nord,25,300
Q703212,BMW Museum,museum,48.17667,11.55917,DE,Milbertshofen-Am Hart,28,300
Q706530,German Museum of Technology,museum,52.49861,13.3775,DE,Friedrichshain-Kreuzberg,28,300
Q707377,Mercedes-Benz Museum,museum,48.78855,9.23376,DE,Bad Cannstatt,25,300
Q707407,Green Vault,museum,51.0528,13.7364,DE,Dresden,25,300
Q715467,National Museum of Afghanistan,museum,34.4675,69.12,AF,Kabul,33,300
Q726781,Musée de l'Orangerie,museum,48.86385,2.32254,FR,1st arrondissement of Paris,35,300
Q731126,J. Paul Getty Museum,museum,34.0775,-118.475,US,Los Angeles,40,300
Q742598,Għar Dalam,museum,35.83642,14.52803,MT,Birżebbuġa,25,300
Q743206,Musée Picasso,museum,48.85973,2.36244,FR,Paris,38,300
Q744086,SS Great Britain,museum,51.4492,-2.6084,GB,City of Bristol,26,300
Q744552,Basilica of Sant'Apollinare in Classe,museum,44.38012,12.23236,IT,Ravenna,30,300
Q746333,Casa Vicens,museum,41.40349,2.15064,ES,Vila de Gràcia,33,300
Q748106,Glasgow School of Art,museum,55.86605,-4.26375,GB,Glasgow City,29,300
Q749808,Imperial War Museum London,museum,51.49583,-0.10861,GB,London Borough of Southwark,37,300
Q752669,National Air and Space Museum,museum,38.88833,-77.02,US,"Washington, D.C.",38,300
Q754322,Museum of Anatolian Civilizations,museum,39.93833,32.86194,TR,Altındağ,40,300
Q754507,Ateneum,museum,60.17008,24.94398,FI,Helsinki,31,300
Q754560,Ateshgah of Baku,museum,40.41556,50.00861,AZ,Surakhany raion,32,300
Q757178,HMS Belfast,museum,51.50667,-0.08139,GB,London Borough of Southwark,34,300
Q769416,Australian Museum,museum,-33.8743,151.213,AU,New South Wales,26,300
Q795228,National Gallery of Australia,museum,-35.30028,149.13639,AU,Canberra,29,300
Q796764,Museum of the Jewish People at Beit Hatfutsot,museum,32.11381,34.80526,IL,Tel Aviv,30,300
Q816669,Benaki Museum,museum,37.97594,23.74041,GR,Athens Municipality,27,300
Q820892,Petit Palais,museum,48.86603,2.31456,FR,8th arrondissement of Paris,48,300
Q832278,Basilica of Sant'Apollinare Nuovo,museum,44.41674,12.2046,IT,Ravenna,33,300
Q839047,Museum of Making,museum,52.9258,-1.47583,GB,City of Derby,25,300
Q839065,Pickford's House,museum,52.9241,-1.4864,GB,City of Derby,26,300
Q840618,Eretz Israel Museum,museum,32.10315,34.79642,IL,Tel Aviv,27,300
Q840886,"Museum of Fine Arts, Budapest",museum,47.51587,19.07678,HU,Budapest district XIV,37,300
Q841506,Galleria Borghese,museum,41.91421,12.49214,IT,Roma Capitale,47,300
Q842858,Nationalmuseum,museum,59.32861,18.07806,SE,Stockholm,39,300
Q844427,Champaner-Pavagadh Archaeological Park,museum,22.48333,73.53333,IN,Halol Taluka,42,300
Q844926,Munch Museum,museum,59.90575,10.75531,NO,Oslo Municipality,38,300
Q849489,Chora Church,museum,41.03111,28.93917,TR,Fatih,44,300
Q850268,Tuol Sleng torture center,museum,11.54944,104.91778,KH,Phnom Penh,43,300
Q851527,Musée océanographique de Monaco,museum,43.73083,7.42528,MC,Monaco-Ville,33,300
Q857276,Musée d'art moderne de Paris,museum,48.8643,2.2978,FR,16th arrondissement of Paris,40,300
Q860166,Arab World Institute,museum,48.8489,2.35704,FR,5th arrondissement of Paris,30,300
Q860994,Guimet Museum,museum,48.86528,2.29389,FR,16th arrondissement of Paris,36,300
Q867072,Fundació Joan Miró,museum,41.36861,2.16,ES,Montjuïc,30,300
Q888825,Boboli Gardens,museum,43.7618,11.24661,IT,Florence,33,300
Q901371,Vasa Museum,museum,59.32807,18.09139,SE,Stockholm Municipality,40,300
Q908216,Hong Kong Museum of Art,museum,22.29355,114.17203,CN,Hong Kong,25,300
Q913058,Vasari Corridor,museum,43.769,11.25638,IT,Florence,28,300
Q913672,San Francisco Museum of Modern Art,museum,37.78572,-122.40105,US,San Francisco,33,300
Q914141,Hungarian National Museum,museum,47.49111,19.06278,HU,Budapest District VIII,33,300
Q915603,Museum of New Zealand Te Papa Tongarewa,museum,-41.29056,174.78194,NZ,Wellington City,33,300
Q917183,Church of Our Lady,museum,51.20465,3.22447,BE,Bruges,30,300
Q917630,National Museum of Malaysia,museum,3.13758,101.68739,MY,Kuala Lumpur,25,300
Q917820,London Museum,museum,51.5179,-0.1048,GB,City of London,36,300
Q919611,Kumu,museum,59.43639,24.79639,EE,Tallinn,30,300
Q936884,Engelsberg Ironworks,museum,59.96917,16.01028,SE,Fagersta Municipality,43,300
Q941120,Nobel Peace Center,museum,59.91161,10.73023,NO,Oslo Municipality,26,300
Q941250,Fram Museum,museum,59.90333,10.69944,NO,Oslo Municipality,27,300
Q942713,Scottish National Gallery,museum,55.9509,-3.19566,GB,City of Edinburgh,39,300
Q947907,Ghibli Museum,museum,35.69623,139.57043,JP,Shimo-Renjaku,26,300
Q952173,Selinunte,museum,37.58361,12.82472,IT,Castelvetrano,43,300
Q961220,Viking Ship Museum,museum,59.90475,10.68444,NO,Oslo Municipality,26,300
Q963954,Scrovegni Chapel,museum,45.41182,11.87954,IT,Padua,38,300
Q964035,Computer History Museum,museum,37.4144,-122.077,US,Mountain View,28,300
Q968430,Ladonia,museum,56.28778,12.53944,SE,Höganäs Municipality,30,300
Q1041737,Carleton University,museum,45.38746,-75.69591,CA,Capital Ward,31,300
Q1046414,Luis Barragán House and Studio,museum,19.41111,-99.1925,MX,Tacubaya,26,300
Q1049514,Castle Howard,museum,54.12139,-0.90583,GB,Yorkshire,29,300
Q1049842,Kilmainham Gaol,museum,53.34167,-6.30944,IE,Dublin,25,300
Q1050032,Museu Picasso,museum,41.38522,2.18089,ES,Ciutat Vella,30,300
Q1050522,Grūtas Park,museum,54.02083,24.07972,LT,Druskininkai municipality,25,300
Q1051293,Shanghai Museum,museum,31.23028,121.47056,CN,Huangpu District,35,300
Q1051820,Certosa di Padula,museum,40.33722,15.65194,IT,Padula,25,300
Q1061094,Kelvingrove Art Gallery and Museum,museum,55.86861,-4.29064,GB,Glasgow City,33,300
Q1067140,MACBA Barcelona Museum of Contemporary Art,museum,41.38311,2.16679,ES,El Raval,27,300
Q1068063,National Gallery of Canada,museum,45.42954,-75.69891,CA,Ottawa,33,300
Q1068289,Chatsworth House,museum,53.22778,-1.61,GB,Bakewell,30,300
Q1069906,Memento Park,museum,47.4263,18.9989,HU,Budapest District XXII,25,300
Q1075141,National Museum of the American Indian,museum,38.8883,-77.0166,US,"Washington, D.C.",28,300
Q1088467,Museum of Applied Arts,museum,47.48611,19.06833,HU,Budapest District IX,25,300
Q1093925,Slovak National Museum,museum,48.1402,17.1129,SK,Bratislava,31,300
Q1094338,Cité des Sciences et de l'Industrie,museum,48.89556,2.38806,FR,Pont-de-Flandre,38,300
Q1109031,Gold Museum,museum,4.60192,-74.072,CO,Bogotá,28,300
Q1111219,Himera,museum,37.96667,13.81667,IT,Termini Imerese,31,300
Q1122595,Field Museum of Natural History,museum,41.86628,-87.61704,US,Chicago,30,300
Q1124095,Musée de Cluny,museum,48.85056,2.34333,FR,5th arrondissement of Paris,31,300
Q1126723,Villa Farnesina,museum,41.89361,12.4675,IT,Roma Capitale,35,300
Q1132918,"National Museum of Art, Architecture and Design",museum,59.91167,10.72917,NO,Oslo,27,300
Q10855544,Galleria dell'Accademia,museum,43.77694,11.25889,IT,Florence,31,300
Q1135392,Museo Nazionale Romano,museum,41.90343,12.49902,IT,Rome,35,300
Q1135603,Thyatira,museum,38.89852,27.84924,TR,Akhisar,31,300
Q1136822,Azerbaijan Carpet Museum,museum,40.35984,49.83547,AZ,Baku,30,300
Q1138228,History Museum of Armenia,museum,40.1787,44.5142,AM,Yerevan,27,300
Q1140249,Temple of Debod,museum,40.42405,-3.71778,ES,Madrid,30,300
Q1140429,State Historical Museum,museum,55.755,37.61806,RU,Tverskoy District,40,300
Q1140507,Ny Carlsberg Glyptotek,museum,55.6725,12.57194,DK,Copenhagen Municipality,31,300
Q1141355,USS Hornet,museum,37.77278,-122.30278,US,Alameda,28,300
Q1142142,Nordic Museum,museum,59.32917,18.09333,SE,Stockholm Municipality,33,300
Q1142661,Alcatraz Federal Penitentiary,museum,37.8269,-122.423,US,San Francisco,29,300
Q1143722,Dalí Theatre and Museum,museum,42.26806,2.95944,ES,Figueres,29,300
Q1145261,Basilica of Superga,museum,45.08062,7.76737,IT,Turin,34,300
Q1147168,La Brea Tar Pits,museum,34.06306,-118.35583,US,Los Angeles,34,300
Q1148353,Museum of Islamic Art,museum,25.29502,51.53927,QA,Doha,27,300
Q1148462,Cyprus Museum,museum,35.17167,33.35528,CY,Ayios Andreas,28,300
Q1149480,Temple of All Religions,museum,55.80056,48.975,RU,Kazan,25,300
Q1150222,Château de Saumur,museum,47.25611,-0.0725,FR,Saumur,27,300
Q1165526,Musée Jacquemart-André,museum,48.87543,2.31051,FR,8th arrondissement of Paris,28,300
Q1189277,National Art Museum of Ukraine,museum,50.44944,30.53111,UA,Kyiv,35,300
Q1189955,Musée de l'Air,museum,48.94715,2.43491,FR,Le Bourget,35,300
Q1189960,Denver Art Museum,museum,39.73719,-104.98935,US,,25,300
Q1192305,Smithsonian American Art Museum,museum,38.89786,-77.02294,US,"Washington, D.C.",28,300
Q1199924,National Maritime Museum,museum,51.4811,-0.00556,GB,Royal Borough of Greenwich,35,300
Q1201549,Detroit Institute of Arts,museum,42.35944,-83.06472,US,Detroit,29,300
Q1203458,Galleria Doria Pamphilj,museum,41.89791,12.48164,IT,Rome,26,300
Q1232180,University of Granada,museum,37.18489,-3.60094,ES,Granada,38,300
Q1265070,Musée Grévin,museum,48.87183,2.3421,FR,9th arrondissement of Paris,28,300
Q1267958,Tel Aviv Museum of Art,museum,32.0775,34.78667,IL,Tel Aviv,25,300
Q1274511,Moderna Museet,museum,59.32605,18.08469,SE,Stockholm Municipality,30,300
Q1277393,National Museum of Serbia,museum,44.81677,20.45965,RS,Belgrade,32,300
Q1277585,Kunstkamera,museum,59.94167,30.30444,RU,Vasileostrovsky District,36,300
Q1304121,Kremlin Armoury,museum,55.74958,37.61341,RU,Tverskoy District,32,300
Q1322278,Matenadaran,museum,40.19207,44.52113,AM,Yerevan,47,300
Q1322403,Royal Academy of Fine Arts of San Fernando,museum,40.41779,-3.70071,ES,Madrid,28,300
Q1327886,Musée Marmottan Monet,museum,48.85928,2.26738,FR,16th arrondissement of Paris,39,300
Q1327919,Wallace Collection,museum,51.51745,-0.15302,GB,City of Westminster,28,300
Q1351288,USS Intrepid,museum,40.7648,-74.001,US,Manhattan,27,300
Q1362629,National Museum of Western Art,museum,35.71536,139.77585,JP,Ueno-kōen,35,300
Q1362638,"National Art Center, Tokyo",museum,35.66528,139.72634,JP,Roppongi,27,300
Q1364900,Indian Museum,museum,22.55806,88.35083,IN,"Ward No. 63, Kolkata Municipal Corporation",29,300
Q1410617,Louisiana Museum of Modern Art,museum,55.96944,12.54306,DK,Fredensborg Municipality,29,300
Q1410702,Sabarmati Ashram,museum,23.06,72.58083,IN,Ahmedabad,29,300
Q1411180,Luxembourg Museum,museum,48.84861,2.33403,FR,6th arrondissement of Paris,26,300
Q1414079,Kenneth C. Griffin Museum of Science and Industry,museum,41.79056,-87.58278,US,Chicago,25,300
Q1415972,Kon-Tiki Museum,museum,59.90361,10.69806,NO,Oslo Municipality,25,300
Q1418136,National Museum of Finland,museum,60.17498,24.93179,FI,Helsinki,28,300
Q1419555,National Gallery Prague,museum,50.10111,14.4325,CZ,,38,300
Q1420103,Swedish Museum of Natural History,museum,59.36889,18.05361,SE,Stockholm Municipality,32,300
Q1420984,Pammakaristos Church,museum,41.02917,28.94639,TR,Fatih,30,300
Q1421440,Fitzwilliam Museum,museum,52.20028,0.11944,GB,Cambridge,30,300
Q1423093,USS Lexington,museum,27.81428,-97.38981,US,Corpus Christi,25,300
Q1429003,Bardo National Museum,museum,36.80944,10.13444,TN,Le Bardo,35,300
Q1450630,Czartoryski Museum,museum,50.06464,19.93997,PL,Kraków,30,300
Q1455777,Freud Museum London,museum,51.5483,-0.17778,GB,London Borough of Camden,25,300
Q1457477,Megara Hyblaea,museum,37.20372,15.18178,IT,Augusta,25,300
Q1459037,Royal Collection,museum,51.501,-0.142,GB,,27,300
Q1464509,National Gallery of Victoria,museum,-37.8225,144.96889,AU,City of Melbourne,31,300
Q1467125,National Museum of Indonesia,museum,-6.17611,106.82167,ID,Central Jakarta,32,300
Q1470276,M. H. de Young Memorial Museum,museum,37.77147,-122.46868,US,San Francisco,25,300
Q1471477,Royal Museum of Fine Arts Antwerp,museum,51.20882,4.39435,BE,Antwerp,27,300
Q1474721,Itatiaia National Park,museum,-22.35425,-44.65329,BR,Minas Gerais,25,300
Q1478423,The Morgan Library & Museum,museum,40.7488,-73.98156,US,Manhattan,27,300
Q1492387,Galleria Nazionale d'Arte Moderna e Contemporanea di Roma,museum,41.91705,12.47998,IT,Roma Capitale,28,300
Q1497827,"National Archaeological Museum, Bulgaria",museum,42.69633,23.32456,BG,Sofia,25,300
Q1519002,Musée Fabre,museum,43.61174,3.88019,FR,Montpellier,26,300
Q1538826,Musée des Arts et Métiers,museum,48.86611,2.35528,FR,3rd arrondissement of Paris,53,300
Q1565911,"Museum of Fine Arts, Houston",museum,29.72561,-95.39054,US,Houston,25,300
Q1568666,"Hagia Sophia, Trabzon",museum,41.00333,39.69611,TR,Trabzon,28,300
Q1586390,Museum of the Occupation of Latvia,museum,56.94694,24.10639,LV,Riga,26,300
Q1621200,Tsarskoye Selo,museum,59.72333,30.41583,RU,Pushkin,34,300
Q1631008,National Museum of Iran,museum,35.68704,51.41461,IR,Tehran County,34,300
Q1633361,Kiasma,museum,60.17167,24.93694,FI,Helsinki,27,300
Q1633842,National Museum of Scotland,museum,55.94694,-3.19,GB,City of Edinburgh,33,300
Q1641836,Los Angeles County Museum of Art,museum,34.06333,-118.35917,US,Los Angeles,31,300
Q1672830,National Library of Ireland,museum,53.34111,-6.25444,IE,Dublin,33,300
Q1672840,National Museum of Ireland,museum,53.34028,-6.25472,IE,Dublin,27,300
Q1678321,Baku Museum of Modern Art,museum,40.37802,49.86469,AZ,Baku,25,300
Q1726607,Swedish History Museum,museum,59.33472,18.09028,SE,Stockholm Municipality,28,300
Q1756399,Tehran Museum of Contemporary Art,museum,35.71139,51.39056,IR,District 6,28,300
Q1760005,Oxford University Museum of Natural History,museum,51.75903,-1.25642,GB,Oxford,25,300
Q1850416,Museu Nacional,museum,-22.90583,-43.22611,BR,Rio de Janeiro,45,300
Q1858105,Parliament House,museum,-35.30806,149.12444,AU,Canberra,27,300
Q1864572,Salar Jung Museum,museum,17.37143,78.48035,IN,Hyderabad,26,300
Q1881229,MAXXI,museum,41.92847,12.46831,IT,Roma Capitale,25,300
Q1967614,National Portrait Gallery,museum,38.89778,-77.02306,US,"Washington, D.C.",26,300
Q1968711,Nobel Prize Museum,museum,59.32522,18.07083,SE,Stockholm Municipality,36,300
Q1969012,Sa'dabad Palace,museum,35.81722,51.42361,IR,Tehran,25,300
Q1990172,Sherlock Holmes Museum,museum,51.52369,-0.161,GB,City of Westminster,28,300
Q1995367,Horta Museum,museum,50.82417,4.35556,BE,Brussels,25,300
Q1996069,Musée de l'Armée,museum,48.85694,2.31278,FR,7th arrondissement of Paris,29,300
Q2018379,National Gallery of Ireland,museum,53.34091,-6.25255,IE,Dublin City,29,300
Q2034628,Asiago Astrophysical Observatory,museum,45.8663,11.52608,IT,Asiago,25,300
Q2087788,National Gallery of Armenia,museum,40.17875,44.51417,AM,Yerevan,36,300
Q2125281,Dubai Museum,museum,25.26306,55.29722,AE,Bur Dubai,26,300
Q2265459,National Museum of Montenegro,museum,42.38928,18.92286,ME,Old Royal Capital Cetinje,27,300
Q2266081,Galleria Nazionale d'Arte Antica,museum,41.90278,12.48953,IT,Rome,28,300
Q2297982,Design Museum Holon,museum,32.01096,34.77761,IL,Holon,25,300
Q2365880,Museum of Fine Arts Ghent (MSK),museum,51.03798,3.72424,BE,Ghent,25,300
Q2497590,"Rector's Palace, Dubrovnik",museum,42.64028,18.11083,HR,Dubrovnik,27,300
Q2559128,National Art Museum of Azerbaijan,museum,40.36306,49.83167,AZ,Baku,48,300
Q2562904,Museum of Soviet Occupation,museum,41.6958,44.8004,GE,Tbilisi,27,300
Q2563760,Joseph Stalin Museum,museum,41.98722,44.11361,GE,Gori,29,300
Q2583681,Grand Egyptian Museum,museum,29.99361,31.11972,EG,Giza Governorate,47,300
Q2584571,Belarusian National Arts Museum,museum,53.89833,27.56056,BY,Minsk,26,300
Q2586798,Georgian National Museum,museum,41.69605,44.80025,GE,,26,300
Q2663377,Frida Kahlo Museum,museum,19.35514,-99.16253,MX,Coyoacán,30,300
Q2664428,National Museum of History of Azerbaijan,museum,40.36948,49.84012,AZ,Baku,40,300
Q2887224,San Agustin archeological park,museum,1.88444,-76.29611,CO,Huila Department,29,300
Q2915627,National Museum of Beirut,museum,33.87822,35.5149,LB,Beirut Governorate,25,300
Q3075489,Louis Vuitton Foundation,museum,48.87667,2.26333,FR,16th arrondissement of Paris,37,300
Q3176133,Louvre Abu Dhabi,museum,24.533,54.40001,AE,Abu Dhabi,36,300
Q3578460,Västerbottens museum,museum,63.82889,20.28861,SE,Umeå Municipality,29,300
Q4907651,Bildmuseet,museum,63.8291,20.28884,SE,Umeå Municipality,30,300
Q6672159,Kherson Art Museum,museum,46.62972,32.60944,UA,Kherson,28,300
Q7171560,Kalka–Shimla Railway,museum,31.10461,77.17342,IN,Himachal Pradesh,33,300
Q7460945,Vigeland installation,museum,59.92767,10.69889,NO,Oslo Municipality,28,300
Q7818931,Tomioka Silk Mill,museum,36.25533,138.88767,JP,Tomioka,27,300
Q195311,National Museum in Kraków,museum,50.06028,19.92389,PL,Kraków,31,300
Q195436,Tate Britain,museum,51.49111,-0.1275,GB,City of Westminster,36,300
Q1356138,National Museum,museum,28.61181,77.21926,IN,New Delhi,28,300
Q648166,National Museum of Denmark,museum,55.67472,12.57472,DK,Copenhagen Municipality,34,300
Q648932,Talyllyn Railway,museum,52.58367,-4.08875,GB,Tywyn,25,300
Q649250,Royal Ontario Museum,museum,43.66757,-79.39468,CA,Toronto,38,300
Q28654544,War Childhood Museum,museum,43.86199,18.42852,BA,Sarajevo,25,300
Q32659772,Neue Nationalgalerie,museum,52.50694,13.36778,DE,Bezirk Mitte,27,300
Q60853332,Museums of Mequinenza,museum,41.36141,0.29266,ES,Mequinenza,27,300
Q123753947,Azerbaijan Railway Museum,museum,40.37969,49.84799,AZ,Nəsimi raion,28,300
Q861252,Museu Nacional d'Art de Catalunya,museum,41.36833,2.15331,ES,Sants-Montjuïc,31,300
Q861608,National Museum of Women in the Arts,museum,38.90005,-77.02931,US,"Washington, D.C.",35,300
Q11993457,Royal Spanish Academy,museum,40.41502,-3.69091,ES,,45,300
Q15714017,Aeroscopia,museum,43.6599,1.36053,FR,Blagnac,25,300
Q1895953,Musée National d'Art Moderne,museum,48.86064,2.35228,FR,Quartier Saint-Merri,38,300
Q1948674,Groeningemuseum,museum,51.20528,3.22667,BE,Bruges,28,300
Q1954595,Museum of Broken Relationships,museum,45.81517,15.97358,HR,Zagreb,28,300
Q136661,Zaanse Schans,museum,52.47389,4.81639,,Zaanstad,28,300
Q160268,Gross-Rosen concentration camp,museum,50.9982,16.2777,,Rogoźnica,34,300
Q221092,Mauritshuis,museum,52.08039,4.31431,,The Hague,49,300
Q277316,Rembrandt House Museum,museum,52.36944,4.90139,,Amsterdam,28,300
Q562161,USS Iowa,museum,33.74161,-118.27753,,,34,300
Q601223,Eise Eisinga Planetarium,museum,53.18738,5.54375,,Waadhoeke,28,300
Q679527,Museum Boijmans Van Beuningen,museum,51.91421,4.47334,,Rotterdam,32,300
Q914231,Rietveld Schröder House,museum,52.08533,5.1476,,Utrecht,36,300
Q924335,Stedelijk Museum Amsterdam,museum,52.35801,4.87976,,Amsterdam,38,300
Q1051928,Kröller-Müller Museum,museum,52.09583,5.81694,,Ede,32,300
Q1121835,Ir.D.F. Woudagemaal,museum,52.84583,5.67889,,Lemsterland,28,300
Q1131589,Wereldmuseum Amsterdam,museum,52.3625,4.92111,,Amsterdam,28,300
Q1419675,Nieuwe Kerk,museum,52.37389,4.89194,,Amsterdam,26,300
Q82257,RRS Discovery,museum,56.45694,-2.96667,GB,Dundee City,20,300
Q83013,Musée des beaux-arts de Marseille,museum,43.30441,5.39387,FR,Marseille,14,300
Q115044,Southern Fuegian Railway,museum,-54.83316,-68.424,AR,"Tierra del Fuego, Antarctica and South Atlantic Islands Province",15,300
Q116343,Küstendorf,museum,43.79563,19.50809,RS,Užice City,20,300
Q118142,"Museum of Contemporary Art, Chicago",museum,41.89721,-87.62099,US,Chicago,17,300
Q122945,Yale Peabody Museum,museum,41.31575,-72.92118,US,New Haven,19,300
Q125634,Museum Folkwang,museum,51.4417,7.00417,DE,Stadtbezirk II (Essen),20,300
Q128316,Honolulu Museum of Art,museum,21.3039,-157.84871,US,Honolulu,17,300
Q130628,National Maritime Museum,museum,35.0787,129.08,KR,Busan,16,300
Q130775,Gibraltar Museum,museum,36.13897,-5.35436,GB,Gibraltar,16,300
Q144900,National Postal Museum,museum,38.89806,-77.00833,US,"Washington, D.C.",21,300
Q147312,Nara National Museum,museum,34.6837,135.8364,JP,Nara,24,300
Q148543,Kyushu National Museum,museum,33.51836,130.5383,JP,Dazaifu,19,300
Q151782,Ainola,museum,60.45451,25.08639,FI,Järvenpää,18,300
Q159556,The Philippi Collection,museum,49.48197,7.03103,DE,Tholey,24,300
Q162610,National Gallery Berlin,museum,52.52139,13.39556,DE,Berlin,14,300
Q165076,Fort VII concentration camp,museum,52.4168,16.86909,PL,Q268,14,300
Q177550,National Museum of Science and Technology,museum,59.3325,18.11861,SE,Stockholm Municipality,17,300
Q179283,National Museum of Romanian History,museum,44.43153,26.09723,RO,Bucharest,18,300
Q180401,Getty Villa,museum,34.045,-118.565,US,Los Angeles,21,300
Q190445,Central Air Force Museum,museum,55.84278,38.18139,RU,Moscow Oblast,22,300
Q190456,Central State Museum of Kazakhstan,museum,43.23582,76.95073,KZ,,19,300
Q190689,Central Armed Forces Museum,museum,55.78472,37.61722,RU,Moscow,22,300
Q190694,Museum of the Great Patriotic War,museum,55.73056,37.50389,RU,Moscow,14,300
Q191189,Zentrum Paul Klee,museum,46.94917,7.47389,CH,Bern,15,300
Q194533,National Museum in Poznań,museum,52.40865,16.9289,PL,Q268,18,300
Q194622,Kunstmuseum Bern,museum,46.95111,7.44333,CH,Bern,21,300
Q195975,National Oleksandr Dovzhenko Film Centre,museum,50.39694,30.50863,UA,Kyiv,22,300
Q196982,Zeugma Mosaic Museum,museum,37.07488,37.38616,TR,Şehitkâmil district,20,300
Q201383,Alexandria National Museum,museum,31.2011,29.9132,EG,Alexandria Governorate,17,300
Q204129,Hermesvilla,museum,48.17068,16.24617,AT,Hietzing,17,300
Q206518,Exploratorium,museum,37.8014,-122.3976,US,San Francisco,16,300
Q210081,Walters Art Museum,museum,39.29642,-76.6165,US,Baltimore,23,300
Q222297,Museum of Natural Sciences of Belgium,museum,50.83655,4.37656,BE,Brussels,14,300
Q222410,Piscina Mirabilis,museum,40.79528,14.08,IT,Bacoli,16,300
Q233705,National Art Museum of China,museum,39.92382,116.40275,CN,Jingshan Subdistrict,20,300
Q250195,Pinakothek der Moderne,museum,48.14716,11.5723,DE,Maxvorstadt,21,300
Q252259,Thiel Gallery,museum,59.32222,18.14861,SE,Stockholm Municipality,15,300
Q258100,Blues Hall of Fame,museum,35.13507,-90.05881,US,Memphis,24,300
Q258597,Museum Brandhorst,museum,48.1481,11.5742,DE,Maxvorstadt,19,300
Q259767,Arthur M. Sackler Gallery,museum,38.888,-77.0265,US,"Washington, D.C.",20,300
Q260983,Ghetto Fighters' House,museum,32.96053,35.09528,IL,,14,300
Q261233,Museo del Novecento,museum,45.46341,9.19026,IT,Milan,17,300
Q262234,Lenbachhaus,museum,48.14694,11.56361,DE,Munich,19,300
Q264573,Villa Stuck,museum,48.14056,11.59934,DE,Munich,14,300
Q265695,Phaeno Science Center,museum,52.4289,10.79,DE,Wolfsburg,15,300
Q279049,Portland Art Museum,museum,45.51615,-122.68336,US,Portland,16,300
Q283140,Military Museum of Finland,museum,60.1459,24.9893,FI,Helsinki,14,300
Q284716,Saint Joseph's Oratory,museum,45.49167,-73.61667,CA,Montreal,18,300
Q287360,Sursock Museum,museum,33.89294,35.51623,LB,Beirut,18,300
Q288365,Minsk,museum,22.55361,114.23667,CN,Yantian District,18,300
Q296962,ARoS Aarhus Kunstmuseum,museum,56.15389,10.19961,DK,Aarhus Municipality,16,300
Q298289,Museum of Far Eastern Antiquities,museum,59.32694,18.08194,SE,Stockholm Municipality,21,300
Q315089,Schloss Drachenburg,museum,50.66867,7.20634,DE,Königswinter,16,300
Q315313,Roscheider Hof Open Air Museum,museum,49.70472,6.59722,DE,Konz,14,300
Q316542,Old Synagogue,museum,51.4564,7.01667,DE,Essen,14,300
Q317701,Imperial Treasury,museum,48.20657,16.36542,AT,Vienna,14,300
Q318084,Beethoven House,museum,50.7369,7.10139,DE,Stadtbezirk Bonn,16,300
Q322160,Museum Witt,museum,48.16467,11.48217,DE,,22,300
Q322433,Bürresheim Castle,museum,50.3528,7.17971,DE,Sankt Johann,18,300
Q323860,Museum of Occupations and Freedom Fights,museum,54.68788,25.27059,LT,Vilnius City Municipality,16,300
Q611606,Nairobi Railway Museum,museum,-1.29373,36.82219,KE,Nairobi,14,300
Q612530,John and Mable Ringling Museum of Art,museum,27.38147,-82.5598,US,Sarasota,15,300
Q674996,Lilienfeld Abbey,museum,48.01298,15.59865,AT,Lilienfeld,16,300
Q675018,Goseck circle,museum,51.19833,11.86472,DE,Goseck,16,300
Q675326,Kunsthaus Bregenz,museum,47.505,9.74729,AT,Bregenz,14,300
Q677175,Nora,museum,38.98574,9.01603,IT,Pula,17,300
Q677561,Hammer Museum,museum,34.05947,-118.44366,US,Los Angeles,15,300
Q678082,Herzog Anton Ulrich Museum,museum,52.2635,10.533,DE,Brunswick,23,300
Q679075,Museum of Art and History Geneva,museum,46.1993,6.15157,CH,Geneva,22,300
Q679115,Colditz Castle,museum,51.13078,12.80748,DE,Colditz,24,300
Q680971,Experimental Centre of Cinematography,museum,41.85102,12.49957,IT,Rome,19,300
Q681497,Stockholm Observatory,museum,59.34167,18.05472,SE,Stockholm Municipality,19,300
Q683457,Wilhelm Bauer,museum,53.54139,8.57778,DE,Bremerhaven,16,300
Q683654,Franzensburg,museum,48.06545,16.37254,AT,Laxenburg,16,300
Q685162,Schwules Museum,museum,52.5043,13.3579,DE,Berlin,23,300
Q686109,Wahnfried,museum,49.94095,11.58206,DE,Bayreuth,16,300
Q686443,Department of Planned Languages and Esperanto Museum,museum,48.2093,16.3653,AT,Vienna,21,300
Q688353,Ethnological Museum Berlin,museum,52.45667,13.29194,DE,Bezirk Mitte,19,300
Q688659,Kremsmünster Abbey,museum,48.0545,14.129,AT,Kremsmünster,19,300
Q689369,U-534,museum,53.3951,-3.00933,GB,Birkenhead,15,300
Q689951,Mumok,museum,48.20372,16.35744,AT,Neubau,18,300
Q690002,Swedish Army Museum,museum,59.33472,18.08018,SE,Stockholm Municipality,19,300
Q690242,Museum of Contemporary Art Australia,museum,-33.86,151.20889,AU,New South Wales,23,300
Q693591,Kunsthalle Bremen,museum,53.07278,8.81361,DE,Mitte,20,300
Q693608,Polish Army Museum,museum,52.26436,20.99949,PL,Żoliborz,18,300
Q693653,Plötzensee Prison,museum,52.541,13.322,DE,Charlottenburg-Wilmersdorf,22,300
Q694810,Sigmund Freud Museum,museum,48.2186,16.3631,AT,Vienna,18,300
Q696790,Wurzen Pass,museum,46.52332,13.75156,AT,Municipality of Kranjska Gora,14,300
Q697003,Artstetten Castle,museum,48.2425,15.2025,AT,Artstetten-Pöbring,16,300
Q697086,Schloss Hartheim,museum,48.2812,14.1138,AT,Alkoven,20,300
Q697145,Klosterneuburg Monastery,museum,48.30719,16.32664,AT,Klosterneuburg,20,300
Q697421,Göttweig Abbey,museum,48.36659,15.61233,AT,Furth bei Göttweig,14,300
Q697766,Eberbach Abbey,museum,50.0425,8.04667,DE,Eltville am Rhein,19,300
Q697782,Haus der Kunst,museum,48.14411,11.58594,DE,Munich,22,300
Q698270,Banjica concentration camp,museum,44.77028,20.46833,RS,Belgrade,17,300
Q699780,Albertinum,museum,51.0519,13.7444,DE,Dresden,17,300
Q700208,Golden Roof,museum,47.2686,11.3933,AT,Innsbruck,21,300
Q700216,Staatliche Museen zu Berlin,museum,52.50929,13.3645,DE,Berlin,24,300
Q614450,Palais de la Découverte,museum,48.86611,2.31083,FR,8th arrondissement of Paris,16,300
Q617810,Apartheid Museum,museum,-26.23806,28.00889,ZA,Johannesburg,16,300
Q623662,Romanian Peasant Museum,museum,44.45438,26.08368,RO,Bucharest,19,300
Q625590,Vabamu Museum of Occupations and Freedom,museum,59.43265,24.73943,EE,Tallinn,17,300
Q629197,Israel Defense Forces History Museum,museum,32.05944,34.7625,IL,Tel Aviv,14,300
Q631056,Bavarian National Museum,museum,48.1432,11.591,DE,Altstadt-Lehel,22,300
Q631432,Soluntum,museum,38.0825,13.52745,IT,Santa Flavia,23,300
Q632689,National Museum of Singapore,museum,1.29672,103.84864,SG,Bras Basah,24,300
Q633033,Asian Civilisations Museum,museum,1.2875,103.85139,SG,Downtown Core,16,300
Q635399,Architekturzentrum Wien,museum,48.20417,16.35778,AT,Neubau,15,300
Q636088,Museum of Ethnography,museum,47.51161,19.08094,HU,Budapest district XIV,16,300
Q636888,Hatay Archaeology Museum,museum,36.20194,36.16,TR,Antakya,14,300
Q636928,Delphi Archaeological Museum,museum,38.48029,22.49984,GR,Delfi Municipality,15,300
Q636942,International Center of Photography,museum,40.75472,-73.98496,US,Manhattan,17,300
Q636972,Heraklion Archaeological Museum,museum,35.33917,25.1375,GR,Heraklion Municipality,21,300
Q637038,Archaeological Museum of Olympia,museum,37.64342,21.62939,GR,Ancient Olympia Municipality,17,300
Q637089,Varna Archaeological Museum,museum,43.20751,27.91504,BG,Varna,17,300
Q637170,National Archaeological Museum,museum,41.31829,19.8219,AL,Tirana,16,300
Q637237,National Archaeological Museum,museum,43.77622,11.26225,IT,Florence,23,300
Q639179,Villa of Livia,museum,42.00208,12.49362,IT,Rome,14,300
Q641427,Stele Forest,museum,34.25573,108.9482,CN,Beilin District,17,300
Q641630,Berggruen Museum,museum,52.5192,13.2953,DE,Charlottenburg-Wilmersdorf,18,300
Q643453,National Museum of Sudan,museum,15.606,32.508,SD,Khartoum,19,300
Q643773,Jewish Museum of Thessaloniki,museum,40.63527,22.9398,GR,Thessaloniki Municipality,16,300
Q651638,Greek cruiser Georgios Averof,museum,37.93373,23.68385,GR,Palaio Faliro Municipality,18,300
Q653002,Staatliche Kunstsammlungen Dresden,museum,51.0528,13.7369,DE,Dresden,18,300
Q653307,Manufacture nationale de Sèvres,museum,48.82861,2.2225,FR,Sèvres,23,300
Q655853,Buddha Park,museum,17.91225,102.7651,LA,,22,300
Q656957,Miraikan,museum,35.61917,139.77667,JP,Aomi,17,300
Q658339,Numismatic Museum of Athens,museum,37.9778,23.7354,GR,Panepistimiou Street,20,300
Q658725,Staatliche Kunsthalle Karlsruhe,museum,49.0119,8.4,DE,Karlsruhe,16,300
Q663025,Natural History Museum of Geneva,museum,46.1989,6.1583,CH,Geneva,16,300
Q663764,Auschwitz II-Birkenau concentration camp,museum,50.0371,19.1752,PL,Brzezinka,19,300
Q664484,James Simon Gallery,museum,52.52,13.39701,DE,Bezirk Mitte,14,300
Q665171,Museum für Hamburgische Geschichte,museum,53.55111,9.97306,DE,Hamburg-Mitte,17,300
Q666331,Foundation E.G. Bührle Collection,museum,47.35305,8.56176,CH,Zurich,17,300
Q666898,Furka Cogwheel Steam Railway,museum,46.56139,8.36194,CH,Obergoms,18,300
Q667094,Millesgården,museum,59.35861,18.12139,SE,Lidingö Municipality,20,300
Q667615,Admont Abbey,museum,47.57502,14.46216,AT,Admont,22,300
Q668300,Museum Rietberg,museum,47.35892,8.53027,CH,Zurich,17,300
Q670058,Historical Museum of Bern,museum,46.94299,7.44933,CH,Bern,14,300
Q670442,Arizona State Capitol,museum,33.44806,-112.09639,US,Phoenix,14,300
Q670595,Swiss Museum of Transport,museum,47.05278,8.33583,CH,Lucerne,15,300
Q671264,Colombian National Museum,museum,4.6155,-74.0683,CO,Bogotá,16,300
Q671822,Ariana Museum,museum,46.2254,6.13884,CH,Geneva,15,300
Q673346,Arken Museum of Contemporary Art,museum,55.60611,12.3875,DK,Ishøj Municipality,18,300
Q673833,Beyeler Foundation,museum,47.58806,7.65111,CH,Riehen,18,300
Q673871,Arktikum Science Museum,museum,66.5076,25.72541,FI,Rovaniemi,16,300
Q939288,Museu de les Ciències Príncipe Felipe,museum,39.4558,-0.35155,ES,Valencia,14,300
Q943581,Magritte Museum,museum,50.84242,4.3588,BE,Brussels,14,300
Q944225,Waddesdon Manor,museum,51.84243,-0.93727,GB,Waddesdon,19,300
Q944404,Museum of Toys and Automata,museum,41.61028,1.14259,ES,Verdú,15,300
Q946264,Siida,museum,68.91083,27.01361,FI,Inari,15,300
Q946378,Faroe Islands National Museum,museum,62.0319,-6.7649,FO,Tórshavn Municipality,15,300
Q948457,Rumyantsev Museum,museum,55.74972,37.60833,RU,Moscow,14,300
Q949846,Tarot Garden,museum,42.4259,11.46639,IT,Capalbio,17,300
Q952270,"Intrepid Sea, Air & Space Museum",museum,40.76461,-73.99961,US,New York City,14,300
Q953345,High Museum of Art,museum,33.79005,-84.38557,US,Atlanta,16,300
Q954222,Musée des Beaux-Arts de Bordeaux,museum,44.8374,-0.581,FR,,14,300
Q970335,Carpet Museum of Iran,museum,35.71414,51.39092,IR,District 6,18,300
Q971028,Oscar Niemeyer International Cultural Centre,museum,43.55744,-5.91771,ES,Avilés,24,300
Q971299,Instituto Butantan,museum,-23.56757,-46.71834,BR,São Paulo,21,300
Q973216,Dalí Paris,museum,48.88653,2.33972,FR,18th arrondissement of Paris,17,300
Q977732,Musée d'Art et d'Histoire du Judaïsme,museum,48.86111,2.35528,FR,3rd arrondissement of Paris,22,300
Q979100,New Cathedral of Coimbra,museum,40.20944,-8.42444,PT,"Coimbra (Sé Nova, Santa Cruz, Almedina e São Bartolomeu)",14,300
Q985290,Museum Meiji-mura,museum,35.34191,136.98927,JP,Inuyama,15,300
Q986531,Museum of the Macedonian Struggle,museum,41.99806,21.43306,MK,Skopje,14,300
Q991572,Bruce Castle,museum,51.59917,-0.07528,GB,London Borough of Haringey,14,300
Q1000054,Zisa Palace,museum,38.11578,13.3411,IT,Palermo,18,300
Q1015079,Burghley House,museum,52.6425,-0.45306,GB,Barnack,21,300
Q1018775,Byzantine and Christian Museum,museum,37.97507,23.74452,GR,Athens Municipality,20,300
Q1024829,Cabildo of Buenos Aires,museum,-34.60886,-58.37376,AR,Buenos Aires,17,300
Q1031614,Campo santo,museum,43.724,10.39495,IT,Pisa,20,300
Q1032232,Canadian Museum of Nature,museum,45.41278,-75.68889,CA,Ottawa,20,300
Q1032269,Canadian Museum of History,museum,45.42972,-75.70889,CA,Hull,23,300
Q1032442,Canadian War Museum,museum,45.41722,-75.71722,CA,Ottawa,17,300
Q1033769,Canterbury Museum,museum,-43.5309,172.6271,NZ,Christchurch City,16,300
Q1041718,Villa San Michele,museum,40.55722,14.225,IT,Anacapri,16,300
Q1043967,Carnegie Museum of Art,museum,40.4437,-79.949,US,Pittsburgh,18,300
Q1043983,Carnegie Museum of Natural History,museum,40.44361,-79.95,US,Pittsburgh,22,300
Q1046446,Casa Loma,museum,43.67812,-79.40934,CA,Toronto,21,300
Q1049033,Peggy Guggenheim Collection,museum,45.43082,12.33154,IT,Venice,24,300
Q1050042,Narayanhiti Palace,museum,27.7156,85.32,NP,Kathmandu,24,300
Q1051229,Edo-Tokyo Open Air Architectural Museum,museum,35.71582,139.51261,JP,Koganei,16,300
Q1054169,Centre Pompidou-Metz,museum,49.10806,6.18,FR,Metz,20,300
Q1055100,Steven F. Udvar-Hazy Center,museum,38.91144,-77.44411,US,Fairfax County,18,300
Q1055628,"National Museum of Modern Art, Kyoto",museum,35.01239,135.78194,JP,Sakyō-ku,16,300
Q1055897,Ho Chi Minh Museum,museum,21.03569,105.83262,VN,Hanoi,14,300
Q387292,Mosul Museum,museum,36.33786,43.1394,IQ,Mosul,18,300
Q387667,Mozarthaus Vienna,museum,48.20816,16.37491,AT,Vienna,18,300
Q389845,Maihaugen,museum,61.11282,10.47843,NO,Lillehammer,15,300
Q390124,Gyeongju National Museum,museum,35.82898,129.22836,KR,Gyeongju,18,300
Q390508,Berlin-Hohenschönhausen Memorial,museum,52.5417,13.5011,DE,Berlin,18,300
Q391211,Šargan Eight,museum,43.8,19.52194,BA,,20,300
Q1074877,Chiswick House,museum,51.48361,-0.25861,GB,London Borough of Hounslow,15,300
Q1075126,Freer Gallery of Art,museum,38.88833,-77.0275,US,"Washington, D.C.",23,300
Q1093313,Citadelle of Quebec,museum,46.8074,-71.2071,CA,La Cité-Limoilou,15,300
Q1093757,Nabokov House,museum,59.9319,30.3049,RU,Saint Petersburg,15,300
Q1097330,Collegiate Church of San Gimignano,museum,43.46782,11.04277,IT,San Gimignano,14,300
Q1099077,Nagasaki Atomic Bomb Museum,museum,32.77265,129.86451,JP,Nagasaki,21,300
Q1103550,Pinacoteca Nazionale di Bologna,museum,44.49771,11.35354,IT,Bologna,16,300
Q1113843,Biblioteca Malatestiana,museum,44.13871,12.24368,IT,Cesena,22,300
Q1129820,"Cooper Hewitt, Smithsonian Design Museum",museum,40.78472,-73.95806,US,Manhattan,19,300
Q1130410,Listasavn Føroya,museum,62.0175,-6.78056,FO,Tórshavn Municipality,17,300
Q1131318,Musical Instruments Museum,museum,50.84278,4.35889,BE,Brussels,16,300
Q1134422,Hakone Open-Air Museum,museum,35.24472,139.05151,JP,Ninotaira,16,300
Q1134646,"Museum of Contemporary Art, Los Angeles",museum,34.05327,-118.25043,US,Los Angeles,22,300
Q1136338,National Museum of Decorative Arts,museum,-34.582,-58.4015,AR,Buenos Aires,17,300
Q1138030,The Cloisters,museum,40.86486,-73.93173,US,Manhattan,23,300
Q1138064,Copernicus Science Centre,museum,52.24194,21.02833,PL,Warsaw,14,300
Q1138147,Museo Nacional de Arte,museum,19.43639,-99.13944,MX,Cuauhtémoc,18,300
Q1138924,National Rail Museum,museum,28.58483,77.18143,IN,New Delhi district,14,300
Q1139337,Creation Museum,museum,39.08625,-84.78347,US,Kentucky,14,300
Q1139609,Villa Foscari,museum,45.43667,12.20167,IT,Malcontenta,18,300
Q1142334,Crystal Bridges Museum of American Art,museum,36.38185,-94.20265,US,Bentonville,14,300
Q1144740,Hong Kong Space Museum,museum,22.2944,114.172,CN,Hong Kong,17,300
Q1146587,Swedish Film Institute,museum,59.34,18.10333,SE,Stockholm,19,300
Q1156823,New Museum,museum,40.72236,-73.99292,US,New York City,20,300
Q1163656,New Mosque,museum,40.61546,22.95673,GR,Thessaloniki Municipality,18,300
Q1164599,National Museum of Aleppo,museum,36.205,37.15,SY,Aleppo,15,300
Q1165571,"Transfiguration Cathedral, Chernihiv",museum,51.48903,31.30778,UA,Chernihiv,20,300
Q1167467,National Gallery of Athens,museum,37.98672,23.77825,GR,Athens Municipality,19,300
Q1183941,Delaware Art Museum,museum,39.76537,-75.5647,US,Delaware,14,300
Q1186756,The Old Town,museum,56.15889,10.19167,DK,Aarhus Municipality,16,300
Q1188138,Turbinia,museum,54.96914,-1.6245,GB,Newcastle upon Tyne,22,300
Q1189666,Capital Museum,museum,39.905,116.336,CN,Yuetan Subdistrict,22,300
Q1190282,Independence National Historical Park,museum,39.9478,-75.1481,US,Philadelphia,15,300
Q584756,Hamburger Bahnhof,museum,52.52833,13.37222,DE,Berlin,22,300
Q585544,Geological Museum of China,museum,39.92194,116.36528,CN,Jinrongjie Subdistrict,15,300
Q587617,Mother Teresa Memorial House,museum,41.99381,21.43092,MK,Centar Municipality,17,300
Q587949,Castello Maniace,museum,37.05335,15.29539,IT,Syracuse,17,300
Q591086,Serpentine Galleries,museum,51.5047,-0.17505,GB,City of Westminster,24,300
Q592116,Jewish Museum,museum,40.78539,-73.95719,US,Manhattan,18,300
Q593909,Museum of Moroccan Judaism,museum,33.55567,-7.64236,MA,Casablanca,15,300
Q597055,Nukus Museum of Art,museum,42.46563,59.61356,UZ,,21,300
Q597137,Kunsthaus Graz,museum,47.0714,15.434,AT,Graz,21,300
Q597596,Gliwice Radio Tower,museum,50.31336,18.68878,PL,Gliwice,18,300
Q604908,Archaeological Museum of Milan,museum,45.46562,9.17872,IT,Milan,14,300
Q609925,HMS Warrior,museum,50.79833,-1.10889,GB,City of Portsmouth,21,300
Q700747,Vitra Design Museum,museum,47.60278,7.61806,DE,Weil am Rhein,21,300
Q702551,Schwetzingen Palace,museum,49.38406,8.57059,DE,Schwetzingen,22,300
Q702661,Autostadt,museum,52.4311,10.7919,DE,Wolfsburg,20,300
Q703640,Museum Ludwig,museum,50.94083,6.96028,DE,Altstadt-Nord,22,300
Q703871,War Remnants Museum,museum,10.7795,106.692,VN,District 3,19,300
Q705551,Art Gallery of New South Wales,museum,-33.86861,151.21722,AU,Sydney,24,300
Q705557,Art Gallery of South Australia,museum,-34.92064,138.60394,AU,Adelaide,24,300
Q705848,Schloss Johannisburg,museum,49.9761,9.14167,DE,Aschaffenburg,15,300
Q706441,Senckenberg Museum,museum,50.1175,8.65167,DE,Frankfurt,21,300
Q707850,Jewish Museum in Prague,museum,50.09029,14.4211,CZ,Josefov,15,300
Q707955,Romano-Germanic Museum,museum,50.94054,6.95893,DE,Cologne,19,300
Q707981,Staatliche Antikensammlungen,museum,48.14519,11.56493,DE,,18,300
Q708588,International Friendship Exhibition,museum,40.01731,126.21513,KP,North Pyongan Province,19,300
Q713204,Norman Rockwell Museum,museum,42.28792,-73.33586,US,Stockbridge,14,300
Q713922,Shanghai Urban Planning Exhibition Center,museum,31.23337,121.47048,CN,Shanghai,14,300
Q723951,Azerbaijan Museum,museum,38.07333,46.3,IR,Tabriz,17,300
Q727277,Asian Art Museum of San Francisco,museum,37.78016,-122.4162,US,San Francisco,15,300
Q728562,Cité du train,museum,47.75056,7.29389,FR,Mulhouse,20,300
Q736689,Tharros,museum,39.87344,8.44102,IT,Cabras,18,300
Q745866,Dallas Museum of Art,museum,32.78756,-96.80089,US,Dallas,21,300
Q746631,Pysanka Museum,museum,48.52833,25.03889,UA,Kolomyia,20,300
Q747888,Cattolica di Stilo,museum,38.48019,16.46825,IT,Stilo,16,300
Q751172,Andy Warhol Museum,museum,40.44838,-80.00249,US,Pittsburgh,17,300
Q753756,Atatürk Museum,museum,40.63575,22.95431,GR,Thessaloniki Municipality,17,300
Q758657,Auckland War Memorial Museum Tāmaki Paenga Hira,museum,-36.8606,174.7778,NZ,Auckland Region,16,300
Q764804,Kenwood House,museum,51.57139,-0.1675,GB,London Borough of Camden,24,300
Q768446,Corcoran Gallery of Art,museum,38.89585,-77.03988,US,"Washington, D.C.",17,300
Q770918,Museum Ordrupgaard,museum,55.76694,12.56333,DK,Gentofte Municipality,15,300
Q772890,Galleria nazionale di Parma,museum,44.80472,10.32586,IT,Parma,15,300
Q774128,Galleria Estense,museum,44.64825,10.92066,IT,Modena,14,300
Q391613,Art Pavilion in Zagreb,museum,45.80722,15.97861,HR,Donji grad,16,300
Q403080,Wadsworth Atheneum Museum of Art,museum,41.76371,-72.67309,US,Hartford,17,300
Q405543,Louvre-Lens,museum,50.43056,2.80333,FR,Lens,17,300
Q406679,Esperanto Museum in Svitavy,museum,49.75469,16.47261,CZ,Svitavy,17,300
Q426164,Risiera di San Sabba,museum,45.62083,13.78917,IT,Trieste,19,300
Q427318,"Royal Academy of Exact, Physical and Natural Sciences",museum,40.42194,-3.71278,ES,,16,300
Q428756,Heuneburg,museum,48.09472,9.41194,DE,,15,300
Q428765,Museum of Fine Arts of Nancy,museum,48.69346,6.18234,FR,Nancy,16,300
Q429192,Royal Chapel of Granada,museum,37.17599,-3.59904,ES,Granada,21,300
Q429513,Musée des Blindés,museum,47.24373,-0.07165,FR,Saumur,15,300
Q441079,Althorp,museum,52.2802,-1.00207,GB,Althorp,21,300
Q459416,Bundeswehr Military History Museum,museum,51.0784,13.76,DE,Dresden,14,300
Q459493,Lutherhaus Wittenberg,museum,51.8642,12.6525,DE,Lutherstadt Wittenberg,14,300
Q463748,Karl-Marx-House museum,museum,49.75389,6.63556,DE,Trier,20,300
Q464354,American Folk Art Museum,museum,40.7616,-73.9781,US,Manhattan,17,300
Q464416,Neanderthal Museum,museum,51.2269,6.95056,DE,Mettmann,16,300
Q465765,Museum of the Moving Image,museum,40.75621,-73.92396,US,Astoria,18,300
Q468458,Kunsthalle Mannheim,museum,49.4828,8.47526,DE,Mannheim,15,300
Q470564,Hadamar Euthanasia Centre,museum,50.4508,8.04178,DE,Hadamar,18,300
Q472706,Galerie Neue Meister,museum,51.05194,13.74444,DE,Dresden,16,300
Q477503,Museum of Decorative Arts,museum,52.5097,13.3675,DE,Bezirk Mitte,15,300
Q484054,"National Museum of Modern and Contemporary Art, South Korea",museum,37.5785,126.98,KR,,19,300
Q486449,National Folk Museum of Korea,museum,37.58163,126.97909,KR,Jongno District,23,300
Q495590,Love Land,museum,33.45167,126.48973,KR,Jeju,18,300
Q498557,Borgia Apartment,museum,41.90333,12.455,VA,Vatican City,17,300
Q502218,National Academy of Design,museum,40.73769,-73.98675,US,Manhattan,20,300
Q510993,National Historical Museum,museum,-22.90591,-43.16952,BR,Rio de Janeiro,15,300
Q514366,Abbazia di Pomposa,museum,44.83188,12.17567,IT,Codigoro,18,300
Q516472,Church of Saint Peter,museum,36.20936,36.17806,TR,Antakya,17,300
Q516697,Château de Compiègne,museum,49.41917,2.83111,FR,Compiègne,18,300
Q517430,Chilean Museum of Pre-Columbian Art,museum,-33.43889,-70.65222,CL,Santiago,15,300
Q517612,Tate Liverpool,museum,53.40075,-2.99445,GB,Liverpool,16,300
Q522604,Museum van het Heilig Bloed,museum,51.20833,3.22694,BE,Bruges,23,300
Q523148,Albrecht Dürer's House,museum,49.4572,11.0739,DE,Nuremberg,17,300
Q531032,Jagdschloss Grunewald,museum,52.4672,13.2614,DE,Steglitz-Zehlendorf,15,300
Q534403,European Solidarity Centre,museum,54.36123,18.64942,PL,Gdańsk,17,300
Q536614,Museum Berlin-Karlshorst,museum,52.48611,13.53969,DE,Berlin,15,300
Q538989,Wernigerode Castle,museum,51.8303,10.795,DE,Wernigerode,14,300
Q539614,H. L. Hunley,museum,32.85667,-79.95889,US,North Charleston,24,300
Q542084,Vorderasiatisches Museum Berlin,museum,52.52069,13.39681,DE,Berlin,14,300
Q543489,Osservatorio Astronomico Sormano,museum,45.88294,9.22919,IT,Sormano,14,300
Q547789,Maison de Balzac,museum,48.85528,2.28083,FR,16th arrondissement of Paris,19,300
Q549143,BnF Museum,museum,48.8678,2.3384,FR,2nd arrondissement of Paris,19,300
Q555946,Kupferstichkabinett Berlin,museum,52.5084,13.367,DE,Berlin,14,300
Q564578,Frogmore House,museum,51.4743,-0.59433,GB,Windsor and Maidenhead,16,300
Q565125,Musée alsacien,museum,48.57911,7.75061,FR,Strasbourg,15,300
Q565646,Lichtenburg concentration camp,museum,51.66247,12.93214,DE,Annaburg,14,300
Q566661,Museum der bildenden Künste,museum,51.34245,12.37566,DE,Leipzig,18,300
Q567069,Berlin Musical Instrument Museum,museum,52.5103,13.3709,DE,Berlin,15,300
Q568767,Bröhan Museum,museum,52.5188,13.2954,DE,Berlin,14,300
Q569445,Martin-Gropius-Bau,museum,52.5066,13.3818,DE,Friedrichshain-Kreuzberg,15,300
Q570472,Stasi Museum,museum,52.51444,13.4875,DE,Berlin,14,300
Q571249,Design Museum,museum,51.4999,-0.20024,GB,Royal Borough of Kensington and Chelsea,20,300
Q571421,Kunsthaus Tacheles,museum,52.52556,13.38861,DE,Bezirk Mitte,20,300
Q573257,Hungarian Railway Museum,museum,47.54194,19.09778,HU,Budapest district XIV,17,300
Q573322,DDR Museum,museum,52.51944,13.40222,DE,Berlin,17,300
Q573662,Marmorpalais,museum,52.41267,13.06975,DE,Nördliche Vorstädte,16,300
Q573672,Märkisches Museum,museum,52.5136,13.4147,DE,Bezirk Mitte,14,300
Q574328,Warsaw Uprising Museum,museum,52.23222,20.98083,PL,Wola,22,300
Q578060,Longwood House,museum,-15.95022,-5.68302,SH,Longwood,23,300
Q578485,The Phillips Collection,museum,38.91139,-77.04681,US,"Washington, D.C.",19,300
Q578657,Technik Museum Speyer,museum,49.3125,8.44639,DE,Speyer,17,300
Q775376,Chilean National Museum of Fine Arts,museum,-33.43532,-70.64357,CL,Santiago,21,300
Q775644,Rubenshuis,museum,51.21722,4.40944,BE,Antwerp,24,300
Q778412,Pro Football Hall of Fame,museum,40.8211,-81.3978,US,Canton,19,300
Q778686,Hungarian Natural History Museum,museum,47.48222,19.08556,HU,Budapest District VIII,19,300
Q779703,Royal Museum for Central Africa,museum,50.83089,4.5185,BE,Tervuren,22,300
Q779736,Hayward Gallery,museum,51.5061,-0.11556,GB,London Borough of Lambeth,14,300
Q783923,Kyoto International Manga Museum,museum,35.01169,135.75917,JP,Nakagyō Ward,16,300
Q787908,Automotive Hall of Fame,museum,42.3025,-83.23769,US,Michigan,15,300
Q790430,Castello Normanno-Svevo,museum,41.12811,16.86637,IT,Bari,17,300
Q798175,Bach House,museum,50.97149,10.32261,DE,Eisenach,15,300
Q798615,Kachanivka,museum,50.83667,32.65556,UA,Kachanivka,20,300
Q808462,Barnes Foundation,museum,39.96064,-75.17281,US,Philadelphia,19,300
Q809892,National Baseball Hall of Fame and Museum,museum,42.7,-74.92333,US,Cooperstown,23,300
Q810128,"Basilica of Our Lady of the Assumption, St. Hermagoras and St. Fortunatus",museum,45.76975,13.37117,IT,Aquileia,18,300
Q810693,Bata Shoe Museum,museum,43.66728,-79.40011,CA,Toronto,16,300
Q811389,Bauhaus-Archiv,museum,52.50634,13.35383,DE,Bezirk Mitte,21,300
Q815542,Belgian Comic Strip Center,museum,50.85125,4.36016,BE,Brussels,19,300
Q819081,Topography of Terror,museum,52.5064,13.3837,DE,Friedrichshain-Kreuzberg,23,300
Q819729,Auschwitz-Birkenau State Museum,museum,50.03583,19.17833,PL,Oświęcim,23,300
Q822101,National Historical Museum,museum,37.9775,23.73278,GR,Athens Municipality,20,300
Q824940,Mon Repos,museum,39.60639,19.92611,GR,Municipality of Central Corfu and Diapontia Islands,16,300
Q833759,Brücke Museum,museum,52.4669,13.2736,DE,Steglitz-Zehlendorf,20,300
Q833817,Friedrichswerder Church,museum,52.51583,13.39722,DE,Bezirk Mitte,20,300
Q843241,Antalya Museum,museum,36.8856,30.6797,TR,Muratpaşa,14,300
Q847508,Worcester Art Museum,museum,42.27306,-71.80222,US,Worcester,14,300
Q850207,Brukenthal National Museum,museum,45.7965,24.15061,RO,Sibiu,16,300
Q855376,Shanghai Science and Technology Museum,museum,31.22028,121.53778,CN,Shanghai,16,300
Q859732,Certosa di San Martino,museum,40.84341,14.24113,IT,Naples,24,300
Q859735,Necropolis Banditaccia,museum,41.99908,12.09676,IT,Cerveteri,15,300
Q860812,Montreal Museum of Fine Arts,museum,45.49915,-73.57976,CA,Montreal,24,300
Q864957,Tokyo Metropolitan Art Museum,museum,35.7172,139.773,JP,Ueno-kōen,18,300
Q865607,Currency Museum of the Bank of Japan,museum,35.68537,139.7718,JP,Nihonbashi-Hongokuchō,16,300
Q869788,Bahrain National Museum,museum,26.24139,50.5975,BH,Manama,20,300
Q876383,Madrid History Museum,museum,40.42583,-3.70083,ES,Madrid,16,300
Q876619,Plovdiv Regional Ethnographic Museum,museum,42.15,24.75306,BG,Plovdiv,18,300
Q877136,St. Florian Monastery,museum,48.2069,14.3783,AT,Sankt Florian,18,300
Q893523,Lofotr Viking Museum,museum,68.244,13.7566,NO,Vestvågøy Municipality,18,300
Q895368,The Tank Museum,museum,50.6952,-2.24361,GB,Dorset,23,300
Q896039,Goethe House,museum,50.11119,8.67767,DE,Frankfurt,16,300
Q896052,Museum of Art and Crafts Hamburg,museum,53.55111,10.00944,DE,Hamburg-Mitte,16,300
Q897839,Cappella Sansevero,museum,40.84919,14.25488,IT,Naples,20,300
Q1191042,Edo-Tokyo Museum,museum,35.69639,139.79608,JP,Yokoami,17,300
Q1200076,Hiroshima Peace Memorial Museum,museum,34.39147,132.45306,JP,Nakajimachō,23,300
Q1200696,Museo dell'Opera del Duomo,museum,43.7727,11.25582,IT,Florence,22,300
Q1230253,Museum of Cycladic Art,museum,37.9757,23.74227,GR,Athens Municipality,21,300
Q1234343,Petőfi Literary Museum,museum,47.49159,19.05823,HU,Budapest District V,15,300
Q1235515,Villa of the Quintilii,museum,41.83143,12.55248,IT,Roma Capitale,14,300
Q1236032,Condé Museum,museum,49.19394,2.48528,FR,Chantilly,24,300
Q1241163,Dulwich Picture Gallery,museum,51.44611,-0.08639,GB,Dulwich,23,300
Q1247128,Fishbourne Roman Palace,museum,50.8366,-0.8103,GB,Fishbourne,17,300
Q1249027,Peabody Museum of Archaeology and Ethnology,museum,42.3782,-71.1148,US,Cambridge,16,300
Q1255815,Bangkok National Museum,museum,13.75783,100.49231,TH,Phra Borom Maha Ratchawang,24,300
Q1258865,Villa Emo,museum,45.71172,11.99122,IT,Vedelago,18,300
Q1262183,Electricity Museum,museum,38.69556,-9.19611,PT,Belém,14,300
Q1264942,Dumbarton Oaks,museum,38.91417,-77.06333,US,"Washington, D.C.",24,300
Q1268542,Miho Museum,museum,34.91592,136.01582,JP,Kōka-shi,17,300
Q1270723,Scuola Grande di San Rocco,museum,45.43657,12.32531,IT,Venice,19,300
Q1275123,Museum of Roman Civilization,museum,41.83152,12.47774,IT,Rome,18,300
Q1276053,"Institute for the Study of Ancient Cultures, West Asia & North Africa",museum,41.7893,-87.59746,US,Chicago,22,300
Q1278477,Baptistry of San Giovanni,museum,43.72327,10.3942,IT,Pisa,21,300
Q1281959,Belgrade Military Museum,museum,44.82194,20.45,RS,Belgrade,19,300
Q1284688,Fondation Cartier pour l'art contemporain,museum,48.86306,2.33694,FR,1st arrondissement of Paris,15,300
Q1285144,Knole House,museum,51.266,0.206,GB,Sevenoaks,17,300
Q1285902,University of Pennsylvania Museum of Archaeology and Anthropology,museum,39.949,-75.1911,US,Philadelphia,16,300
Q1286354,Maritime Museum of Barcelona,museum,41.37503,2.17637,ES,El Raval,16,300
Q1290510,"Museum of Contemporary Art, Belgrade",museum,44.81944,20.44222,RS,Belgrade,20,300
Q1291307,Troldhaugen,museum,60.3196,5.32948,NO,Bergen Municipality,20,300
Q1291533,"Ethnographic Museum, Belgrade",museum,44.8198,20.45627,RS,Belgrade,17,300
Q1311497,Saatchi Gallery,museum,51.4906,-0.1589,GB,Royal Borough of Kensington and Chelsea,23,300
Q1311732,"Nigerian National Museum, Lagos",museum,6.44283,3.40286,NG,Lagos,15,300
Q1312530,Vesikko,museum,60.14254,24.98966,FI,Helsinki,14,300
Q1318133,National Museum of Oriental Art,museum,41.83246,12.47167,IT,Rome,15,300
Q1319192,National Museum of Art of Romania,museum,44.43978,26.09598,RO,Bucharest,21,300
Q1319378,Musée des Arts Décoratifs,museum,48.86303,2.33372,FR,1st arrondissement of Paris,21,300
Q1320229,Queens Museum,museum,40.74583,-73.84667,US,Flushing Meadows–Corona Park,16,300
Q1320533,Old State House,museum,42.35875,-71.05747,US,Boston,14,300
Q1321141,Museum of the City of New York,museum,40.79248,-73.95188,US,New York City,16,300
Q1321619,Rodin Museum,museum,39.96191,-75.17395,US,Philadelphia,16,300
Q1321874,National Museum Cardiff,museum,51.48558,-3.17713,GB,Cardiff,24,300
Q1346784,Ephesus Archaeological Museum,museum,37.94899,27.36785,TR,Selçuk,14,300
Q1348579,Moravian Museum,museum,49.19142,16.60833,CZ,Brno,14,300
Q1353869,Melbourne Museum,museum,-37.80334,144.97144,AU,City of Melbourne,20,300
Q1356004,Jakarta History Museum,museum,-6.13506,106.81329,ID,Jakarta,19,300
Q1357573,Medici Chapels,museum,43.7752,11.25312,IT,Florence,22,300
Q1359908,The National Museum of Modern Art,museum,35.69055,139.75464,JP,Kitanomaru Park,23,300
Q1359941,Hỏa Lò Prison,museum,21.02528,105.84639,VN,Hanoi,20,300
Q1362125,First Cemetery of Athens,museum,37.96316,23.73787,GR,Athens Municipality,18,300
Q1365162,Haydar Pasha Mosque,museum,35.17748,33.36613,CY,Nicosia,20,300
Q1368166,San Diego Museum of Art,museum,32.73216,-117.15043,US,San Diego,14,300
Q1368360,Picasso Museum,museum,43.58083,7.12833,FR,Antibes,14,300
Q1368396,Museo Picasso Málaga,museum,36.72165,-4.41858,ES,Málaga,18,300
Q1371375,Museum of Ethnography,museum,59.33258,18.12072,SE,Stockholm Municipality,15,300
Q1378149,Sint-Salvatorskathedraal,museum,51.2055,3.22159,BE,Bruges,18,300
Q1381516,Gandhi Smriti,museum,28.60186,77.21436,IN,New Delhi district,23,300
Q1384356,Museum of Pop Culture,museum,47.6215,-122.3486,US,Seattle,20,300
Q1393952,Sinebrychoff Art Museum,museum,60.16251,24.93291,FI,Helsinki,15,300
Q1395176,Royal Museum of the Armed Forces and Military History,museum,50.84082,4.39336,BE,Brussels,15,300
Q1398898,USS Cavalla,museum,29.3342,-94.77885,US,Galveston County,14,300
Q1400323,Sarajevo Tunnel,museum,43.81972,18.33722,BA,"Novi Grad, Sarajevo",24,300
Q1405465,USS Alabama,museum,30.68178,-88.01479,US,Mobile,20,300
Q1411575,Temple of Minerva Medica,museum,41.89399,12.51184,IT,Rome,14,300
Q1416890,Fine Arts Museums of San Francisco,museum,37.7715,-122.46869,US,San Francisco,18,300
Q1417172,Royal Asiatic Society of Great Britain and Ireland,museum,51.52653,-0.13533,GB,London Borough of Camden,23,300
Q1418116,Museum of Finnish Architecture,museum,60.16313,24.94782,FI,Helsinki,18,300
Q1420782,Museum of Comparative Zoology,museum,42.3785,-71.1156,US,Cambridge,14,300
Q1422977,National Museum of the United States Air Force,museum,39.78139,-84.11056,US,Dayton,23,300
Q1426707,Fort George,museum,57.58366,-4.07007,GB,Highland,15,300
Q1426967,Santa Maria della Spina,museum,43.71524,10.39673,IT,Pisa,16,300
Q1428044,Patna Museum,museum,25.61111,85.14389,IN,,16,300
Q1428076,Khanenko Museum,museum,50.44111,30.51444,UA,Kyiv,14,300
Q1430185,Rockefeller Museum,museum,31.78444,35.23583,IL,Jerusalem,23,300
Q1431995,"Museum of Modern Art, Rio de Janeiro",museum,-22.91375,-43.17181,BR,Rio de Janeiro,14,300
Q1432360,Ronald Reagan Presidential Library,museum,34.25952,-118.81974,US,Simi Valley,19,300
Q1435206,Nelson's Dockyard,museum,17.00833,-61.76444,AG,Saint Paul,24,300
Q1435689,Fondation Maeght,museum,43.70059,7.11508,FR,Saint-Paul-de-Vence,14,300
Q1449217,Arian Baptistry,museum,44.41871,12.20247,IT,Ravenna,21,300
Q1456119,Pitt Rivers Museum,museum,51.75861,-1.255,GB,Oxford,18,300
Q1458032,Viking Ship Museum,museum,55.65014,12.07894,DK,Roskilde Municipality,19,300
Q1463961,İstanbul Modern,museum,41.026,28.98294,TR,Beyoğlu,23,300
Q1465805,Clark Art Institute,museum,42.7078,-73.2136,US,Massachusetts,15,300
Q1467467,Parthenon,museum,36.1496,-86.8135,US,Nashville,20,300
Q7968493,War Museum of Thessaloniki,museum,40.6243,22.9596,GR,Thessaloniki Municipality,14,300
Q8052580,Yerevan History Museum,museum,40.17433,44.50345,AM,Yerevan,19,300
Q422,Muséum de Toulouse,museum,43.59306,1.44917,FR,Toulouse,20,300
Q451,Mundaneum,museum,50.45766,3.95546,BE,Mons,22,300
Q537,Prince Eugens Waldemarsudde,museum,59.32,18.11306,SE,Stockholm Municipality,16,300
Q1376,Musée Saint-Raymond,museum,43.60787,1.44112,FR,Toulouse,14,300
Q3523,Secret Museum,museum,40.85338,14.25049,IT,Naples,17,300
Q11643,Museum of Bad Art,museum,42.32194,-71.0625,US,Boston,21,300
Q19813,Hatfield House,museum,51.7606,-0.2092,GB,Hatfield,24,300
Q19830,Castello del Valentino,museum,45.05379,7.68482,IT,Turin,19,300
Q9385508,Historic Silver Mine in Tarnowskie Góry,museum,50.4259,18.8498,PL,Tarnowskie Góry,22,300
Q9710425,Catetinho,museum,-15.9475,-47.98833,BR,Park Way,14,300
Q10333874,Museum of Tomorrow,museum,-22.89413,-43.1794,BR,Rio de Janeiro,14,300
Q10661349,Saint George Greek Orthodox Cathedral,museum,33.89634,35.50514,LB,Beirut Governorate,20,300
Q11129717,Museum of World War II in Gdańsk,museum,54.35583,18.66056,PL,Gdańsk,24,300
Q11234584,Museum of Modern Art,museum,46.05296,14.49881,SI,Ljubljana City Municipality,14,300
Q11424081,Tokyo Metro Museum,museum,35.6635,139.87386,JP,Higashi-Kasai,15,300
Q11787082,Istanbul Naval Museum,museum,41.04167,29.00556,TR,Beşiktaş,16,300
Q11787222,"MOCAK, Museum of Contemporary Art in Kraków",museum,50.04778,19.96111,PL,Kraków,14,300
Q12065255,Paphos Archaeological Park,museum,34.75567,32.40417,CY,Paphos,14,300
Q12110695,Courtauld Gallery,museum,51.51157,-0.11771,GB,City of Westminster,16,300
Q12122558,Victor Kosenko Museum,museum,50.44573,30.50342,UA,Kyiv,15,300
Q12132925,National Museum of Hutsulshchyna and Pokuttya Folk Art,museum,48.52883,25.03764,UA,Kolomyia,17,300
Q12184921,Museum Jorge Rando,museum,36.72679,-4.42379,ES,Málaga,14,300
Q12292389,Roman Thermae in Varna,museum,43.2,27.91806,BG,Varna,16,300
Q12361299,Estonian Museum of Natural History,museum,59.44086,24.74527,EE,Tallinn,17,300
Q12736098,National Museum of History of Moldova,museum,47.02259,28.82808,MD,Central Chișinău,14,300
Q13453137,Museum of San Marco,museum,43.7782,11.25933,IT,Florence,22,300
Q14320138,Satyagraha House,museum,-26.1555,28.08364,ZA,Johannesburg,19,300
Q14917275,Staatsgalerie Stuttgart,museum,48.78023,9.18688,DE,Stuttgart,17,300
Q15055388,Museo Nazionale Etrusco di Villa Giulia,museum,41.91864,12.47626,IT,Roma Capitale,21,300
Q15159013,Odesa Museum of Regional History,museum,46.48626,30.73569,UA,Odesa,14,300
Q15958739,Tzistarakis Mosque,museum,37.97595,23.72592,GR,Athens Municipality,21,300
Q15961638,Bihar Museum,museum,25.60807,85.12099,IN,Patna,14,300
Q15975388,Barack Obama Presidential Center,museum,41.78625,-87.58589,US,Chicago,18,300
Q16334463,National Gallery of Kosovo,museum,42.6571,21.164,XK,Pristina,17,300
Q16854755,National Museum of Kosovo,museum,42.66568,21.16627,XK,Pristina,19,300
Q16895556,Museum of Prehistoric Thera,museum,36.41646,25.4324,GR,Fira,14,300
Q18379552,National Museum of Comoros,museum,-11.70319,43.25558,KM,Moroni,14,300
Q19414891,Sulaymaniyah Museum,museum,35.55757,45.42582,IQ,Sulaymaniyah,18,300
Q20517733,Armenian Railways Museum,museum,40.15579,44.50857,AM,Yerevan,19,300
Q22948398,Museum of the Future,museum,25.21912,55.2821,AE,Dubai,22,300
Q23785329,Museum Barberini,museum,52.39517,13.06228,DE,Potsdam,15,300
Q24021593,Parque Hernández,museum,35.29194,-2.94083,ES,Melilla,19,300
Q24521524,The Jordan Museum,museum,31.94564,35.92652,JO,Amman,17,300
Q28114309,Basrah Museum,museum,30.49738,47.86099,IQ,Basra,16,300
Q29017001,National Museum of Egyptian Civilization,museum,30.0075,31.24833,EG,Cairo,22,300
Q32825652,Conventico Caves,museum,35.29433,-2.93353,ES,Melilla,20,300
Q37858697,House of Leaves,museum,41.32667,19.81647,AL,Tirana County,19,300
Q42650192,National Gallery of Georgia,museum,41.69831,44.79879,GE,Mtatsminda District,14,300
Q43174653,Baelo Claudia,museum,36.08993,-5.77461,ES,Tarifa,17,300
Q19874,The National Cinema Museum,museum,45.06954,7.69323,IT,Turin,17,300
Q29587,Palace of Kuskovo,museum,55.73528,37.8075,RU,Moscow,19,300
Q29771,Fort Rotterdam,museum,-5.13439,119.40575,ID,Makassar,15,300
Q46012,House of European History,museum,50.83994,4.37876,BE,Brussels,21,300
Q51099,Museo Teatrale alla Scala,museum,45.4673,9.18934,IT,Milan,14,300
Q51876,Bangladesh National Museum,museum,23.73755,90.3941,BD,Shahbag,24,300
Q55399,Schokoladenmuseum Köln,museum,50.9322,6.96427,DE,Altstadt-Süd,15,300
Q57785,National Historical Museum,museum,-34.62694,-58.37056,AR,Buenos Aires,17,300
Q59468,Neue Galerie,museum,40.78126,-73.96033,US,Manhattan,18,300
Q62397,Eltham Palace,museum,51.4471,0.0484,GB,Royal Borough of Greenwich,18,300
Q63465,Glover Garden,museum,32.73444,129.86889,JP,Nagasaki,14,300
Q3329100,Botero Museum,museum,4.5967,-74.07337,CO,Bogotá,14,300
Q3329238,MUDETEC,museum,44.65932,11.12692,IT,Sant'Agata Bolognese,18,300
Q3329434,Archaeological Museum of Kraków,museum,50.05774,19.936,PL,Kraków,14,300
Q3329592,Museum of Contemporary Art Skopje,museum,42.00389,21.43278,MK,Skopje,16,300
Q3329752,Sarawak State Museum,museum,1.55472,110.34361,MY,Kuching,16,300
Q3330187,Islamic Arts Museum Malaysia,museum,3.14292,101.689,MY,Kuala Lumpur,21,300
Q3330218,Musée des Beaux-Arts Jules Chéret,museum,43.69454,7.24886,FR,Nice,14,300
Q3330350,Architecture & Design Museum,museum,60.16307,24.94653,FI,Helsinki,14,300
Q3330629,Museum of Islamic Art,museum,30.04472,31.25278,EG,Cairo Governorate,19,300
Q3330690,National Museum of Japanese History,museum,35.7245,140.21908,JP,Jōnaichō,16,300
Q3330707,National Gallery of Norway,museum,59.91619,10.73756,NO,Oslo Municipality,21,300
Q3330879,National Museums of Kenya,museum,-1.27295,36.81438,KE,Nairobi,19,300
Q3345501,Cellular Jail,museum,11.675,92.748,IN,Srivijayapuram,21,300
Q3347392,Koldinghus,museum,55.49167,9.47417,DK,Kolding Municipality,14,300
Q3356148,Museum of Cultural History,museum,59.91681,10.73547,NO,Oslo Municipality,15,300
Q3358410,Reykjavik Art Museum,museum,64.149,-21.9406,IS,Reykjavík,15,300
Q3395851,Sakıp Sabancı Museum,museum,41.09912,29.0537,TR,Istanbul Province,17,300
Q3398656,Mystetskyi Arsenal,museum,50.43417,30.55333,UA,Kyiv,16,300
Q3406442,Robevi family house,museum,41.11231,20.79625,MK,Ohrid Municipality,14,300
Q3407496,Islamic Museum,museum,31.77607,35.23481,IL,Jerusalem,19,300
Q3422736,Red House,museum,51.45556,0.13028,GB,London Borough of Bexley,15,300
Q3480309,National Gallery of Iceland,museum,64.14417,-21.93917,IS,Reykjavík,15,300
Q3502453,Old Synagogue in Kraków,museum,50.05139,19.94857,PL,Kraków,17,300
Q3503103,Croatian Museum of Contemporary Art,museum,45.77881,15.98186,HR,Novi Zagreb – istok,16,300
Q3555520,Skagens Museum,museum,57.7246,10.5973,DK,Frederikshavn Municipality,15,300
Q3563158,Museum of Byzantine Culture,museum,40.6239,22.955,GR,Thessaloniki Municipality,15,300
Q3564994,Wallachian Open Air Museum,museum,49.46085,18.15666,CZ,,14,300
Q3571337,Museu d'Història de Barcelona,museum,41.3839,2.17769,ES,Gothic Quarter,20,300
Q3610430,Dadiani Palaces Historical and Architectural Museum,museum,42.51222,41.87417,GE,Zugdidi,22,300
Q3654706,Vietnam National Museum of Fine Arts,museum,21.03062,105.83707,VN,Hanoi,15,300
Q700222,Berlinische Galerie,museum,52.5039,13.3981,DE,Friedrichshain-Kreuzberg,21,300
Q331488,Abritus,museum,43.52111,26.55167,BG,Razgrad,14,300
Q337267,Academy of San Carlos,museum,19.43309,-99.12884,MX,Mexico City,14,300
Q338523,Accademia di San Luca,museum,41.90166,12.48359,IT,Rome,22,300
Q339484,Franklin Institute,museum,39.95806,-75.17361,US,Philadelphia,20,300
Q339765,Yakovalı Hasan Paşa Mosque,museum,46.07413,18.22106,HU,Pécs,16,300
Q347676,Memorial of the Victims of Communism and of the Resistance,museum,47.92667,23.89111,RO,Sighetu Marmației,14,300
Q349091,ORP Błyskawica,museum,54.51955,18.55121,PL,Gdynia,19,300
Q358052,Adler Planetarium,museum,41.86615,-87.60667,US,Chicago,21,300
Q367631,Karen Blixen Museum,museum,-1.35194,36.7125,KE,Nairobi,15,300
Q368346,Villa Medici at Careggi,museum,43.80792,11.25028,IT,Florence,16,300
Q368537,Hall of Arts,museum,47.51402,19.07868,HU,Budapest district XIV,24,300
Q370045,Museum of Asian Art,museum,52.45583,13.2925,DE,Bezirk Mitte,14,300
Q371960,Vancouver Art Gallery,museum,49.2829,-123.12,CA,Vancouver,20,300
Q372676,Vienna Technical Museum,museum,48.19093,16.31803,AT,Vienna,21,300
Q374459,Technik Museum Sinsheim,museum,49.2386,8.89722,DE,Sinsheim,19,300
Q377579,Baltimore Museum of Art,museum,39.326,-76.6195,US,Baltimore,22,300
Q377904,Polish Aviation Museum,museum,50.07767,19.99242,PL,Kraków,24,300
Q378377,Museum of World Culture,museum,57.69472,11.98917,SE,Gothenburg Municipality,15,300
Q382575,Wall Museum,museum,52.5078,13.3906,DE,Berlin,17,300
Q386570,Lázaro Galdiano Museum,museum,40.43691,-3.68585,ES,Madrid,15,300
Q387064,German Tank Museum,museum,52.98694,10.11056,DE,"Munster, Lower Saxony",17,300
Q325712,Milwaukee Art Museum,museum,43.04,-87.89722,US,Milwaukee,22,300
Q674427,Salvador Dalí Museum,museum,27.766,-82.6315,US,St. Petersburg,16,300
Q674670,Villa Hügel,museum,51.4069,7.0083,DE,Essen,16,300
Q1055944,Sapporo Beer Museum,museum,43.07167,141.36889,JP,Q11400768,14,300
Q1056108,State Museum of Oriental Art,museum,55.75639,37.59983,RU,Moscow,14,300
Q1059699,Jewish Museum of Turkey,museum,41.02676,28.97275,TR,Beyoğlu,16,300
Q1066518,National Museum of Military History,museum,42.6884,23.35071,BG,Sofia,14,300
Q1067909,Chartwell,museum,51.2441,0.08245,GB,Westerham,19,300
Q1071500,Chhatrapati Shivaji Maharaj Vastu Sangrahalaya,museum,18.92667,72.83222,IN,Mumbai City district,19,300
Q579958,National Railway Museum,museum,53.9598,-1.09771,GB,City of York,23,300
Q937521,Norwegian Museum of Cultural History,museum,59.90691,10.68596,NO,Oslo Municipality,23,300
Q905848,Bruges City Hall,museum,51.20815,3.22675,BE,Bruges,18,300
Q908224,Flagstaff House,museum,22.2785,114.1625,CN,Hong Kong,14,300
Q910225,Wrocław Town Hall,museum,51.10961,17.03182,PL,Wrocław,14,300
Q913808,Artizon Museum,museum,35.67889,139.77194,JP,Kyōbashi,17,300
Q922143,Museum of the City of Skopje,museum,41.99083,21.42944,MK,Skopje,18,300
Q1323117,English Football Hall of Fame,museum,53.48583,-2.24208,GB,Manchester,22,300
Q1324926,Musée des Beaux-Arts et d'Archéologie de Besançon,museum,47.24028,6.02306,FR,Besançon,14,300
Q1326244,Korean Revolution Museum,museum,39.03234,125.75205,KP,Pyongyang,19,300
Q1329563,National Museum in Wrocław,museum,51.111,17.0475,PL,Wrocław,21,300
Q1333237,Helorus,museum,36.8422,15.10941,IT,Noto,14,300
Q1336277,The Children's Museum of Indianapolis,museum,39.8108,-86.1575,US,Indianapolis,20,300
Q1338832,National Gallery of Modern Art,museum,28.61018,77.2344,IN,New Delhi,18,300
Q7622436,Strawberry Hill House,museum,51.438,-0.33511,GB,London Borough of Richmond upon Thames,16,300
Q7660067,Sydney Observatory,museum,-33.85956,151.20458,AU,New South Wales,14,300
Q8366704,Croatian Natural History Museum,museum,45.81713,15.97252,HR,Zagreb,15,300
Q47487000,Melilla Museum,museum,35.29354,-2.93394,ES,Melilla,21,300
Q96482839,National Technical Museum,museum,50.0975,14.42483,CZ,Holešovice,15,300
Q108596099,L'Envol des pionniers,museum,43.57417,1.47694,FR,Toulouse,16,300
Q110516565,Imphal Peace Museum,museum,24.70518,93.81744,IN,Imphal,16,300
Q111032466,Ivankiv Historical and Local History Museum,museum,50.92944,29.90461,UA,Ivankiv,23,300
Q111713330,Cité de la musique,museum,48.88972,2.39389,FR,19th arrondissement of Paris,15,300
Q3671440,"St. Nicholas Church, Demre",museum,36.24472,29.98556,TR,Antalya Province,18,300
Q3692546,Fryderyk Chopin Museum,museum,52.23665,21.02296,PL,Warsaw,18,300
Q3783572,Harvard Art Museums,museum,42.37417,-71.11472,US,Cambridge,16,300
Q1469493,Whitby Abbey,museum,54.488,-0.60751,GB,Whitby,22,300
Q1470912,Museo Correr,museum,45.43393,12.33713,IT,Venice,22,300
Q1472318,Royal Tyrrell Museum of Palaeontology,museum,51.47917,-112.79,CA,Drumheller,22,300
Q1503441,Mogoșoaia Palace,museum,44.52778,25.99278,RO,Ilfov County,14,300
Q1503777,New York Transit Museum,museum,40.6904,-73.99,US,Manhattan,14,300
Q1504916,Institute of Vertebrate Paleontology and Paleoanthropology,museum,39.93619,116.32785,CN,Beijing,16,300
Q1506237,Glass House,museum,41.14243,-73.5294,US,New Canaan,20,300
Q3848124,El Greco Museum,museum,39.8559,-4.0293,ES,Toledo,14,300
Q3915253,Erebuni Museum,museum,40.14111,44.53528,AM,Erebuni District,18,300
Q4013975,Virginia Museum of Fine Arts,museum,37.55642,-77.47471,US,Richmond,18,300
Q4055021,Abramtsevo,museum,56.23406,37.96861,RU,Moscow Oblast,17,300
Q4080170,Bashkir State Art Museum (Nesterov Museum),museum,54.72417,55.93611,RU,Ufa,16,300
Q4120971,Amir Timur Museum,museum,41.31359,69.27903,UZ,Yunusabad District,20,300
Q4146885,State Art Museum of Uzbekistan,museum,41.30276,69.27784,UZ,Tashkent,17,300
Q4163238,Dmytro Yavornytsky National Historical Museum of Dnipro,museum,48.45583,35.06389,UA,Dnipro,14,300
Q4271056,Lviv Town Hall,museum,49.84184,24.03133,UA,Lviv,14,300
Q4281595,Kuindzhi Art Museum,museum,47.09333,37.55083,UA,Mariupol,20,300
Q4288751,Mezhyhirya,museum,50.61483,30.474,UA,Vyshhorod Raion,16,300
Q4289528,Melitopol Museum,museum,46.84528,35.38139,UA,Melitopol,21,300
Q4306061,Pirogov's Estate Museum in Vinnytsia,museum,49.21603,28.40837,UA,Vinnytsia,16,300
Q4306202,Franz Kafka Museum,museum,50.08806,14.41056,CZ,Prague,16,300
Q4306302,Afrasiab Museum of Samarkand,museum,39.66934,66.99335,UZ,Samarkand,17,300
Q4315025,National Museum of Bhutan,museum,27.42873,89.42548,BT,Paro,14,300
Q4315030,National Museum of the Republic of Bashkortostan,museum,54.72028,55.94694,RU,Ufa,15,300
Q4320491,Mykolaiv Regional Museum of Local History,museum,46.97199,32.00671,UA,Mykolaiv,15,300
Q4331480,Odesa Fine Arts Museum,museum,46.4934,30.7288,UA,Odesa,24,300
Q4370842,Poltava Art Museum,museum,49.5896,34.5555,UA,Poltava,16,300
Q4381425,M. K. Čiurlionis National Art Museum,museum,54.9,23.91139,LT,Kaunas City Municipality,14,300
Q4496319,M. F. Sumtsov Kharkiv Historical Museum,museum,49.9925,36.23056,UA,Kharkiv,15,300
Q4496358,Fine Arts Museum Kharkiv,museum,49.99909,36.23854,UA,Kharkiv,14,300
Q4504054,Garage Center for Contemporary Culture,museum,55.7278,37.6016,RU,Moscow,15,300
Q4533056,Ethnography Museum of Ankara,museum,39.93267,32.85489,TR,Ankara,18,300
Q4690937,The Aga Khan Museum,museum,43.72529,-79.332,CA,Toronto,16,300
Q4721899,Alferaki Palace,museum,47.21333,38.92806,RU,Taganrog,14,300
Q4751243,Anand Bhavan,museum,25.45938,81.85998,IN,Prayagraj,15,300
Q4818221,Ankara Painting and Sculpture Museum,museum,39.93306,32.85583,TR,Ankara,18,300
Q4819492,Auckland Art Gallery,museum,-36.85135,174.76624,NZ,Auckland Region,16,300
Q4845346,National Maritime Museum in Gdańsk,museum,54.351,18.659,PL,Gdańsk,16,300
Q4881995,Belau National Museum,museum,7.33639,134.47611,PW,Koror,14,300
Q4917013,birthplace of Anton Chekhov,museum,47.20694,38.93139,RU,Taganrog,18,300
Q4984158,Fo Guang Shan Buddha Museum,museum,22.75708,120.44135,TW,Dashu District,14,300
Q4991927,Oscar Niemeyer Museum,museum,-25.40972,-49.26722,BR,Curitiba,16,300
Q5047540,Korean Central History Museum,museum,39.02009,125.75456,KP,Pyongyang,16,300
Q5074226,Charents Museum of Literature and Arts,museum,40.17889,44.51444,AM,Yerevan,14,300
Q5075276,Aznavour Center,museum,40.19306,44.51472,AM,Yerevan,15,300
Q5099572,China Art Museum,museum,31.18639,121.49,CN,Zhoujiadu Subdistrict,16,300
Q5187140,Croatian Museum of Naïve Art,museum,45.81542,15.97333,HR,Zagreb,17,300
Q5894671,Hong Kong Heritage Museum,museum,22.37712,114.18541,CN,Sha Tin District,16,300
Q5913529,Aram Khachaturian Museum,museum,40.19018,44.51341,AM,Yerevan,15,300
Q5915642,House of the Signatories,museum,54.68222,25.28944,LT,Vilnius City Municipality,15,300
Q5994097,Troy Museum,museum,39.95528,26.24917,TR,Çanakkale,19,300
Q1506922,Gustavianum,museum,59.85797,17.63172,SE,Uppsala Municipality,14,300
Q1507284,George Eastman Museum,museum,43.15278,-77.58028,US,Rochester,16,300
Q1507811,Teatro Farnese,museum,44.80492,10.32601,IT,Parma,16,300
Q1508430,George W. Bush Presidential Center,museum,32.8414,-96.7776,US,Dallas,15,300
Q1508450,Highclere Castle,museum,51.3267,-1.36139,GB,Burghclere,21,300
Q1512466,Bratislava City Museum,museum,48.1438,17.1088,SK,Bratislava,17,300
Q1513107,London Dungeon,museum,51.50556,-0.08583,GB,London Borough of Southwark,18,300
Q1514687,China National Tea Museum,museum,30.22242,120.10819,CN,Hangzhou,14,300
Q1519128,Newseum,museum,38.8932,-77.0192,US,"Washington, D.C.",22,300
Q1529544,HMY Britannia,museum,55.98213,-3.1773,GB,City of Edinburgh,23,300
Q1535963,Musée des Beaux-Arts de Strasbourg,museum,48.581,7.7522,FR,Strasbourg,15,300
Q1536471,Walker Art Gallery,museum,53.41007,-2.97967,GB,Liverpool,22,300
Q1538285,Irish Museum of Modern Art,museum,53.3429,-6.3,IE,Dublin,23,300
Q1540177,Navy Museum,museum,38.6971,-9.20814,PT,Belém,15,300
Q1541098,London Transport Museum,museum,51.51194,-0.12167,GB,City of Westminster,22,300
Q1546319,Graeco-Roman Museum,museum,31.19925,29.90661,EG,Alexandria,16,300
Q1547331,Musée Hergé,museum,50.66777,4.6116,BE,Ottignies-Louvain-la-Neuve,14,300
Q1550380,Grumentum,museum,40.28389,15.90611,IT,Grumento Nova,14,300
Q1557760,Liechtenstein National Museum,museum,47.13825,9.52268,LI,Vaduz,18,300
Q1567294,Sarnath Museum,museum,25.3796,83.0231,IN,Varanasi,14,300
Q1568434,Yale University Art Gallery,museum,41.30839,-72.93096,US,New Haven,21,300
Q1568583,Heraclea Lucania,museum,40.2195,16.6704,IT,Policoro,18,300
Q1570294,Museum of Romani Culture,museum,49.20059,16.62338,CZ,Brno,18,300
Q1572452,Musée Cognacq-Jay,museum,48.85819,2.36139,FR,3rd arrondissement of Paris,16,300
Q1573239,Niterói Contemporary Art Museum,museum,-22.90778,-43.12611,BR,Niterói,22,300
Q1575661,Israeli Air Force Museum,museum,31.23834,34.69603,IL,Beersheba,16,300
Q1577600,Hyde Park Barracks,museum,-33.86961,151.21281,AU,Sydney,14,300
Q1580610,Jeni Mosque,museum,41.03075,21.335,MK,Bitola Municipality,18,300
Q1580885,Brera Astronomical Observatory,museum,45.47199,9.1877,IT,Milan,19,300
Q1581154,National Historical Museum,museum,41.32931,19.81719,AL,Tirana,23,300
Q1582905,Hull House,museum,41.87203,-87.64725,US,Chicago,17,300
Q1586957,Lady Lever Art Gallery,museum,53.35541,-2.99906,GB,Wirral,20,300
Q1592523,Sorolla Museum,museum,40.4354,-3.69254,ES,Madrid,22,300
Q1607765,"LaM (Lille Métropole musée d'art moderne, d'art contemporain et d'art brut)",museum,50.63744,3.15034,FR,Villeneuve-d'Ascq,14,300
Q1620553,Hirshhorn Museum and Sculpture Garden,museum,38.88816,-77.02297,US,"Washington, D.C.",23,300
Q1621007,Historical Museum of Bosnia and Herzegovina,museum,43.85503,18.40082,BA,Novo Sarajevo,14,300
Q1624722,Holkham Hall,museum,52.95,0.80306,GB,Holkham,18,300
Q1626931,Hong Kong Museum of History,museum,22.30186,114.17742,CN,Hong Kong,15,300
Q1628487,Horniman Museum and Gardens,museum,51.44056,-0.06083,GB,London Borough of Lewisham,18,300
Q1628509,Royal Hospital Chelsea,museum,51.48639,-0.15778,GB,Royal Borough of Kensington and Chelsea,15,300
Q1629626,Woburn Abbey,museum,51.98295,-0.59672,GB,Woburn,23,300
Q1632115,Museum of Medieval Stockholm,museum,59.32833,18.07028,SE,Stockholm Municipality,14,300
Q1632912,Palais Galliera,museum,48.86556,2.29667,FR,16th arrondissement of Paris,14,300
Q1633517,Bernardino Rivadavia Natural Sciences Museum,museum,-34.6048,-58.4377,AR,Buenos Aires,14,300
Q1952033,Pennsylvania Academy of the Fine Arts,museum,39.95568,-75.16322,US,Philadelphia,21,300
Q1952944,Museum of Grenoble,museum,45.1945,5.7324,FR,Grenoble,16,300
Q1953536,National Gallery of Slovenia,museum,46.05396,14.50025,SI,Ljubljana,23,300
Q1954223,Museo archeologico regionale Paolo Orsi,museum,37.07639,15.28639,IT,Syracuse,14,300
Q1954240,Larco Museum,museum,-12.0725,-77.07086,PE,Lima,19,300
Q1954370,Museu Nacional de Belas Artes,museum,-22.9088,-43.17573,BR,Rio de Janeiro,16,300
Q1954384,National Archaeology Museum,museum,38.69728,-9.20706,PT,Belém,17,300
Q1954498,Musée Nissim de Camondo,museum,48.87889,2.31278,FR,8th arrondissement of Paris,16,300
Q1954632,Museum of Islamic Art,museum,52.5208,13.3964,DE,Berlin,16,300
Q1955739,Musée des Beaux-Arts de Dijon,museum,47.3216,5.04267,FR,Dijon,17,300
Q1955758,Mudam,museum,49.61709,6.1399,LU,Kirchberg,16,300
Q1956214,Dimitrie Gusti National Village Museum in Bucharest,museum,44.47336,26.07656,RO,Bucharest,17,300
Q1956218,Museum of Modern Art in Warsaw,museum,52.23319,21.00883,PL,Śródmieście,15,300
Q1960827,National Museum of Tanzania,museum,-6.8131,39.2938,TZ,Ilala District,14,300
Q1962119,Tajikistan National Museum,museum,38.5823,68.77954,TJ,Dushanbe,20,300
Q1962237,Historical Museum of Sughd,museum,40.285,69.61806,TJ,,15,300
Q1966699,National Museum of Natural Sciences,museum,40.44103,-3.69028,ES,Madrid,15,300
Q1967472,National Museum of Ghana,museum,5.55675,-0.20613,GH,Greater Accra Region,20,300
Q1967486,National Museum of Pakistan,museum,24.85261,67.01791,PK,Karachi,23,300
Q1967496,National Museum of Australia,museum,-35.2931,149.121,AU,Canberra,22,300
Q1968325,National History Museum,museum,42.65528,23.27083,BG,Sofia,23,300
Q1968399,Gaudi House Museum,museum,41.41445,2.15357,ES,La Salut,15,300
Q1968661,National Museum in Gdańsk,museum,54.34542,18.64691,PL,Gdańsk,15,300
Q1968698,National Museum of Costa Rica,museum,9.93274,-84.07144,CR,San José,16,300
Q1970945,Buffalo AKG Art Museum,museum,42.93245,-78.87562,US,Buffalo,20,300
Q1971299,Palazzo Colonna,museum,41.89707,12.48334,IT,Rome,21,300
Q1976985,The Nelson-Atkins Museum of Art,museum,39.04497,-94.58096,US,Kansas City,23,300
Q1984633,Niavaran Complex,museum,35.81083,51.47167,IR,Shemiranat County,21,300
Q1992004,Gothenburg Museum of Art,museum,57.69639,11.98056,SE,Gothenburg Municipality,23,300
Q1992413,Thorvaldsen Museum,museum,55.67669,12.57827,DK,Copenhagen Municipality,24,300
Q1992789,Bali Museum,museum,-8.6575,115.21853,ID,Denpasar,15,300
Q1996075,Brancacci Chapel,museum,43.76777,11.2437,IT,Florence,23,300
Q2002512,Petrie Museum of Egyptian Archaeology,museum,51.5236,-0.13306,GB,London Borough of Camden,24,300
Q2007919,John F. Kennedy Presidential Library and Museum,museum,42.31361,-71.03333,US,Dorchester,24,300
Q2025062,Zoological Museum of the Zoological Institute of the Russian Academy of Sciences,museum,59.9426,30.3056,RU,Saint Petersburg,14,300
Q2028327,Art Museum of Georgia,museum,41.69702,44.80072,GE,Tbilisi,23,300
Q2030607,Maritime Museum,museum,-6.12666,106.80855,ID,Jakarta,14,300
Q1752085,Norton Simon Museum,museum,34.14623,-118.15916,US,Pasadena,21,300
Q1753166,Kasteel Wijnendale,museum,51.07895,3.05945,BE,Torhout,14,300
Q1753248,Racławice Panorama,museum,51.11014,17.04458,PL,Wrocław,20,300
Q1753590,Old Royal Naval College,museum,51.48367,-0.00594,GB,London,18,300
Q1754354,Richard Nixon Presidential Library and Museum,museum,33.88917,-117.81944,US,Yorba Linda,15,300
Q1758240,Imperial War Museum Duxford,museum,52.09306,0.12944,GB,Duxford,14,300
Q1759446,Villa Balbianello,museum,45.96506,9.20247,IT,Tremezzina,17,300
Q1760539,Saint Louis Art Museum,museum,38.63931,-90.29449,US,St. Louis,17,300
Q1775086,Museum of Vuk and Dositej,museum,44.82102,20.45888,RS,Belgrade,14,300
Q1775258,Fossanova Abbey,museum,41.43808,13.19566,IT,Priverno,15,300
Q1776168,Monastery of São Vicente de Fora,museum,38.71472,-9.12778,PT,São Vicente,19,300
Q1781364,Museum of the Revolution,museum,23.14167,-82.35667,CU,Old Havana,22,300
Q1782606,Eugène-Delacroix National Museum,museum,48.8546,2.3354,FR,6th arrondissement of Paris,18,300
Q1783956,Nantes Museum of Arts,museum,47.21944,-1.54722,FR,Nantes,20,300
Q1784177,Coptic Museum,museum,30.00592,31.23067,EG,Cairo Governorate,21,300
Q1786400,The Breakers,museum,41.46972,-71.29861,US,Newport,14,300
Q1786933,Mansion House,museum,51.51325,-0.08936,GB,City of London,23,300
Q1787641,Swedish Railway Museum,museum,60.6615,17.1727,SE,Gävle Municipality,14,300
Q1788831,Athens War Museum,museum,37.97528,23.74528,GR,Athens Municipality,19,300
Q1789184,Military Museum of the Chinese People's Revolution,museum,39.90767,116.31772,CN,Yangfangdian Subdistrict,17,300
Q1789816,Minnesota State Capitol,museum,44.95431,-93.10222,US,Saint Paul,14,300
Q1790447,National Museum of Lithuania,museum,54.68722,25.28917,LT,Vilnius City Municipality,20,300
Q1792561,Kunstmuseum Liechtenstein,museum,47.1393,9.52253,LI,Vaduz,21,300
Q1798541,La Plata Museum,museum,-34.909,-57.93542,AR,La Plata Partido,14,300
Q1799857,Birmingham Museum and Art Gallery,museum,52.48028,-1.90361,GB,Birmingham,23,300
Q1808336,Museum of Latin American Art of Buenos Aires,museum,-34.57711,-58.40359,AR,Buenos Aires,16,300
Q1815235,Naval Museum of Madrid,museum,40.41752,-3.6928,ES,Madrid,14,300
Q1815891,Nanjing Museum,museum,32.0425,118.81944,CN,Nanjing,20,300
Q1816301,Seattle Art Museum,museum,47.60731,-122.33813,US,Seattle,15,300
Q1819331,Newstead Abbey,museum,53.0784,-1.19294,GB,Newstead,14,300
Q1824069,Liechtenstein Museum,museum,48.2225,16.3594,AT,Vienna,15,300
Q1835285,State Museum of History of Uzbekistan,museum,41.3118,69.2693,UZ,Tashkent,16,300
Q1835821,Turkmen Carpet Museum,museum,37.92402,58.37788,TM,Ashgabat,14,300
Q1848918,"National Museum of Fine Arts, Argentina",museum,-34.58399,-58.39297,AR,Buenos Aires,23,300
Q1851283,Unterlinden Museum,museum,48.07984,7.35553,FR,Colmar,19,300
Q1851516,Walker Art Center,museum,44.96806,-93.28861,US,Minneapolis,18,300
Q1851610,Alfa Romeo Museum,museum,45.5574,9.04612,IT,Arese,15,300
Q1853779,Lyndon Baines Johnson Library and Museum,museum,30.2857,-97.7292,US,Austin,15,300
Q1857990,National Museum of Folk Architecture and Folkways of Ukraine,museum,50.35454,30.51223,UA,Kyiv,21,300
Q1878362,Luxor Museum,museum,25.70772,32.64449,EG,Luxor,23,300
Q1889165,Moscow Manege,museum,55.75333,37.61222,RU,Tverskoy District,19,300
Q1889944,Scottish National Gallery of Modern Art,museum,55.95092,-3.22784,GB,City of Edinburgh,16,300
Q1890450,RAF Museum London,museum,51.59889,-0.23861,GB,London Borough of Barnet,15,300
Q1917116,USS Olympia,museum,39.96528,-75.13944,US,Philadelphia,14,300
Q1929750,National Museum of Cambodia,museum,11.5658,104.929,KH,Phnom Penh,22,300
Q1933896,Stockholm City Museum,museum,59.31972,18.07056,SE,Stockholm Municipality,14,300
Q1936046,Mimara Museum,museum,45.80833,15.96694,HR,Donji grad,17,300
Q1947692,Morgantina,museum,37.43083,14.47944,IT,Aidone,19,300
Q2032637,Singapore Art Museum,museum,1.29734,103.8509,SG,Bras Basah,18,300
Q2033282,National Museum of Slovenia,museum,46.05222,14.49944,SI,Ljubljana,21,300
Q2033487,National Museum of Colombo,museum,6.91,79.86083,LK,Colombo,24,300
Q2034395,Belarusian National History and Culture Museum,museum,53.89667,27.55556,BY,Minsk,16,300
Q2034636,Astronomical Observatory of Capodimonte,museum,40.86286,14.25506,IT,Naples,16,300
Q2037262,Lviv National Museum,museum,49.84306,24.02806,UA,Lviv,20,300
Q2047427,The Palace Museum,museum,39.91556,116.39083,CN,Donghuamen Subdistrict,20,300
Q2054135,Gallerie d'Italia – Milano,museum,45.46735,9.19004,IT,Milan,15,300
Q2060301,South Georgia Museum,museum,-54.27695,-36.50473,GB,South Georgia and the South Sandwich Islands,14,300
Q2060860,Sir John Soane's Museum,museum,51.5171,-0.11691,GB,Camden Town,23,300
Q2064336,"Saint Paul's Church, Tarsus",museum,36.91414,34.89779,TR,Tarsus,15,300
Q2066497,Chiesa di San Cataldo,museum,38.11472,13.3625,IT,Palermo,23,300
Q2071462,Perm-36,museum,58.2633,57.43033,RU,Chusovskoy District,15,300
Q2073524,Belarusian Great Patriotic War Museum,museum,53.91631,27.53789,BY,Minsk,20,300
Q2084457,National Historical Museum of Ukraine,museum,50.45833,30.51611,UA,Kyiv,23,300
Q2086562,Yorkshire Museum,museum,53.9618,-1.08744,GB,City of York,15,300
Q2087619,Manchester Museum,museum,53.46639,-2.23444,GB,Manchester,19,300
Q2093410,Choijin Lama Temple,museum,47.915,106.91833,MN,Ulaanbaatar,17,300
Q2093924,Abbadia Castle,museum,43.3775,-1.74917,FR,Hendaye,17,300
Q2095209,Pinacoteca de São Paulo,museum,-23.53444,-46.63389,BR,São Paulo,17,300
Q2096776,El Capricho,museum,43.38368,-4.29274,ES,Comillas,18,300
Q2104764,Port Lockroy,museum,-64.82528,-63.49444,GB,Antarctic Treaty area,15,300
Q2121329,Syon House,museum,51.4767,-0.3125,GB,London Borough of Hounslow,15,300
Q2152796,Riga Motor Museum,museum,56.97055,24.22766,LV,Riga,21,300
Q2154176,National Museum of Mongolia,museum,47.9208,106.915,MN,Ulaanbaatar,16,300
Q2165460,Villa Jovis,museum,40.55823,14.26263,IT,Capri,18,300
Q2165810,Villa Lante,museum,42.42583,12.15472,IT,Viterbo,14,300
Q2170996,Royal Arsenal,museum,51.49118,0.06994,GB,Royal Borough of Greenwich,14,300
Q2201410,World of Coca-Cola,museum,33.7628,-84.3928,US,Fulton County,15,300
Q2211082,Sacro Monte di Varallo,museum,45.81861,8.25472,IT,Varallo Sesia,14,300
Q2215920,Salzburg Museum,museum,47.79861,13.04778,AT,Salzburg,19,300
Q2218604,Aceh Tsunami Museum,museum,5.54772,95.31508,ID,Baiturrahman,19,300
Q2245152,Galleria Sabauda,museum,45.07417,7.68611,IT,Turin,19,300
Q2266463,Chapada Diamantina National Park,museum,-12.51089,-41.57586,BR,Andaraí,22,300
Q2303432,University of Oviedo,museum,43.3618,-5.8463,ES,Oviedo,19,300
Q2305235,Žmuidzinavičius Museum,museum,54.90083,23.91056,LT,Kaunas,16,300
Q2306200,New York Hall of Science,museum,40.74745,-73.85163,US,New York,14,300
Q2313815,National Azulejo Museum,museum,38.7244,-9.11389,PT,Penha de França,15,300
Q2331186,MOMus–Thessaloniki Museum of Photography,museum,40.63295,22.93547,GR,Thessaloniki Municipality,14,300
Q2332231,Old Town Hall,museum,50.08711,14.42061,CZ,Old Town,23,300
Q2338135,Musée national des beaux-arts du Québec,museum,46.79889,-71.22472,CA,La Cité-Limoilou,15,300
Q2338290,Museum of Yugoslav History,museum,44.78667,20.45167,RS,Belgrade,21,300
Q2356342,The Museum for Islamic Art,museum,31.76873,35.21284,IL,Jerusalem,16,300
Q2356485,Åland Museum,museum,60.09694,19.94472,FI,Mariehamn,14,300
Q2357731,Herzl Museum,museum,31.7726,35.1814,IL,Jerusalem,15,300
Q2358105,Petersen Automotive Museum,museum,34.06247,-118.36103,US,Los Angeles,19,300
Q2364733,USS Massachusetts,museum,41.70619,-71.16333,US,Fall River,20,300
Q2370140,Poklonnaya Hill,museum,55.73167,37.50667,RU,Moscow,19,300
Q2370438,National Museum of Mauritania,museum,18.08556,-15.97472,MR,Nouakchott,15,300
Q2371954,Pendennis Castle,museum,50.1467,-5.0471,GB,Falmouth,14,300
Q2381941,"Suleymaniye Mosque, Rhodes",museum,36.44389,28.22417,GR,Rhodes,16,300
Q2415840,Belton House,museum,52.9431,-0.6178,GB,Belton and Manthorpe,17,300
Q2418266,Complejo Cultural Los Pinos,museum,19.41556,-99.19139,MX,Miguel Hidalgo,15,300
Q2418618,Casa Buonarroti,museum,43.76981,11.26359,IT,Florence,21,300
Q2420849,Hispanic Society of America,museum,40.83327,-73.94643,US,Manhattan,14,300
Q2422478,Museum of the Portuguese Language,museum,-23.53473,-46.63521,BR,Bom Retiro District,15,300
Q2424070,Queen Anne's Summer Palace,museum,50.09361,14.40542,CZ,Hradčany,20,300
Q2441562,Scottish National Portrait Gallery,museum,55.9555,-3.19354,GB,City of Edinburgh,19,300
Q2443707,Kedleston Hall,museum,52.95917,-1.53583,GB,Kedleston,14,300
Q2457600,National Museum of the History of Ukraine in World War II,museum,50.42686,30.5637,UA,Kyiv,19,300
Q2459334,Tamminiemi,museum,60.18888,24.88459,FI,Helsinki,18,300
Q2464716,Cliveden,museum,51.55833,-0.68833,GB,Taplow,16,300
Q2467688,PinchukArtCentre,museum,50.4417,30.52114,UA,Kyiv,15,300
Q2487646,Dostoevsky Museum,museum,59.92722,30.35083,RU,Saint Petersburg,17,300
Q2499504,Berestye Archeological Museum,museum,52.07996,23.65475,BY,Brest region,14,300
Q2500152,Nizami Museum of Azerbaijani Literature,museum,40.36992,49.83639,AZ,Baku,15,300
Q2502709,Natural History Museum of Los Angeles County,museum,34.01699,-118.28878,US,Exposition Park,15,300
Q2505545,Spencer House,museum,51.50528,-0.14,GB,City of Westminster,15,300
Q2518724,Castelvecchio Museum,museum,45.44,10.98778,IT,Verona,14,300
Q2526406,Hardwick Hall,museum,53.16878,-1.30874,GB,Ault Hucknall,14,300
Q2530322,Norwegian Glacier Museum,museum,61.42325,6.76286,NO,Sogndal Municipality,15,300
Q2808698,Museum of European and Mediterranean Civilisations,museum,43.29694,5.36114,FR,Marseille,23,300
Q2843748,Musée Ingres Bourdelle,museum,44.01694,1.35167,FR,Montauban,15,300
Q2890127,Museu de la Xocolata,museum,41.38706,2.18182,ES,Barcelona,17,300
Q2898298,National Museum of Archaeology,museum,35.8975,14.51125,MT,Valletta,17,300
Q2899707,Simon Janashia Museum of Georgia,museum,41.69605,44.80026,GE,Tbilisi,20,300
Q2901355,Chetham's Library,museum,53.48604,-2.24337,GB,Manchester,16,300
Q2916134,Tel Aviv Cinematheque,museum,32.07083,34.78333,IL,Tel Aviv,14,300
Q2917041,National Museum of Anthropology,museum,40.40769,-3.68898,ES,Madrid,16,300
Q2919066,Musée de Montmartre,museum,48.8877,2.3406,FR,18th arrondissement of Paris,18,300
Q2920430,Open Air Museum of Ethnography,museum,41.702,44.743,GE,Tbilisi,15,300
Q2920711,Georgian National Centre of Manuscripts,museum,41.71761,44.78333,GE,Tbilisi,18,300
Q2931413,Punta della Dogana,museum,45.4308,12.33618,IT,Venice,19,300
Q2970522,Cincinnati Art Museum,museum,39.11389,-84.49694,US,Eden Park,19,300
Q2977589,Ohara Museum of Art,museum,34.59615,133.77067,JP,Kurashiki,16,300
Q2982867,Hirschsprung Collection,museum,55.6899,12.57747,DK,Copenhagen Municipality,15,300
Q2983474,Finnish National Gallery,museum,60.17167,24.93694,FI,Helsinki,20,300
Q2986831,Archaeological Museum of Zagreb,museum,45.811,15.97732,HR,Zagreb,16,300
Q2991098,National Gandhi Museum,museum,28.63891,77.24591,IN,New Delhi,19,300
Q2991178,National Art Gallery of Bulgaria,museum,42.69648,23.32679,BG,Sofia,21,300
Q3038318,Down House,museum,51.33139,0.05333,GB,London Borough of Bromley,14,300
Q3041915,Rock Garden of Chandigarh,museum,30.752,76.807,IN,Chandigarh,18,300
Q3064279,Chilean National Museum of Natural History,museum,-33.44217,-70.68184,CL,Quinta Normal,17,300
Q3073495,National Museum of African American History and Culture,museum,38.89111,-77.03278,US,"Washington, D.C.",21,300
Q3084218,National Museum of Qatar,museum,25.2868,51.54973,QA,Ad-Dawhah,24,300
Q3086934,Musée des Beaux-Arts de Rouen,museum,49.44472,1.09472,FR,Rouen,16,300
Q3088188,Ivano-Frankivsk Regional Art Museum,museum,48.92361,24.70917,UA,Ivano-Frankivsk,15,300
Q3089169,Fremantle Prison,museum,-32.05501,115.75349,AU,City of Fremantle,14,300
Q3090631,Marrakech Museum,museum,31.63121,-7.98677,MA,Marrakech,16,300
Q3094799,Gallery of Modern Art,museum,55.86013,-4.25238,GB,Glasgow City,14,300
Q3117388,Greenland National Museum,museum,64.1772,-51.7462,GL,Sermersooq,19,300
Q3124818,Maison Bonaparte,museum,41.9179,8.7383,FR,Ajaccio,21,300
Q3133557,Museum of the Republic of North Macedonia,museum,42.0025,21.43583,MK,Skopje,16,300
Q3133611,Saraj Resen,museum,41.08833,21.01611,MK,Resen Municipality,14,300
Q3161847,Jane Austen's House Museum,museum,51.1331,-0.989,GB,Chawton,16,300
Q3242206,21st Century Museum of Contemporary Art,museum,36.5608,136.658,JP,Hirosaka,17,300
Q3299384,Moesgaard Museum,museum,56.08885,10.22354,DK,Aarhus Municipality,14,300
Q2538129,Musée Toulouse-Lautrec,museum,43.92917,2.14306,FR,Albi,20,300
Q2539582,Museum of Aviation,museum,44.81889,20.28528,RS,Surčin City Municipality,19,300
Q2540426,Roman Baths,museum,51.3809,-2.3595,GB,Bath and North East Somerset,21,300
Q2546445,South Australian Museum,museum,-34.92049,138.60319,AU,,14,300
Q2559058,Baku Museum of Miniature Books,museum,40.36639,49.8325,AZ,Baku,16,300
Q2564175,Necropolis of Monterozzi,museum,42.25044,11.76986,IT,Tarquinia,20,300
Q2565876,Salt Cathedral of Zipaquirá,museum,5.01876,-74.0093,CO,Zipaquirá,18,300
Q2568412,Museum of the Americas,museum,40.43813,-3.72207,ES,Madrid,19,300
Q2574469,Kerameikos Archaeological Museum,museum,37.967,23.717,GR,Attica Region,16,300
Q2577210,Tate St Ives,museum,50.21472,-5.48472,GB,St Ives,15,300
Q2579612,Palazzo delle Esposizioni,museum,41.89944,12.49,IT,Roma Capitale,14,300
Q2583379,Ditsong National Museum of Natural History,museum,-25.75,28.19,ZA,Pretoria,14,300
Q2585886,"National Museum of Archeology, History and Art",museum,49.61194,6.13306,LU,Luxembourg,17,300
Q2597719,Musée de la Franc-Maçonnerie,museum,48.87472,2.34306,FR,9th arrondissement of Paris,15,300
Q2599177,Maison de Victor Hugo,museum,48.85472,2.36611,FR,4th arrondissement of Paris,17,300
Q2603814,World Heritage Rock Art Centre - Alta Museum,museum,69.94747,23.18656,NO,Alta,15,300
Q2603905,Princeton Art Museum,museum,40.3472,-74.6578,US,Princeton,16,300
Q2617627,Turkish State Cemetery,museum,39.93694,32.80722,TR,Yenimahalle district,14,300
Q2620702,Musée Bonnat-Helleu,museum,43.4922,-1.4722,FR,Bayonne,14,300
Q2623739,Tikotin Museum of Japanese Art,museum,32.8093,34.9854,IL,Haifa,15,300
Q2624126,Moomin Museum,museum,61.49583,23.78167,FI,Tampere,21,300
Q2625747,CosmoCaixa Barcelona,museum,41.41306,2.13111,ES,Sant Gervasi-la Bonanova,15,300
Q2628596,Palais des Beaux-Arts de Lille,museum,50.63092,3.06117,FR,Lille,17,300
Q2628618,Diamond Fund,museum,55.74944,37.61361,RU,,15,300
Q2634480,Farfa Abbey,museum,42.22167,12.71861,IT,Fara in Sabina,15,300
Q2636679,Heichal Shlomo,museum,31.77579,35.21691,IL,Jerusalem,15,300
Q2638817,Manchester Art Gallery,museum,53.47861,-2.24139,GB,Manchester,20,300
Q2639843,Basilica of San Gaudenzio,museum,45.44881,8.61969,IT,Novara,17,300
Q2652168,National Museum of Ethiopia,museum,9.03833,38.7619,ET,Addis Ababa,22,300
Q2654419,Paris Sewer Museum,museum,48.86261,2.30253,FR,7th arrondissement of Paris,14,300
Q2654627,Holy Forty Martyrs Church,museum,43.08444,25.65,BG,Veliko Tarnovo,17,300
Q2658285,Archaeological Museum of Thessaloniki,museum,40.625,22.95389,GR,Thessaloniki Municipality,24,300
Q2664327,Ukrainian National Chornobyl Museum,museum,50.46636,30.51751,UA,Kyiv,23,300
Q2668693,International Spy Museum,museum,38.88388,-77.02546,US,"Washington, D.C.",15,300
Q2669644,Museum of Contemporary Art of Rome,museum,41.91282,12.50222,IT,Rome,16,300
Q2684769,Chad National Museum,museum,12.12543,15.07743,TD,N'Djamena,15,300
Q2688645,National Museum of Gitega,museum,-3.41824,29.90848,BI,Gitega,14,300
Q2702874,"Mendips, Menlove Avenue",museum,53.37722,-2.88139,GB,Liverpool,14,300
Q2705493,Triennale di Milano,museum,45.47181,9.17371,IT,Milan,16,300
Q2706241,Villa Mairea,museum,61.59745,21.87451,FI,Pori,15,300
Q2706867,Galleria Ferrari,museum,44.53046,10.86037,IT,Maranello,18,300
Q2711480,Musée des Augustins,museum,43.601,1.446,FR,Toulouse,19,300
Q2714932,Musée de la Vie romantique,museum,48.88112,2.33352,FR,9th arrondissement of Paris,15,300
Q2715373,Musée Bourdelle,museum,48.84306,2.31833,FR,Quartier Necker,18,300
Q2719230,Great Palace Mosaic Museum,museum,41.00444,28.97667,TR,Fatih,15,300
Q2723395,City Palace,museum,26.9255,75.8236,IN,Jaipur,20,300
Q2723633,Charles Dickens Museum,museum,51.5239,-0.1169,GB,London Borough of Camden,15,300
Q2737219,La Trochita,museum,-42.95,-71.183,AR,Río Negro Province,14,300
Q2743819,ABBA: The Museum,museum,59.325,18.09639,SE,Stockholm Municipality,23,300
Q2744014,ArtScience Museum,museum,1.28611,103.859,SG,Downtown Core,18,300
Q2756903,Brunei Museum,museum,4.88525,114.96874,BN,Bandar Seri Begawan,20,300
Q1636176,Royal Armoury,museum,59.32667,18.07306,SE,Stockholm Municipality,22,300
Q1638035,Memorial Museum of Astronautics,museum,55.82257,37.63959,RU,Moscow,14,300
Q1638644,International Motorsports Hall of Fame,museum,33.578,-86.072,US,Talladega County,18,300
Q1640397,Liljevalchs konsthall,museum,59.32556,18.09611,SE,Stockholm Municipality,14,300
Q1640876,Lahore Museum,museum,31.56823,74.30817,PK,Lahore,24,300
Q1646305,Museum aan de Stroom,museum,51.22893,4.40473,BE,Antwerp,19,300
Q1647895,Maritime Museum,museum,59.3325,18.11583,SE,Stockholm Municipality,16,300
Q1652884,Hedemora Gamla Theater,museum,60.28041,15.98751,SE,Hedemora Municipality,14,300
Q1653205,Mårbacka,museum,59.78127,13.23321,SE,Sunne Municipality,18,300
Q1662392,Pera Museum,museum,41.03181,28.97519,TR,Beyoğlu,22,300
Q1665109,Institut national de l'audiovisuel,museum,48.83653,2.53268,FR,,15,300
Q1667022,Musée Cernuschi,museum,48.88,2.31194,FR,8th arrondissement of Paris,15,300
Q1668196,Museo Galileo,museum,43.76768,11.25602,IT,Florence,21,300
Q1671720,Inveraray Castle,museum,56.2375,-5.07361,GB,Argyll and Bute,22,300
Q1699233,Museum Mayer van den Bergh,museum,51.21552,4.40532,BE,Antwerp,17,300
Q1700481,Minneapolis Institute of Art,museum,44.95861,-93.27417,US,Minneapolis,23,300
Q1713506,Junibacken,museum,59.32944,18.08889,SE,Stockholm Municipality,15,300
Q1728834,Catacombe dei Cappuccini,museum,38.11167,13.33917,IT,Palermo,22,300
Q1729026,Karatepe,museum,37.29556,36.25361,TR,Osmaniye,20,300
Q1736225,Trieste Cathedral,museum,45.64639,13.7725,IT,Trieste,21,300
Q1741629,Kimbell Art Museum,museum,32.74861,-97.365,US,Fort Worth,21,300
Q1743116,Toledo Museum of Art,museum,41.65833,-83.55944,US,Toledo,22,300
Q1744024,Slovak National Gallery,museum,48.14,17.10861,SK,Bratislava,22,300
Q1748404,Museu de Belles Arts de València,museum,39.47917,-0.37083,ES,Valencia,15,300
Q1750428,Economy Museum – Royal Coin Cabinet,museum,59.33472,18.09028,SE,Stockholm Municipality,16,300
Q6970475,National Gallery Singapore,museum,1.29049,103.85186,SG,Downtown Core,19,300
Q6974468,National Museum of Fine Arts,museum,47.02833,28.82556,MD,Chișinău Municipality,14,300
Q6974486,National Museum of Natural History,museum,42.69568,23.32846,BG,Sofia,15,300
Q6974487,National Museum of Natural History,museum,28.6268,77.23156,IN,Delhi,21,300
Q6978237,"National Reserve ""Sophia of Kyiv""",museum,50.45,30.51667,UA,Kyiv,15,300
Q7081911,Okefenokee National Wildlife Refuge,museum,30.73812,-82.13974,US,Baker County,14,300
Q7319720,Reza Abbasi Museum,museum,35.74111,51.44647,IR,District 7,16,300
Q7338547,Riverside Museum,museum,55.86511,-4.30639,GB,Glasgow City,20,300
Q7453721,Sergei Parajanov Museum,museum,40.17877,44.50012,AM,Yerevan,22,300
Q3303191,Gjergj Kastrioti Skënderbeu National Museum,museum,41.5074,19.79401,AL,Krujë,21,300
Q3316008,Woolsthorpe Manor,museum,52.80917,-0.63056,GB,Colsterworth,16,300
Q3327039,Mozart's birthplace,museum,47.8,13.04333,AT,Salzburg,15,300
Q2268271,Convent of Las Descalzas Reales,museum,40.41827,-3.70619,ES,Madrid,17,300
Q2287825,SS Nomadic,museum,54.60637,-5.91115,GB,Belfast,18,300
Q2291222,Museum of African Art,museum,44.78905,20.43497,RS,Belgrade,15,300
Q2293110,Umedalens Skulpturpark,museum,63.83667,20.16167,SE,Umeå Municipality,22,300
Q2296362,Musée Gustave Moreau,museum,48.878,2.33436,FR,9th arrondissement of Paris,18,300
Q2301926,Clinton Presidential Center,museum,34.74643,-92.25846,US,Little Rock,18,300
Q2303149,Sorbian Museum,museum,51.1834,14.4193,DE,Bautzen,15,300
Q2778991,Ognissanti Church,museum,43.77251,11.24598,IT,Florence,17,300
Q2784755,Museum of Modern Art of Republika Srpska,museum,44.7723,17.1897,BA,Banja Luka,21,300
Q2791306,Malmö Art Museum,museum,55.6047,12.9869,SE,Malmö Municipality,14,300
Q260913,Centraal Museum,museum,52.08333,5.12583,,Utrecht,15,300
Q281903,Prinsenhof,museum,52.01167,4.35444,,Delft,14,300
Q474563,Teylers Museum,museum,52.38056,4.64028,,Haarlem,20,300
Q475667,Führermuseum,museum,48.2901,14.292,,Linz,17,300
Q493160,Our Lord in the Attic Museum,museum,52.37508,4.89936,,Amsterdam,15,300
Q574961,Frans Hals Museum,museum,52.37661,4.6336,,Haarlem,21,300
Q576829,Kiev,museum,39.15528,117.80833,,,22,300
Q623558,Oude Kerk,museum,52.37417,4.89806,,Amsterdam,22,300
Q641676,Naturalis Biodiversity Center,museum,52.16472,4.47333,,Leiden,23,300
Q674449,Netherlands Open Air Museum,museum,52.00944,5.90639,,Arnhem,19,300
Q702726,Jewish Museum,museum,52.3673,4.90384,,Amsterdam,17,300
Q892727,Bonnefanten Museum,museum,50.84253,5.70198,,Maastricht,16,300
Q924769,Pampus,museum,52.36472,5.06889,,Muiden,15,300
Q1258370,Drents Museum,museum,52.99333,6.56417,,Assen,17,300
Q1350009,H'Art Museum,museum,52.365,4.9025,,Amsterdam,19,300
Q1422000,NEMO Science Center,museum,52.37411,4.91239,,Amsterdam,24,300
Q1499958,Kunstmuseum Den Haag,museum,52.08972,4.28056,,The Hague,21,300
Q1538389,Eye Filmmuseum,museum,52.38441,4.90059,,Amsterdam,14,300
Q1542668,Groninger Museum,museum,53.21194,6.56556,,Groningen,22,300
Q1616123,Het Scheepvaartmuseum,museum,52.37139,4.91472,,Amsterdam,16,300
Q1668856,Kunsthal,museum,51.91078,4.47344,,Rotterdam,15,300
Q1735318,Castle de Haar,museum,52.12143,4.98635,,Utrecht,19,300
Q1782422,Van Abbemuseum,museum,51.43472,5.48194,,Eindhoven,14,300
Q1820897,Amsterdam Museum,museum,52.37028,4.89083,,Amsterdam,20,300
Q1853707,Portuguese Synagogue,museum,52.3675,4.90528,,Amsterdam,19,300
Q1860378,Rijksmuseum van Oudheden,museum,52.15833,4.48583,,Leiden,19,300
Q1871689,Escher Museum,museum,52.08333,4.31417,,The Hague,14,300
Q3329876,Sexmuseum Amsterdam,museum,52.37658,4.89728,,Amsterdam,14,300
Q17339437,Wereldmuseum Leiden,museum,52.16313,4.4825,,Leiden,18,300
Q130736773,Allard Pierson,museum,52.36883,4.89306,,Amsterdam,19,300
Q683244,Sentinum,art_museum,43.41846,12.85235,IT,Sassoferrato,13,300
Q686488,Weltmuseum Wien,art_museum,48.205,16.36306,AT,Vienna,13,300
Q733389,Villa Medicea of Poggio a Caiano,art_museum,43.81645,11.05552,IT,Poggio a Caiano,13,300
Q743773,Tokyo Metropolitan Teien Art Museum,art_museum,35.63686,139.71927,JP,Shirokanedai,12,300
Q761048,Astrup Fearnley Museum of Modern Art,art_museum,59.90667,10.72139,NO,Oslo Municipality,13,300
Q769765,Hecht Museum,art_museum,32.76348,35.01798,IL,Haifa,13,300
Q809600,Fogg Museum,art_museum,42.37409,-71.11436,US,Cambridge,13,300
Q822085,Palazzo della Pilotta,art_museum,44.805,10.32611,IT,Parma,12,300
Q834603,Designmuseum Denmark,art_museum,55.68637,12.59335,DK,Copenhagen Municipality,12,300
Q838986,Bagatti Valsecchi Museum,art_museum,45.46963,9.19527,IT,Milan,13,300
Q843638,MOA Museum of Art,art_museum,35.10931,139.0752,JP,Atami,13,300
Q845468,Strasbourg Museum of Modern and Contemporary Art,art_museum,48.57944,7.73611,FR,Strasbourg,13,300
Q866498,Galleria Palatina,art_museum,43.7652,11.25,IT,Florence,12,300
Q878253,Schloss Weimar,art_museum,50.98028,11.33222,DE,Weimar,13,300
Q882820,Blaafarveværket,art_museum,59.91278,9.8875,NO,Modum Municipality,13,300
Q895434,Bowes Museum,art_museum,54.54174,-1.91566,GB,Barnard Castle,12,300
Q898695,Schwarzenberg Palace,art_museum,50.08889,14.39694,CZ,Hradčany,12,300
Q949576,Fundació Miró Mallorca,art_museum,39.555,2.60917,ES,Cala Major,12,300
Q958758,Villa La Petraia,art_museum,43.81898,11.23527,IT,Florence,12,300
Q965780,Musée Granet,art_museum,43.52556,5.4525,FR,Aix-en-Provence,12,300
Q93425,Hiroshima City Museum of Contemporary Art,art_museum,34.38638,132.47337,JP,Minami-ku,12,300
Q176293,Schirn Kunsthalle Frankfurt,art_museum,50.11028,8.68361,DE,Frankfurt-Innenstadt I,12,300
Q180904,Museum Tinguely,art_museum,47.55917,7.61222,CH,Basel,13,300
Q206346,Abteiberg Museum,art_museum,51.19278,6.43306,DE,Mönchengladbach,13,300
Q255559,Amon Carter Museum of American Art,art_museum,32.74787,-97.36845,US,Fort Worth,13,300
Q316514,Museum Wiesbaden,art_museum,50.0775,8.24583,DE,Südost,13,300
Q317398,Kunstmuseum Stuttgart,art_museum,48.7783,9.1776,DE,Stuttgart-Mitte,12,300
Q318859,Kunstmuseum Bonn,art_museum,50.71506,7.12103,DE,Stadtbezirk Bonn,12,300
Q451555,Sanssouci Picture Gallery,art_museum,52.4038,13.041,DE,Potsdam,12,300
Q456994,Museum für Moderne Kunst,art_museum,50.1121,8.685,DE,Frankfurt-Innenstadt I,13,300
Q461277,Museum Kunstpalast,art_museum,51.2343,6.77333,DE,Pempelfort,13,300
Q464872,State Museum of Egyptian Art,art_museum,48.1473,11.5685,DE,Maxvorstadt,12,300
Q523652,Schack Collection,art_museum,48.1423,11.5934,DE,Munich,13,300
Q542932,Augustiner Museum,art_museum,47.99389,7.8525,DE,Freiburg im Breisgau,13,300
Q549585,Schottenstift,art_museum,48.21212,16.3646,AT,Innere Stadt,13,300
Q561944,Fabergé Museum,art_museum,48.7621,8.2434,DE,Baden-Baden,12,300
Q572206,Manggha,art_museum,50.05079,19.93152,PL,Kraków,13,300
Q574114,Deutsche Guggenheim,art_museum,52.5168,13.391,DE,Berlin,13,300
Q576081,Basel Museum of Ancient Art and Ludwig Collection,art_museum,47.55438,7.59325,CH,Basel,13,300
Q585462,Timken Museum of Art,art_museum,32.7318,-117.1496,US,San Diego,13,300
Q623017,Universalmuseum Joanneum,art_museum,47.06861,15.4375,AT,Innere Stadt,12,300
Q633078,Malmö Konsthall,art_museum,55.59556,12.99889,SE,Malmö Municipality,12,300
Q637075,Archaeological Museum of Thebes,art_museum,38.32361,23.31722,GR,Thiva Municipality,12,300
Q637086,National Museum of Archaeology,art_museum,52.24564,21.00137,PL,Warsaw,12,300
Q19833,Villa della Regina,art_museum,45.05804,7.708,IT,Turin,13,300
Q1055037,"National Museum of Art, Osaka",art_museum,34.69179,135.49202,JP,Kita-ku,12,300
Q1081881,National Museum of San Matteo,art_museum,43.7152,10.40775,IT,Pisa,13,300
Q1127288,Poster Museum at Wilanów,art_museum,52.16431,21.08818,PL,Warsaw,12,300
Q1129524,Zagros Paleolithic Museum,art_museum,34.31861,47.07191,IR,District 3,12,300
Q1130188,Bangkok Art and Culture Centre,art_museum,13.7467,100.53022,TH,Wang Mai,13,300
Q1134582,Buenos Aires Museum of Modern Art,art_museum,-34.6218,-58.3705,AR,Buenos Aires,13,300
Q1141934,Museum of Art in Łódź,art_museum,51.77173,19.44837,PL,Old Polesie in Łódź,13,300
Q1233913,Tokyo Fuji Art Museum,art_museum,35.68646,139.32949,JP,Yanomachi,13,300
Q1265098,Europos Parkas,art_museum,54.83083,25.35139,LT,Vilnius County,13,300
Q1270949,Radishchev Art Museum,art_museum,51.5322,46.0353,RU,Saratov,12,300
Q1279458,Santa Maria della Scala,art_museum,43.31694,11.32889,IT,Siena,12,300
Q1283985,Daout Pacha Hammam,art_museum,41.99861,21.43583,MK,Skopje,13,300
Q1292498,Caulonia,art_museum,38.44542,16.57875,IT,Monasterace,13,300
Q11440555,"Museum of Oriental Ceramics, Osaka",art_museum,34.69344,135.50547,JP,Kita-ku,12,300
Q14753682,Jordan National Gallery of Fine Arts,art_museum,31.95888,35.91555,JO,Amman,12,300
Q16889941,Korean Art Gallery,art_museum,39.01861,125.75412,KP,Pyongyang,12,300
Q17060100,The Broad,art_museum,34.05444,-118.25056,US,Los Angeles County,12,300
Q1331646,Museum of Mediterranean and Near Eastern Antiquities,art_museum,59.32939,18.0674,SE,Stockholm Municipality,12,300
Q1414796,Modern Art Museum of Fort Worth,art_museum,32.74929,-97.36307,US,Fort Worth,12,300
Q1431431,Weisman Art Museum,art_museum,44.97278,-93.23806,US,Minneapolis,13,300
Q1434767,King's Gallery,art_museum,51.4998,-0.14241,GB,City of Westminster,12,300
Q1444552,Jordan Archaeological Museum,art_museum,31.954,35.9343,JO,Amman,13,300
Q1489633,National Portrait Gallery,art_museum,-35.3,149.13389,AU,Australian Capital Territory,12,300
Q1514006,Royal Palace of Genoa,art_museum,44.41491,8.92616,IT,Genoa,13,300
Q1540707,Stedelijk Museum voor Actuele Kunst,art_museum,51.03817,3.72202,BE,Ghent,13,300
Q1563354,Musée Matisse,art_museum,43.71944,7.27611,FR,Nice,13,300
Q1581634,São Paulo Museum of Modern Art,art_museum,-23.58823,-46.65533,BR,São Paulo,13,300
Q1649688,Museum of Contemporary Art Tokyo,art_museum,35.68,139.80806,JP,Miyoshi,12,300
Q1755973,South Tyrol Museum of Archaeology,art_museum,46.49995,11.34962,IT,Bolzano,12,300
Q2797197,santralistanbul,art_museum,41.0665,28.9461,TR,Istanbul,12,300
Q2956755,Rothko Chapel,art_museum,29.7375,-95.39611,US,Houston,13,300
Q3019261,WAM Museum of Contemporary Art,art_museum,60.445,22.2603,FI,Turku,13,300
Q3026874,Pérez Art Museum Miami,art_museum,25.7743,-80.1963,US,Florida,12,300
Q3073273,Fukuoka Art Museum,art_museum,33.58383,130.37951,JP,Ōhorikōen,12,300
Q3077236,Tokugawa Art Museum,art_museum,35.18369,136.93319,JP,Tokugawachō,13,300
Q3086101,Musée Cantini,art_museum,43.29225,5.37817,FR,6th arrondissement of Marseille,12,300
Q3100297,Maison européenne de la photographie,art_museum,48.85515,2.35892,FR,4th arrondissement of Paris,12,300
Q3107709,Musée de Picardie,art_museum,49.8905,2.2953,FR,Amiens,12,300
Q3112812,"Government Museum and Art Gallery, Chandigarh",art_museum,30.74888,76.78742,IN,Chandigarh,13,300
Q3133600,Lillehammer Art Museum,art_museum,61.11556,10.46389,NO,Lillehammer,13,300
Q3137182,Museo de Arte de Ponce,art_museum,18.00389,-66.61694,PR,Ponce,13,300
Q3298536,Miyazaki Prefectural Art Museum,art_museum,31.93417,131.41944,JP,Miyazaki,12,300
Q3329265,musée Marc-Chagall,art_museum,43.70917,7.26954,FR,Nice,13,300
Q3329607,Hyōgo Prefectural Museum of Art,art_museum,34.69919,135.21801,JP,Wakinohama Kaigandōri,13,300
Q3329724,Galatasaray Museum,art_museum,41.03376,28.97749,TR,Istanbul,12,300
Q3361206,Paço Imperial,art_museum,-22.90361,-43.17417,BR,Rio de Janeiro,13,300
Q3556988,Archaeological Museum of Delos,art_museum,37.40083,25.26917,GR,Mykonos Municipality,12,300
Q3614063,Bornholm Art Museum,art_museum,55.22349,14.89406,DK,Bornholm regional municipality,13,300
Q3694624,Lok Virsa Museum,art_museum,33.68333,73.06667,PK,Islamabad,12,300
Q3757699,Galleria Spada,art_museum,41.89419,12.47194,IT,Rome,13,300
Q3757721,Galleria d'arte moderna di Milano,art_museum,45.4725,9.19972,IT,Milan,13,300
Q3867896,Museum of Musical Instruments,art_museum,45.47056,9.17861,IT,Milan,12,300
Q3867986,Murano Glass Museum,art_museum,45.4566,12.35686,IT,Venice,12,300
Q3878590,Norton Museum of Art,art_museum,26.70065,-80.05335,US,Florida,13,300
Q3890451,Palazzo Massimo alle Terme,art_museum,41.90154,12.49806,IT,Rome,12,300
Q3905124,Pinacoteca del Castello Sforzesco,art_museum,45.46972,9.18028,IT,Milan,13,300
Q4113712,National Gallery of Zimbabwe,art_museum,-17.8253,31.0489,ZW,Harare,13,300
Q4276495,Museo de Málaga,art_museum,36.7199,-4.41713,ES,Málaga,13,300
Q4314838,Feodosia National Gallery I. K. Aivazovsky,art_museum,45.03233,35.38277,UA,Feodosiia,13,300
Q4349514,EMMA – Espoo Museum of Modern Art,art_museum,60.17881,24.79425,FI,Espoo,12,300
Q4502138,Turku Art Museum,art_museum,60.4542,22.2617,FI,Turku,12,300
Q4556499,Chichu Art Museum,art_museum,34.44976,133.9858,JP,Naoshima,12,300
Q4785399,Archaeological Museum of Chania,art_museum,35.51672,24.03692,GR,Chania,12,300
Q4785424,Archaeological Museum of Pella,art_museum,40.762,22.5192,GR,Pella Municipality,12,300
Q4785432,Archaeological Museum of Rhodes,art_museum,36.4448,28.2271,GR,Rodos Municipality,13,300
Q4785439,Archaeological Museum of Sparta,art_museum,37.0742,22.4316,GR,Sparta Municipality,12,300
Q1786577,National Museum of Visual Arts,art_museum,-34.91389,-56.16472,UY,Municipality B,13,300
Q1789926,Château de Flers,art_museum,50.63583,3.13278,FR,Villeneuve-d'Ascq,12,300
Q1814654,Whitechapel Gallery,art_museum,51.516,-0.07049,GB,London Borough of Tower Hamlets,13,300
Q1817455,Galerie des Batailles,art_museum,48.80444,2.12083,FR,Versailles,13,300
Q1841655,Museo de Antropología de Xalapa,art_museum,19.5505,-96.931,MX,Xalapa,12,300
Q1865041,Lithuanian National Museum of Art,art_museum,54.68083,25.29,LT,Vilnius City Municipality,12,300
Q1908321,Mathaf,art_museum,25.31056,51.41972,QA,Doha,12,300
Q1954237,Regional Archaeological Museum Antonino Salinas,art_museum,38.12095,13.36007,IT,Palermo,12,300
Q1968373,National Art Gallery,art_museum,13.75895,100.49384,TH,Chana Songkhram,12,300
Q1995542,Marc Chagall Museum,art_museum,55.20056,30.19083,BY,Vitebsk,12,300
Q2060988,Villa Pisani,art_museum,45.40831,12.01258,IT,Stra,13,300
Q2095405,"Pinacoteca Nazionale, Siena",art_museum,43.31562,11.33052,IT,Siena,12,300
Q5031539,Cancun Underwater Museum,art_museum,21.0763,-86.8463,MX,Cancun,12,300
Q5316767,Durrës Archaeological Museum,art_museum,41.31139,19.44028,AL,Durrës,13,300
Q5935366,Columbus Museum of Art,art_museum,39.96438,-82.98777,US,Columbus,12,300
Q6519762,Leighton House,art_museum,51.4986,-0.20309,GB,Royal Borough of Kensington and Chelsea,13,300
Q6940744,Museum of Apollonia,art_museum,40.72033,19.47172,AL,Fier County,12,300
Q1779837,National Museum of Fine Arts of Cuba,art_museum,23.14022,-82.35719,CU,Havana,13,300
Q642603,Museum of Modern and Contemporary Art of Trento and Rovereto,art_museum,45.89383,11.04474,IT,Rovereto,12,300
Q656636,Srimanta Sankaradeva Kalakshetra,art_museum,26.1306,91.8224,IN,Guwahati,13,300
Q28003638,Zeitz Museum of Contemporary Art Africa,art_museum,-33.90833,18.42278,ZA,City of Cape Town,12,300
Q123120431,Al Qarara Cultural Museum,art_museum,31.36983,34.34133,PS,Gaza Strip,12,300
Q4785446,Archaeological museum of Volos,art_museum,39.35207,22.96122,GR,Volos Municipality,12,300
Q4849566,Baksı Museum,art_museum,40.38564,40.56642,TR,Bayraktar,12,300
Q4968867,Bristol City Museum & Art Gallery,art_museum,51.4561,-2.6053,GB,City of Bristol,12,300
Q2342844,National Archaeological Museum,art_museum,48.89778,2.09556,FR,Saint-Germain-en-Laye,13,300
Q2350879,National Museum of Modern Art,art_museum,45.80917,15.9775,HR,Zagreb,12,300
Q2358398,Archeological Civic Museum of Bologna,art_museum,44.49295,11.34357,IT,Bologna,13,300
Q2383284,Museum of the Ancient Agora,art_museum,37.975,23.72417,GR,Athens Municipality,13,300
Q2498401,The National Libyan Museum,art_museum,32.89583,13.18028,LY,Tripoli,12,300
Q2527311,Wexner Center for the Arts,art_museum,40.0002,-83.0094,US,Columbus,12,300
Q2561175,Henie-Onstad Art Centre,art_museum,59.88878,10.55293,NO,Bærum Municipality,12,300
Q2629758,IFAN Museum of African Arts,art_museum,14.66331,-17.43807,SN,Dakar,13,300
Q2630111,Caracas Museum of Fine Arts,art_museum,10.50064,-66.89697,VE,Libertador Municipality,13,300
Q6974470,MUŻA,art_museum,35.89639,14.51139,MT,Valletta,12,300
Q6974484,National Museum of Medieval Art,art_museum,40.6158,20.7837,AL,Korçë,12,300
Q7077703,Odesa Archeological Museum,art_museum,46.48504,30.74397,UA,Odesa,13,300
Q7689656,Taxila Museum,art_museum,33.74643,72.81723,PK,Taxila,13,300
Q351,Yellowstone National Park,national_park,44.6,-110.5,US,Montana,116,2500
Q4516,Lorentz National Park,national_park,-4.62973,137.97268,ID,Papua,62,2500
Q4520,Komodo National Park,national_park,-8.65162,119.57657,ID,West Manggarai,65,2500
Q23513,Phong Nha–Ke Bang National Park,national_park,17.53333,106.15,VN,Bố Trạch,125,2500
Q24451,Kruger National Park,national_park,-24.01139,31.48528,ZA,Mpumalanga,65,2500
Q41858,Banff National Park,national_park,51.16667,-115.55,CA,Banff,70,2500
Q80344,Mount Olympus,national_park,40.08333,22.35,GR,Central Macedonia Region,109,2500
Q107370,Thingvellir National Park,national_park,64.25806,-21.125,IS,Bláskógabyggð,62,2500
Q180402,Yosemite National Park,national_park,37.7425,-119.5375,US,California,87,2500
Q189657,Kakadu National Park,national_park,-13.00547,132.51951,AU,Northern Territory,66,2500
Q189849,Plitvice Lakes National Park,national_park,44.88045,15.61604,HR,Karlovac County,70,2500
Q192764,Kaziranga National Park,national_park,26.66667,93.35,IN,Assam,75,2500
Q215992,Los Glaciares National Park,national_park,-50.33053,-73.23416,AR,Lago Argentino Department,61,2500
Q219562,Bryce Canyon National Park,national_park,37.64,-112.17,US,Kane County,60,2500
Q220289,Grand Canyon National Park,national_park,36.0553,-112.122,US,Coconino County,62,2500
Q223589,Virunga National Park,national_park,-0.5,29.5,CD,North Kivu,78,2500
Q237128,Mesa Verde National Park,national_park,37.26038,-108.49444,US,Montezuma County,60,2500
Q274131,Everglades National Park,national_park,25.3125,-80.6875,US,Monroe County,70,2500
Q309276,Northeast Greenland National Park,national_park,76.0,-30.0,GL,,61,2500
Q679891,Niokolo-Koba National Park,national_park,13.07417,-12.72222,SN,Tambacounda Region,60,2500
Q715124,Teide National Park,national_park,28.27646,-16.64267,ES,Canary Islands,61,2500
Q1075023,Chitwan National Park,national_park,27.5,84.33333,NP,Makwanpur District,60,2500
Q11812902,Serengeti National Park,national_park,-2.4,34.6,TZ,Mara Region,76,2500
Q4111,Jiuzhaigou Valley,national_park,33.2,103.9,CN,Sichuan,56,2500
Q4522,Ujung Kulon National Park,national_park,-6.75,105.33333,ID,Lampung,51,2500
Q48153,Alexander von Humboldt National Park,national_park,20.49675,-74.8579,CU,Holguín Province,43,2500
Q48567,Picos de Europa National Park,national_park,43.25,-4.91667,ES,Asturias,35,2500
Q48608,Darién National Park,national_park,7.73611,-77.54722,PA,Darién Province,40,2500
Q61535,Gunung Mulu National Park,national_park,4.0425,114.8125,MY,Sarawak,49,2500
Q61757,Hortobágy National Park,national_park,47.59458,21.15678,HU,Hajdú-Bihar County,54,2500
Q3179197,Quissama National Park,national_park,-9.93333,14.03306,AO,Bengo Province,28,2500
Q3179381,Una National Park,national_park,44.49694,16.15806,BA,,29,2500
Q3895620,Zhangjiajie National Forest Park,national_park,29.3274,110.416,CN,Wulingyuan,36,2500
Q4060505,Alaniya National Park,national_park,42.9,43.73333,RU,North Ossetia–Alania,25,2500
Q4067870,Anyuysky National Park,national_park,49.44056,136.55694,RU,Khabarovsk Krai,25,2500
Q4068343,Absheron National Park,national_park,40.28361,50.35944,AZ,Baku,25,2500
Q4215646,Carpathian National Nature Park,national_park,48.3,24.58333,UA,Ivano-Frankivsk Oblast,28,2500
Q4351267,Langtang National Park,national_park,28.1738,85.5531,NP,Nuwakot District,32,2500
Q4469611,Uzhanskyi National Nature Park,national_park,49.02333,22.6,UA,Zakarpattia Oblast,26,2500
Q4524236,Shirvan National Park,national_park,39.5475,49.01556,AZ,Salyan District,26,2500
Q6870388,Białowieża National Park,national_park,52.76667,23.86667,PL,Hajnówka,41,2500
Q9055976,Lopé National Park,national_park,-0.52533,11.5428,GA,,29,2500
Q9055979,Ivindo National Park,national_park,0.088,12.63,GA,,32,2500
Q13220079,Ichkeul National Park,national_park,37.12344,9.65544,TN,Bizerte Governorate,40,2500
Q13469680,Belavezhskaya Pushcha National Park,national_park,52.44,23.82,BY,Brest region,38,2500
Q13470393,Braslaw Lakes National Park,national_park,55.59611,27.05389,BY,Vitebsk Region,32,2500
Q15052206,Bannau Brycheiniog National Park,national_park,51.88333,-3.4,GB,Q156150,26,2500
Q391391,Nahanni National Park Reserve,national_park,61.5971,-125.852,CA,"Region 4, Northwest Territories",47,2500
Q398108,Talampaya National Park,national_park,-29.79575,-67.81119,AR,La Rioja Province,41,2500
Q400200,Aukštaitija National Park,national_park,55.3711,26.0067,LT,Ignalina District Municipality,34,2500
Q415672,Akan Mashu National Park,national_park,43.51667,144.26667,JP,Hokkaido,34,2500
Q447047,Altyn-Emel National Park,national_park,44.0,78.8,KZ,Almaty Region,25,2500
Q457324,Kahuzi-Biéga National Park,national_park,-2.31481,28.75867,CD,South Kivu,56,2500
Q458423,Amboseli National Park,national_park,-2.65,37.25,KE,Kajiado County,42,2500
Q463141,Doñana National Park,national_park,37.02,-6.44,ES,Andalusia,52,2500
Q464004,Great Smoky Mountains National Park,national_park,35.61111,-83.425,US,Tennessee,51,2500
Q464942,Garajonay National Park,national_park,28.12625,-17.23722,ES,Canary Islands,54,2500
Q474205,Iguazú National Park,national_park,-25.705,-54.24833,AR,Misiones Province,51,2500
Q474886,Danube-Auen National Park,national_park,48.1833,16.7167,AT,Lower Austria,27,2500
Q476446,Écrins National Park,national_park,44.85583,6.26361,FR,Embrun,33,2500
Q491005,Virgin Islands National Park,national_park,18.32806,-64.93333,US,United States Virgin Islands,34,2500
Q500397,Bwindi Impenetrable National Park,national_park,-1.05,29.71667,UG,Kanungu District,47,2500
Q501344,Comoé National Park,national_park,9.16361,-3.7725,CI,Zanzan Region,59,2500
Q503429,Jasper National Park,national_park,52.8,-117.9,CA,Jasper,51,2500
Q503835,Manovo-Gounda St. Floris National Park,national_park,8.5,21.5,CF,Bamingui-Bangoran Prefecture,55,2500
Q504315,Simien Mountains National Park,national_park,13.18333,38.06667,ET,Semien Gondar Zone,55,2500
Q506511,Manas National Park,national_park,26.71667,90.93333,IN,Assam,51,2500
Q516668,Aggtelek National Park,national_park,48.46667,20.48333,HU,Borsod-Abaúj-Zemplén County,31,2500
Q530084,Queen Elizabeth National Park,national_park,-0.13722,30.04111,UG,,33,2500
Q532440,Sundarbans National Park,national_park,21.75,88.75,IN,South 24 Parganas district,58,2500
Q539518,Banc d'Arguin National Park,national_park,20.23472,-16.10889,MR,Nouadhibou,50,2500
Q541856,Canyonlands National Park,national_park,38.1669,-109.76,US,Utah,43,2500
Q548153,Periyar National Park,national_park,9.5775,77.18,IN,Kerala,27,2500
Q549295,Rāzna National Park,national_park,56.26667,27.5,LV,Krāslava Municipality,28,2500
Q550389,Réunion National Park,national_park,-21.15,55.5,FR,Réunion,33,2500
Q568693,Kakum National Park,national_park,5.35361,-1.38333,GH,Central Region,28,2500
Q569069,Mavrovo National Park,national_park,41.63722,20.66694,MK,,32,2500
Q569960,Hamra National Park,national_park,61.75687,14.80798,SE,Ljusdal Municipality,26,2500
Q575822,Tumucumaque National Park,national_park,1.83333,-54.0,BR,Oiapoque,39,2500
Q83397,Swiss National Park,national_park,46.7,10.095,CH,Canton of the Grisons,40,2500
Q101635,Wielkopolska National Park,national_park,52.27556,16.81583,PL,Poznań County,25,2500
Q112854,Manuel Antonio National Park,national_park,9.37556,-84.13583,CR,Quepos Canton,30,2500
Q113523,Royal National Park,national_park,-34.13167,151.05111,AU,New South Wales,32,2500
Q113952,Gorongosa National Park,national_park,-18.766,34.5,MZ,Sofala,25,2500
Q116661,Loch Lomond and The Trossachs National Park,national_park,56.25,-4.61667,GB,Argyll and Bute,28,2500
Q116715,Akagera National Park,national_park,-1.61778,30.57111,RW,Eastern Province,25,2500
Q117583,Cabañeros National Park,national_park,39.39639,-4.48722,ES,Castilla–La Mancha,30,2500
Q120414,Isalo National Park,national_park,-22.4351,45.2884,MG,Toliara Province,26,2500
Q129902,Capitol Reef National Park,national_park,38.2,-111.167,US,Emery County,37,2500
Q140033,Glenveagh National Park,national_park,55.01667,-8.05,IE,Ulster,27,2500
Q141735,Whanganui National Park,national_park,-39.58333,175.08333,NZ,Manawatū-Whanganui Region,25,2500
Q142874,Yugyd Va National Park,national_park,64.4631,59.0123,RU,Komi Republic,32,2500
Q152660,Sequoia National Park,national_park,36.56472,-118.77278,US,Tulare County,46,2500
Q152820,Cuyahoga Valley National Park,national_park,41.24167,-81.54972,US,Cuyahoga County,32,2500
Q163515,Isle Royale National Park,national_park,47.99587,-88.90929,US,Michigan,33,2500
Q174250,Vanoise National Park,national_park,45.3333,6.83333,FR,Savoie,33,2500
Q175688,Congaree National Park,national_park,33.78333,-80.78333,US,Richland County,32,2500
Q181737,Baluran National Park,national_park,-7.83333,114.36667,ID,Situbondo,28,2500
Q191824,Redwood National Park,national_park,41.52917,-124.05833,US,Humboldt County,35,2500
Q200521,Brimstone Hill Fortress National Park,national_park,17.34744,-62.83575,KN,Saint Thomas Middle Island Parish,37,2500
Q200590,Ivvavik National Park,national_park,69.5197,-139.525,CA,Yukon,27,2500
Q202845,Tongariro National Park,national_park,-39.2,175.58333,NZ,Manawatū-Whanganui Region,47,2500
Q204931,Retezat National Park,national_park,45.33333,22.83333,RO,Hunedoara County,33,2500
Q205325,Zion National Park,national_park,37.20262,-112.98785,US,Kane County,57,2500
Q205952,Hawaiʻi Volcanoes National Park,national_park,19.40083,-155.12361,US,Hawaii County,55,2500
Q206508,Mountain Zebra National Park,national_park,-32.25318,25.45297,ZA,Eastern Cape,25,2500
Q217136,Denali National Park and Preserve,national_park,63.2,-150.3,US,Alaska,54,2500
Q222695,Grand Teton National Park,national_park,43.83333,-110.70083,US,Teton County,52,2500
Q223399,Qumran,national_park,31.7419,35.45994,PS,al-Ubeidiya,51,2500
Q223969,Arches National Park,national_park,38.72806,-109.54,US,Grand County,51,2500
Q235878,Kevladev National Park,national_park,27.16667,77.51667,IN,Bharatpur district,56,2500
Q239304,Crater Lake National Park,national_park,42.91194,-122.14806,US,Jackson County,37,2500
Q242111,Death Valley National Park,national_park,36.45,-116.85,US,San Bernardino County,56,2500
Q242681,Mammoth Cave National Park,national_park,37.18694,-86.10111,US,Barren County,53,2500
Q251999,Uluṟu-Kata Tjuṯa National Park,national_park,-25.32208,130.98573,AU,Northern Territory,47,2500
Q257598,Gros Morne National Park,national_park,49.68944,-57.73806,CA,Division No. 5,46,2500
Q261577,Glacier Bay National Park and Preserve,national_park,58.7,-137.0,US,Alaska,45,2500
Q263883,Odzala National Park,national_park,0.8,14.9,CG,Cuvette-Ouest Department,29,2500
Q267394,Serra da Capivara National Park,national_park,-8.6667,-42.55,BR,João Costa,47,2500
Q273195,Carlsbad Caverns National Park,national_park,32.17528,-104.44389,US,Eddy County,51,2500
Q277755,New Forest,national_park,50.86306,-1.61806,GB,Hampshire,33,2500
Q282066,Rakiura National Park,national_park,-46.976,167.814,NZ,Southland Region,27,2500
Q305169,Los Katíos National Park,national_park,7.8,-77.15,CO,Antioquia,42,2500
Q305880,Black Canyon of the Gunnison National Park,national_park,38.58,-107.7275,US,Montrose County,38,2500
Q305949,Petrified Forest National Park,national_park,35.0881,-109.806,US,Navajo County,47,2500
Q306193,Channel Islands National Park,national_park,33.66,-119.64,US,Santa Barbara County,39,2500
Q306216,Badlands National Park,national_park,43.75,-102.5,US,Oglala Lakota County,42,2500
Q308893,Garamba National Park,national_park,4.0,29.25,CD,Orientale Province,59,2500
Q318357,Abel Tasman National Park,national_park,-40.90003,172.9715,NZ,Tasman District,34,2500
Q319356,Aberdare National Park,national_park,-0.38,36.69917,KE,,30,2500
Q328488,Salonga National Park,national_park,-1.76516,21.49723,CD,Kasaï-Occidental,58,2500
Q328577,Taï National Park,national_park,5.75,-7.12,CI,Bas-Sassandra District,52,2500
Q332381,Jaú National Park,national_park,-2.17028,-62.61722,BR,Barcelos,52,2500
Q337028,Gir National Park,national_park,21.13556,70.79667,IN,Junagadh district,46,2500
Q337396,Acadia National Park,national_park,44.35,-68.21667,US,Knox County,46,2500
Q353318,Addo Elephant National Park,national_park,-33.4461,25.7458,ZA,Eastern Cape,29,2500
Q369655,Gesäuse National Park,national_park,47.5922,14.6489,AT,Styria,27,2500
Q370501,Guadalupe Mountains National Park,national_park,31.91667,-104.86667,US,Texas,30,2500
Q372093,Olympic National Park,national_park,47.7,-123.75,US,Mason County,55,2500
Q373567,Glacier National Park,national_park,48.755,-113.8,US,Glacier County,57,2500
Q386420,Khao Yai National Park,national_park,14.35,101.44,TH,Central Thailand,43,2500
Q386630,Őrség National Park,national_park,46.8389,16.4211,HU,,25,2500
Q388279,Port-Cros National Park,national_park,43.00417,6.39528,FR,Var,25,2500
Q390208,Saloum Delta National Park,national_park,13.80566,-16.75723,SN,Foundiougne Department,29,2500
Q390264,Manu National Park,national_park,-12.14,-71.66,PE,Cusco Department,46,2500
Q391338,Wood Buffalo National Park,national_park,59.3833,-112.983,CA,South Slave Region,53,2500
Q580404,Muddus National Park,national_park,66.91632,20.19733,SE,Gällivare Municipality,27,2500
Q580873,Nikkō National Park,national_park,36.97861,139.395,JP,Tochigi Prefecture,27,2500
Q582205,Northumberland National Park,national_park,55.31667,-2.21667,GB,Northumberland,25,2500
Q586348,Russian Arctic National Park,national_park,75.7,60.9,RU,Arkhangelsk Oblast,31,2500
Q591878,Northern Velebit National Park,national_park,44.69306,15.00694,HR,Lika-Senj County,29,2500
Q593274,Göygöl National Park,national_park,40.40583,46.3225,AZ,Goygol District,28,2500
Q605657,Gates of the Arctic National Park and Preserve,national_park,67.7833,-153.3,US,Yukon-Koyukuk Census Area,49,2500
Q605897,Valley of Flowers National Park,national_park,30.73,79.6175,IN,Uttarakhand,48,2500
Q606000,Babia Góra National Park,national_park,49.58778,19.53972,PL,Lesser Poland Voivodeship,29,2500
Q607533,Lake Manyara National Park,national_park,-3.5,35.83333,TZ,Arusha Region,25,2500
Q607612,Poloniny National Park,national_park,49.07139,22.53361,SK,Snina District,29,2500
Q609097,Great Sand Dunes National Park and Preserve,national_park,37.73278,-105.51222,US,Alamosa County,38,2500
Q609353,Tatra National Park,national_park,49.25,19.93333,PL,Lesser Poland Voivodeship,35,2500
Q609383,Biebrza National Park,national_park,53.4666,22.6613,PL,Podlaskie Voivodeship,30,2500
Q609902,Katmai National Park and Preserve,national_park,58.5,-155.0,US,Alaska,36,2500
Q613251,Band-e Amir National Park,national_park,34.83972,67.23083,AF,Bamyan Province,42,2500
Q613888,Bieszczady National Park,national_park,49.1125,22.66472,PL,Podkarpackie Voivodeship,31,2500
Q614743,Drawa National Park,national_park,53.1,15.93333,PL,Lubusz Voivodeship,25,2500
Q618174,Gorce National Park,national_park,49.55833,20.1625,PL,Lesser Poland Voivodeship,25,2500
Q619007,Ojców National Park,national_park,50.20667,19.82917,PL,,29,2500
Q619061,Kampinos National Park,national_park,52.31667,20.56667,PL,Masovian Voivodeship,29,2500
Q620392,Wolin National Park,national_park,53.94263,14.50752,PL,Świnoujście,30,2500
Q620407,Wigry National Park,national_park,54.0,23.05,PL,Podlaskie Voivodeship,26,2500
Q620593,Göreme National Park,national_park,38.65278,34.86306,TR,Nevşehir,36,2500
Q621423,Karkonosze National Park,national_park,50.76667,15.65,PL,Lower Silesian Voivodeship,25,2500
Q625105,Polesie National Park,national_park,51.41639,23.17333,PL,Lublin Voivodeship,27,2500
Q625500,Pieniny National Park,national_park,49.41667,20.36667,PL,,27,2500
Q629436,Morne Trois Pitons National Park,national_park,15.26667,-61.28333,DM,Dominica,36,2500
Q631183,Risnjak National Park,national_park,45.431,14.651,HR,Primorje-Gorski Kotar County,26,2500
Q636655,Mgahinga Gorilla National Park,national_park,-1.36667,29.63333,UG,Western Region,25,2500
Q647206,Madidi National Park and Integrated Management Natural Area,national_park,-14.33333,-68.33333,BO,La Paz Department,27,2500
Q647777,Lençóis Maranhenses National Park,national_park,-2.48333,-43.13333,BR,Santo Amaro do Maranhão,48,2500
Q650710,Noel Kempff Mercado National Park,national_park,-14.23028,-60.84667,BO,Santa Cruz Department,44,2500
Q651314,Pirin National Park,national_park,41.67222,23.48778,BG,Blagoevgrad,51,2500
Q656363,Ruaha National Park,national_park,-7.53111,34.63694,TZ,Iringa Region,25,2500
Q661217,Lower Saxon Wadden Sea National Park,national_park,53.7,7.33333,DE,Cuxhaven,25,2500
Q665110,Bandipur National Park,national_park,11.66444,76.62722,IN,Chamarajanagar district,32,2500
Q665459,Guiana Amazonian Park,national_park,2.83833,-53.77222,FR,French Guiana,26,2500
Q666044,Pieljekaise National Park,national_park,66.3543,16.76826,SE,Arjeplog Municipality,26,2500
Q675633,Etosha National Park,national_park,-18.78528,16.26389,NA,Oshana Region,49,2500
Q676206,Saguaro National Park,national_park,32.20217,-110.61094,US,Pima County,35,2500
Q678744,Alas Purwo National Park,national_park,-8.68333,114.46667,ID,East Java,25,2500
Q679173,Jasmund National Park,national_park,54.55,13.65,DE,Sassnitz,29,2500
Q679568,Purnululu National Park,national_park,-17.44879,128.54605,AU,Western Australia,48,2500
Q686047,Kalkalpen National Park,national_park,47.79,14.37361,AT,,26,2500
Q686088,Llogara National Park,national_park,40.21639,19.57028,AL,,26,2500
Q691597,Sonfjället National Park,national_park,62.27749,13.55175,SE,Härjedalen Municipality,25,2500
Q693254,Mana Pools,national_park,-15.75,29.33333,ZW,,45,2500
Q696014,Hohe Tauern National Park,national_park,47.13556,12.32529,AT,Carinthia,29,2500
Q701525,Lower Oder Valley National Park,national_park,53.0472,14.2961,DE,Schwedt/Oder,25,2500
Q702489,Berchtesgaden National Park,national_park,47.57,12.96,DE,Ramsau bei Berchtesgaden,40,2500
Q702495,Müritz National Park,national_park,53.4364,12.8367,DE,Waren,30,2500
Q702528,Hainich National Park,national_park,51.0967,10.3908,DE,Schönstedt,30,2500
Q702540,Harz National Park,national_park,51.7833,10.5667,DE,Goslar,28,2500
Q702566,Saxon Switzerland National Park,national_park,50.9142,14.2784,DE,Bad Schandau,27,2500
Q704124,Bavarian Forest National Park,national_park,48.96667,13.38333,DE,Neuschönau,29,2500
Q705097,Eifel National Park,national_park,50.6167,6.43333,DE,Mechernich,31,2500
Q707427,Taroko National Park,national_park,24.31722,121.41667,TW,Hualien County,34,2500
Q707982,Kenting National Park,national_park,21.98,120.79694,TW,Hengchun Township,26,2500
Q709029,Yangmingshan National Park,national_park,25.1775,121.5475,TW,Taipei,30,2500
Q716801,Arusha National Park,national_park,-3.25,36.83333,TZ,Arusha Region,31,2500
Q726863,W National Park,national_park,12.35005,2.35498,BJ,,55,2500
Q732723,Paklenica,national_park,44.36667,15.43333,HR,Lika-Senj County,31,2500
Q733676,Djoudj National Bird Sanctuary,national_park,16.35849,-16.2741,SN,Saint-Louis,47,2500
Q735202,Joshua Tree National Park,national_park,33.74838,-115.81931,US,San Bernardino County,44,2500
Q738428,Dzūkija National Park,national_park,54.08194,24.37667,LT,Alytus County,27,2500
Q738435,Pyrénées National Park,national_park,42.8275,-0.17583,FR,Hautes-Pyrénées,35,2500
Q738582,Kluane National Park and Reserve,national_park,61.19758,-140.99197,CA,Yukon,42,2500
Q738716,Kenozyorsky National Park,national_park,62.05,38.1,RU,Arkhangelsk Oblast,27,2500
Q739391,Shiretoko National Park,national_park,44.16194,145.23556,JP,Rausu,50,2500
Q739993,Nairobi National Park,national_park,-1.37333,36.85889,KE,Nairobi Province,42,2500
Q741610,Ordesa y Monte Perdido National Park,national_park,42.67167,0.05556,ES,Aragon,38,2500
Q741636,Coiba,national_park,7.48,-81.79,PA,Veraguas Province,44,2500
Q742315,Iguaçu National Park,national_park,-25.68333,-54.43333,BR,Foz do Iguaçu,42,2500
Q743754,Gauja National Park,national_park,57.41667,25.41667,LV,Cēsis Municipality,35,2500
Q748597,Wrangell–St. Elias National Park and Preserve,national_park,61.435,-142.95361,US,Yakutat,43,2500
Q748637,Rila National Park,national_park,42.1833,23.5833,BG,,36,2500
Q750251,Chapada dos Veadeiros National Park,national_park,-14.08333,-47.66667,BR,Cavalcante,43,2500
Q752218,Emas National Park,national_park,-18.08333,-52.91667,BR,Chapadão do Céu,41,2500
Q836264,Kobuk Valley National Park,national_park,67.55,-159.28333,US,Alaska,32,2500
Q838928,Rwenzori Mountains National Park,national_park,0.4,29.95,UG,Kabarole District,46,2500
Q839603,Sangay National Park,national_park,-1.83333,-78.33333,EC,Chimborazo Province,46,2500
Q841503,Kenai Fjords National Park,national_park,59.91778,-149.9875,US,Kenai Peninsula Borough,35,2500
Q843075,National Park of American Samoa,national_park,-14.25833,-170.68333,US,American Samoa,35,2500
Q847690,Gran Paradiso National Park,national_park,45.50278,7.31,IT,Piedmont,41,2500
Q855548,Bükk National Park,national_park,48.04,20.53,HU,Borsod-Abaúj-Zemplén County,25,2500
Q856665,Gombe National Park,national_park,-4.66667,29.63333,TZ,Kigoma Region,39,2500
Q859389,Chobe National Park,national_park,-18.65,24.4,BW,North-West District,40,2500
Q862285,Gwaii Haanas National Park Reserve and Haida Heritage Site,national_park,52.3892,-131.471,CA,North Coast Regional District,27,2500
Q864799,Šumava National Park,national_park,49.06064,13.48248,CZ,Prachatice District,31,2500
Q866080,Biscayne National Park,national_park,25.50185,-80.18097,US,Florida,38,2500
Q867361,"Cilento, Vallo di Diano and Alburni National Park",national_park,40.2,15.2,IT,Province of Salerno,31,2500
Q869074,Corcovado National Park,national_park,8.55,-83.58333,CR,Puntarenas Province,30,2500
Q877719,Fiordland National Park,national_park,-45.386,167.347,NZ,Queenstown-Lakes District,40,2500
Q885558,Blue Mountains National Park,national_park,-33.79722,150.44528,AU,New South Wales,25,2500
Q894937,Bou-Hedma National Park,national_park,34.41667,9.5,TN,Gafsa Governorate,25,2500
Q897334,Danube-Drava National Park,national_park,46.08635,18.22636,HU,Baranya County,27,2500
Q901646,Torres del Paine National Park,national_park,-50.98306,-72.96639,CL,Torres del Paine,51,2500
Q902778,Waterton Lakes National Park,national_park,49.05,-113.93333,CA,Improvement District No. 4,36,2500
Q903323,Kootenay National Park,national_park,50.8831,-116.049,CA,Regional District of East Kootenay,39,2500
Q909755,Desembarco del Granma National Park,national_park,19.88333,-77.63333,CU,,38,2500
Q917369,Huascarán National Park,national_park,-9.4,-77.4,PE,Áncash Department,41,2500
Q922898,Kiskunság National Park,national_park,46.74,19.22,HU,Kecskemét District,26,2500
Q932736,Volcanoes National Park,national_park,-1.4675,29.4925,RW,Western Province,31,2500
Q934019,Nelson Lakes National Park,national_park,-42.042,172.608,NZ,Marlborough District,27,2500
Q935435,Lauca National Park,national_park,-18.24444,-69.35389,CL,Parinacota Province,27,2500
Q936623,Kings Canyon National Park,national_park,36.89169,-118.59811,US,Fresno County,35,2500
Q938172,Lemmenjoki National Park,national_park,68.61185,25.87152,FI,Kittilä,32,2500
Q941412,Río Abiseo National Park,national_park,-7.75,-77.25,PE,San Martin Department,37,2500
Q944329,Mount Rainier National Park,national_park,46.85,-121.75,US,Pierce County,39,2500
Q945780,Sarek National Park,national_park,67.28834,17.66914,SE,Jokkmokk Municipality,34,2500
Q949297,Jim Corbett National Park,national_park,29.53333,78.93333,IN,Uttarakhand,42,2500
Q951551,Sochi National Park,national_park,43.46778,39.93556,RU,Krasnodar Krai,28,2500
Q953092,Abisko National Park,national_park,68.3243,18.68073,SE,Kiruna Municipality,36,2500
Q955861,Rondane National Park,national_park,61.83333,9.83333,NO,Stor-Elvdal Municipality,30,2500
Q964013,Makalu Barun National Park,national_park,27.75693,87.11363,NP,Solukhumbu District,28,2500
Q964116,Masoala National Park,national_park,-15.65,50.18333,MG,,29,2500
Q975250,Butrint National Park,national_park,39.74611,20.02028,AL,Vlorë County,27,2500
Q1011544,Ein Gedi,national_park,31.46667,35.39444,IL,Tamar Regional Council,36,2500
Q1019469,Bénoué National Park,national_park,8.33333,13.83333,CM,North,25,2500
Q1020241,Børgefjell National Park,national_park,65.1833,13.9,NO,Røyrvik Municipality,27,2500
Q1025953,Cairngorms National Park,national_park,57.0833,-3.66667,GB,Aberdeenshire,32,2500
Q1027914,Gran Sasso e Monti della Laga National Park,national_park,42.49065,13.49524,IT,Marche,25,2500
Q1028367,Ras Muhammad National Park,national_park,27.76944,34.20972,EG,South Sinai Governorate,31,2500
Q1053661,Westland Tai Poutini National Park,national_park,-43.567,170.083,NZ,West Coast Region,31,2500
Q1070905,Mount Aspiring National Park,national_park,-44.38278,168.73278,NZ,Queenstown-Lakes District,26,2500
Q1072838,Pollino National Park,national_park,39.93111,16.12611,IT,Province of Cosenza,29,2500
Q1075151,Paparoa National Park,national_park,-42.0833,171.5,NZ,Grey District,26,2500
Q1077596,Lake Malawi National Park,national_park,-14.03333,34.88333,MW,,41,2500
Q1080683,Tatra National Park,national_park,49.18028,19.91944,SK,Tatranská Lomnica,42,2500
Q1091298,Sila National Park,national_park,39.37611,16.59194,IT,Calabria,25,2500
Q1109724,Dovrefjell–Sunndalsfjella National Park,national_park,62.39667,9.17306,NO,Sunndal Municipality,26,2500
Q1124728,Mikumi National Park,national_park,-7.35,37.15,TZ,Morogoro Region,31,2500
Q1126279,Connemara National Park,national_park,53.55111,-9.94472,IE,County Galway,28,2500
Q1132798,Sepphoris,national_park,32.75306,35.27917,IL,Northern District,30,2500
Q1133116,Skaftafell National Park,national_park,64.01556,-16.97167,IS,Sveitarfélagið Hornafjörður,30,2500
Q1135025,Bromo Tengger Semeru National Park,national_park,-8.0252,112.9607,ID,East Java,29,2500
Q1135796,Naracoorte Caves National Park,national_park,-37.03611,140.79667,AU,South Australia,35,2500
Q1137401,Shenandoah National Park,national_park,38.5333,-78.35,US,Virginia,34,2500
Q1137542,Fuji-Hakone-Izu National Park,national_park,34.66667,139.0,JP,Tokyo,33,2500
Q1137640,Haleakalā National Park,national_park,20.7204,-156.15515,US,Maui County,35,2500
Q1137657,Great Basin National Park,national_park,39.0058,-114.2197,US,White Pine County,35,2500
Q1137669,Theodore Roosevelt National Park,national_park,46.96667,-103.45,US,Billings County,36,2500
Q1143416,Hot Springs National Park,national_park,34.51361,-93.05361,US,Garland County,31,2500
Q1143655,Dry Tortugas National Park,national_park,24.62861,-82.87333,US,Monroe County,32,2500
Q1156690,Kushiro-shitsugen National Park,national_park,43.108,144.401,JP,Kushiro,25,2500
Q1157659,Daisetsuzan National Park,national_park,43.66028,142.85806,JP,Hokkaido,28,2500
Q1161253,Glacier National Park,national_park,51.3,-117.519,CA,Columbia-Shuswap Regional District,35,2500
Q1163005,Triglav National Park,national_park,46.3831,13.8497,SI,,44,2500
Q1163542,Lassen Volcanic National Park,national_park,40.49806,-121.4275,US,Shasta County,32,2500
Q1163799,North Cascades National Park,national_park,48.48306,-120.91139,US,Skagit County,36,2500
Q1200164,White Sands National Park,national_park,32.77972,-106.17167,US,Doña Ana County,31,2500
Q1206791,Rishiri-Rebun-Sarobetsu National Park,national_park,45.1939,141.258,JP,Hokkaido,27,2500
Q1206817,Shikotsu-Tōya National Park,national_park,42.66667,141.0,JP,Hokkaido,26,2500
Q1244337,Canaima National Park,national_park,5.31934,-61.79535,VE,Bolívar,57,2500
Q1258055,Đerdap National Park,national_park,44.66667,22.51667,RS,Braničevo District,32,2500
Q1258880,Biogradska Gora,national_park,42.89806,19.60194,ME,Kolašin Municipality,27,2500
Q1262800,Sutjeska National Park,national_park,43.337,18.684,BA,Foča,35,2500
Q1265588,Jigme Dorji National Park,national_park,27.75,89.51667,BT,,30,2500
Q1270310,Nechisar National Park,national_park,6.03333,37.5833,ET,South Ethiopia Regional State,27,2500
Q1298247,Egmont National Park,national_park,-39.26667,174.1,NZ,Taranaki Region,28,2500
Q1305538,Omo National Park,national_park,6.0,35.83333,ET,South Ethiopia Regional State,26,2500
Q1309771,Bukit Barisan Selatan National Park,national_park,-5.25,104.16667,ID,Sumatra,25,2500
Q1324805,Guadarrama National Park,national_park,40.78333,-3.98333,ES,Castile and León,26,2500
Q1327341,Quttinirpaaq National Park,national_park,82.21667,-72.21667,CA,Qikiqtaaluk Region,31,2500
Q1334313,Wind Cave National Park,national_park,43.55635,-103.47865,US,Custer County,33,2500
Q1335616,Gunung Leuser National Park,national_park,3.5,97.5,ID,Aceh,37,2500
Q1351150,Slovak Karst National Park,national_park,48.579,20.544,SK,Tatranská Javorina,25,2500
Q1353292,Vatnajökull National Park,national_park,64.5,-17.0,IS,Southern Region,48,2500
Q1356828,Nyungwe Forest,national_park,-2.52822,29.27585,RW,Rwanda,34,2500
Q1362815,Nambung National Park,national_park,-30.57611,115.17,AU,Western Australia,25,2500
Q1368788,Voyageurs National Park,national_park,48.5,-92.88333,US,St. Louis County,31,2500
Q1368807,Cévennes National Park,national_park,44.2,3.4,FR,Florac,33,2500
Q1368818,Tsavo East National Park,national_park,-2.77861,38.77167,KE,,26,2500
Q1378379,Tanjung Puting,national_park,-2.88,111.88,ID,Central Kalimantan,26,2500
Q1380559,Sibiloi National Park,national_park,3.96056,36.3425,KE,Marsabit County,27,2500
Q1381311,West Bali National Park,national_park,-8.15,114.5,ID,Buleleng,27,2500
Q1393701,Chavash Varmane Bor National Park,national_park,54.75,47.13333,RU,Chuvashia,25,2500
Q1395739,Ķemeri National Park,national_park,56.9517,23.5125,LV,Jūrmala,28,2500
Q1421202,Cát Tiên National Park,national_park,11.47056,107.32389,VN,Đồng Nai,27,2500
Q1427197,Big Bend National Park,national_park,29.25,-103.25,US,Brewster County,37,2500
Q1429722,Kahurangi National Park,national_park,-41.13,172.61,NZ,West Coast Region,27,2500
Q1432744,Tarangire National Park,national_park,-4.0,35.97861,TZ,Dodoma Region,28,2500
Q1438999,"Abruzzo, Lazio and Molise National Park",national_park,41.80839,13.78647,IT,Lazio,30,2500
Q1444561,Kolkheti National Park,national_park,42.11083,41.69611,GE,,28,2500
Q1466242,Ranthambore National Park,national_park,26.01733,76.50257,IN,Sawai Madhopur district,38,2500
Q1467901,Kerinci Seblat National Park,national_park,-2.41667,101.48333,ID,Bengkulu,27,2500
Q1470066,Aigüestortes i Estany de Sant Maurici National Park,national_park,42.57722,0.94778,ES,Catalonia,31,2500
Q1473702,Peneda-Gerês National Park,national_park,41.85,-8.25,PT,Arcos de Valdevez,33,2500
Q1474363,Pendjari National Park,national_park,11.25,1.51806,BJ,Atakora Department,39,2500
Q1651644,Mago National Park,national_park,5.66667,36.1667,ET,South Ethiopia Regional State,27,2500
Q1702858,Bernardo O'Higgins National Park,national_park,-50.0,-74.0,CL,Capitán Prat Province,27,2500
Q1702870,Bosque Fray Jorge National Park,national_park,-30.6625,-71.68278,CL,Limarí Province,26,2500
Q1725911,Valbonë Valley National Park,national_park,42.45333,19.88778,AL,,27,2500
Q1737079,Kauhaneva–Pohjankangas National Park,national_park,62.17728,22.41258,FI,Kauhajoki,27,2500
Q1737898,Keibul Lamjao National Park,national_park,24.4856,93.8402,IN,Manipur,28,2500
Q1740785,Kibale National Park,national_park,0.43333,30.38333,UG,Western Region,26,2500
Q1755161,Kosciuszko National Park,national_park,-35.99833,148.33444,AU,New South Wales,29,2500
Q1760508,Khao Sam Roi Yot National Park,national_park,12.1825,99.94833,TH,Prachuap Khiri Khan,25,2500
Q1760520,Khao Sok,national_park,8.93667,98.53028,TH,Ban Ta Khun,25,2500
Q1763364,Rapa Nui National Park,national_park,-27.07288,-109.34858,CL,Isla de Pascua Province,39,2500
Q1767601,Low Tatras National Park,national_park,48.92556,19.6325,SK,Banská Bystrica Region,30,2500
Q1773441,Namib-Naukluft National Park,national_park,-24.54639,15.32972,NA,,35,2500
Q1778838,Matobo National Park,national_park,-20.55,28.508,ZW,,25,2500
Q1783768,Pinnacles National Park,national_park,36.4869,-121.167,US,San Benito County,27,2500
Q1815584,Lobéké National Park,national_park,2.25,15.75,CM,,26,2500
Q1819232,Kaeng Krachan National Park,national_park,12.79889,99.45333,TH,Kaeng Krachan,36,2500
Q1851195,Pallas-Yllästunturi National Park,national_park,68.0931,24.01989,FI,Lapland,25,2500
Q1887045,Central Balkan National Park,national_park,42.72028,24.78139,BG,,33,2500
Q1891711,Stelvio National Park,national_park,46.466,10.506,IT,South Tyrol,27,2500
Q1893242,Murchison Falls National Park,national_park,2.3667,31.8167,UG,Northern Region,30,2500
Q1893297,Pembrokeshire Coast National Park,national_park,51.8333,-5.08333,GB,Pembrokeshire,25,2500
Q1950336,Aoraki / Mount Cook National Park,national_park,-43.7333,170.1,NZ,Canterbury Region,36,2500
Q1964845,Podilski Tovtry National Park,national_park,48.6039,26.9979,UA,Khmelnytskyi Oblast,25,2500
Q1968939,Monfragüe National Park,national_park,39.82,-5.97,ES,Extremadura,30,2500
Q1969017,Shebenik National Park,national_park,41.22264,20.45002,AL,Elbasan County,27,2500
Q1969050,Sierra Nevada National and Natural Park,national_park,37.1,-3.09,ES,Andalusia,27,2500
Q1973215,South Luangwa National Park,national_park,-13.0,31.5,ZM,Eastern Province,26,2500
Q1974494,Tijuca National Park,national_park,-22.95944,-43.27778,BR,Rio de Janeiro,27,2500
Q1984244,Dilijan National Park,national_park,40.65639,45.02139,AM,Tavush Province,29,2500
Q1989158,Pindus National Park,national_park,39.9,21.11667,GR,Western Macedonia Region,28,2500
Q1989613,Bashkiria National Park,national_park,53.01667,56.68333,RU,Bashkortostan,28,2500
Q1999046,The Broads,national_park,52.66667,1.5,GB,Norfolk,25,2500
Q2003663,Bundala National Park,national_park,6.21389,81.225,LK,Hambantota District,29,2500
Q2006345,Podyjí National Park,national_park,48.84778,15.89722,CZ,Znojmo District,28,2500
Q2037692,Shivta,national_park,30.88,34.63,IL,Southern District,26,2500
Q2040708,Tübän Kama National Park,national_park,55.80111,52.32333,RU,Yelabuzhsky District,28,2500
Q2043817,Krkonoše National Park,national_park,50.73611,15.74028,CZ,Trutnov District,25,2500
Q2211959,Sagarmatha National Park,national_park,27.89107,86.69303,NP,Solukhumbu District,59,2500
Q2372700,Mudumalai National Park,national_park,11.6,76.5,IN,Nilgiris district,25,2500
Q2383378,Hirkan National Park,national_park,38.63056,48.71167,AZ,Astara District,29,2500
Q2418337,Kozara National Park,national_park,45.00833,16.89167,BA,Prijedor,32,2500
Q2468740,Zengezur National Park,national_park,39.03528,45.92333,AZ,Ordubad District,25,2500
Q2470661,Narachanski National Park,national_park,54.85,26.7333,BY,Minsk region,27,2500
Q1480481,Kanha National Park,national_park,22.2275,80.645,IN,Madhya Pradesh,34,2500
Q1480521,Timanfaya National Park,national_park,29.0141,-13.78,ES,Canary Islands,34,2500
Q1498242,Ranomafana National Park,national_park,-21.22,47.43,MG,,25,2500
Q1505447,Stora Sjöfallet National Park,national_park,67.5669,17.99365,SE,Gällivare Municipality,27,2500
Q1507799,Slovak Paradise National Park,national_park,48.90833,20.4,SK,Rožňava District,35,2500
Q1509537,Takalik Abaj,national_park,14.64583,-91.73611,GT,El Asintal,33,2500
Q1517521,Lore Lindu National Park,national_park,-1.23,119.85,ID,Central Sulawesi,25,2500
Q1517532,Bunaken,national_park,1.66667,124.65,ID,North Sulawesi,25,2500
Q1519747,Sajama National Park,national_park,-18.08333,-68.91667,BO,Curahuara de Carangas,26,2500
Q1520200,Nagarhole National Park,national_park,12.06,76.15111,IN,Kodagu district,30,2500
Q1520216,Tablas de Daimiel National Park,national_park,39.1449,-3.702,ES,Castilla–La Mancha,28,2500
Q1520257,Tunkinsky National Park,national_park,51.68333,102.13333,RU,Buryatia,25,2500
Q1520511,Curonian Spit National Park,national_park,55.481,21.097,LT,Klaipėda County,25,2500
Q1521938,Lurë-Dejë Mountain National Park,national_park,41.78333,20.18333,AL,Dibra County,26,2500
Q1530442,Söderåsen National Park,national_park,56.02414,13.23009,SE,Åstorp Municipality,25,2500
Q1530863,Yala National Park,national_park,6.55,81.5,LK,,32,2500
Q1535042,Mercantour National Park,national_park,44.16667,7.08333,FR,Alpes-de-Haute-Provence,31,2500
Q1537700,Urho Kekkonen National Park,national_park,68.33878,28.34516,FI,Sodankylä,29,2500
Q1539772,Trakai Historical National Park,national_park,54.639,24.9361,LT,Trakai District Municipality,35,2500
Q1544213,Great Himalayan National Park,national_park,31.80429,77.95102,IN,Himachal Pradesh,39,2500
Q1545224,Borjomi-Kharagauli National Park,national_park,41.86165,43.13153,GE,Khashuri Municipality,30,2500
Q1561524,Zakouma National Park,national_park,10.84778,19.64778,TD,,27,2500
Q1571380,Hwange National Park,national_park,-18.735,26.955,ZW,,27,2500
Q1572525,Słowiński National Park,national_park,54.7032,17.3069,PL,Pomeranian Voivodeship,36,2500
Q1573866,Killarney National Park,national_park,52.02099,-9.50664,IE,County Kerry,33,2500
Q1585600,Mole National Park,national_park,9.36844,-2.09352,GH,Northern Region,29,2500
Q1603133,Hell's Gate National Park,national_park,-0.8754,36.31911,KE,,25,2500
Q1604804,Hemis National Park,national_park,33.98333,77.43333,IN,Leh district,28,2500
Q1628126,Atlantic Islands of Galicia National Park,national_park,42.38056,-8.93333,ES,Galicia,27,2500
Q1639468,Mount Kenya National Park,national_park,-0.12389,37.33667,KE,,45,2500
Q1640800,Victoria Falls National Park,national_park,-17.951,25.84072,ZW,Hwange District,25,2500
Q1641326,Yasuni National Park,national_park,-0.77,-76.1,EC,Orellana Province,33,2500
Q1643261,Slītere National Park,national_park,57.62417,22.29444,LV,Talsi Municipality,33,2500
Q1648266,Nanda Devi National Park,national_park,30.41861,79.84972,IN,Uttarakhand,37,2500
Q829305,Sierra de las Quijadas National Park,national_park,-32.55083,-67.06417,AR,San Luis Province,25,2500
Q834893,Kinabalu Park,national_park,6.15,116.65,MY,Sabah,57,2500
Q756790,Kilimanjaro National Park,national_park,-3.06667,37.36667,TZ,Kilimanjaro Region,47,2500
Q760459,Augrabies Falls National Park,national_park,-28.59111,20.33833,ZA,Northern Cape,27,2500
Q761264,Fulufjället National Park,national_park,61.54561,12.73943,SE,Älvdalen Municipality,26,2500
Q771612,Aulavik National Park,national_park,73.7003,-119.919,CA,Northwest Territories,26,2500
Q777183,Rocky Mountain National Park,national_park,40.35,-105.6833,US,Colorado,44,2500
Q789743,Auyuittuq National Park,national_park,67.5,-66.0,CA,Qikiqtaaluk Region,26,2500
Q791635,Awash National Park,national_park,9.0,40.0,ET,Awash,35,2500
Q795190,Riding Mountain National Park,national_park,50.8639,-100.036,CA,Division No. 17,25,2500
Q804881,Bale Mountains National Park,national_park,6.66667,39.6667,ET,Oromia Region,37,2500
Q806310,Bandhavgarh National Park,national_park,23.69944,80.96194,IN,Umaria district,30,2500
Q808021,Bardiya National Park,national_park,28.47,81.47,NP,,25,2500
Q824602,Puerto Princesa Subterranean River National Park,national_park,10.16667,118.91667,PH,Puerto Princesa,50,2500
Q827817,Nahuel Huapi National Park,national_park,-41.00369,-71.50146,AR,Lácar Department,34,2500
Q828155,Krka National Park,national_park,43.80194,15.97278,HR,Šibenik-Knin County,42,2500
Q828291,Los Alerces National Park,national_park,-42.8075,-71.89889,AR,Chubut Province,34,2500
Q828404,Yoho National Park,national_park,51.3953,-116.487,CA,Columbia-Shuswap Regional District,40,2500
Q828709,Tierra del Fuego National Park,national_park,-54.66694,-68.5,AR,"Tierra del Fuego, Antarctica and South Atlantic Islands Province",31,2500
Q828918,El Palmar National Park,national_park,-31.85306,-58.3225,AR,Entre Ríos Province,26,2500
Q913099,Herodium,national_park,31.66583,35.24139,,Bethlehem,31,2500
Q1623374,Hoge Veluwe National Park,national_park,52.0833,5.79855,,Ede,29,2500
Q2485097,Marojejy National Park,national_park,-14.435,49.70611,MG,Sava Region,33,2500
Q2556953,White Desert,national_park,27.27734,28.20044,EG,New Valley Governorate,25,2500
Q2603196,Chiribiquete National Park,national_park,0.70061,-72.8054,CO,Caquetá Department,35,2500
Q2605019,Khangchendzonga National Park,national_park,27.6563,88.3123,IN,Mangan district,41,2500
Q2641970,Deosai National Park,national_park,35.01893,75.41439,PK,Skardu District,30,2500
Q3076575,Pamir National Park,national_park,38.74123,72.11975,TJ,,39,2500
Q1140663,Croajingolong National Park,national_park,-37.6167,149.4667,AU,Victoria,13,2500
Q1153938,Point Pelee National Park,national_park,41.96667,-82.51667,CA,Essex County,21,2500
Q1154052,Santa Rosa National Park,national_park,10.88361,-85.775,CR,Santa Elena,13,2500
Q1155306,Jōshin'etsu-kōgen National Park,national_park,36.625,138.625,JP,Nagano Prefecture,21,2500
Q1155369,Hundred Islands National Park,national_park,16.2,120.03333,PH,Q13871,13,2500
Q1155784,Daisen-Oki National Park,national_park,35.45,133.76667,JP,Shimane Prefecture,19,2500
Q1155842,Towada-Hachimantai National Park,national_park,40.3333,140.833,JP,Iwate Prefecture,23,2500
Q1156555,Aso Kujū National Park,national_park,32.885,131.10417,JP,Kumamoto Prefecture,24,2500
Q1156679,Saikai National Park,national_park,32.66972,128.62722,JP,Nagasaki Prefecture,18,2500
Q1156688,Unzen-Amakusa National Park,national_park,32.75,130.267,JP,Kagoshima Prefecture,19,2500
Q1156717,Dachigam National Park,national_park,34.14,75.02,IN,Srinagar district,22,2500
Q1157644,Daintree National Park,national_park,-16.3,145.2,AU,Queensland,16,2500
Q1187900,Karimunjawa National Park,national_park,-5.81667,110.4,ID,Central Java,15,2500
Q1187903,Mount Halimun Salak National Park,national_park,-6.8,106.48333,ID,Lebak,19,2500
Q1189526,Arenal Volcano National Park,national_park,10.46306,-84.70306,CR,Alajuela Province,19,2500
Q1194252,Eravikulam National Park,national_park,10.2,77.083,IN,Idukki district,21,2500
Q1204533,Yoshino-Kumano National Park,national_park,33.799,135.94,JP,Mie Prefecture,19,2500
Q1204729,Oze National Park,national_park,36.92722,139.31611,JP,Tochigi Prefecture,21,2500
Q1205237,Ise-Shima National Park,national_park,34.455,136.72583,JP,Mie Prefecture,21,2500
Q1206082,Sanriku Fukko National Park,national_park,39.07194,141.71694,JP,Hachinohe,17,2500
Q1206471,Ogasawara National Park,national_park,26.8667,142.183,JP,,20,2500
Q1209241,Diawling National Park,national_park,16.4167,-16.35,MR,,17,2500
Q1209353,Dibru-Saikhowa National Park,national_park,27.64984,95.34029,IN,Assam,19,2500
Q1224917,Parque nacional Otishi,national_park,-11.66667,-73.08333,PE,Cusco Department,14,2500
Q1225209,Tayrona National Natural Park,national_park,11.31,-73.997,CO,Magdalena Department,24,2500
Q1226290,Dinder National Park,national_park,12.29,35.0,SD,,20,2500
Q1231952,Divjakë-Karavasta National Park,national_park,40.92417,19.49306,AL,Fier County,23,2500
Q1236744,Pan de Azúcar National Park,national_park,-26.14972,-70.65056,CL,Antofagasta Province,16,2500
Q1244809,Médanos de Coro National Park,national_park,11.60642,-69.73763,VE,Municipio Miranda,21,2500
Q1249723,Betung Kerihun National Park,national_park,1.22083,113.35306,ID,West Kalimantan,18,2500
Q1249731,Meru Betiri National Park,national_park,-8.4323,113.817,ID,Banyuwangi,22,2500
Q1249749,Bukit Baka Bukit Raya National Park,national_park,-0.78333,112.61667,ID,Pontianak,18,2500
Q1249761,Gunung Palung National Park,national_park,-1.24,110.23917,ID,West Kalimantan,23,2500
Q1251334,Douala-Edéa National Park,national_park,3.5,9.8333,CM,Sanaga-Maritime,12,2500
Q1251456,Kayan Mentarang National Park,national_park,2.87182,115.37857,ID,North Kalimantan,19,2500
Q1252987,Dovre National Park,national_park,62.08333,9.53333,NO,Folldal Municipality,19,2500
Q1255386,Golestan National Park,national_park,37.23,55.81,IR,Golestan Province,23,2500
Q1255783,Mu Ko Ang Thong National Park,national_park,9.62278,99.675,TH,Ang Thong,19,2500
Q1258339,Con Dao National Park,national_park,8.69167,106.63333,VN,,12,2500
Q1266074,Gorkhi-Terelj National Park,national_park,48.1502,107.57601,MN,Ulaanbaatar,21,2500
Q1266612,Tara National Park,national_park,43.9067,19.305,RS,Bajina Bašta Municipality,17,2500
Q1270469,Tresticklan National Park,national_park,59.02559,11.75766,SE,Dals-Ed Municipality,19,2500
Q1273126,Nordenskiöld Land National Park,national_park,77.86667,15.31667,NO,Svalbard,17,2500
Q1273335,Mount Elgon National Park,national_park,1.13333,34.58333,KE,Trans-Nzoia county,20,2500
Q1276455,Møysalen National Park,national_park,68.51667,15.5,NO,Sortland Municipality,19,2500
Q1280258,Fruška Gora National Park,national_park,45.16667,19.66667,RS,Vojvodina,13,2500
Q1288177,Lovćen National Park,national_park,42.3667,18.8667,ME,,17,2500
Q1294175,Udzungwa Mountains National Park,national_park,-7.75086,36.69568,TZ,,19,2500
Q1295864,El Cajas National Park,national_park,-2.84611,-79.22028,EC,Cuenca Canton,23,2500
Q829771,Mburucuyá National Park,national_park,-27.99862,-58.00981,AR,Mburucuyá Department,13,2500
Q829805,El Leoncito National Park,national_park,-31.79581,-69.33367,AR,Calingasta Department,20,2500
Q829872,Monte León National Park,national_park,-50.26422,-68.95858,AR,Santa Cruz Province,17,2500
Q829966,Campos del Tuyú National Park,national_park,-36.35,-56.86667,AR,General Lavalle Partido,13,2500
Q830022,Islas de Santa Fé National Park,national_park,-32.433,-60.817,AR,San Jerónimo Department,12,2500
Q830083,Bosques Petrificados de Jaramillo National Park,national_park,-47.6651,-67.99419,AR,Santa Cruz Province,12,2500
Q835267,Lane Cove National Park,national_park,-33.7836,151.139,AU,New South Wales,14,2500
Q840904,Phu Hin Rong Kla National Park,national_park,16.97667,101.04,TH,,12,2500
Q843034,Doi Suthep-Pui National Park,national_park,18.80944,98.91597,TH,Chiang Mai,12,2500
Q849280,San Esteban National Park,national_park,10.39083,-67.98028,VE,,12,2500
Q850454,Desierto de los Leones National Park,national_park,19.31636,-99.30605,MX,Mexico City,12,2500
Q855195,Bia National Park,national_park,6.08333,-3.1,GH,,14,2500
Q859377,Nxai Pan National Park,national_park,-20.04167,24.76889,BW,,20,2500
Q861957,Nááts'įhch'oh National Park Reserve,national_park,62.25,-128.25,CA,Sahtu Region,14,2500
Q862157,Mingan Archipelago National Park Reserve,national_park,50.2,-63.82917,CA,Minganie Regional County Municipality,18,2500
Q862260,Kouchibouguac National Park,national_park,46.8497,-64.9669,CA,Carleton Parish,18,2500
Q862265,Mount Revelstoke National Park,national_park,51.0858,-118.066,CA,Columbia-Shuswap Regional District,23,2500
Q862271,Vuntut National Park,national_park,68.3069,-140.048,CA,Yukon,22,2500
Q862318,Ukkusiksalik National Park,national_park,65.49861,-87.89528,CA,Kivalliq Region,21,2500
Q879629,Ilha Grande National Park,national_park,-23.4,-53.81667,BR,Naviraí,13,2500
Q880724,Blackbuck National Park,national_park,22.03333,72.0,IN,Bhavnagar district,19,2500
Q882447,Blue Lagoon National Park,national_park,-15.49246,27.40979,ZM,Central Province,14,2500
Q887049,Blåfjella–Skjækerfjella National Park,national_park,64.2168,13.10929,NO,Steinkjer Municipality,19,2500
Q891743,Boma National Park,national_park,6.489,33.914,SS,Jonglei,21,2500
Q892884,Bontebok National Park,national_park,-34.0667,20.45,ZA,Western Cape,22,2500
Q893073,Boonoo Boonoo National Park,national_park,-28.8175,152.17833,AU,New South Wales,13,2500
Q893407,Border Ranges National Park,national_park,-28.33167,153.08444,AU,New South Wales,15,2500
Q894672,Kamay Botany Bay National Park,national_park,-34.02056,151.22472,AU,New South Wales,16,2500
Q894949,Bouba Njida National Park,national_park,8.62361,14.65667,CM,Mayo-Rey,19,2500
Q894983,Boucle du Baoulé National Park,national_park,14.0833,-8.8833,ML,,15,2500
Q895125,Boumba Bek National Park,national_park,2.21667,15.7,CM,,16,2500
Q897349,Körös-Maros National Park,national_park,46.57306,21.11722,HU,,18,2500
Q897623,Fertő-Hanság National Park,national_park,47.66081,16.739,HU,Győr-Moson-Sopron County,24,2500
Q905433,Breheimen National Park,national_park,61.8,7.83333,NO,Skjåk Municipality,17,2500
Q917653,Brisbane Water National Park,national_park,-33.45944,151.30111,AU,New South Wales,12,2500
Q921082,National Marine Park of Zakynthos,national_park,37.7833,20.9,GR,,16,2500
Q925214,Tasman National Park,national_park,-42.8553,147.976,AU,Tasmania,13,2500
Q925217,El Tuparro National Natural Park,national_park,4.97,-68.3,CO,Vichada Department,13,2500
Q927690,Leivonmäki National Park,national_park,61.93333,26.03333,FI,Joutsa,15,2500
Q927997,Kati Thanda-Lake Eyre National Park,national_park,-28.29954,137.60651,AU,South Australia,13,2500
Q929856,Bantimurung – Bulusaraung National Park,national_park,-4.9,119.75,ID,South Sulawesi,16,2500
Q932232,Altai Tavan Bogd National Park,national_park,48.55,88.61667,MN,Bayan-Ölgii Province,14,2500
Q937131,Helvetinjärvi National Park,national_park,62.03333,23.85,FI,Ruovesi,23,2500
Q937596,Andre Felix National Park,national_park,9.44083,23.34389,CF,Vakaga Prefecture,15,2500
Q948585,Heathcote National Park,national_park,-34.09833,150.97611,AU,New South Wales,12,2500
Q956929,Budderoo National Park,national_park,-34.64833,150.70111,AU,New South Wales,14,2500
Q958003,Veľká Fatra National Park,national_park,49.01667,19.11667,SK,Žilina region,18,2500
Q962373,Dalby Söderskog National Park,national_park,55.675,13.33056,SE,Lund Municipality,21,2500
Q963098,Way Kambas National Park,national_park,-4.93593,105.757,ID,Lampung,24,2500
Q965058,Vodlozersky National Park,national_park,62.51,36.52,RU,,21,2500
Q965672,Sainte Anne Marine National Park,national_park,-4.62111,55.50028,SC,,13,2500
Q967541,Southwest National Park,national_park,-42.8336,146.149,AU,Tasmania,20,2500
Q977740,Amotape Hills National Park,national_park,-4.14778,-80.58996,PE,Piura Department,16,2500
Q990128,Erawan National Park,national_park,14.38333,99.11667,TH,Tha Kradan,24,2500
Q991459,Bruce Peninsula National Park,national_park,45.2389,-81.6142,CA,Bruce County,23,2500
Q993154,Tomorr Mountain National Park,national_park,40.7,20.13333,AL,,21,2500
Q993914,Hidakasanmyaku-Erimo-Tokachi National Park,national_park,42.38861,142.95167,JP,Hokkaido,13,2500
Q1001903,Buffalo Springs National Reserve,national_park,0.54833,37.595,KE,Isiolo County,14,2500
Q1002702,Bui National Park,national_park,8.29983,-2.36275,GH,,16,2500
Q1028479,Guadeloupe National Park,national_park,16.08333,-61.68333,FR,Guadeloupe,23,2500
Q1031366,Campo Ma'an National Park,national_park,2.34529,9.99123,CM,,16,2500
Q1034253,Cape Le Grand National Park,national_park,-33.9469,122.156,AU,Western Australia,14,2500
Q1306110,La Campana National Park,national_park,-32.96667,-71.08333,CL,Marga Marga Province,16,2500
Q1314367,Prince Edward Island National Park,national_park,46.4167,-63.075,CA,Prince Edward Island,20,2500
Q1320619,Mary River National Park,national_park,-12.13333,131.28556,AU,Northern Territory,12,2500
Q1321012,Shatsk National Natural Park,national_park,51.517,23.82,UA,Volyn Oblast,20,2500
Q1321203,Jebil National Park,national_park,33.01696,9.09946,TN,Kebili Governorate,19,2500
Q1321758,National Park - Fir of Hotova,national_park,40.30361,20.41111,AL,,16,2500
Q1322496,Ku-ring-gai Chase National Park,national_park,-33.615,151.20111,AU,New South Wales,19,2500
Q1322807,Doi Khun Tan National Park,national_park,18.49052,99.27882,TH,Lampang,13,2500
Q1322853,Ta Phraya National Park,national_park,14.12,102.66,TH,,14,2500
Q1323548,Mosi-oa-Tunya National Park,national_park,-17.86667,25.83333,ZW,Southern Province,21,2500
Q1325310,Appennino Lucano - Val d'Agri - Lagonegrese National Park,national_park,40.34,15.9,IT,province of Potenza,15,2500
Q1331433,Elk Island National Park,national_park,53.6144,-112.866,CA,Alberta,22,2500
Q1332374,Hoge Kempen National Park,national_park,51.0,5.66667,BE,Limburg,15,2500
Q1333816,Elsey National Park,national_park,-14.9531,133.193,AU,Northern Territory,12,2500
Q1339871,Ein Avdat,national_park,30.82639,34.76639,IL,Southern District,17,2500
Q1350499,Langsua National Park,national_park,61.27833,9.51333,NO,Øystre Slidre Municipality,14,2500
Q1351221,Tsingy de Namoroka National Park,national_park,-16.4667,45.3333,MG,,17,2500
Q1357029,Jigme Singye Wangchuck National Park,national_park,27.16667,90.43333,BT,,17,2500
Q1367137,Pali-Aike National Park,national_park,-52.1,-69.7333,CL,Magellan and the Chilean Antarctic Region,16,2500
Q1377613,Kutai National Park,national_park,0.36667,117.26667,ID,East Kalimantan,20,2500
Q1377651,Laiwangi Wanggameti National Park,national_park,-10.06667,120.18333,ID,,15,2500
Q1377662,Sabangau National Park,national_park,-2.55,113.83,ID,Central Kalimantan,20,2500
Q1381341,Garden Route National Park,national_park,-34.0,23.25,ZA,Western Cape,18,2500
Q1381840,Mount Rinjani National Park,national_park,-8.40806,116.41611,ID,West Nusa Tenggara,17,2500
Q1386661,Kirindy Mitea National Park,national_park,-20.8103,44.1422,MG,,15,2500
Q1391076,Saltfjellet–Svartisen National Park,national_park,66.6,14.18333,NO,Meløy,23,2500
Q1391645,Shushensky Bor National Park,national_park,53.3,91.96667,RU,Krasnoyarsk Krai,16,2500
Q1392554,Nkasa Rupara National Park,national_park,-18.4,23.65,NA,,16,2500
Q1397016,Faro National Park,national_park,8.16667,12.66667,CM,,14,2500
Q1398891,Store Mosse National Park,national_park,57.28494,13.94383,SE,Värnamo Municipality,20,2500
Q1400776,Varangerhalvøya National Park,national_park,70.33333,29.63333,NO,Båtsfjord Municipality,19,2500
Q1404574,Femundsmarka National Park,national_park,62.21667,12.11667,NO,Engerdal Municipality,19,2500
Q1412844,Sharr Mountains National Park,national_park,42.20247,20.92464,XK,,23,2500
Q1417669,Nsumbu National Park,national_park,-8.74394,30.38269,ZM,,16,2500
Q68472,Great Otway National Park,national_park,-38.7733,143.557,AU,Victoria,16,2500
Q79753,Saklıkent Canyon,national_park,36.46878,29.40342,TR,Kaş,19,2500
Q82371,Semenic-Cheile Carașului National Park,national_park,45.142,21.977,RO,Caraș-Severin County,17,2500
Q87172,Te Urewera National Park,national_park,-38.539,177.029,NZ,Hawke's Bay Region,23,2500
Q112375,Galápagos National Park,national_park,-0.33333,-90.0,EC,Galápagos Province,21,2500
Q115591,Stirling Range National Park,national_park,-34.39772,118.04718,AU,Western Australia,14,2500
Q117974,Hutsulshchyna National Nature Park,national_park,48.3007,25.0907,UA,Ivano-Frankivsk Oblast,12,2500
Q119150,Björnlandet National Park,national_park,63.97404,18.01487,SE,Åsele Municipality,23,2500
Q125085,Lomsdal–Visten National Park,national_park,65.57437,12.79358,NO,Brønnøy Municipality,17,2500
Q127322,Oulanka National Park,national_park,66.37306,29.33861,FI,,23,2500
Q129755,Vyzhnytsia National Nature Park,national_park,48.1639,25.259,UA,Vyzhnytsia Raion,13,2500
Q131875,Udawalawe National Park,national_park,6.43834,80.88846,LK,,19,2500
Q141549,Day Forest National Park,national_park,11.8,42.68333,DJ,,16,2500
Q144029,Fazao Mafakassa National Park,national_park,9.0,1.0,TG,Kara Region,12,2500
Q152688,Torngat Mountains National Park,national_park,59.43583,-63.69639,CA,Nunatsiavut,19,2500
Q154678,Tuzly Lagoons National Nature Park,national_park,45.78333,30.0,UA,Bilhorod-Dnistrovskyi Raion,15,2500
Q164798,Folgefonna National Park,national_park,60.0,6.33306,NO,Etne Municipality,21,2500
Q168372,Cheile Nerei-Beușnița National Park,national_park,44.95119,21.8882,RO,Caraș-Severin County,22,2500
Q174228,Caparaó National Park,national_park,-20.45018,-41.78375,BR,Alto Caparaó,14,2500
Q717804,Jirisan National Park,national_park,35.29,127.632,KR,South Jeolla,15,2500
Q724189,Outamba-Kilimi National Park,national_park,9.77194,-12.02611,SL,,12,2500
Q727091,Kishtwar National Park,national_park,33.60111,75.99278,IN,Jammu and Kashmir,14,2500
Q733659,Satpura National Park,national_park,22.495,78.231,IN,Narmadapuram district,19,2500
Q735229,Port Campbell National Park,national_park,-38.65028,143.0625,AU,Victoria,22,2500
Q738103,Snæfellsjökull National Park,national_park,64.80889,-23.77111,IS,Snæfellsnes,15,2500
Q743112,Kundelungu National Park,national_park,-10.25,27.6,CD,,20,2500
Q746452,Sydney Harbour National Park,national_park,-33.84833,151.23444,AU,New South Wales,13,2500
Q751181,Kelimutu National Park,national_park,-8.75833,121.84472,ID,East Nusa Tenggara,19,2500
Q751274,Lamington National Park,national_park,-28.1422,153.115,AU,Queensland,21,2500
Q761227,Garphyttan National Park,national_park,59.28023,14.89284,SE,Lekeberg Municipality,20,2500
Q762706,Bothnian Bay National Park,national_park,65.62278,24.31944,FI,Lapland,20,2500
Q763180,Vicente Pérez Rosales National Park,national_park,-41.17222,-72.44889,CL,Los Lagos Region,22,2500
Q764357,Chūbu-Sangaku National Park,national_park,36.75833,137.79167,JP,Nagano Prefecture,22,2500
Q767661,Karkaraly National Park,national_park,49.41667,75.41667,KZ,Karaganda Region,16,2500
Q773878,Poás Volcano National Park,national_park,10.20141,-84.24179,CR,Alajuela Province,16,2500
Q775202,Saddle Peak National Park,national_park,13.15861,93.00556,IN,North and Middle Andaman district,12,2500
Q775595,Gulf Islands National Park Reserve,national_park,48.85056,-123.44778,CA,Capital Regional District,20,2500
Q778921,Aspromonte National Park,national_park,38.17,15.99,IT,Metropolitan City of Reggio Calabria,22,2500
Q783267,Sidi Toui National Park,national_park,32.8,11.35,TN,Medenine Governorate,13,2500
Q784621,Souss-Massa National Park,national_park,30.075,-9.67,MA,Souss-Massa,24,2500
Q789225,Balaton Uplands National Park,national_park,46.9758,17.9294,HU,,19,2500
Q791260,Avon Valley National Park,national_park,-31.625,116.18361,AU,Western Australia,14,2500
Q795176,Kejimkujik National Park,national_park,44.3992,-65.2183,CA,Annapolis County,20,2500
Q795332,Sirmilik National Park,national_park,72.83333,-80.58333,CA,Qikiqtaaluk Region,20,2500
Q797693,Dzharylhach National Nature Park,national_park,46.01667,32.93333,UA,Kherson Oblast,18,2500
Q799012,Badgingarra National Park,national_park,-30.4686,115.44,AU,Western Australia,14,2500
Q597959,Tuktut Nogait National Park,national_park,68.8187,-121.749,CA,"Region 1, Northwest Territories",18,2500
Q602120,Tortuguero National Park,national_park,10.4232,-83.4967,CR,Limón Province,24,2500
Q602768,Mangetti National Park,national_park,-18.707,19.127,NA,,13,2500
Q606749,Villarrica National Park,national_park,-39.4931,-71.7168,CL,Araucanía Region,16,2500
Q611989,Chaco National Park,national_park,-26.83333,-59.66667,AR,Chaco Province,22,2500
Q612901,National Park Thayatal,national_park,48.8522,15.8633,AT,Lower Austria,22,2500
Q617635,Aparados da Serra National Park,national_park,-29.19173,-50.09766,BR,Cambará do Sul,21,2500
Q618092,Ujście Warty National Park,national_park,52.5772,14.7258,PL,Kostrzyn nad Odrą,24,2500
Q619001,Stołowe Mountains National Park,national_park,50.46833,16.36757,PL,,20,2500
Q622739,Narew National Park,national_park,53.07333,22.89,PL,,23,2500
Q622777,Magura National Park,national_park,49.51667,21.51667,PL,Lesser Poland Voivodeship,24,2500
Q624443,Arabuko Sokoke National Park,national_park,-3.26667,39.81667,KE,,19,2500
Q625172,Serra do Itajaí National Park,national_park,-27.2,-49.35,BR,Blumenau,13,2500
Q626392,Roztocze National Park,national_park,50.61667,22.96667,PL,Lublin Voivodeship,22,2500
Q631981,Ubajara National Park,national_park,-3.76628,-40.89798,BR,Tianguá,15,2500
Q634183,Puyehue National Park,national_park,-40.64889,-72.08444,CL,Osorno Province,15,2500
Q635414,Vesuvius National Park,national_park,40.817,14.427,IT,Metropolitan City of Naples,23,2500
Q636823,Thousand Islands National Park,national_park,44.3525,-75.955,CA,Prince Edward County,20,2500
Q640485,Djurö National Park,national_park,58.8468,13.46525,SE,Mariestad Municipality,24,2500
Q643017,Neusiedler See-Seewinkel National Park,national_park,47.72,16.76444,AT,Burgenland,21,2500
Q643478,Guy Fawkes River National Park,national_park,-30.03167,152.30111,AU,New South Wales,12,2500
Q643667,Arevik National Park,national_park,39.0,46.15,AM,Syunik Province,16,2500
Q648548,Guindy National Park,national_park,13.00259,80.23079,IN,Chennai district,20,2500
Q648907,Sanjay Gandhi National Park,national_park,19.25,72.9167,IN,Mumbai,20,2500
Q649680,Bach Ma National Park,national_park,16.2,107.86667,VN,,15,2500
Q650992,El Kala National Park,national_park,36.81667,8.41667,DZ,,23,2500
Q654851,Golden Gate Highlands National Park,national_park,-28.5244,28.6208,ZA,Free State,22,2500
Q654866,"Saint Peter Church, Capernaum",national_park,32.88056,35.57537,IL,Capernaum,12,2500
Q655377,Camdeboo National Park,national_park,-32.25,24.5,ZA,Eastern Cape,15,2500
Q656506,Chichibu Tama Kai National Park,national_park,35.9,138.71667,JP,Tokyo,22,2500
Q656576,Doi Inthanon National Park,national_park,18.5,98.6,TH,Chiang Mai,15,2500
Q661711,Alkhanay National Park,national_park,50.83333,113.41667,RU,Zabaykalsky Krai,22,2500
Q661763,Shorian National Park,national_park,52.58333,88.33333,RU,Kemerovo Oblast,18,2500
Q663484,Rodna National Park,national_park,47.54,24.735,RO,,16,2500
Q674039,National Park Kornati,national_park,43.78333,15.33333,HR,Murter-Kornati,23,2500
Q680312,Conguillío National Park,national_park,-38.66667,-71.65,CL,Araucanía Region,23,2500
Q680313,Alta Murgia National Park,national_park,40.99,16.37,IT,Province of Barletta-Andria-Trani,20,2500
Q684121,Ytre Hvaler National Park,national_park,59.01667,10.8,NO,Fredrikstad Municipality,17,2500
Q685479,Tingo María National Park,national_park,-9.377,-75.998,PE,Huanuco Department,13,2500
Q686539,Hamburg Wadden Sea National Park,national_park,53.92111,8.50056,DE,Hamburg-Mitte,21,2500
Q692011,Padjelanta National Park,national_park,67.41002,16.72186,SE,Jokkmokk Municipality,24,2500
Q695880,Kellerwald-Edersee National Park,national_park,51.1667,9.0,DE,Frankenau,24,2500
Q700204,Salzburger Lungau and Kärntner Nockberge,national_park,46.9692,13.7256,AT,Carinthia,12,2500
Q701698,Kinmen National Park,national_park,24.4477,118.364,TW,,16,2500
Q703967,Iriomote-Ishigaki National Park,national_park,24.31667,123.88333,JP,Taketomi,21,2500
Q706310,Seoraksan National Park,national_park,38.125,128.416,KR,,21,2500
Q706721,Schleswig-Holstein Wadden Sea National Park,national_park,54.4563,8.64641,DE,Pellworm,24,2500
Q804731,Bald Rock National Park,national_park,-28.84833,152.05111,AU,New South Wales,13,2500
Q805409,Wild Nephin National Park,national_park,54.01667,-9.7,IE,County Mayo,23,2500
Q806251,Bandai-Asahi National Park,national_park,37.81667,139.73333,JP,Fukushima Prefecture,21,2500
Q808934,Barrington Tops National Park,national_park,-32.04833,151.50111,AU,New South Wales,15,2500
Q819281,Mount Arbel,national_park,32.82417,35.49861,IL,Galilee,22,2500
Q827526,Mole Creek Karst National Park,national_park,-41.6006,146.289,AU,Tasmania,12,2500
Q827962,Perito Moreno National Park,national_park,-47.81139,-72.25056,AR,Río Chico Department,21,2500
Q828206,Lanín National Park,national_park,-40.1603,-71.3575,AR,Neuquén Province,22,2500
Q828353,Lago Puelo National Park,national_park,-42.18333,-71.68333,AR,Chubut Province,22,2500
Q828531,Laguna Blanca National Park,national_park,-39.04139,-70.35833,AR,Neuquén Province,20,2500
Q828601,El Rey National Park,national_park,-24.7,-64.63333,AR,Salta Province,21,2500
Q828642,Río Pilcomayo National Park,national_park,-25.0644,-58.1367,AR,Formosa Province,21,2500
Q829012,Los Arrayanes National Park,national_park,-40.83333,-71.61667,AR,Neuquén Province,22,2500
Q829128,Baritú National Park,national_park,-22.58333,-64.61667,AR,Salta Province,22,2500
Q829228,Lihué Calel National Park,national_park,-37.95,-65.65,AR,Lihuel Calel,14,2500
Q829260,Calilegua National Park,national_park,-23.639,-64.838,AR,Jujuy Province,24,2500
Q829341,Predelta National Park,national_park,-32.15,-60.63333,AR,Diamante Department,15,2500
Q829474,Los Cardones National Park,national_park,-25.12533,-66.18167,AR,Salta Province,23,2500
Q829609,Quebrada del Condorito National Park,national_park,-31.66667,-64.66667,AR,Córdoba Province,13,2500
Q829648,Copo National Park,national_park,-25.96667,-61.88333,AR,Copo Department,15,2500
Q829745,San Guillermo National Park,national_park,-29.24242,-69.35371,AR,Iglesia Department,17,2500
Q176792,Silent Valley National Park,national_park,11.13333,76.46667,IN,Attappadi Taluk,19,2500
Q181933,Rajaji National Park,national_park,30.08333,78.03333,IN,Uttarakhand,18,2500
Q182981,Junkerdal National Park,national_park,66.88333,15.8,NO,Fauske Municipality,21,2500
Q185284,Skarvan and Roltdalen National Park,national_park,63.21667,11.41667,NO,Meråker Municipality,15,2500
Q185602,Jostedalsbreen National Park,national_park,61.68333,6.98333,NO,Stryn Municipality,21,2500
Q187592,Sjunkhatten National Park,national_park,67.42436,15.06226,NO,Fauske Municipality,14,2500
Q203368,Boodjamulla (Lawn Hill) National Park,national_park,-18.7014,138.488,AU,Queensland,17,2500
Q239494,Danau Sentarum National Park,national_park,0.85,112.1,ID,West Kalimantan,19,2500
Q246121,Kéran National Park,national_park,10.2001,0.62798,TG,Kéran,13,2500
Q253455,Dudhwa National Park,national_park,28.47087,80.69926,IN,Uttar Pradesh,21,2500
Q253517,Cape Breton Highlands National Park,national_park,46.7167,-60.6597,CA,Victoria County,21,2500
Q263406,Upemba National Park,national_park,-9.01667,26.58333,CD,Haut-Katanga Province,17,2500
Q264948,Cordillera Azul National Park,national_park,-7.75,-75.94,PE,Loreto Department,15,2500
Q268533,Žemaitija National Park,national_park,56.044,21.889,LT,Skuodas District Municipality,22,2500
Q271087,Ånderdalen National Park,national_park,69.2,17.26667,NO,Senja Municipality,24,2500
Q277145,Tbilisi National Park,national_park,41.86667,44.93333,GE,Tbilisi,20,2500
Q283482,Pukaskwa National Park,national_park,48.25,-85.91667,CA,Thunder Bay District,18,2500
Q284817,Sehlabathebe National Park,national_park,-29.9,29.11667,LS,Qacha's Nek District,23,2500
Q287883,Pyhä-Häkki National Park,national_park,62.84556,25.4725,FI,Saarijärvi,20,2500
Q288545,Gambela National Park,national_park,8.0,34.0,ET,,18,2500
Q313071,Lake Nakuru National Park,national_park,-0.36667,36.08333,KE,,17,2500
Q317225,Øvre Dividal National Park,national_park,68.63333,19.86667,NO,Målselv,22,2500
Q317226,Anárjohka National Park,national_park,68.82916,24.64309,NO,Karasjok Municipality,19,2500
Q317253,Øvre Pasvik National Park,national_park,69.09351,28.95053,NO,Sør-Varanger Municipality,22,2500
Q319327,Abercrombie River National Park,national_park,-34.09833,149.66778,AU,New South Wales,16,2500
Q321200,Abijatta-Shalla National Park,national_park,7.5,38.5,ET,,21,2500
Q338542,Cabo de Hornos National Park,national_park,-55.833,-67.433,CL,Antártica Chilena Province,23,2500
Q358729,Val Grande National Park,national_park,46.02917,8.45944,IT,Piedmont,20,2500
Q370159,Bako National Park,national_park,1.71667,110.46667,MY,Sarawak,18,2500
Q372019,Amazônia National Park,national_park,-4.43944,-56.84028,BR,Itaituba,20,2500
Q375387,Koli National Park,national_park,63.0575,29.88722,FI,North Karelia,24,2500
Q376436,Vikos–Aoös National Park,national_park,39.96944,20.72833,GR,Epirus Region,23,2500
Q382227,Gargano National Park,national_park,41.80611,15.925,IT,Province of Foggia,22,2500
Q384739,Wilsons Promontory National Park,national_park,-39.0133,146.394,AU,Victoria,16,2500
Q385021,Tazekka National Park,national_park,34.0827,-4.14624,MA,Taza Province,18,2500
Q385655,Walls of Jerusalem National Park,national_park,-41.8689,146.259,AU,Tasmania,12,2500
Q387818,Świętokrzyski National Park,national_park,50.87639,20.97778,PL,Świętokrzyskie Voivodeship,23,2500
Q389707,Kaboré Tambi National Park,national_park,11.5335,-1.3226,BF,Ziro Province,14,2500
Q391929,Tiveden National Park,national_park,58.71615,14.61254,SE,Karlsborg Municipality,21,2500
Q392877,Anavilhanas National Park,national_park,-2.39472,-60.92056,BR,Manaus,21,2500
Q398525,Agulhas National Park,national_park,-34.82722,20.00667,ZA,Overberg District Municipality,24,2500
Q428102,Tsitsikamma National Park,national_park,-34.02167,23.89556,ZA,Eastern Cape,14,2500
Q428123,Maiko National Park,national_park,-0.4,27.56667,CD,,21,2500
Q429470,Theniet El Had National Park,national_park,35.85369,1.96831,DZ,,12,2500
Q441890,Little Desert National Park,national_park,-36.6067,141.189,AU,Victoria,13,2500
Q442279,Cape Arid National Park,national_park,-33.7039,123.369,AU,Western Australia,15,2500
Q478280,Cuc Phuong National Park,national_park,20.31667,105.60833,VN,Ninh Bình,23,2500
Q478677,Nyanga National Park,national_park,-18.21667,32.75,ZW,,14,2500
Q484112,Dadohaehaesang National Park,national_park,34.191,126.7,KR,South Jeolla,13,2500
Q485859,Sanin Kaigan National Park,national_park,35.64957,134.60245,JP,Kyoto Prefecture,20,2500
Q490975,Gayasan National Park,national_park,35.81667,128.11667,KR,South Gyeongsang,14,2500
Q491509,Digya National Park,national_park,7.41667,-0.28333,GH,Brong-Ahafo Region,14,2500
Q491567,Gyeongju National Park,national_park,35.8675,129.2225,KR,North Gyeongsang,12,2500
Q707067,Bukhansan National Park,national_park,37.675,126.982,KR,Gyeonggi Province,15,2500
Q707996,Shei-Pa National Park,national_park,24.41472,121.28722,TW,Hsinchu County,18,2500
Q708477,Western Pomerania Lagoon Area National Park,national_park,54.43333,12.9,DE,Insel Hiddensee,23,2500
Q712300,Arthur's Pass National Park,national_park,-42.88967,171.72142,NZ,Selwyn District,24,2500
Q1035333,Henri Pittier National Park,national_park,10.38,-67.619,VE,,19,2500
Q1043894,Carnarvon National Park,national_park,-24.6358,147.997,AU,Queensland,12,2500
Q1051873,Cavernas do Peruaçu National Park,national_park,-15.12251,-44.32434,BR,São João das Missões,24,2500
Q1068068,El Cocuy National Park,national_park,6.49435,-72.29771,CO,Casanare Department,17,2500
Q1074949,Chitral Gol National Park,national_park,35.93333,71.66667,PK,Lower Chitral District,16,2500
Q1076030,Machalilla National Park,national_park,-1.5625,-80.83,EC,Manabí Province,19,2500
Q1085735,Maiella National Park,national_park,42.08194,14.06,IT,Abruzzo,23,2500
Q1086637,Dolomiti Bellunesi National Park,national_park,46.16993,12.03665,IT,Province of Belluno,22,2500
Q1089780,Christmas Island National Park,national_park,-10.49153,105.62316,AU,Christmas Island,15,2500
Q1091068,Asinara National Park,national_park,41.058,8.276,IT,Porto Torres,19,2500
Q1094889,Los Nevados National Natural Park,national_park,4.8,-75.36667,CO,Risaralda Department,20,2500
Q1097024,Tunku Abdul Rahman National Park,national_park,5.96667,116.0,MY,Sabah,16,2500
Q1101416,Waka National Park,national_park,-1.27088,11.0392,GA,,13,2500
Q1102054,Bazaruto National Park,national_park,-21.66572,35.46593,MZ,Vilanculos District,17,2500
Q1104628,Lengwe National Park,national_park,-16.25778,34.75139,MW,,12,2500
Q1107090,Chad Basin National Park,national_park,11.5,13.0,NG,,13,2500
Q1107161,Okomu National Park,national_park,6.41667,5.46667,NG,Edo State,12,2500
Q1107175,Kamuku National Park,national_park,10.75,6.5,NG,Kaduna,12,2500
Q1109041,Manda National Park,national_park,9.29417,17.94028,TD,Moyen-Chari Region,12,2500
Q1111568,Arcipelago Toscano National Park,national_park,42.82495,10.26874,IT,,24,2500
Q1120709,Llanganates National Park,national_park,-1.13333,-78.23333,EC,Napo Province,17,2500
Q1122878,Prince Albert National Park,national_park,53.9633,-106.37,CA,Saskatchewan,22,2500
Q1123694,Lauhanvuori National Park,national_park,62.15194,22.175,FI,South Ostrobothnia,17,2500
Q1124254,Huerquehue National Park,national_park,-39.13861,-71.66639,CL,Araucanía Region,17,2500
Q1129899,Coorong National Park,national_park,-36.04917,139.55361,AU,South Australia,12,2500
Q1131218,Minami Alps National Park,national_park,35.75222,137.67306,JP,Nagano Prefecture,22,2500
Q1132024,Kirishima-Kinkōwan National Park,national_park,31.2629,130.706,JP,Kagoshima Prefecture,20,2500
Q1132029,Ashizuri-Uwakai National Park,national_park,32.72389,133.02,JP,Ehime Prefecture,21,2500
Q1132181,Serra do Divisor National Park,national_park,-8.36,-73.33,BR,Cruzeiro do Sul,12,2500
Q1134517,Ba Vi National Park,national_park,21.07806,105.35833,VN,,12,2500
Q1134731,Mount Gede-Pangrango National Park,national_park,-6.76667,106.93333,ID,Bogor,18,2500
Q1135017,Mount Ciremai National Park,national_park,-6.90717,108.41575,ID,West Java,17,2500
Q492185,River Gambia National Park,national_park,13.63889,-14.95944,GM,Central River Division,14,2500
Q492359,Gulf of Chiriquí National Marine Park,national_park,8.11309,-82.30359,PA,Chiriquí Province,12,2500
Q499499,Namaqua National Park,national_park,-30.0433,17.5861,ZA,Northern Cape,20,2500
Q503514,Lochinvar National Park,national_park,-15.66667,27.25,ZM,Southern Province,14,2500
Q503518,Lower Zambezi National Park,national_park,-15.75,29.33333,ZM,Lusaka Province,17,2500
Q503530,Sioma Ngwezi National Park,national_park,-17.0,23.5,ZM,,12,2500
Q510882,Phnom Kulen National Park,national_park,13.6062,104.0957,KH,,15,2500
Q512783,Sumaco Napo-Galeras National Park,national_park,-0.38333,-77.55,EC,,18,2500
Q515047,Grampians (Gariwerd) National Park,national_park,-37.2078,142.4,AU,Victoria,20,2500
Q524956,Dorrigo National Park,national_park,-30.38167,152.75111,AU,New South Wales,17,2500
Q528924,Rago National Park,national_park,67.43333,15.98333,NO,Sørfold Municipality,23,2500
Q536703,Arcipelago di La Maddalena National Park,national_park,41.2458,9.41185,IT,,22,2500
Q541725,Tarutao National Park,national_park,6.59528,99.64472,TH,La-ngu,15,2500
Q543703,Danube-Ipoly National Park,national_park,47.76667,18.95,HU,Hungary,22,2500
Q559054,Khar Turan National Park,national_park,35.61,56.01,IR,Semnan Province,14,2500
Q568264,Buila-Vânturarița National Park,national_park,45.24,24.096,RO,,17,2500
Q583518,Georgian Bay Islands National Park,national_park,44.8778,-79.8747,CA,Muskoka District Municipality,21,2500
Q586786,Cape Range National Park,national_park,-22.1233,113.921,AU,Western Australia,15,2500
Q587174,Bahuaja-Sonene National Park,national_park,-13.26667,-69.45,PE,Puno Department,14,2500
Q591025,Patvinsuo National Park,national_park,63.11139,30.70444,FI,North Karelia,20,2500
Q591283,Lake Mburo National Park,national_park,-0.6,30.95,UG,Western Region,23,2500
Q591775,Yangudi Rassa National Park,national_park,11.0,40.8333,ET,,19,2500
Q592741,Toro Toro National Park,national_park,-18.1,-65.7667,BO,Potosí Department,16,2500
Q594263,Archipelago National Park,national_park,60.0,22.0,FI,Kimitoön,23,2500
Q595121,Gonarezhou National Park,national_park,-21.66667,31.66667,ZW,Masvingo Province,19,2500
Q1436526,Sassen – Bünsow Land National Park,national_park,78.38333,17.25,NO,Svalbard,17,2500
Q1437338,Forillon National Park,national_park,48.9,-64.35,CA,Gaspé,22,2500
Q1437363,Forlandet National Park,national_park,78.55,11.11667,NO,Svalbard,22,2500
Q1437916,Forollhogna National Park,national_park,62.63333,10.66667,NO,Holtålen Municipality,17,2500
Q1438561,Ifrane National Park,national_park,33.43176,-5.13016,MA,Ifrane Province,20,2500
Q1438951,Kosterhavet National Park,national_park,58.82683,11.00802,SE,Strömstad Municipality,23,2500
Q1445146,Franklin-Gordon Wild Rivers National Park,national_park,-42.4094,146.032,AU,Tasmania,12,2500
Q1459634,Watarrka National Park,national_park,-24.2517,131.632,AU,Northern Territory,14,2500
Q1471784,Liuwa Plain National Park,national_park,-14.66667,22.5,ZM,Western Province,17,2500
Q1472424,Stabbursdalen National Park,national_park,69.98333,24.48333,NO,Hammerfest,21,2500
Q1473095,Soberanía National Park,national_park,9.0743,-79.65981,PA,Panamá Province,12,2500
Q1473112,Yankari National Park,national_park,9.3,10.5,NG,Bauchi State,21,2500
Q1473988,Kainji National Park,national_park,10.3684,4.55472,NG,,19,2500
Q1474238,Fundy National Park,national_park,45.59528,-64.95389,CA,New Brunswick,22,2500
Q1476888,Tankwa Karoo National Park,national_park,-32.25,19.75,ZA,Northern Cape,14,2500
Q1478367,Mahale Mountains National Park,national_park,-6.26667,29.93333,TZ,Kigoma Region,20,2500
Q1481393,Wooroonooran National Park,national_park,-17.39111,145.82028,AU,Queensland,12,2500
Q1493336,Gan HaShlosha National Park,national_park,32.50556,35.44778,IL,Galilee,17,2500
Q1495137,Gashaka Gumti National Park,national_park,7.35,11.52,NG,,17,2500
Q1505461,Färnebofjärden National Park,national_park,60.20121,16.78415,SE,Sala Municipality,23,2500
Q1505991,Jökulsárgljúfur National Park,national_park,65.91889,-16.52056,IS,Eastern Region,18,2500
Q1512159,Gola National Park,national_park,7.5,-10.98333,SL,Eastern Province,18,2500
Q1515255,Valkmusa National Park,national_park,60.56278,26.70556,FI,Kotka,19,2500
Q1516724,Marsabit National Park,national_park,2.38306,37.98306,KE,Eastern Province,14,2500
Q1517526,Berbak National Park,national_park,-1.38333,104.33333,ID,Bengkulu,22,2500
Q1517540,Kepulauan Togean National Park,national_park,-0.35,121.98333,ID,Sulawesi,13,2500
Q1517548,Bukit Tigapuluh National Park,national_park,-1.0,102.5,ID,Riau,16,2500
Q1517552,Batang Gadis National Park,national_park,0.71667,99.5,ID,North Sumatra,21,2500
Q1517557,Bukit Duabelas National Park,national_park,-1.85,102.65,ID,Jambi,13,2500
Q1517562,Wakatobi National Park,national_park,-5.7,124.0,ID,Southeast Sulawesi,18,2500
Q1517567,Taka Bone Rate National Park,national_park,-6.68333,121.15,ID,South Sulawesi,15,2500
Q1517576,Rawa Aopa Watumohai National Park,national_park,-4.38333,121.98333,ID,Southeast Sulawesi,15,2500
Q1518527,Kavir National Park,national_park,34.6347,52.4333,IR,Qom Province,22,2500
Q1521388,Mokala National Park,national_park,-29.1667,24.35,ZA,Northern Cape,17,2500
Q1522939,Gibraltar Range National Park,national_park,-29.49833,152.28444,AU,New South Wales,15,2500
Q1533528,Gobi Gurvansaikhan National Park,national_park,43.80273,101.58966,MN,Province of Umnugobi,21,2500
Q1534693,Nino Konis Santana National Park,national_park,-8.44519,127.22167,TL,,14,2500
Q1536858,Khao Phra Wihan National Park,national_park,14.4451,104.73292,TH,Kantharalak,14,2500
Q1537215,Cat Ba National Park,national_park,20.795,107.01056,VN,Haiphong,13,2500
Q1543598,Grasslands National Park,national_park,49.15,-107.51,CA,Saskatchewan,22,2500
Q1544161,Tyresta National Park,national_park,59.18423,18.2812,SE,Haninge Municipality,21,2500
Q1544313,Rani Jhansi Marine National Park,national_park,11.78333,92.66667,IN,Andaman and Nicobar Islands,14,2500
Q1544357,Nki National Park,national_park,2.41667,14.41667,CM,,16,2500
Q1546990,Quirimbas National Park,national_park,-12.12775,40.42205,MZ,Mozambique,12,2500
Q1547646,Alexander Morrison National Park,national_park,-30.0839,115.486,AU,Western Australia,13,2500
Q1557392,Gutulia National Park,national_park,62.01667,12.16667,NO,Engerdal Municipality,21,2500
Q1562707,Juruena National Park,national_park,-7.86722,-58.14306,BR,Nova Bandeirantes,12,2500
Q1566469,Stenshuvud National Park,national_park,55.65784,14.26992,SE,Simrishamn Municipality,22,2500
Q1567025,Malá Fatra National Park,national_park,49.21389,19.08083,SK,Dolný Kubín District,20,2500
Q1567460,Nyika National Park,national_park,-10.66667,33.83333,MW,Karonga District,19,2500
Q1568129,Ängsö National Park,national_park,59.62361,18.76389,SE,Norrtälje Municipality,22,2500
Q1568376,Litchfield National Park,national_park,-13.27917,130.87667,AU,Northern Territory,14,2500
Q1570081,Hakusan National Park,national_park,36.155,136.78806,JP,Gifu Prefecture,21,2500
Q1571056,Nattai National Park,national_park,-34.2894,150.36,AU,New South Wales,12,2500
Q1571753,Hallingskarvet National Park,national_park,60.6,7.7,NO,Hol Municipality,15,2500
Q1573525,Shuklaphanta National Park,national_park,28.8402,80.229,NP,Sudurpashchim Province,20,2500
Q1573530,Nightcap National Park,national_park,-28.54833,153.33444,AU,New South Wales,12,2500
Q1574010,Mljet Nacionalni Park,national_park,42.7817,17.3852,HR,Dubrovnik-Neretva County,19,2500
Q1577229,Sør-Spitsbergen National Park,national_park,77.15,16.28333,NO,Svalbard,22,2500
Q1578584,Jotunheimen National Park,national_park,61.5,8.36667,NO,Vågå,23,2500
Q1579682,Lal Suhanra National Park,national_park,29.31667,71.91667,PK,Bahawalpur District,16,2500
Q1587429,Thethi National Park,national_park,42.39583,19.77444,AL,,17,2500
Q1587862,Guanacaste National Park,national_park,10.83,-85.32389,CR,Guanacaste Province,13,2500
Q1600845,Reinheimen National Park,national_park,62.16667,7.9,NO,Vågå,17,2500
Q1602738,Tsavo West National Park,national_park,-3.31667,38.13333,KE,Coast Province,17,2500
Q1619225,Bory Tucholskie National Park,national_park,53.8,17.56,PL,Pomeranian Voivodeship,22,2500
Q1619398,Hingol National Park,national_park,25.6,65.66667,PK,Lasbela District,16,2500
Q1630245,Horton Plains National Park,national_park,6.8,80.8,LK,,21,2500
Q1631766,Amboró National Park,national_park,-17.78333,-63.98333,BO,Santa Cruz Department,21,2500
Q1635824,Namadgi National Park,national_park,-35.66667,148.95,AU,Australian Capital Territory,16,2500
Q1636810,Saiwa Swamp National Park,national_park,1.1,35.11667,KE,,17,2500
Q1638019,Wapusk National Park,national_park,57.7739,-93.3714,CA,Division No. 23,22,2500
Q1638699,Jardines de la Reina National Park,national_park,20.81667,-78.91667,CU,,19,2500
Q1691460,Op Luang National Park,national_park,18.2231,98.4811,TH,,13,2500
Q1702747,Nevado Tres Cruces National Park,national_park,-27.05609,-69.09231,CL,Copiapó Province,13,2500
Q1702795,Tolhuaca National Park,national_park,-38.2032,-71.8275,CL,Araucanía Region,12,2500
Q1702865,Archipiélago de Juan Fernández National Park,national_park,-33.7297,-79.8692,CL,Valparaíso Province,15,2500
Q1702875,Volcán Isluga National Park,national_park,-19.15,-68.83333,CL,Tarapacá Region,14,2500
Q1702881,Hornopirén National Park,national_park,-41.91667,-72.26667,CL,Llanquihue Province,15,2500
Q1702889,Llullaillaco National Park,national_park,-24.71667,-68.61667,CL,Antofagasta Province,19,2500
Q1702892,Chiloé National Park,national_park,-42.5129,-74.0341,CL,Dalcahue,22,2500
Q1702897,Guamblin Island,national_park,-44.85,-75.08,CL,Aysén Region,18,2500
Q1702917,Nahuelbuta National Park,national_park,-37.78333,-72.98333,CL,Arauco Province,13,2500
Q1702923,Alerce Andino National Park,national_park,-41.57795,-72.54414,CL,Los Lagos Region,18,2500
Q1703011,Queulat National Park,national_park,-44.4045,-72.4035,CL,Aysén Province,15,2500
Q1703052,Laguna San Rafael National Park,national_park,-47.0,-74.0,CL,Aysén Region,23,2500
Q1721097,Kafue National Park,national_park,-15.28,25.7,ZM,Central Province,24,2500
Q1722083,Kalbarri National Park,national_park,-27.7847,114.246,AU,Western Australia,14,2500
Q1723746,Kanger Ghati National Park,national_park,18.832,82.011,IN,Bastar district,17,2500
Q1729357,Karijini National Park,national_park,-22.2506,117.976,AU,Western Australia,20,2500
Q1734287,Karoo National Park,national_park,-32.2622,22.3091,ZA,Western Cape,18,2500
Q1734819,Kasanka National Park,national_park,-12.565,30.17788,ZM,Chitambo District,16,2500
Q1735508,Kasungu National Park,national_park,-13.0,33.16667,MW,Central Region,17,2500
Q1740711,Khunjerab National Park,national_park,36.95,75.08333,PK,Hunza District,18,2500
Q1740765,Kiang West National Park,national_park,13.38333,-15.91667,GM,Lower River Division,15,2500
Q1740874,Kidepo Valley National Park,national_park,3.93,33.80694,UG,Northern Region,22,2500
Q1741175,Lierne National Park,national_park,64.3,13.9,NO,Lierne Municipality,15,2500
Q1743664,Kirthar National Park,national_park,25.7,67.58333,PK,Jamshoro District,18,2500
Q1743959,Kitulo National Park,national_park,-9.01667,33.85,TZ,Mbeya Region,19,2500
Q1751924,Waza National Park,national_park,11.2667,14.4167,CM,Far North,24,2500
Q1753496,Serra dos Órgãos National Park,national_park,-22.48211,-43.05679,BR,Petrópolis,24,2500
Q1754183,Skuleskogen National Park,national_park,63.11098,18.48417,SE,Örnsköldsvik Municipality,23,2500
Q1754204,Vadvetjåkka National Park,national_park,68.54128,18.43266,SE,Kiruna Municipality,19,2500
Q1755551,Meru National Park,national_park,-0.09361,38.20806,KE,,21,2500
Q1756401,Pacific Rim National Park Reserve,national_park,48.98333,-125.66667,CA,Capital Regional District,20,2500
Q1756690,Loango National Park,national_park,-2.16667,9.56667,GA,,18,2500
Q1757413,Braulio Carrillo National Park,national_park,10.1599,-83.97442,CR,,16,2500
Q1759349,Alberto de Agostini National Park,national_park,-54.74906,-70.43967,CL,Antártica Chilena Province,24,2500
Q1760813,West Coast National Park,national_park,-33.12611,18.04472,ZA,Western Cape,17,2500
Q1761032,Appennino Tosco-Emiliano National Park,national_park,44.31833,10.24056,IT,Emilia-Romagna,18,2500
Q1764854,Cabo Orange National Park,national_park,4.43333,-51.51667,BR,Oiapoque,16,2500
Q1765390,Pacaás Novos National Park,national_park,-11.16,-63.43,BR,Governador Jorge Teixeira,12,2500
Q1779681,Kolovesi National Park,national_park,62.2575,28.81667,FI,South Savo,18,2500
Q1782797,Rubondo Island National Park,national_park,-2.3,31.83333,TZ,Mwanza Region,19,2500
Q1783680,Pieniny National Park,national_park,49.4,20.45694,SK,Kežmarok District,24,2500
Q1784196,Kora National Park,national_park,-0.20861,38.73611,KE,Coast Province,15,2500
Q1784847,Korup National Park,national_park,5.09333,8.84111,CM,,19,2500
Q1785861,Losiny Ostrov National Park,national_park,55.86361,37.7775,RU,Moscow,23,2500
Q1787671,"Foreste Casentinesi, Monte Falterona, Campigna National Park",national_park,43.84333,11.79111,IT,Premilcuore,13,2500
Q1792738,Nevado de Colima National Park,national_park,19.46667,-103.55,MX,Jalisco,12,2500
Q1798539,La Mauricie National Park,national_park,46.8,-72.9667,CA,Shawinigan,18,2500
Q1800487,Lagodekhi Protected Areas,national_park,41.9,46.33333,GE,Lagodekhi,16,2500
Q1811861,Wollemi National Park,national_park,-32.99833,150.33444,AU,New South Wales,12,2500
Q1814848,La Visite National Park,national_park,18.33444,-71.98472,HT,Haiti,12,2500
Q1968860,Lagunas de Montebello National Park,national_park,16.0775,-91.68056,MX,Chiapas,15,2500
Q1968897,Limpopo National Park,national_park,-23.86667,32.13333,MZ,Gaza Province,21,2500
Q1968934,Amber Mountain National Park,national_park,-12.595,49.155,MG,Joffreville,23,2500
Q1968946,Muránska planina National Park,national_park,48.78333,20.03333,SK,Brezno District,22,2500
Q1968948,Black Forest National Park,national_park,48.56111,8.22139,DE,Baden-Baden,16,2500
Q1968993,Norra Kvill National Park,national_park,57.76373,15.59357,SE,Vimmerby Municipality,21,2500
Q1968995,Shtamë Pass National Park,national_park,41.52056,19.89806,AL,,14,2500
Q1969004,Sai Yok National Park,national_park,14.41778,98.74722,TH,,13,2500
Q1969043,Sapo National Park,national_park,5.47639,-8.55083,LR,Sinoe County,20,2500
Q1969097,Toubkal National Park,national_park,31.0833,-7.83333,MA,Taroudant Province,22,2500
Q1970895,Nordre Isfjorden National Park,national_park,78.4,14.38333,NO,Svalbard,20,2500
Q1974550,Crocker Range National Park,national_park,5.58333,116.08333,MY,,15,2500
Q1982368,New England National Park,national_park,-30.49833,152.50111,AU,New South Wales,14,2500
Q1992720,Nimule National Park,national_park,3.7026,31.9476,SS,Eastern Equatoria,16,2500
Q1993949,Nitmiluk National Park,national_park,-14.3122,132.423,AU,Northern Territory,16,2500
Q1998450,North Luangwa National Park,national_park,-12.11108,32.10562,ZM,,17,2500
Q2028082,Arikok National Park,national_park,12.4988,-69.92654,AW,,18,2500
Q2032704,Saadani National Park,national_park,-6.0,38.75,KE,Tanga Region,19,2500
Q2040163,Valdaysky National Park,national_park,57.62778,33.06528,RU,Novgorod Oblast,21,2500
Q2042871,Oxley Wild Rivers National Park,national_park,-30.99639,152.01,AU,New South Wales,12,2500
Q2043976,Catimbau National Park,national_park,-8.61667,-37.15,BR,Tupanatinga,12,2500
Q2048161,Dulce River,national_park,15.7475,-88.87222,GT,Izabal Department,22,2500
Q2054006,Santa Teresa National Park,national_park,-33.99745,-53.56695,UY,Rocha Department,13,2500
Q2064792,Torronsuo National Park,national_park,60.73444,23.61806,FI,Tammela,17,2500
Q2091798,Reisa National Park,national_park,69.2,21.96667,NO,Nordreisa Municipality,23,2500
Q2095735,Willi Willi National Park,national_park,-31.17861,152.49083,AU,New South Wales,13,2500
Q2096005,Washpool National Park,national_park,-29.365,152.33444,AU,New South Wales,16,2500
Q2097137,Vashlovani National Park,national_park,41.2,46.38333,GE,Dedoplis Tsqaro Municipality,24,2500
Q2156810,De Zoom - Kalmthoutse Heide,national_park,51.3969,4.4036,BE,Woensdrecht,21,2500
Q2235383,Puurijärvi-Isosuo National Park,national_park,61.24917,22.56694,FI,,16,2500
Q2235932,Virachey National Park,national_park,14.3257,106.998,KH,,19,2500
Q2266782,Seiland National Park,national_park,70.38333,23.16667,NO,Alta,17,2500
Q2281202,Gangotri National Park,national_park,31.08819,79.1455,IN,Uttarakhand,16,2500
Q2313367,Rokua National Park,national_park,64.55611,26.51,FI,Vaala,23,2500
Q2667857,Salim Ali National Park,national_park,34.081,74.804,IN,Srinagar,13,2500
Q2669063,Vansda National Park,national_park,20.7333,73.4667,IN,Vansda Taluka,15,2500
Q2671600,Chrea National Park,national_park,36.4,2.86667,DZ,,17,2500
Q2671615,Taza National Park,national_park,36.7002,5.5594,DZ,Jijel Province,16,2500
Q2671889,Mkomazi National Park,national_park,-4.29944,38.38944,TZ,Tanga Region,18,2500
Q2688361,Benito Juárez National Park,national_park,17.13003,-96.64954,MX,Oaxaca,12,2500
Q2706891,Bandingilo National Park,national_park,5.43278,32.2775,SS,,19,2500
Q2717640,El Feidja National Park,national_park,36.5,8.33333,TN,Jendouba Governorate,15,2500
Q2720864,Pench National Park,national_park,21.6716,79.3033,IN,Seoni district,21,2500
Q2721494,Salamajärvi National Park,national_park,63.26667,24.75,FI,Central Finland,20,2500
Q2722153,Riisitunturi National Park,national_park,66.23333,28.5,FI,Posio,22,2500
Q2722164,Seitseminen National Park,national_park,61.93333,23.43333,FI,Pirkanmaa,18,2500
Q2738134,Circeo National Park,national_park,41.235,13.064,IT,Province of Latina,19,2500
Q2739189,Liwonde National Park,national_park,-14.83333,35.33333,MW,Southern Region,24,2500
Q2741018,Boukornine National Park,national_park,36.688,10.3882,TN,Ben Arous Governorate,12,2500
Q2749744,Îles Ehotilés National Park,national_park,5.17699,-3.22902,CI,Sud-Comoé,12,2500
Q2753067,Bar'am National Park,national_park,33.04389,35.41583,IL,Northern District,12,2500
Q2780219,Turtle Islands National Park,national_park,6.14944,118.054,MY,,14,2500
Q2812162,Alto Purús National Park,national_park,-10.82,-71.64,PE,Ucayali Department,15,2500
Q2900289,Radal Siete Tazas National Park,national_park,-35.4588,-71.0306,CL,Curicó Province,12,2500
Q2900871,Corcovado National Park,national_park,-43.41667,-72.71667,CL,Palena Province,14,2500
Q2914966,Ein Hemed,national_park,31.79619,35.12549,IL,Jerusalem District,12,2500
Q2916397,Beth Alpha synagogue,national_park,32.5217,35.43236,IL,Heftziba,12,2500
Q2944459,National Park of Upper Niger,national_park,10.5,-10.2,GN,Kankan Prefecture,15,2500
Q2975328,Radom National Park,national_park,9.3667,24.1167,SD,,14,2500
Q2979693,Campbell Bay National Park,national_park,7.11278,93.76194,IN,Andaman and Nicobar Islands,15,2500
Q2979712,Balpakram National Park,national_park,25.5,90.75,IN,South Garo Hills district,17,2500
Q2979723,Galathea National Park,national_park,6.923,93.833,IN,Andaman and Nicobar Islands,16,2500
Q2982230,Puracé National Natural Park,national_park,2.2,-76.35,CO,Cauca Department,15,2500
Q2985097,Sultanpur National Park,national_park,28.4623,76.8899,IN,Gurgaon division,17,2500
Q2985148,Gorumara National Park,national_park,26.7,88.8,IN,West Bengal,19,2500
Q2985156,Kalesar National Park,national_park,30.33194,77.55194,IN,Yamunanagar district,12,2500
Q2985193,Singalila National Park,national_park,27.11667,88.06667,IN,Darjeeling district,17,2500
Q2985390,Mukurthi National Park,national_park,11.26667,76.475,IN,Nilgiris district,15,2500
Q2985788,Neora Valley National Park,national_park,27.06,88.7,IN,West Bengal,16,2500
Q2989157,Nameri National Park,national_park,27.01,92.79,IN,Sonitpur district,19,2500
Q2989176,Orang National Park,national_park,26.61,92.36,IN,Assam,18,2500
Q3015170,Nouabalé-Ndoki National Park,national_park,2.44278,16.55417,CG,Sangha Department,21,2500
Q3015318,Cross River National Park,national_park,6.23,9.2162,NG,Cross River State,15,2500
Q3058213,Desert National Park,national_park,26.31667,70.51667,IN,Barmer district,16,2500
Q3077873,Cozia National Park,national_park,45.367,24.265,RO,,14,2500
Q3078198,Călimani National Park,national_park,47.127,25.168,RO,Suceava County,18,2500
Q3078828,Defileul Jiului National Park,national_park,45.272,23.368,RO,,12,2500
Q3081107,Ceahlău National Park,national_park,46.9563,25.939,RO,Neamț County,12,2500
Q3084668,Kibira National Park,national_park,-2.91466,29.43361,BI,,23,2500
Q3084675,Rusizi National Park,national_park,-3.24772,29.23067,BI,,19,2500
Q3091738,Assagny National Park,national_park,5.2,-4.88333,CI,,17,2500
Q3091762,Mount Manipur National Park,national_park,11.8074,92.7571,IN,Ferrargunj tehsil,15,2500
Q3092341,Sanjay National Park,national_park,23.96861,81.65528,IN,Sidhi district,14,2500
Q3105583,Akanda National Park,national_park,0.61667,9.55,GA,,16,2500
Q3123422,Iona National Park,national_park,-16.66667,12.33333,AO,Huíla Province,23,2500
Q3123431,Shivapuri Nagarjun National Park,national_park,27.795,85.39,NP,Kathmandu Valley,20,2500
Q3123440,Cangandala National Park,national_park,-9.8,16.75,AO,Malanje Province,22,2500
Q3123444,Cameia National Park,national_park,-11.88333,21.66667,AO,Moxico Leste,24,2500
Q3123450,Mupa National Park,national_park,-15.91667,15.58333,AO,Cunene Province,20,2500
Q3123455,Bicuari National Park,national_park,-15.28977,14.80722,AO,Huíla Province,22,2500
Q3132083,Al Hoceima National Park,national_park,35.18028,-4.12158,MA,Al Hoceima Province,18,2500
Q3143047,Mouling National Park,national_park,28.58333,94.86667,IN,Arunachal Pradesh,13,2500
Q3174875,Nokrek National Park,national_park,25.53333,90.11667,IN,West Garo Hills district,15,2500
Q3174893,Sri Venkateswara National Park,national_park,13.7511,79.3378,IN,Tirupati district,14,2500
Q3179536,Pico da Neblina National Park,national_park,0.34241,-65.9006,BR,São Gabriel da Cachoeira,15,2500
Q3179800,Pantanal Matogrossense National Park,national_park,-17.71667,-57.36667,BR,Poconé,16,2500
Q3232660,Southern National Park,national_park,6.55,28.28333,SS,Gbudwe State,14,2500
Q3236458,Shey Phoksundo National Park,national_park,29.3581,82.8456,NP,Mugu District,20,2500
Q3242261,Ayubia National Park,national_park,34.06278,73.42778,PK,Abbottabad District,16,2500
Q3243503,Margala Hills National Park,national_park,33.75028,73.04389,PK,Islamabad Capital Territory,12,2500
Q3244192,Chirripó National Park,national_park,9.48,-83.48,CR,Limón Province,13,2500
Q3248307,Central Karakoram National Park,national_park,35.88333,76.51667,PK,Shigar District,15,2500
Q3294859,Old Oyo National Park,national_park,8.66667,3.98333,NG,Oyo State,14,2500
Q3302476,Khenifiss National Park,national_park,27.972,-12.37,MA,Tarfaya Province,24,2500
Q3308988,Laguna Lachuá,national_park,15.91667,-90.66667,GT,Alta Verapaz Department,15,2500
Q3329986,"Национальный парк ""Смоленское Поозерье""",national_park,55.5418,31.962,RU,Smolensk Oblast,15,2500
Q3331373,Phrumsengla National Park,national_park,27.2831,90.9778,BT,,17,2500
Q3334423,Semenawi Bahri National Park,national_park,15.5992,38.9355,ER,,14,2500
Q3350362,Jaldapara National Park,national_park,26.62861,89.3775,IN,West Bengal,20,2500
Q3351830,Wadden Sea National Park,national_park,55.25,8.48333,DK,Varde Municipality,19,2500
Q3360051,Sipoonkorpi National Park,national_park,60.315,25.21889,FI,Uusimaa,13,2500
Q3364411,Dzanga-Ndoki National Park,national_park,2.5,16.1667,CF,,16,2500
Q3364418,Iztaccíhuatl–Popocatépetl National Park,national_park,19.2362,-98.6634,MX,Morelos,13,2500
Q2335733,Zaamin National Park,national_park,39.613,68.501,UZ,Zaamin District,19,2500
Q2340037,Buxa Tiger Reserve,national_park,26.65,89.58,IN,Alipurduar district,18,2500
Q2347510,Wollumbin National Park,national_park,-28.38972,153.26861,AU,New South Wales,12,2500
Q2373398,Kali Tiger Reserve,national_park,15.01667,74.38333,IN,Karnataka,20,2500
Q2378279,Päijänne National Park,national_park,61.38667,25.39333,FI,Asikkala,20,2500
Q2391522,Mamshit,national_park,31.02611,35.06389,IL,Southern District,22,2500
Q2397554,Bhagwan Mahaveer Sanctuary and Mollem National Park,national_park,15.37361,74.25861,IN,South Goa District,15,2500
Q2398213,Kurjenrahka National Park,national_park,60.72056,22.38361,FI,Turku,23,2500
Q2407530,Beit Guvrin National Park,national_park,31.61306,34.89833,IL,Southern District,24,2500
Q2420598,Repovesi National Park,national_park,61.18333,26.88333,FI,Kymenlaakso,22,2500
Q2421766,Black River Gorges National Park,national_park,-20.41667,57.41667,MU,,16,2500
Q2427533,Mariy Chodra National Park,national_park,56.16389,48.45278,RU,Mari El,22,2500
Q2428291,Valmiki National Park,national_park,27.0652,84.1793,IN,Bihar,19,2500
Q2468697,Shahdag National Park,national_park,40.92389,48.25278,AZ,Shamakhi District,20,2500
Q2468888,Altyaghach National Park,national_park,40.88667,48.89361,AZ,Khizi District,21,2500
Q2469996,Domogled-Valea Cernei National Park,national_park,45.093,22.624,RO,Caraș-Severin County,16,2500
Q2489316,Petkeljärvi National Park,national_park,62.58333,31.18333,FI,,18,2500
Q2538716,Wadi el Gamal National Park,national_park,24.43333,34.86667,EG,Red Sea Governorate,15,2500
Q2549607,Jozani Chwaka Bay National Park,national_park,-6.233,39.404,TZ,,15,2500
Q2553819,Ekenäs Archipelago National Park,national_park,59.82278,23.45417,FI,Raseborg,17,2500
Q2554309,Eastern Gulf of Finland National Park,national_park,60.28472,27.27389,FI,Kymenlaakso,20,2500
Q2572177,Sariska Tiger Reserve,national_park,27.3175,76.43694,IN,Jaipur division,20,2500
Q2580089,Djurdjura National Park,national_park,36.4667,4.1333,DZ,,21,2500
Q2580141,Bhitarkanika National Park,national_park,20.6625,86.9341,IN,Kendrapara district,21,2500
Q2588520,Bannerghatta National Park,national_park,12.80083,77.57556,IN,Bengaluru North district,18,2500
Q2600427,Calanques National Park,national_park,43.20944,5.44917,FR,Bouches-du-Rhône,24,2500
Q2604975,Madhav National Park,national_park,25.56167,77.67806,IN,Madhya Pradesh,16,2500
Q2606800,Tiilikkajärvi National Park,national_park,63.6667,28.3,FI,Sotkamo,20,2500
Q2606958,Liesjärvi National Park,national_park,60.68056,23.85833,FI,Tammela,15,2500
Q2606971,Isojärvi National Park,national_park,61.69833,25.01083,FI,Kuhmoinen,20,2500
Q2623278,Paanajärvi National Park,national_park,66.2842,30.1397,RU,,22,2500
Q2625399,Khaptad national park,national_park,29.27,80.99,NP,Sudurpashchim Province,19,2500
Q2639563,Tadoba-Andhari Tiger Reserve,national_park,20.267,79.4291,IN,Chandrapur district,20,2500
Q2648069,Podocarpus National Park,national_park,-4.28333,-79.0,EC,Loja Province,17,2500
Q2648427,Yacurí National Park,national_park,-4.706,-79.365,EC,Loja Province,16,2500
Q2658641,Hiidenportti National Park,national_park,63.87278,29.05861,FI,Sotkamo,21,2500
Q2660882,Ubeidiya,national_park,32.68972,35.55639,IL,Emek HaYarden Regional Council,12,2500
Q2661377,Syöte National Park,national_park,65.7475,27.9119,FI,Posio,19,2500
Q2663264,Betla National Park,national_park,23.8878,84.1901,IN,South Chotanagpur division,15,2500
Q2664184,Belezma National Park,national_park,35.58333,6.03333,DZ,Batna Province,19,2500
Q2664193,Gouraya National Park,national_park,36.7667,5.1,DZ,Béjaïa,17,2500
Q2664197,Tlemcen National Park,national_park,34.70635,-1.45973,DZ,,16,2500
Q3446446,Yushan National Park,national_park,23.51222,120.94056,TW,Nantou County,18,2500
Q3485434,Chengjiang Fossil Site,national_park,24.66889,102.97722,CN,Chengjiang,15,2500
Q3488567,Chagres National Park,national_park,9.4,-79.5,PA,Panamá Province,18,2500
Q3491338,České Švýcarsko National Park,national_park,50.8835,14.3893,CZ,Děčín District,14,2500
Q3505873,Rara National Park,national_park,29.49167,82.07222,NP,Mugu District,23,2500
Q3515283,Galičica National Park,national_park,41.0,20.85,MK,North Macedonia,18,2500
Q3524793,Wilpattu National Park,national_park,8.43333,80.0,LK,North Western Province,18,2500
Q3560405,Brasília National Park,national_park,-15.71556,-47.97556,BR,Brasília,13,2500
Q3645592,Algeti National Park,national_park,41.72161,44.30231,GE,Tetritsqaro Municipality,22,2500
Q3646784,Cerro Cora National Park,national_park,-22.6514,-56.0179,PY,Amambay Department,18,2500
Q3663554,Endau-Rompin National Park,national_park,2.43892,103.273,MY,,16,2500
Q3695317,Skeleton Coast National Park,national_park,-19.19,12.72,NA,,16,2500
Q3695606,South Downs National Park,national_park,50.911,-0.367,GB,South East England,14,2500
Q3695702,Banke National Park,national_park,28.1911,81.9128,NP,Dang District,19,2500
Q3695993,Ruvubu National Park,national_park,-3.111,30.373,BI,Cankuzo Province,18,2500
Q3696259,Chandoli National Park,national_park,17.19167,73.775,IN,Maharashtra,13,2500
Q3738207,Cerro Castillo National Park,national_park,-46.05,-72.18333,CL,Coyhaique Province,12,2500
Q3743102,Azov-Syvash National Nature Park,national_park,46.10278,34.38472,UA,Kherson Oblast,24,2500
Q3888315,Pribaikalsky National Park,national_park,51.8531,104.882,RU,Irkutsk Oblast,23,2500
Q3895694,Burren National Park,national_park,53.01,-9.0,IE,County Clare,20,2500
Q3896391,Morrocoy National Park,national_park,10.856,-68.306,VE,Municipio Silva,12,2500
Q3917680,Pripyatsky National Park,national_park,52.0,28.0,BY,Gomel Region,24,2500
Q4056818,Aghgol National Park,national_park,40.00917,47.65,AZ,,23,2500
Q4068420,Araguaia National Park,national_park,-10.5,-50.167,BR,Pium,18,2500
Q4098398,Buzuluksky Bor National Park,national_park,53.00417,52.11528,RU,Samara Oblast,22,2500
Q4099294,Burabay National Park,national_park,53.08333,70.3,KZ,Akmola Region,19,2500
Q4121671,Axios-Loudias-Aliakmonas Delta National Park,national_park,40.50971,22.66626,GR,Central Macedonia Region,14,2500
Q4143004,National Nature Park Homilsha Woods,national_park,49.58333,36.33333,UA,Kharkiv Oblast,12,2500
Q4192998,Zov Tigra National Park,national_park,43.58333,134.26667,RU,Primorsky Krai,18,2500
Q4199195,Ile-Alatau National Park,national_park,43.06667,77.16667,KZ,Almaty Region,19,2500
Q4205498,Ichnia National Nature Park,national_park,50.80861,32.29167,UA,Chernihiv Oblast,12,2500
Q4209233,Kalevalsky National Park,national_park,64.99167,30.2125,RU,Karelia,21,2500
Q4217451,Katon-Karagay National Park,national_park,49.3,86.6,KZ,East Kazakhstan Region,15,2500
Q4227524,Kokshetau National Park,national_park,52.88654,68.46817,KZ,,14,2500
Q4228940,Kölsay Lakes National Park,national_park,42.96446,77.58225,KZ,Kegen District,20,2500
Q4248748,Kislovodsk National Park,national_park,43.89549,42.72631,RU,Kislovodsk,13,2500
Q4252610,Ladoga Skerries National Park,national_park,61.6,30.83,RU,Karelia,13,2500
Q4280157,Royal Manas National Park,national_park,26.89944,90.75806,BT,,20,2500
Q4288990,Mezyn National Nature Park,national_park,51.72065,33.01529,UA,Chernihiv Oblast,12,2500
Q4292620,Meshchyora National Park,national_park,55.56111,40.25389,RU,Vladimir Oblast,14,2500
Q4293399,Akami-Uapishkᵘ-KakKasuak-Mealy Mountains National Park Reserve,national_park,53.4,-59.3667,CA,Newfoundland and Labrador,13,2500
Q4318334,Nechkinsky National Park,national_park,56.68333,53.78333,RU,Udmurtia,19,2500
Q4318770,Lower Dniester National Nature Park,national_park,46.41222,30.21028,UA,Odesa Oblast,14,2500
Q4336921,Orlovskoye Polesye,national_park,53.2833,35.3,RU,Oryol Oblast,16,2500
Q4350416,Botum Sakor National Park,national_park,11.11553,103.24969,KH,Koh Kong Province,14,2500
Q4351857,Parsa National Park,national_park,27.46667,84.33333,NP,Madhesh Province,15,2500
Q4365056,Pleshcheyevo Ozero National Park,national_park,56.7625,38.72778,RU,Yaroslavl Oblast,14,2500
Q4376878,National Nature Park Charming Harbor,national_park,45.5,32.7,RU,Chornomorske Raion,14,2500
Q4379004,Pripyshminskiye Bory National Park,national_park,56.9798,63.8855,RU,Sverdlovsk Oblast,16,2500
Q4379413,Prielbrusye National Park,national_park,43.38444,42.495,RU,Kabardino-Balkaria,22,2500
Q4405258,Sayram-Ugam National Park,national_park,41.95,70.05,KZ,Turkistan Region,12,2500
Q4406360,Samarskaya Luka National Park,national_park,53.3075,49.83028,RU,Samara Oblast,17,2500
Q4411701,National Nature Park Holy Mountains,national_park,48.91667,37.78333,UA,Donetsk Oblast,17,2500
Q4411838,Sebezhsky National Park,national_park,56.26667,28.5,RU,Pskov Oblast,19,2500
Q4420168,Synevyr National Nature Park,national_park,48.5,23.7,UA,Mizhhiria Raion,19,2500
Q4425090,Smolny National Park,national_park,54.8159,45.4256,RU,Mordovia,17,2500
Q4442880,Krasnoyarsk Stolby National Park,national_park,55.88333,92.76667,RU,Krasnoyarsk,17,2500
Q4469149,Ugra National Park,national_park,54.02,35.34,RU,Kaluga Oblast,18,2500
Q4496816,Khvalynsky National Park,national_park,52.3525,47.63889,RU,Saratov Oblast,17,2500
Q4500366,Khotyn National Nature Park,national_park,48.44972,26.57806,UA,Chernivtsi Oblast,12,2500
Q4507523,Charyn National Park,national_park,43.35015,79.06963,KZ,Almaty Region,20,2500
Q4536055,Yavoriv National Nature Park,national_park,50.0227,23.7724,UA,Lviv Oblast,18,2500
Q4551358,Tenorio Volcano National Park,national_park,10.66667,-85.0,CR,Guanacaste Province,13,2500
Q4736972,Altos de Nsork National Park,national_park,1.16,11.12,GQ,Q3031638,15,2500
Q4744643,Cayambe Coca National Park,national_park,0.05,-77.8,EC,Napo Province,14,2500
Q4784468,Araucárias National Park,national_park,-26.76472,-51.9675,BR,Ponte Serrada,13,2500
Q4845766,El Guacharo National Park,national_park,10.17176,-63.55385,VE,Monagas,14,2500
Q1431228,Rincón de la Vieja National Park,national_park,10.83,-85.32389,CR,Guanacaste Province,12,2500
Q1421348,Fitzgerald River National Park,national_park,-33.9475,119.615,AU,Western Australia,18,2500
Q1422525,Katavi National Park,national_park,-6.91667,31.33333,TZ,Rukwa Region,23,2500
Q1422693,Terra Nova National Park,national_park,48.5306,-53.9281,CA,Division No. 7,24,2500
Q1422878,Great Sandy National Park,national_park,-25.045,153.20972,AU,Queensland,17,2500
Q1425154,Gennargentu National Park,national_park,39.98972,9.32472,IT,Province of Nuoro,21,2500
Q1425191,Sibillini Mountains National Park,national_park,42.906,13.195,IT,Marche,21,2500
Q1426028,Manusela National Park,national_park,-3.05,129.43333,ID,Maluku,21,2500
Q1426031,Manupeu Tanah Daru National Park,national_park,-9.73333,119.68333,ID,East Nusa Tenggara,14,2500
Q1426210,Bogani Nani Wartabone National Park,national_park,0.56056,123.68,ID,Gorontalo,17,2500
Q1427206,Aketajawe-Lolobata National Park,national_park,1.15,128.26667,ID,North Maluku,19,2500
Q1427976,Indravati National Park,national_park,19.33333,81.0,IN,Bijapur District,16,2500
Q1428780,Flinders Chase National Park,national_park,-35.9772,136.673,AU,South Australia,14,2500
Q1429179,Pyhä-Luosto National Park,national_park,67.01667,27.15,FI,Lapland,24,2500
Q1429741,Semuliki National Park,national_park,0.8334,30.0434,UG,Western Region,16,2500
Q1138453,Cradle Mountain-Lake St Clair National Park,national_park,-41.83028,145.92417,AU,Tasmania,22,2500
Q1140044,Hardangervidda National Park,national_park,60.13333,7.5,NO,Vinje,24,2500
Q1140583,Setonaikai National Park,national_park,34.16667,133.33333,JP,Osaka Prefecture,19,2500
Q1638856,Kyabobo National Park,national_park,8.41667,0.61667,GH,Volta Region,14,2500
Q1639106,Khustain Nuruu National Park,national_park,47.7,105.9,MN,Töv Province,19,2500
Q1639749,Thy National Park,national_park,56.947,8.422,DK,Thisted Municipality,15,2500
Q1645349,Tjoritja / West MacDonnell National Park,national_park,-23.4364,132.418,AU,Northern Territory,14,2500
Q1650222,Yanachaga–Chemillén National Park,national_park,-10.40417,-75.31056,PE,Pasco Department,15,2500
Q1651245,Cotapata National Park and Integrated Management Natural Area,national_park,-16.21667,-67.9,BO,La Paz Department,15,2500
Q1651307,Otuquis National Park and Integrated Management Natural Area,national_park,-19.33333,-58.75,BO,Santa Cruz Department,13,2500
Q1651313,Isiboro Sécure National Park and Indigenous Territory,national_park,-15.45,-66.66667,BO,Beni Department,16,2500
Q1651320,Tunari National Park,national_park,-17.23283,-66.34594,BO,Cochabamba Department,12,2500
Q1651325,Isla Magdalena National Park,national_park,-44.66667,-73.13333,CL,Aysén Province,14,2500
Q1651329,Sierra Nevada National Park,national_park,8.56667,-70.7,VE,,13,2500
Q1651364,Siberut National Park,national_park,-1.36667,98.93333,ID,West Sumatra,17,2500
Q1651369,Sembilang National Park,national_park,-2.01667,104.55,ID,South Sumatra,16,2500
Q1651467,Carrasco National Park,national_park,-17.38333,-65.05,BO,Cochabamba Department,17,2500
Q1651472,Tesso Nilo National Park,national_park,-0.16667,101.75,ID,Riau,17,2500
Q1652932,Nordvest-Spitsbergen National Park,national_park,79.58333,11.5,NO,Svalbard,20,2500
Q1658753,Cíes Islands,national_park,42.23333,-8.9,ES,Vigo,23,2500
Q1661434,Anaimalai Tiger Reserve,national_park,10.41694,77.05667,IN,Coimbatore district,15,2500
Q1661839,Indre Wijdefjorden National Park,national_park,79.08333,16.1,NO,Svalbard,20,2500
Q1670728,Mungo National Park,national_park,-33.73167,143.00111,AU,New South Wales,16,2500
Q1673310,Töfsingdalen National Park,national_park,62.16537,12.48009,SE,Älvdalen Municipality,20,2500
Q1673711,Isangano National Park,national_park,-11.25,30.66667,ZM,Northern Province,13,2500
Q1685981,Jeanette Kawas National Park,national_park,15.85,-87.66667,HN,Atlántida Department,12,2500
Q1815268,Nuuksio National Park,national_park,60.31667,24.46667,FI,Uusimaa,24,2500
Q1815612,Namdapha National Park,national_park,27.64984,96.11029,IN,Changlang district,23,2500
Q1817242,Ao Phang Nga National Park,national_park,8.26194,98.49847,TH,Phang Nga,19,2500
Q1817735,Bayanaul National Park,national_park,50.8,75.6,KZ,Pavlodar Region,16,2500
Q1817955,Amacayacu National Park,national_park,-3.48333,-70.2,CO,Amazonas Department,16,2500
Q1818952,Table Mountain National Park,national_park,-33.9667,18.425,ZA,Western Cape,23,2500
Q1826934,Linnansaari National Park,national_park,62.11056,28.50944,FI,Savonlinna,18,2500
Q1848058,Springbrook National Park,national_park,-28.14,153.27417,AU,Queensland,19,2500
Q1850670,Semuc Champey,national_park,15.53333,-89.96111,GT,Alta Verapaz Department,13,2500
Q1851352,Cotopaxi National Park,national_park,-0.68417,-78.43722,EC,Ecuador,22,2500
Q1858071,Panna National Park,national_park,24.73044,80.01022,IN,Madhya Pradesh,16,2500
Q1858100,Banco National Park,national_park,5.39454,-4.05198,CI,Lagunes region,15,2500
Q1860450,Rohkunborri National Park,national_park,68.56667,19.31667,NO,Bardu Municipality,17,2500
Q1886487,Cinque Terre National Park,national_park,44.1,9.75,IT,Province of La Spezia,20,2500
Q1891973,Haparanda Archipelago National Park,national_park,65.60491,23.76958,SE,Kalix Municipality,23,2500
Q1892156,Mapungubwe National Park,national_park,-22.22229,29.31547,ZA,Limpopo,22,2500
Q1892280,Marakele National Park,national_park,-24.3833,27.6167,ZA,Limpopo,20,2500
Q1905973,Mount Field National Park,national_park,-42.67915,146.71726,AU,Tasmania,16,2500
Q1929766,Kirirom National Park,national_park,11.31022,104.05103,KH,Kampong Speu Province,18,2500
Q1946032,Fernando de Noronha Marine National Park,national_park,-3.867,-32.446,BR,Fernando de Noronha,14,2500
Q1951559,Mtirala National Park,national_park,41.68419,41.85986,GE,,19,2500
Q1961377,Minkébé National Park,national_park,1.67977,12.7595,GA,Woleu-Ntem Province,14,2500
Q1962200,Alexander,national_park,32.3962,34.86571,IL,,17,2500
Q1968721,Cabrera National Park,national_park,39.15833,2.96667,ES,Palma,21,2500
Q1968747,Ba Bể National Park,national_park,22.40528,105.61528,VN,Bắc Kạn,20,2500
Q1968766,Carara National Park,national_park,9.74722,-84.62778,CR,Turrubares Canton,18,2500
Q1968775,Chaloem Rattanakosin National Park,national_park,14.66667,99.3,TH,,13,2500
Q1968784,Dajti National Park,national_park,41.3667,19.9256,AL,Tirana District,22,2500
Q1968796,Fir of Drenovë National Park,national_park,40.56619,20.82549,AL,Korçë County,14,2500
Q1968801,Cutervo National Park,national_park,-6.20194,-78.78833,PE,Cajamarca Department,15,2500
Q1968858,Curonian Spit National Park,national_park,55.14,20.8,RU,Zelenogradsky District,19,2500
Q3364426,Parima-Tapirapecó National Park,national_park,3.33024,-64.70467,VE,Amazonas,13,2500
Q3364435,Iriqui National Park,national_park,29.84165,-6.51725,MA,Tata Province,17,2500
Q3364442,Chambi National Park,national_park,35.18,8.69519,TN,Kasserine Governorate,17,2500
Q3364446,Durmitor National Park,national_park,43.1532,19.03687,ME,Montenegro,19,2500
Q3364448,Fulufjellet National Park,national_park,61.4,12.78333,NO,Trysil Municipality,13,2500
Q3364456,Kaieteur National Park,national_park,5.21667,-59.41667,GY,Potaro-Siparuni,15,2500
Q3364480,Shirui National Park,national_park,24.23083,94.23083,IN,Manipur,12,2500
Q3364481,Talassemtane National Park,national_park,35.18278,-5.23523,MA,Chefchaouen Province,17,2500
Q3364482,Taganai National Park,national_park,55.2597,59.7925,RU,Chelyabinsk Oblast,14,2500
Q3364505,Wicklow Mountains National Park,national_park,53.018,-6.398,IE,,24,2500
Q3364517,Haut Atlas Oriental National Park,national_park,32.25,-5.41667,MA,Midelt Province,13,2500
Q3364519,Pelister National Park,national_park,40.981,21.191,MK,Bitola Municipality,23,2500
Q3364523,Skadar Lake National Park,national_park,42.24,19.20972,ME,,12,2500
Q3364527,Mahatma Gandhi Marine National Park,national_park,11.57056,92.65694,IN,South Andaman district,13,2500
Q3364531,Abrolhos Marine National Park,national_park,-17.9369,-38.9465,BR,Caravelas,13,2500
Q9297,Russky Sever National Park,national_park,59.95639,38.5675,RU,Vologda Oblast,20,2500
Q26137,Zyuratkul National Park,national_park,54.8489,58.9406,RU,Chelyabinsk Oblast,23,2500
Q31133,Nacunday National Park,national_park,-26.04861,-54.67083,PY,,14,2500
Q36571,Teluk Cenderawasih National Park,national_park,-2.5,134.633,ID,West Papua,16,2500
Q36607,Wasur National Park,national_park,-8.6,140.833,ID,Papua,20,2500
Q40544,Ala-Archa National Park,national_park,42.54752,74.48456,KG,Chuy Region,24,2500
Q42090,Los Haitises National Park,national_park,19.04394,-69.5929,DO,Hato Mayor Province,14,2500
Q45234,Gateway Arch National Park,national_park,38.6246,-90.185,US,St. Louis,21,2500
Q61529,Simlipal National Park,national_park,21.75,86.33,IN,Mayurbhanj district,22,2500
Q6465411,La Tigra National Park,national_park,14.18484,-87.05189,HN,Francisco Morazán Department,13,2500
Q6481482,Lambir Hills National Park,national_park,4.213,114.03,MY,,12,2500
Q6688385,Udegeyskaya Legenda National Park,national_park,45.81667,135.41667,RU,Primorsky Krai,21,2500
Q6699917,Luengue-Luiana National Park,national_park,-16.58333,21.83333,AO,Cuando Cubango Province,14,2500
Q6904640,Monte Alén National Park,national_park,1.53,10.11,GQ,Niefang District,15,2500
Q6918943,Moukalaba-Doudou National Park,national_park,-2.43,10.42,GA,Nyanga Province,15,2500
Q6981621,Yedigöller National Park,national_park,40.94083,31.75639,TR,Bolu Province,20,2500
Q7162231,Penang National Park,national_park,5.4607,100.2039,MY,Penang,12,2500
Q7227798,Pongara National Park,national_park,0.12453,9.53905,GA,,15,2500
Q7253230,Kopaonik National Park,national_park,43.28528,20.8125,RS,,14,2500
Q7425977,Satchari National Park,national_park,24.12,91.4507,BD,,12,2500
Q7455205,Serra da Bodoquena National Park,national_park,-21.05833,-56.69444,BR,Bonito,13,2500
Q7455207,Bocaina Mountain National Park,national_park,-22.963,-44.67,BR,Angra dos Reis,17,2500
Q7455211,Serra da Canastra National Park,national_park,-20.25,-46.5,BR,Capitólio,16,2500
Q7643009,Superagui National Park,national_park,-25.41944,-48.21917,BR,Guaraqueçaba,14,2500
Q9055985,Ulu Temburong National Park,national_park,4.478,115.208,BN,,16,2500
Q9067090,Hlane Royal National Park,national_park,-26.25,31.88,SZ,Manzini,14,2500
Q9097794,Sierra del Divisor National Park,national_park,-7.27528,-74.07361,PE,Loreto Department,12,2500
Q10345244,Sete Cidades National Park,national_park,-4.08333,-41.66667,BR,Piripiri,14,2500
Q10345249,Monte Pascoal National Park,national_park,-16.86417,-39.27083,BR,Porto Seguro,12,2500
Q11465642,Yakushima National Park,national_park,30.33731,130.50383,JP,Kagoshima Prefecture,16,2500
Q11811449,Lake District National Park,national_park,54.45,-3.1,GB,Cumbria,15,2500
Q12088338,National Nature Park Great Meadow,national_park,47.4315,35.0698,UA,Zaporizhzhia Oblast,16,2500
Q12088902,Verkhovyna National Nature Park,national_park,47.8323,24.8449,UA,Ivano-Frankivsk Oblast,13,2500
Q12096652,Holosiivskyi National Nature Park,national_park,50.37998,30.50585,UA,Kyiv Oblast,18,2500
Q12100547,Derman-Ostroh National Nature Park,national_park,50.2854,26.1969,UA,Ostroh Raion,15,2500
Q12100595,Desna-Stara Huta National Nature Park,national_park,52.2816,33.47755,UA,Sumy Oblast,14,2500
Q12114457,Kremenets Mountains National Nature Park,national_park,50.1558,25.8398,UA,Ternopil Oblast,13,2500
Q12125635,National History Park,national_park,19.57361,-72.24389,HT,Nord,19,2500
Q12132935,Tusheti National Park,national_park,42.41,45.48694,GE,Kakheti,20,2500
Q12132938,National Nature Park Bug Gard,national_park,48.03972,30.94667,UA,Mykolaiv Oblast,13,2500
Q12132942,Zacharovany Krai National Nature Park,national_park,48.35278,23.07361,UA,Zakarpattia Oblast,12,2500
Q12132944,National Nature Park Prypiat-Stokhid,national_park,51.82833,25.2825,UA,Volyn Oblast,13,2500
Q12133699,Lower Sula National Nature Park,national_park,49.6218,32.7284,UA,Cherkasy Oblast,12,2500
Q12169715,Cheremosh National Nature Park,national_park,47.99528,25.09556,UA,Chernivtsi Oblast,14,2500
Q12501413,National Nature Park Skole Beskids,national_park,49.0658,23.3954,UA,Lviv Oblast,15,2500
Q12871562,Javakheti National Park,national_park,41.22964,43.38092,GE,Samtskhe–Javakheti,13,2500
Q14206230,Belum Temenggor Forest Reserve,national_park,5.67,101.38,MY,,12,2500
Q14229383,Pin Valley National Park,national_park,31.57417,77.58889,IN,Himachal Pradesh,12,2500
Q15274198,Saanane Island National Park,national_park,-2.54436,32.88972,TZ,,12,2500
Q15838244,Orhei National Park,national_park,47.3,28.96667,MD,Strășeni District,18,2500
Q15839097,Nanda Devi and Valley of Flowers National Parks,national_park,30.71667,79.66667,IN,Uttarakhand,18,2500
Q15894675,Kerama Shotō National Park,national_park,26.2,127.3,JP,Okinawa Prefecture,17,2500
Q15941118,South Penghu Marine National Park,national_park,23.25,119.66667,TW,Wangan Township,12,2500
Q16070157,Lake Arpi National Park,national_park,41.05444,43.64306,AM,Shirak Province,14,2500
Q16372161,Machakhela National Park,national_park,41.52026,41.71967,GE,Khelvachauri Municipality,13,2500
Q16508549,Kazbegi National Park,national_park,42.5035,44.45404,GE,Kazbegi Municipality,15,2500
Q16536603,Beringia National Park,national_park,64.36667,-173.3,RU,Chukotka Autonomous District,24,2500
Q16683065,Onezhskoye Pomorye National Park,national_park,64.78333,37.3,RU,Arkhangelsk Oblast,18,2500
Q16911654,Laguna del Laja National Park,national_park,-37.35,-71.25,CL,Biobío Region,14,2500
Q17393446,Hunsrück-Hochwald National Park,national_park,49.70574,7.1037,DE,Züsch,14,2500
Q18167998,Qausuittuq National Park,national_park,76.12417,-101.03111,CA,Qikiqtaaluk Region,13,2500
Q18399697,Saylyugemsky National Park,national_park,50.00793,87.03259,RU,Altai Republic,16,2500
Q18408135,Land of the Leopard National Park,national_park,43.18333,131.48333,RU,Primorsky Krai,21,2500
Q18681728,Southern Konnevesi National Park,national_park,62.55,26.63333,FI,Konnevesi,12,2500
Q19376740,Kafta Sheraro National Park,national_park,14.25,37.25,ET,,12,2500
Q19909159,Shantar Islands National Park,national_park,55.0,137.5,RU,Khabarovsk Krai,21,2500
Q19966843,El Avila National park,national_park,10.53333,-66.86667,VE,Miranda,12,2500
Q20095570,Myōkō-Togakushi Renzan National Park,national_park,36.625,138.625,JP,Nagano Prefecture,14,2500
Q20602688,Yorkshire Dales National Park,national_park,54.26667,-2.08333,GB,England,14,2500
Q20624955,Kytalyk National Park,national_park,70.85,147.85,RU,Sakha,12,2500
Q20650897,Dilek Peninsula-Büyük Menderes Delta National Park,national_park,37.66893,27.16176,TR,Aydın Province,17,2500
Q20888920,Eryri National Park,national_park,52.93333,-3.93333,GB,Gwynedd,18,2500
Q22306440,Serra do Gandarela National Park,national_park,-20.07383,-43.6634,BR,Ouro Preto,12,2500
Q22669854,Bikin National Park,national_park,46.63333,136.58333,RU,Primorsky Krai,24,2500
Q23988114,Caldera de Taburiente National Park,national_park,28.75393,-17.88472,ES,Canary Islands,23,2500
Q24235830,Zambezi National Park,national_park,-17.92648,25.63442,ZW,Matabeleland North Province,17,2500
Q24953272,Dadia-Lefkimi-Soufli Forest National Park,national_park,41.13,26.21694,GR,Soufli Municipality,16,2500
Q26764589,Tel Ashkelon National Park,national_park,31.66167,34.54972,IL,Ashkelon,13,2500
Q26928875,National park Bjeshkët e Nemuna,national_park,42.66667,20.16667,XK,Peja Municipality,13,2500
Q27134534,Yanbaru National Park,national_park,26.75,128.25,JP,Kunigami District,14,2500
Q28223432,Lomami National Park,national_park,-2.0,25.3,CD,Maniema,15,2500
Q29388143,Amami Guntō National Park,national_park,27.78,128.915,JP,Kagoshima Prefecture,17,2500
Q47003097,Alerce Costero National Park,national_park,-40.07193,-73.40565,CL,Los Ríos Region,12,2500
Q130019294,Maputo National Park,national_park,-26.5,32.8,MZ,Maputo Province,16,2500
Q4847102,Parque Nacional Cumbres de Monterrey,national_park,25.23,-100.18,MX,Nuevo León,14,2500
Q4855656,Banhine National Park,national_park,-22.7486,32.80848,MZ,Mozambique,14,2500
Q4919631,Thap Lan National Park,national_park,14.2,101.917,TH,,13,2500
Q4925853,Kui Buri National Park,national_park,12.05167,99.55722,TH,,15,2500
Q4925892,Pang Sida National Park,national_park,14.08,102.26,TH,,13,2500
Q4930049,Blue and John Crow Mountains National Park,national_park,18.0775,-76.57111,JM,,20,2500
Q4930319,Preah Monivong National Park,national_park,10.86205,104.03222,KH,,24,2500
Q4930573,Ream National Park,national_park,10.50641,103.73436,KH,Prey Nob District,19,2500
Q4988996,Prespa National Park,national_park,40.82556,20.89861,AL,Korçë County,18,2500
Q4994368,Mols Bjerge National Park,national_park,56.20747,10.51254,DK,Syddjurs Municipality,14,2500
Q5033548,Cantanhez Forest National Park,national_park,11.26461,-15.0293,GW,Tombali Region,12,2500
Q5057521,Celaque National Park,national_park,14.53556,-88.70722,HN,Lempira Department,14,2500
Q5118629,Chyulu Hills,national_park,-2.6,37.85,KE,,17,2500
Q5191298,Crystal Mountains National Park,national_park,0.805,10.16,GA,,13,2500
Q5351426,El Imposible National Park,national_park,13.84167,-89.9575,SV,Ahuachapán Department,14,2500
Q5642786,Hallasan National Park,national_park,33.36667,126.53333,KR,Jeju Province,16,2500
Q6023179,Indiana Dunes National Park,national_park,41.64806,-87.10806,US,LaPorte County,19,2500
Q6121227,Taijiang National Park,national_park,23.063,120.055,TW,,13,2500
Q6372740,Karmeliukove Podillia,national_park,48.3549,29.2837,UA,Vinnytsia Oblast,12,2500
Q6373357,"Karraza, Khirbat",national_park,32.91137,35.56377,IL,,17,2500
Q6378421,Sevan National Park,national_park,40.34611,45.33444,AM,Gegharkunik Province,21,2500
Q6443439,Kumana National Park,national_park,6.51306,81.68778,LK,Eastern Province,14,2500
Q152994,De Groote Peel National Park,national_park,51.34556,5.82389,,Peel en Maas,18,2500
Q774464,Zuid-Kennemerland National Park,national_park,52.3962,4.5921,,North Holland,15,2500
Q1030114,Utrechtse Heuvelrug National Park,national_park,52.03116,5.42141,,Utrecht,17,2500
Q1113318,Drents-Friese Wold National Park,national_park,52.90972,6.28056,,Ooststellingwerf,16,2500
Q1651298,Lauwersmeer National Park,national_park,53.36389,6.19972,,Groningen,19,2500
Q1651303,Dwingelderveld National Park,national_park,52.81639,6.4075,,Drenthe,13,2500
Q1651381,Schiermonnikoog National Park,national_park,53.4893,6.232,,Schiermonnikoog,16,2500
Q1651436,De Alde Feanen National Park,national_park,53.1203,5.91111,,Smallingerland,14,2500
Q1702815,Weerribben-Wieden National Park,national_park,52.7769,5.9489,,Overijssel,17,2500
Q1702823,Sallandse Heuvelrug National Park,national_park,52.31667,6.41667,,Hellendoorn,17,2500
Q1702833,De Biesbosch National Park,national_park,51.75833,4.75833,,North Brabant,20,2500
Q1702843,Dunes of Texel National Park,national_park,53.14583,4.8025,,Texel,14,2500
Q1702950,De Maasduinen National Park,national_park,51.58861,6.08917,,Limburg,14,2500
Q1703055,Veluwezoom National Park,national_park,52.04844,6.01991,,Gelderland,23,2500
Q1703071,Meinweg National Park,national_park,51.16333,6.11889,,Roerdalen,18,2500
Q123738,Hyde Park,park,51.50861,-0.16361,GB,City of Westminster,63,800
Q160409,Central Park,park,40.7825,-73.96611,US,Manhattan,87,800
Q119892,Green Park,park,51.50417,-0.14361,GB,City of Westminster,40,800
Q133650,Beihai Park,park,39.92444,116.38306,CN,Shichahai Subdistrict,30,800
Q149942,Primrose Hill,park,51.5396,-0.1608,GB,London Borough of Camden,25,800
Q156308,Muskau Park,park,51.54756,14.72323,PL,Bad Muskau,45,800
Q157543,Dessau-Wörlitz Garden Realm,park,51.8636,12.2814,DE,Saxony-Anhalt,36,800
Q165401,Mainau,park,47.705,9.19528,DE,Constance,39,800
Q209626,bois de Boulogne,park,48.86472,2.25083,FR,16th arrondissement of Paris,49,800
Q212248,Ibirapuera Park,park,-23.58833,-46.65889,BR,São Paulo,36,800
Q639503,Ischigualasto Provincial Park,park,-30.11678,-67.91181,AR,San Juan Province,39,800
Q694020,Großer Tiergarten,park,52.51667,13.36667,DE,Bezirk Mitte,36,800
Q699453,Minimundus,park,46.61972,14.26444,AT,Klagenfurt am Wörthersee,28,800
Q734499,Jingshan Park,park,39.92361,116.39056,CN,Shichahai Subdistrict,31,800
Q739341,Regent's Park,park,51.53222,-0.15667,GB,City of Westminster,42,800
Q745296,Flushing Meadows–Corona Park,park,40.74375,-73.84479,US,Queens,35,800
Q746216,Ueno Imperial Grant Park,park,35.71222,139.77111,JP,Ueno-kōen,36,800
Q753064,Mill Ends Park,park,45.51611,-122.67333,US,Portland,37,800
Q818517,Tuileries Garden,park,48.86389,2.32611,FR,1st arrondissement of Paris,48,800
Q822607,Kensington Gardens,park,51.50722,-0.18028,GB,City of Westminster,36,800
Q843869,High Line,park,40.7483,-74.005,US,Manhattan,30,800
Q855493,Exhibition of achievements of national economy,park,55.82972,37.63222,RU,Ostankinsky District,39,800
Q377937,Phoenix Park,park,53.35579,-6.32979,IE,Dublin,29,800
Q427016,City Park,park,47.51389,19.08472,HU,Budapest district XIV,28,800
Q953021,Neverland Ranch,park,34.74542,-120.08826,US,Santa Barbara County,48,800
Q1017532,Bushy Park,park,51.41278,-0.33806,GB,London Borough of Richmond upon Thames,26,800
Q1049632,Prospect Park,park,40.66143,-73.97035,US,Brooklyn,31,800
Q495437,Cheonggyecheon,park,37.56902,126.97771,KR,Seoul,33,800
Q499527,Shalamar Gardens,park,31.58583,74.38194,PK,Lahore,50,800
Q532113,parc des Buttes-Chaumont,park,48.88028,2.38278,FR,19th arrondissement of Paris,26,800
Q550215,Pincian Hill,park,41.91176,12.47965,IT,Rome,25,800
Q289466,Dinosaur Provincial Park,park,50.7617,-111.485,CA,County of Newell,44,800
Q309458,Jardin du Luxembourg,park,48.84694,2.33722,FR,6th arrondissement of Paris,51,800
Q333661,Cahokia,park,38.65389,-90.06444,US,Collinsville,54,800
Q345279,Łazienki Park,park,52.21278,21.03278,PL,Ujazdów,28,800
Q216914,St James's Park,park,51.5025,-0.135,GB,City of Westminster,44,800
Q217925,Champ de Mars,park,48.85613,2.29803,FR,7th arrondissement of Paris,57,800
Q246448,parc de la Villette,park,48.89306,2.39056,FR,Pont-de-Flandre,34,800
Q260223,Englischer Garten,park,48.15278,11.59194,DE,Munich,44,800
Q264752,Prater,park,48.21611,16.39556,AT,Leopoldstadt,36,800
Q271639,Bois de Vincennes,park,48.82806,2.43306,FR,12th arrondissement of Paris,47,800
Q909592,Washington Square Park,park,40.73083,-73.99778,US,Manhattan,28,800
Q912817,Olympic Green,park,40.00303,116.38667,CN,Aoyuncun Subdistrict,25,800
Q929586,Greenwich Park,park,51.4767,0.00013,GB,Royal Borough of Greenwich,35,800
Q935426,Tatshenshini-Alsek Provincial Park,park,59.65,-137.33333,CA,Stikine Region,26,800
Q1126258,Stanley Park,park,49.3,-123.14,CA,Vancouver,32,800
Q1130516,Millennium Park,park,41.8825,-87.6225,US,Illinois,31,800
Q1142072,Richmond Park,park,51.44333,-0.275,GB,London Borough of Richmond upon Thames,33,800
Q599868,Kalemegdan Park,park,44.82442,20.45046,RS,Belgrade,29,800
Q619588,Pyramids of Güímar,park,28.32083,-16.41361,ES,Güímar,34,800
Q630135,Gardens by the Bay,park,1.28332,103.86527,SG,Downtown Core,38,800
Q631128,Miguasha National Park,park,48.11056,-66.36944,CA,Escuminac,35,800
Q635559,Golden Gate Park,park,37.76972,-122.47694,US,San Francisco,35,800
Q1204253,Yoyogi Park,park,35.67198,139.69769,JP,Yoyogi-Kamizonochō,26,800
Q1328025,Yu Garden,park,31.22917,121.4875,CN,Huangpu District,30,800
Q1414059,parc Monceau,park,48.8794,2.30923,FR,Quartier de l'Europe,38,800
Q1432605,Saint Stephen's Green,park,53.33806,-6.25917,IE,Dublin,27,800
Q1472498,Alexander Garden,park,55.75239,37.61385,RU,Tverskoy District,27,800
Q1900234,Gardens of Babur,park,34.503,69.16,AF,Kabul,31,800
Q10478622,Döbelns park,park,63.82278,20.27056,SE,Umeå Municipality,29,800
Q1543478,Algonquin Provincial Park,park,45.8,-78.7,CA,Ontario,27,800
Q1560106,Gülhane Park,park,41.01222,28.98,TR,Fatih,27,800
Q1570958,Hampstead Heath,park,51.56111,-0.16111,GB,London Borough of Barnet,29,800
Q13689,The Battery,park,40.70361,-74.01611,US,Manhattan,32,800
Q16950811,Starbase,park,25.9875,-97.18583,US,Starbase,30,800
Q1419691,Vondelpark,park,52.35694,4.86639,,Amsterdam,26,800
Q133963,Parco Sempione,park,45.47333,9.17528,IT,Milan,16,800
Q159085,Grant Park,park,41.87217,-87.61875,US,Chicago,20,800
Q190494,Zentralfriedhof Friedrichsfelde,park,52.51556,13.51056,DE,Lichtenberg,19,800
Q264176,Schlossberg,park,47.07611,15.43722,AT,Graz,22,800
Q285616,West Potomac Park,park,38.88528,-77.04694,US,"Washington, D.C.",16,800
Q295182,Lancaster Park,park,-43.54194,172.65417,NZ,Christchurch City,19,800
Q540250,Washington-on-the-Brazos,park,30.32399,-96.15354,US,Washington County,17,800
Q562211,Ohlsdorf Cemetery,park,53.62472,10.06167,DE,Hamburg-Nord,17,800
Q646284,National Garden of Athens,park,37.97417,23.73833,GR,Athens Municipality,23,800
Q666937,Treptower Park,park,52.49028,13.47,DE,Treptow-Köpenick,22,800
Q677478,Orangery Palace,park,52.405,13.0296,DE,Potsdam,20,800
Q774654,Villa Doria Pamphili,park,41.88777,12.45056,IT,Rome,17,800
Q1126911,Frogner Park,park,59.92694,10.70111,NO,Oslo Municipality,20,800
Q1132052,Garuda Wisnu Kencana,park,-8.80981,115.16805,ID,Badung,18,800
Q1144894,Hyde Park,park,-33.87333,151.21139,AU,New South Wales,18,800
Q707673,Hofgarten (München),park,48.14278,11.58,DE,Munich,19,800
Q1186358,Nara Park,park,34.68545,135.84341,JP,Nara,21,800
Q1200884,Inokashira Park,park,35.69829,139.57147,JP,Musashino,19,800
Q1229234,Summer Garden,park,59.94472,30.33556,RU,Tsentralny District,23,800
Q810947,Battersea Park,park,51.4793,-0.1573,GB,London Borough of Wandsworth,19,800
Q833646,Bois de la Cambre - Ter Kamerenbos,park,50.80694,4.37778,BE,Brussels,16,800
Q926316,Kungsträdgården,park,59.33194,18.07111,SE,Stockholm Municipality,21,800
Q933185,U Thant Island,park,40.7466,-73.96439,US,Manhattan,23,800
Q943688,Fragrant Hills,park,39.991,116.17969,CN,Xiangshan Subdistrict,17,800
Q945251,parc de Bercy,park,48.83534,2.3826,FR,12th arrondissement of Paris,20,800
Q950446,parc de Belleville,park,48.87083,2.38472,FR,20th arrondissement of Paris,17,800
Q952197,Kaa-Iya del Gran Chaco National Park and Integrated Management Natural Area,park,-19.1059,-61.70061,BO,Santa Cruz Department,17,800
Q970561,"Zhongshan Park (Beijing, China)",park,39.9083,116.388,CN,Donghuamen Subdistrict,16,800
Q977437,Lumphini Park,park,13.73111,100.54167,TH,Lumphini,22,800
Q977947,Vauxhall Gardens,park,51.48667,-0.12183,GB,London Borough of Lambeth,21,800
Q995174,Bryant Park,park,40.75381,-73.98361,US,Manhattan,22,800
Q1038727,Kasai Rinkai Park,park,35.64286,139.86257,JP,Rinkaichō,19,800
Q1067006,Mini-Europe,park,50.89417,4.33861,BE,Brussels,24,800
Q1085952,Miniatürk,park,41.06,28.94861,TR,Istanbul,21,800
Q1089333,Chugach State Park,park,61.05194,-149.79694,US,Matanuska-Susitna Borough,16,800
Q1101790,Cinquantenaire Park,park,50.84056,4.39278,BE,Brussels,23,800
Q1381505,Royal Natal National Park,park,-28.689,28.945,ZA,KwaZulu-Natal,16,800
Q1435468,Parc del Laberint d'Horta,park,41.44028,2.14556,ES,Hort,16,800
Q1538929,parc Montsouris,park,48.82222,2.33833,FR,14th arrondissement of Paris,23,800
Q494440,Planten un Blomen,park,53.56111,9.98333,DE,Hamburg-Mitte,18,800
Q383296,Olympiapark,park,48.17,11.55167,DE,Milbertshofen-Am Hart,21,800
Q1330941,Royal Parks of London,park,51.5081,-0.1654,GB,,24,800
Q1339602,Riverside Park,park,40.804,-73.97,US,Manhattan,19,800
Q1340614,Griffith Park,park,34.1333,-118.3,US,Los Angeles,20,800
Q1368319,Esplanadi park,park,60.1675,24.94778,FI,Helsinki,20,800
Q1683459,jardins du Trocadéro,park,48.86139,2.28963,FR,16th arrondissement of Paris,22,800
Q1683522,Yarkon Park,park,32.1,34.81,IL,Tel Aviv,19,800
Q1755360,Presidio of San Francisco,park,37.79806,-122.46583,US,San Francisco,23,800
Q1789113,Marjan,park,43.50855,16.40934,HR,Varoš,17,800
Q1818005,Yıldız Park,park,41.04833,29.01556,TR,Beşiktaş,18,800
Q1970053,Nordostrundingen,park,81.51667,-12.13333,GL,Northeast Greenland National Park,17,800
Q2000387,Villa Ada,park,41.93204,12.5015,IT,Rome,16,800
Q2051953,Parc André Citroën,park,48.84056,2.27528,FR,Javel,18,800
Q2060889,Coulée verte René-Dumont,park,48.84957,2.3711,FR,12th arrondissement of Paris,22,800
Q2062450,Tašmajdan Park,park,44.80917,20.47083,RS,Palilula City Municipality,17,800
Q2074133,Herăstrău Park,park,44.47921,26.08169,RO,Bucharest,21,800
Q2123262,Lincoln Park,park,41.94,-87.635,US,Chicago,16,800
Q2302764,Window of the World,park,22.5375,113.97,CN,Shahe Subdistrict,17,800
Q2304363,Saxon Garden,park,52.24056,21.00861,PL,Warsaw,19,800
Q2306339,Rizal Park,park,14.58167,120.97669,PH,Q1111831,22,800
Q3025956,Ubud Monkey Forest,park,-8.51882,115.25838,ID,Gianyar,16,800
Q3107971,Odori Park,park,43.05972,141.34639,JP,Sapporo,21,800
Q3355305,Alameda Central Park,park,19.43556,-99.14389,MX,Cuauhtémoc,17,800
Q3364237,Victory Park,park,40.1961,44.5216,AM,Yerevan,17,800
Q3466525,Superkilen,park,55.70083,12.5427,DK,Copenhagen Municipality,16,800
Q2665945,Baku Boulevard,park,40.36,49.8371,AZ,Baku,20,800
Q2918611,Hong Kong Park,park,22.27716,114.16146,CN,Central and Western District,18,800
Q2918614,Kowloon Park,park,22.30028,114.17044,CN,Yau Tsim Mong District,18,800
Q2920537,Holyland Model of Jerusalem,park,31.7732,35.2023,IL,,17,800
Q2985076,Lodi Gardens,park,28.59444,77.22,IN,New Delhi district,17,800
Q1859009,Popeye Village,park,35.96085,14.3413,MT,Northern Region,21,800
Q1945780,Planty Park,park,50.06556,19.94,PL,Kraków,18,800
Q2428528,Tivoli City Park,park,46.0539,14.4967,SI,Ljubljana,17,800
Q2519690,Andasibe-Mantadia National Park,park,-18.82667,48.44778,MG,Toamasina Province,22,800
Q8051,"Queen's Hamlet, Versailles",park,48.81861,2.11278,FR,Versailles,18,800
Q25711,Brühl's Terrace,park,51.05343,13.74021,DE,Dresden,20,800
Q36856,Zwin,park,51.36696,3.36911,BE,Sluis,18,800
Q49132,Boston Common,park,42.355,-71.06556,US,Boston,19,800
Q6048634,Gezi Park,park,41.03833,28.98694,TR,Beyoğlu,24,800
Q8038519,Writing-on-Stone Provincial Park,park,49.0819,-111.617,CA,County of Warner No. 5,18,800
Q9504937,Ariel Sharon Park,park,32.02692,34.82409,IL,Bik'at Ono,20,800
Q10709148,Umestan business park,park,63.83442,20.26,SE,Umeå Municipality,23,800
Q10717405,Vänorts Park,park,63.82444,20.26833,SE,Umeå Municipality,20,800
Q11431452,Yumenoshima Park,park,35.65075,139.82556,JP,Yumenoshima,18,800
Q13054738,Lovers' Park,park,40.19139,44.50611,AM,Yerevan,18,800
Q15216664,English Park,park,40.17417,44.50806,AM,Yerevan,19,800
Q19908995,Zaryadye Park,park,55.751,37.629,RU,Tverskoy District,19,800
Q21036724,Dubai Miracle Garden,park,25.05981,55.24454,AE,Dubai,17,800
Q108146920,Vrelo Bosne,park,43.8185,18.26997,BA,Sarajevo Canton,24,800
Q34221,Niagara Falls,waterfall,43.08,-79.071,CA,New York,135,500
Q36332,Iguaçu Falls,waterfall,-25.69528,-54.43667,BR,Paraná,99,500
Q43278,Victoria Falls,waterfall,-17.92478,25.85806,ZM,Matabeleland North Province,111,500
Q80299,Angel Falls,waterfall,5.97006,-62.53622,VE,Bolívar,93,500
Q37401,Jägala Waterfall,waterfall,59.44992,25.17864,EE,Jõelähtme Rural Municipality,33,500
Q37426,Valaste Waterfall,waterfall,59.44389,27.33528,EE,Jõhvi Rural Municipality,26,500
Q37472,Kravica,waterfall,43.15583,17.60833,BA,Federation of Bosnia and Herzegovina,26,500
Q37545,Dudhsagar Falls,waterfall,15.31277,74.31416,IN,Goa,27,500
Q37580,Kegon Falls,waterfall,36.73789,139.502,JP,Nikkō-shi,34,500
Q37683,Maletsunyane Falls,waterfall,-29.86861,28.05167,LS,,27,500
Q38120,Kaieteur Falls,waterfall,5.17811,-59.48228,GY,Potaro-Siparuni,38,500
Q38161,Khone Phapheng Falls,waterfall,13.95972,105.98667,LA,Champasak Province,39,500
Q38212,Ouzoud Falls,waterfall,32.01528,-6.71889,MA,Ouzoud,34,500
Q38339,Seven Sisters waterfall,waterfall,62.10703,7.09422,NO,Stranda Municipality,30,500
Q38397,Shivanasamudra Falls,waterfall,12.294,77.168,IN,Karnataka,25,500
Q38417,Boyoma Falls,waterfall,0.49111,25.20639,CD,Kisangani,45,500
Q38432,Huangguoshu Waterfall,waterfall,25.992,105.666,CN,Huangguoshu,33,500
Q38519,Gullfoss,waterfall,64.32611,-20.12111,IS,Bláskógabyggð,47,500
Q38577,Glymur,waterfall,64.39092,-21.25184,IS,Hvalfjarðarsveit,31,500
Q38580,Cascata delle Marmore,waterfall,42.55106,12.71522,IT,Terni,33,500
Q38588,Vøringfossen,waterfall,60.42689,7.25114,NO,Eidfjord Municipality,25,500
Q38852,Keila Waterfall,waterfall,59.396,24.29472,EE,Lääne-Harju Rural Municipality,31,500
Q39544,Augrabies Falls,waterfall,-28.59139,20.34083,ZA,Northern Cape,34,500
Q183395,Reichenbach Falls,waterfall,46.71361,8.18306,CH,Canton of Berne,37,500
Q187918,Epupa Falls,waterfall,-17.0,13.25,AO,,30,500
Q210280,Dettifoss,waterfall,65.82192,-16.38817,IS,Northeastern Region,47,500
Q214924,Rhine Falls,waterfall,47.67722,8.61583,CH,Canton of Zurich,48,500
Q223649,Tugela Falls,waterfall,-28.7522,28.8941,ZA,KwaZulu-Natal,42,500
Q281535,Dynjandi,waterfall,65.7325,-23.19806,IS,Westfjords,26,500
Q291233,Churchill River,waterfall,53.36028,-60.17083,CA,Newfoundland and Labrador,25,500
Q307675,Öxarárfoss,waterfall,64.26582,-21.11792,IS,Bláskógabyggð,25,500
Q491677,Yosemite Falls,waterfall,37.75502,-119.5973,US,Mariposa County,40,500
Q495475,Murchison Falls,waterfall,2.27833,31.68556,UG,Uganda,35,500
Q512389,Gocta Cataracts,waterfall,-6.02306,-77.88722,PE,Amazonas Department,28,500
Q559340,Livingstone Falls,waterfall,-4.32194,15.20778,CG,Pool Department,38,500
Q639731,Krimml Waterfalls,waterfall,47.19806,12.17139,AT,Krimml,37,500
Q672241,Jog Falls,waterfall,14.23,74.81278,IN,Shimoga district,41,500
Q686835,Staubbach Falls,waterfall,46.58965,7.90551,CH,Canton of Berne,25,500
Q777882,Seljalandsfoss,waterfall,63.61583,-19.99278,IS,Rangárþing eystra,41,500
Q798283,Kalambo Falls,waterfall,-8.59642,31.23955,TZ,Rukwa Region,27,500
Q940305,Kalandula Falls,waterfall,-9.07583,16.00333,AO,Malanje Province,30,500
Q940892,Guaíra Falls,waterfall,-24.073,-54.284,BR,Saltos del Guairá,30,500
Q983252,Ban Gioc–Detian Falls,waterfall,22.85639,106.72194,CN,Cao Bằng,28,500
Q1101379,Ruacana Falls,waterfall,-17.39361,14.21694,AO,,27,500
Q1130718,Skógafoss,waterfall,63.53212,-19.51138,IS,Southern Region,37,500
Q1137629,Goðafoss,waterfall,65.68313,-17.55038,IS,Þingeyjarsveit,38,500
Q1145786,Svartifoss,waterfall,64.0277,-16.97525,IS,Sveitarfélagið Hornafjörður,29,500
Q1266055,Blue Nile Falls,waterfall,11.4905,37.5878,ET,Amhara Region,32,500
Q1429734,Selfoss,waterfall,65.8049,-16.38638,IS,Northeastern Region,27,500
Q1827108,Aldeyjarfoss,waterfall,65.36643,-17.33653,IS,Northeastern Region,26,500
Q2584261,Kuang Si Falls,waterfall,19.74917,101.99167,LA,Luang Prabang Province,25,500
Q3361971,Vinnufossen,waterfall,62.66345,8.66994,NO,Sunndal Municipality,26,500
Q38408,Sutherland Falls,waterfall,-44.80028,167.73028,NZ,Southland Region,24,500
Q38413,Shaki Waterfall,waterfall,39.55222,45.99389,AM,,17,500
Q38437,Vettisfossen,waterfall,61.38,7.94583,NO,Årdal Municipality,19,500
Q38445,Smolare Falls,waterfall,41.36528,22.89917,MK,,22,500
Q38448,Purakaunui Falls,waterfall,-46.52041,169.56321,NZ,Clutha District,15,500
Q38477,Huka Falls,waterfall,-38.65092,176.08997,NZ,Taupō District,19,500
Q38525,Howick Falls,waterfall,-29.48667,30.28972,ZA,KwaZulu-Natal,16,500
Q38531,Barron Falls,waterfall,-16.83444,145.64361,AU,Shire of Mareeba,14,500
Q38536,Florence Falls,waterfall,-13.0992,130.783,AU,Northern Territory,14,500
Q38586,Nevada Fall,waterfall,37.72528,-119.53278,US,Mariposa County,17,500
Q38593,Baatara gorge waterfall,waterfall,34.17343,35.87037,LB,Tannourine,18,500
Q38604,Virginia Falls,waterfall,61.6072,-125.737,CA,Northwest Territories,14,500
Q38832,Pagsanjan Falls,waterfall,14.26259,121.49996,PH,Cavinti,16,500
Q40417,Wallaman Falls,waterfall,-18.5922,145.8017,AU,Queensland,15,500
Q6414333,Kintampo waterfalls,waterfall,8.08965,-1.69739,GH,Kintampo North Municipal Assembly,14,500
Q15560122,Wli waterfalls,waterfall,7.10583,0.60889,GH,Hohoe,16,500
Q16845075,Boti Falls,waterfall,6.16472,-0.20139,GH,Eastern Region,14,500
Q38097,Agaya Gangai,waterfall,11.26694,78.39389,IN,Tamil Nadu,14,500
Q38141,Trümmelbach Falls,waterfall,46.56907,7.91498,CH,Canton of Berne,23,500
Q38144,Trollhättan Falls,waterfall,58.28167,12.27833,SE,Trollhättan Municipality,19,500
Q38221,Maria Cristina Falls,waterfall,8.18333,124.19444,PH,Iligan,17,500
Q38305,Oloʻupena Falls,waterfall,21.15583,-156.85667,US,Maui County,20,500
Q38323,Yumbilla Falls,waterfall,-5.9199,-77.9012,PE,Amazonas Department,22,500
Q38369,Shifen waterfall,waterfall,25.04939,121.78774,TW,Pingxi District,19,500
Q38372,Chitrakoot Falls,waterfall,19.2065,81.69998,IN,Jagdalpur,19,500
Q38373,Nohsngithiang Falls,waterfall,25.24278,91.74083,IN,Meghalaya,16,500
Q38377,Palaruvi Falls,waterfall,8.98026,77.16409,IN,Aryankavu,15,500
Q38386,Vantawng Falls,waterfall,23.25692,92.76246,IN,Serchhip district,14,500
Q38402,Dry Falls,waterfall,47.60572,-119.35364,US,Grant County,18,500
Q38411,Shiraito Falls,waterfall,35.3125,138.58889,JP,Shizuoka Prefecture,20,500
Q3044963,Ramnefjellsfossen,waterfall,61.78941,6.96664,NO,Stryn Municipality,22,500
Q3089832,Hopetoun Falls,waterfall,-38.65722,143.57972,AU,Victoria,14,500
Q3123675,Mutarazi Falls,waterfall,-18.4842,32.7925,ZW,Manicaland Province,21,500
Q3324444,Morsárfoss,waterfall,64.1096,-16.86513,IS,Sveitarfélagið Hornafjörður,14,500
Q3435229,Skakavac Waterfall,waterfall,43.94862,18.44884,BA,Sarajevo Canton,15,500
Q3694612,Hundru Falls,waterfall,23.45,85.65,IN,Ranchi district,14,500
Q4115462,Geli Eli Beg Waterfall,waterfall,36.63139,44.44611,IQ,,14,500
Q4195389,Gadelsha Falls,waterfall,52.75754,58.3722,RU,Russia,14,500
Q5402647,Eternal Flame Falls,waterfall,42.70177,-78.75171,US,Orchard Park,14,500
Q5683183,Havasu Falls,waterfall,36.255,-112.69778,US,Havasupai Indian Reservation,14,500
Q19558,Inga Falls,waterfall,-5.5,13.625,CD,Kongo Central,21,500
Q37305,Browne Falls,waterfall,-45.39935,167.0858,NZ,Southland Region,17,500
Q37314,Apsley Falls,waterfall,-31.05021,151.76956,AU,New South Wales,15,500
Q37319,Multnomah Falls,waterfall,45.57595,-122.11536,US,Multnomah County,24,500
Q37334,Teerathgarh Falls,waterfall,18.91417,81.86528,IN,Chhattisgarh,15,500
Q37385,Horsetail Fall,waterfall,37.7291,-119.628,US,Mariposa County,23,500
Q37387,Låtefossen,waterfall,59.94767,6.58517,NO,Odda Municipality,20,500
Q37389,High Force,waterfall,54.65028,-2.1875,GB,Holwick,19,500
Q37403,Njupeskär,waterfall,61.63611,12.68833,SE,Älvdalen Municipality,24,500
Q37505,Yellala Falls,waterfall,-5.72565,13.54408,CD,Kongo Central,15,500
Q37540,Bambarakanda Falls,waterfall,6.77333,80.83111,LK,,14,500
Q37563,Athirappilly Falls,waterfall,10.28472,76.56861,IN,Athirappilly Grama Panchayat,17,500
Q37598,Korab Falls,waterfall,41.76312,20.53757,MK,,18,500
Q37648,Gitgit Waterfall,waterfall,-8.1913,115.1347,ID,Buleleng,14,500
Q37729,Hogenakkal Falls,waterfall,12.1192,77.774,IN,Dharmapuri district,22,500
Q37799,Churchill Falls,waterfall,53.59472,-64.30833,CA,Newfoundland and Labrador,17,500
Q37820,Eas a' Chùal Aluinn,waterfall,58.20455,-4.9285,GB,Highland,15,500
Q37879,Paulo Afonso Falls,waterfall,-9.38909,-38.19577,BR,Paulo Afonso,16,500
Q38091,Irupu Falls,waterfall,11.96728,75.98377,IN,Kodagu district,14,500
Q155246,Hierve el Agua,waterfall,16.86552,-96.276,MX,San Lorenzo Albarradas Municipality,14,500
Q203406,Kjosfossen,waterfall,60.74611,7.1375,NO,Aurland Municipality,14,500
Q292937,Ófærufoss,waterfall,63.96423,-18.61741,IS,Skaftárhreppur,22,500
Q319104,Röthbach Waterfall,waterfall,47.503,13.012,DE,Berchtesgaden,14,500
Q391146,Laja Falls,waterfall,-37.21556,-72.38333,CL,Biobío Region,19,500
Q427971,Hraunfossar,waterfall,64.70279,-20.97985,IS,Borgarbyggð,20,500
Q477594,Lofoi Falls,waterfall,-10.26028,27.60639,CD,Katanga Province,17,500
Q487912,Ripon Falls,waterfall,0.43391,33.19352,UG,,16,500
Q490295,Tequendama Falls,waterfall,4.57486,-74.29339,CO,Cundinamarca Department,19,500
Q552906,Powerscourt Waterfall,waterfall,53.146,-6.211,IE,,17,500
Q577886,Agua Azul,waterfall,17.2557,-92.11595,MX,Tumbalá Municipality,19,500
Q593481,Trou de Fer,waterfall,-21.04028,55.55694,FR,Bras-Panon,15,500
Q602973,Hukou Waterfalls,waterfall,36.14722,110.44389,CN,Hukou,19,500
Q606130,Gouina Falls,waterfall,14.015,-11.1025,ML,Kayes Region,15,500
Q616058,Kjelfossen,waterfall,60.87411,6.85206,NO,Aurland Municipality,17,500
Q626640,Barnafossar,waterfall,64.70177,-20.97336,IS,Borgarbyggð,14,500
Q650634,Triberg Waterfalls,waterfall,48.12611,8.2275,DE,,15,500
Q731954,Shōmyō Falls,waterfall,36.57528,137.52333,JP,Ashikuraji,16,500
Q739181,Athabasca Falls,waterfall,52.66444,-117.88377,CA,Jasper National Park,18,500
Q845082,Bøsdalafossur,waterfall,62.0237,-7.2396,FO,,14,500
Q954384,Karfiguéla waterfalls,waterfall,10.72228,-4.821,BF,Karfiguéla,18,500
Q959903,Rusumo Falls,waterfall,-2.37528,30.7925,TZ,,19,500
Q980134,Tagbo Falls,waterfall,7.14083,0.33306,GH,Volta Region,16,500
Q986495,Rjukanfossen,waterfall,59.86644,8.47896,NO,Tinn,14,500
Q1030911,Yellowstone Falls,waterfall,44.71799,-110.49604,US,Wyoming,15,500
Q1244151,Háifoss,waterfall,64.20778,-19.68583,IS,Árnessýsla,22,500
Q1266226,Dunn's River Falls,waterfall,18.41583,-77.13806,JM,Saint Ann Parish,16,500
Q1320475,American Falls,waterfall,43.085,-79.07,US,Niagara Falls,16,500
Q1365882,Nachi Falls,waterfall,33.672,135.891,JP,Nachikatsuura,24,500
Q1373778,Horseshoe Falls,waterfall,43.07731,-79.07562,CA,Niagara Falls,18,500
Q1471951,Mardalsfossen,waterfall,62.4714,8.1199,NO,Molde Municipality,20,500
Q1496402,Gavarnie Falls,waterfall,42.69333,-0.00444,FR,Hautes-Pyrénées,19,500
Q1539726,Smallwood Reservoir,waterfall,54.09639,-64.01111,CA,Newfoundland and Labrador,18,500
Q1568140,Hafragilsfoss,waterfall,65.83206,-16.39965,IS,Northeastern Region,16,500
Q1605186,Hengifoss,waterfall,65.09513,-14.889,IS,Fljótsdalshreppur,16,500
Q1621383,Hjálparfoss,waterfall,64.116,-19.84965,IS,Árnessýsla,14,500
Q1650303,Ngonye Falls,waterfall,-16.65327,23.57583,ZM,Western Province,21,500
Q1752963,Saint Anthony Falls,waterfall,44.98167,-93.25861,US,Minneapolis,17,500
Q1789467,Steinsdalsfossen,waterfall,60.37083,6.10278,NO,Kvam Municipality,17,500
Q1805231,Langfossen,waterfall,59.84444,6.33889,NO,Etne Municipality,16,500
Q1890166,Álafoss,waterfall,64.16664,-21.67587,IS,Mosfellsbær,16,500
Q1939427,Venta Rapid,waterfall,56.96806,21.97889,LV,Kuldīga,24,500
Q1946396,Montmorency Falls,waterfall,46.89083,-71.1475,CA,Quebec City,17,500
Q2097111,Cuquenan Falls,waterfall,5.19671,-60.81453,VE,,15,500
Q2326924,Pitsusköngäs,waterfall,69.20045,21.27833,FI,Enontekiö,15,500
Q2360422,Bridalveil Fall,waterfall,37.71675,-119.64651,US,Mariposa County,16,500
Q2608119,Caracol Falls,waterfall,-29.31119,-50.85444,BR,Rio Grande do Sul,19,500
Q2620166,Vernal Fall,waterfall,37.7274,-119.544,US,Mariposa County,15,500
Q2662478,Mongefossen,waterfall,62.44281,7.89529,NO,Rauma Municipality,19,500
Q2666468,Düden Waterfalls,waterfall,36.9638,30.7269,TR,Antalya,21,500
Q2748822,Thomson's Falls,waterfall,0.04417,36.37028,KE,,16,500
Q2757091,Faxi,waterfall,64.22522,-20.33658,IS,Bláskógabyggð,16,500
Q2940841,Glandieu Fall,waterfall,45.66605,5.61271,FR,Brégnier-Cordon,14,500
Q2990535,Uchan-su,waterfall,44.4925,34.09222,RU,,19,500
Q2994984,Kivach waterfall,waterfall,62.27528,33.97972,RU,Karelia,18,500
Q118841,Grand Canyon,canyon,36.0975,-112.09528,US,Arizona,116,2000
Q28061,Quebrada de Humahuaca,canyon,-23.19986,-65.34886,AR,Jujuy Province,50,2000
Q308926,Antelope Canyon,canyon,36.85778,-111.37222,US,Arizona,44,2000
Q388641,Eldgjá,canyon,63.96662,-18.60913,IS,,29,2000
Q610055,Kodori Valley,canyon,43.1,41.8,GE,Autonomous Republic of Abkhazia,29,2000
Q627095,Pankisi Gorge,canyon,42.11667,45.26667,GE,,27,2000
Q647958,Ironbridge Gorge,canyon,52.62639,-2.47278,GB,The Gorge,32,2000
Q687057,Verdon Gorge,canyon,43.73778,6.36389,FR,Alpes-de-Haute-Provence,28,2000
Q1128366,Samariá Gorge National Park,canyon,35.27111,23.96139,GR,Sfakia Municipality,35,2000
Q1165879,Darial Gorge,canyon,42.74472,44.6225,RU,Vladikavkaz,36,2000
Q1235610,Valley of Geysers,canyon,54.43056,160.13944,RU,,32,2000
Q1460797,Tiger Leaping Gorge,canyon,27.23,100.14,CN,,26,2000
Q2231598,Charyn Canyon,canyon,43.36194,79.09056,KZ,Almaty Region,27,2000
Q2278990,Matka Canyon,canyon,41.94,21.3,MK,,28,2000
Q15061872,Vikos Gorge,canyon,39.92889,20.74083,GR,Epirus Region,25,2000
Q2035798,Ithaca Chasma,canyon,-15.0,50.0,,,19,2000
Q2452438,Chasma Boreale,canyon,82.54,312.36,,,17,2000
Q19742,Yarlung Tsangpo Grand Canyon,canyon,29.76974,94.98985,CN,Tibet Autonomous Region,22,2000
Q301191,Aare Gorge,canyon,46.71778,8.21361,CH,Canton of Berne,21,2000
Q666865,Viamala,canyon,46.66154,9.44921,CH,Canton of the Grisons,21,2000
Q671860,Vintgar Gorge,canyon,46.39472,14.08722,SI,Municipality of Jesenice,24,2000
Q673287,Three Gorges,canyon,31.04278,109.56139,CN,,24,2000
Q673317,Macocha Gorge,canyon,49.37324,16.72982,CZ,Vilémovice,18,2000
Q775138,Sumidero Canyon,canyon,16.84833,-93.10556,MX,Chiapas,20,2000
Q886892,Blyde River Canyon,canyon,-24.56389,30.8075,ZA,Mpumalanga,19,2000
Q956845,Fjaðrárgljúfur,canyon,63.77666,-18.17633,IS,Southern Region,18,2000
Q1112581,Columbia River Gorge,canyon,45.70472,-121.79167,US,Clark County,16,2000
Q1538251,Gorges du Tarn,canyon,44.355,3.56167,FR,Aveyron,17,2000
Q2047083,Boom Gorge,canyon,42.58333,75.8,KG,,17,2000
Q2118373,Siq,canyon,30.32301,35.45649,JO,Ma'an Governorate,18,2000
Q2574575,Tara River Canyon,canyon,43.25079,19.00847,BA,Pljevlja Municipality,19,2000
Q4163282,Dniester Canyon,canyon,48.7661,25.5995,UA,Chernivtsi Oblast,17,2000
Q14759900,Greenland's Grand Canyon,canyon,79.0,-46.0,GL,Northeast Greenland National Park,21,2000
Q43171,Thien Duong Cave,cave,17.51951,106.22297,VN,,67,500
Q43286,Mogao Caves,cave,40.03722,94.80417,CN,Dunhuang,65,500
Q44889,Son Doong Cave,cave,17.45694,106.2875,VN,Quảng Bình,83,500
Q172125,Lascaux,cave,45.05377,1.17096,FR,Montignac-Lascaux,69,500
Q184427,Ajanta Caves,cave,20.55342,75.70047,IN,Aurangabad district,83,500
Q189616,Ellora Caves,cave,20.02639,75.17917,IN,Aurangabad district,74,500
Q15903,Postojna Cave,cave,45.78276,14.20366,SI,Municipality of Postojna,51,500
Q223385,Cueva de las Manos,cave,-47.15,-70.66667,AR,Lago Buenos Aires,55,500
Q254117,Eisriesenwelt,cave,47.50278,13.18972,AT,Werfen,34,500
Q263710,Gutmanis Cave,cave,57.17631,24.84231,LV,Sigulda,25,500
Q273834,Longmen Grottoes,cave,34.55556,112.46972,CN,Luolong District,52,500
Q284340,Dobšinská Ice Cave,cave,48.86833,20.30444,SK,Rožňava District,28,500
Q308805,Yungang Grottoes,cave,40.10972,113.12222,CN,Pingcheng District,51,500
Q331603,Bhimbetka rock shelters,cave,22.93863,77.61438,IN,Raisen district,59,500
Q374096,Chauvet Cave,cave,44.38812,4.41614,FR,Vallon-Pont-d'Arc,59,500
Q403134,Fingal's Cave,cave,56.43139,-6.34142,GB,Argyll and Bute,36,500
Q463159,Prehistoric Sites and Decorated Caves of the Vézère Valley,cave,45.0575,1.17,FR,Dordogne,25,500
Q489820,Seokguram,cave,35.795,129.34917,KR,North Gyeongsang,41,500
Q492760,Movile Cave,cave,43.82667,28.55722,RO,Constanța County,25,500
Q500376,Škocjan Caves,cave,45.665,13.99472,SI,Municipality of Divača,48,500
Q649384,Elephanta Caves,cave,18.96333,72.93139,IN,Raigad district,56,500
Q683110,Head-Smashed-In Buffalo Jump,cave,49.7494,-113.625,CA,Municipal District of Willow Creek No. 26,36,500
Q687629,Batu Caves,cave,3.2374,101.68391,MY,Gombak,42,500
Q778747,Horse Cave,cave,37.17623,-85.90614,US,Hart County,35,500
Q850602,Hira,cave,21.45756,39.85942,SA,Mecca,45,500
Q884971,Blombos Cave,cave,-34.41444,21.2225,ZA,,27,500
Q899302,Cave of Altamira and Paleolithic Cave Art of Northern Spain,cave,43.3825,-4.11611,ES,Asturias,27,500
Q908287,Domica,cave,48.47861,20.47278,SK,Rožňava District,25,500
Q909799,Shanidar Cave,cave,36.8006,44.2433,IQ,Erbil Governorate,42,500
Q919184,Krubera Cave,cave,43.40972,40.36222,GE,Autonomous Republic of Abkhazia,39,500
Q980774,Bezeklik Thousand Buddha Caves,cave,42.95543,89.53973,CN,Turpan,30,500
Q1029322,Denisova Cave,cave,51.39758,84.67621,RU,Soloneshensky District,33,500
Q1190524,Cave of the Crystals,cave,27.85083,-105.49639,MX,Naica,32,500
Q1234019,Kizil Caves,cave,41.78444,82.50472,CN,Baicheng County,28,500
Q1355749,Gorham's Cave,cave,36.12077,-5.34239,GB,Gibraltar,37,500
Q1356198,Kanheri Caves,cave,19.2083,72.9064,IN,Mumbai Suburban district,26,500
Q1404282,Kondoa Rock Art Sites,cave,-4.72444,35.83389,TZ,Kondoa District,34,500
Q1476862,Sterkfontein,cave,-26.01604,27.73456,ZA,Gauteng,31,500
Q1501051,Neptune's Grotto,cave,40.56485,8.16014,IT,Alghero,25,500
Q1552568,Jeita Grotto,cave,33.94392,35.64061,LB,Keserwan District,30,500
Q1632877,Rock Paintings of Hua Mountain,cave,22.24833,107.04228,CN,Ningming County,31,500
Q1641035,Optymistychna Cave,cave,48.7349,25.9737,PL,Ternopil Oblast,28,500
Q1643788,Kapova Cave,cave,53.04444,57.06389,RU,Burzyansky District,38,500
Q1884722,Magura Cave,cave,43.71833,22.60028,BG,Vidin,29,500
Q1978886,Cave of the Apocalypse,cave,37.31417,26.54444,GR,Patmos Municipality,27,500
Q1984562,Niah National Park,cave,3.81389,113.78139,MY,Sarawak,30,500
Q2002193,Azykh Cave,cave,39.61919,46.9886,AZ,Khojavend District,31,500
Q2302464,Petralona cave,cave,40.3697,23.15915,GR,Nea Propontida Municipality,26,500
Q2607150,Kungur Ice Cave,cave,57.44028,57.00722,RU,Perm Krai,25,500
Q2880621,Vjetrenica,cave,42.84583,17.98389,BA,Zavala,29,500
Q46605456,Veryovkina Cave,cave,43.39611,40.35361,GE,Autonomous Republic of Abkhazia,25,500
Q1994964,Frasassi Caves,cave,43.43056,12.93583,IT,Genga,23,500
Q2037533,"Kozarnika, Dimovo Municipality",cave,43.65284,22.69535,BG,Belogradchik,17,500
Q2121357,Qafzeh Cave,cave,32.68852,35.318,IL,Northern District,17,500
Q2169018,Cueva de Nerja,cave,36.762,-3.84486,ES,Nerja,20,500
Q2298812,Wolf Cave,cave,62.30288,21.66087,FI,Karijoki,19,500
Q2580424,Creswell Crags,cave,53.2612,-1.19793,GB,Holbeck,16,500
Q2666120,Diepkloof Rock Shelter,cave,-32.38667,18.45278,ZA,Western Cape,17,500
Q2670579,Avshalom Cave,cave,31.75583,35.02333,IL,Beit Shemesh,16,500
Q2672127,Grotte de Spy,cave,50.48019,4.6745,BE,Spy,17,500
Q2906739,Tabun cave,cave,32.6705,34.9655,IL,Hof HaCarmel Regional Council,20,500
Q3110294,Wild Lake,cave,45.98222,14.02806,SI,Idrija,16,500
Q3490271,Jaskinia Wielka Śnieżna,cave,49.24,19.92306,PL,,16,500
Q3536413,Udayagiri and Khandagiri Caves,cave,20.2628,85.786,IN,Khordha district,18,500
Q3647379,Prometheus Cave,cave,42.37687,42.60052,GE,Tsqaltubo Municipality,20,500
Q3657889,Prohodna Cave,cave,43.1758,24.0731,BG,Bosnek,16,500
Q3776436,Cueva de La Pasiega,cave,43.2889,-3.9658,ES,Puente Viesgo,18,500
Q4362259,Orda Cave,cave,57.182,56.88806,RU,Perm Krai,17,500
Q4449657,Tağlar Cave,cave,39.60493,46.96492,AZ,Böyük Tağlar,19,500
Q4724513,Ali-Sadr Cave,cave,35.30161,48.30388,IR,Kabudarahang County,16,500
Q4838907,Bacho Kiro cave,cave,42.94667,25.43028,BG,Dryanovo,21,500
Q5054950,Cave of Euripides,cave,37.88218,23.4522,GR,Salamina Municipality,23,500
Q5101060,Chinhoyi Caves,cave,-17.35,30.125,ZW,,16,500
Q6372431,Karla Caves,cave,18.78333,73.47056,IN,Pune district,23,500
Q7070592,Nutty Putty Cave,cave,40.0975,-112.037,US,Utah,21,500
Q7398333,Saeva dupka cave,cave,43.04761,24.1879,BG,Brestnitsa,18,500
Q8352475,Tito Bustillo Cave,cave,43.46083,-5.06778,ES,Ribadesella,16,500
Q12244393,Caves of Hercules,cave,35.76028,-5.93917,MA,Tangier,18,500
Q12297316,The Womb,cave,41.70496,25.24778,BG,Kardzhali,16,500
Q13055927,Kinderle Cave,cave,54.15694,56.85444,RU,Bashkortostan,20,500
Q13424609,Theopetra Cave,cave,39.68249,21.68191,GR,Meteora Municipality,20,500
Q15067212,Apidima Cave,cave,36.66258,22.36244,GR,East Mani municipality,19,500
Q16899337,Rising Star Cave,cave,-26.02036,27.70923,ZA,,19,500
Q34003,Mezmaiskaya cave,cave,44.16667,40.0,RU,Apsheronsky District,17,500
Q42202,New Athos Cave,cave,43.09065,40.81001,GE,Autonomous Republic of Abkhazia,23,500
Q29886508,Coreca Caves,cave,39.09361,16.08417,IT,Amantea,21,500
Q1799347,Laas Gaal,cave,9.78028,44.44333,,Hargeisa,24,500
Q1737670,Kebara Cave,cave,32.55772,34.93667,IL,Haifa District,24,500
Q1758359,Pech Merle cave,cave,44.50806,1.64444,FR,Cabrerets,19,500
Q1779044,Cross Cave,cave,45.82,14.24583,SI,Municipality of Cerknica,16,500
Q1788663,Surtshellir,cave,64.78167,-20.72372,IS,Borgarbyggð,19,500
Q1822737,Liang Bua,cave,-8.53417,120.46028,ID,,16,500
Q1885375,Maijishan Grottoes,cave,34.35014,106.00597,CN,Tianshui,21,500
Q1957269,Moravian Karst,cave,49.27806,16.73417,CZ,Brno-Country District,23,500
Q167862,Taforalt Cave,cave,34.81056,-2.40833,MA,Oujda,18,500
Q264242,Cave of Niaux,cave,42.82083,1.59361,FR,Niaux,18,500
Q282839,Ear of Dionysius,cave,37.07624,15.27625,IT,Syracuse,20,500
Q287341,Skhul Cave,cave,32.62586,34.95852,IL,Haifa District,19,500
Q331409,Cro-Magnon rock shelter,cave,44.94028,1.00972,FR,Les Eyzies,24,500
Q344570,Actun Tunichil Muknal,cave,17.11413,-88.86235,BZ,Cayo District,20,500
Q387771,Lechuguilla Cave,cave,32.19064,-104.50331,US,Eddy County,24,500
Q429431,Coves del Drach,cave,39.53574,3.33062,ES,Manacor,21,500
Q477329,Tabon Caves,cave,9.27988,117.981,PH,Quezon,18,500
Q550252,Rouffignac Cave,cave,45.00881,0.98764,FR,Rouffignac-Saint-Cernin-de-Reilhac,18,500
Q551959,Abri de la Madeleine,cave,44.96694,1.03639,FR,Tursac,18,500
Q555991,Sarawak Chamber,cave,4.07189,114.87682,MY,,17,500
Q568661,Toquepala Caves,cave,-17.30434,-70.71799,PE,Tacna Department,17,500
Q571145,Caves of Han-sur-Lesse,cave,50.125,5.18944,BE,Rochefort,19,500
Q583655,St. Michael's Cave,cave,36.12589,-5.34646,GB,Gibraltar,19,500
Q631356,Baradla cave,cave,48.47178,20.49532,HU,Aggtelek,20,500
Q631440,Blue Grotto,cave,42.98035,16.0215,HR,,20,500
Q647757,Cave of Swimmers,cave,23.59472,25.2335,EG,New Valley Governorate,16,500
Q689423,Hölloch Cave,cave,46.97664,8.78839,CH,Canton of Schwyz,19,500
Q736006,Trois Frères Cave,cave,43.03216,1.2121,FR,Montesquieu-Avantès,18,500
Q747992,Cosquer Cave,cave,43.20278,5.44917,FR,9th arrondissement of Marseille,22,500
Q770666,Cave of El Castillo,cave,43.2923,-3.9655,ES,Puente Viesgo,22,500
Q798648,Cave of El Soplao,cave,43.29639,-4.41,ES,Cantabria,17,500
Q874850,Lamprechtsofen,cave,47.52611,12.73889,AT,Sankt Martin bei Lofer,16,500
Q875718,Spannagel Cave,cave,47.08028,11.67167,AT,Tux,22,500
Q882491,Blue Grotto,cave,35.82139,14.45667,MT,,23,500
Q899513,Cueva de los Verdes,cave,29.16078,-13.43869,ES,Lanzarote,22,500
Q914743,Font-de-Gaume cave,cave,44.93472,1.02889,FR,Les Eyzies,23,500
Q920499,Jasovská Cave,cave,48.67722,20.97583,SK,Košice-okolie District,16,500
Q924853,Cave of Dogs,cave,40.8333,14.1667,IT,,17,500
Q946978,Peștera cu Oase,cave,45.01673,21.83335,RO,Anina,20,500
Q974552,Juxtlahuaca,cave,17.43933,-99.15958,MX,Guerrero,16,500
Q1007510,Areni-1 cave complex,cave,39.73139,45.20361,AM,Vayots Dzor Province,21,500
Q1011733,Gombasek Cave,cave,48.56244,20.46308,SK,Plešivec,16,500
Q1033211,Cango Caves,cave,-33.393,22.215,ZA,Oudtshoorn,21,500
Q1062421,Karain Cave,cave,37.07778,30.57083,TR,Antalya,18,500
Q1075804,Ochtinská Aragonite Cave,cave,48.66472,20.30917,SK,Rožňava District,24,500
Q1143252,Cuevas de la Araña en Bicorp,cave,39.10992,-0.86408,ES,Bicorp,16,500
Q1158600,Damlataş Cave,cave,36.54233,31.98822,TR,Antalya Province,16,500
Q1167179,"Malapa Fossil Site, Cradle of Humankind",cave,-25.89515,27.80132,ZA,,16,500
Q1235116,Lupercal,cave,41.88806,12.48444,IT,Rome,22,500
Q1254270,Drachenhauchloch,cave,-19.46806,17.78556,NA,Otjozondjupa Region,18,500
Q1311736,Barabar Caves,cave,25.005,85.063,IN,Jehanabad district,23,500
Q1322486,Sibudu Cave,cave,-29.52263,31.08589,ZA,KwaZulu-Natal,16,500
Q1379640,Hranice Abyss,cave,49.532,17.75078,CZ,Olomouc Region,16,500
Q1441331,Franchthi Cave,cave,37.42241,23.13129,GR,Ermionida Municipality,21,500
Q1450358,Marmurova Pechera,cave,44.79698,34.2787,UA,,24,500
Q1487492,Les Combarelles,cave,44.94361,1.04222,FR,Les Eyzies,17,500
Q1540116,Padirac Cave,cave,44.85805,1.75014,FR,Padirac,16,500
Q1554172,Guitarrero Cave,cave,-9.2,-77.7,PE,Yungay Province,16,500
Q1571803,Vindija Cave,cave,46.29944,16.07056,HR,Donja Voća,19,500
Q1643807,Dikteon Andron,cave,35.16286,25.44506,GR,Orοpedio Lasithi Municipality,23,500
Q1650601,Rosh HaNikra grottoes,cave,33.09312,35.10477,IL,Northern District,21,500
Q1662138,Marble Cave,cave,42.47778,21.2075,XK,,24,500
Q1670250,Jenolan Caves,cave,-33.82056,150.02144,AU,New South Wales,17,500
Q1679526,Teshik-Tash,cave,37.96596,67.15651,UZ,Surxondaryo Region,24,500
Q1688770,Cave of Swallows,cave,21.59972,-99.09889,MX,San Luis Potosí,23,500
Q105893254,Pamukkale,hot_spring,37.9236,29.1223,TR,Pamukkale district,67,400
Q216846,Great Geysir,hot_spring,64.31383,-20.29949,IS,Bláskógabyggð,37,400
Q249992,Lake Hévíz,hot_spring,46.78722,17.19306,HU,Hévíz,32,400
Q858794,Old Faithful,hot_spring,44.46047,-110.82814,US,Teton County,34,400
Q886946,Blue Lagoon,hot_spring,63.8792,-22.44552,IS,Grindavíkurbær,41,400
Q1128186,Strokkur,hot_spring,64.31268,-20.30075,IS,Bláskógabyggð,40,400
Q1422831,Grand Prismatic Spring,hot_spring,44.525,-110.83806,US,Wyoming,32,400
Q2421402,Fly Geyser,hot_spring,40.8594,-119.332,US,Nevada,25,400
Q519756,El Tatio,hot_spring,-22.33139,-68.01028,CL,Antofagasta Province,22,400
Q1037748,Dōgo Onsen,hot_spring,33.85194,132.78639,JP,Matsuyama,14,400
Q1153990,Morning Glory Pool,hot_spring,44.47506,-110.84353,US,Teton County,15,400
Q1440831,Waimangu Geyser,hot_spring,-38.2833,176.4,NZ,Bay of Plenty Region,20,400
Q2031701,Sol de Mañana,hot_spring,-22.43054,-67.75748,BO,Potosí Department,15,400
Q1438568,Steamboat Geyser,geyser,44.7235,-110.70303,US,Park County,13,400
Q2981,Notre-Dame de Paris,cathedral,48.853,2.3498,FR,4th arrondissement of Paris,125,300
Q4176,Cologne Cathedral,cathedral,50.94139,6.95833,DE,Cologne,86,300
Q5908,Aachen Cathedral,cathedral,50.77475,6.08392,DE,Aachen,64,300
Q5933,Westminster Abbey,cathedral,51.4994,-0.12737,GB,City of Westminster,91,300
Q5943,St. Stephen's Cathedral,cathedral,48.20843,16.37326,AT,Innere Stadt,60,300
Q5949,St. Vitus Cathedral,cathedral,50.09083,14.40056,CZ,Hradčany,60,300
Q18068,Milan Cathedral,cathedral,45.46397,9.19058,IT,Milan,78,300
Q29265,Canterbury Cathedral,cathedral,51.27981,1.083,GB,Canterbury,66,300
Q33200,Mosque-Cathedral of Cordoba,cathedral,37.87919,-4.77972,ES,Córdoba,61,300
Q84090,Archbasilica of St. John Lateran,cathedral,41.88591,12.50616,IT,Rome,63,300
Q172988,St Mark's Basilica,cathedral,45.43444,12.33972,IT,Venice,65,300
Q173882,St Paul's Cathedral,cathedral,51.51378,-0.09831,GB,London,74,300
Q180274,Notre-Dame de Chartres,cathedral,48.44778,1.48778,FR,Chartres,73,300
Q184407,Basilica of Saint-Denis,cathedral,48.93556,2.35972,FR,Saint-Denis,60,300
Q187702,Church of the Holy Sepulchre,cathedral,31.77844,35.22975,IL,Old City of Jerusalem,76,300
Q194474,Cathedral of Christ the Saviour,cathedral,55.74444,37.60556,RU,Khamovniki District,61,300
Q205136,Cathedral of Santiago de Compostela,cathedral,42.88056,-8.54444,ES,Santiago de Compostela,65,300
Q206823,Reims Cathedral,cathedral,49.25389,4.03417,FR,Reims,60,300
Q231606,Seville Cathedral,cathedral,37.38574,-5.9931,ES,Seville,63,300
Q610961,Mexico City Metropolitan Cathedral,cathedral,19.43439,-99.13308,MX,Cuauhtémoc,61,300
Q830054,Saint Sophia Cathedral,cathedral,50.45278,30.51444,UA,Kyiv,64,300
Q94744,Albi Cathedral,cathedral,43.92849,2.14257,FR,Albi,30,300
Q106934,Notre-Dame d'Amiens,cathedral,49.89457,2.3021,FR,Amiens,57,300
Q154563,Berlin Cathedral,cathedral,52.51917,13.40111,DE,Bezirk Mitte,51,300
Q156427,Vaduz Cathedral,cathedral,47.1362,9.5227,LI,Vaduz,25,300
Q167193,Frauenkirche,cathedral,48.13858,11.57362,DE,Munich,44,300
Q167231,Hildesheim Cathedral,cathedral,52.14889,9.94722,DE,Hildesheim,36,300
Q170123,St. Hedwig's Cathedral,cathedral,52.51583,13.39472,DE,Bezirk Mitte,35,300
Q201720,Cathedral of Brasília,cathedral,-15.79833,-47.87556,BR,Brasília,33,300
Q207985,Bourges Cathedral,cathedral,47.08222,2.39917,FR,Bourges,51,300
Q209705,Roskilde Cathedral,cathedral,55.64267,12.08031,DK,Roskilde Municipality,48,300
Q210869,Cathedral of the Most Holy Conception,cathedral,-36.82753,-73.05131,CL,Concepción,37,300
Q215023,Nidaros Cathedral,cathedral,63.4269,10.3969,NO,Trondheim municipality,41,300
Q225459,Königsberg Cathedral,cathedral,54.70639,20.51167,RU,Kaliningrad,32,300
Q239560,"St. Martin's Cathedral, Bratislava",cathedral,48.14194,17.10472,SK,Bratislava,33,300
Q248050,Sioni Cathedral,cathedral,41.69134,44.80749,GE,Tbilisi,29,300
Q250212,Freiburg Minster,cathedral,47.99556,7.85222,DE,Freiburg im Breisgau,28,300
Q252575,York Minster,cathedral,53.96194,-1.08194,GB,York,42,300
Q256486,Naples Cathedral,cathedral,40.85261,14.25953,IT,Naples,32,300
Q262500,Gloucester Cathedral,cathedral,51.8673,-2.24654,GB,Gloucester,33,300
Q269654,Cathedral of St. Michael and St. Gudula,cathedral,50.84778,4.36028,BE,Brussels,36,300
Q280268,Regensburg Cathedral,cathedral,49.01946,12.0983,DE,Regensburg,30,300
Q282554,Siena Cathedral,cathedral,43.31758,11.32869,IT,Siena,45,300
Q303756,Saint Sophia Cathedral,cathedral,58.52222,31.27667,RU,Veliky Novgorod,35,300
Q312220,Zagreb Cathedral,cathedral,45.81444,15.97972,HR,Zagreb,41,300
Q330385,Church of Saint Sava,cathedral,44.79808,20.46855,RS,Belgrade,47,300
Q334377,St Albans Cathedral,cathedral,51.75056,-0.34222,GB,St Albans,28,300
Q338665,St. Stephen's Basilica,cathedral,47.50083,19.05389,HU,Budapest District V,42,300
Q390150,Salisbury Cathedral,cathedral,51.06472,-1.7975,GB,Salisbury,50,300
Q390169,Lincoln Cathedral,cathedral,53.23444,-0.53611,GB,Lincoln,49,300
Q391229,Tournai Cathedral,cathedral,50.6065,3.3889,BE,Tournai,49,300
Q391973,Šibenik Cathedral,cathedral,43.73556,15.88917,HR,Šibenik,39,300
Q404571,Kazan Cathedral,cathedral,59.93423,30.32459,RU,Tsentralny District,46,300
Q432290,Lisbon Cathedral,cathedral,38.70985,-9.13298,PT,Santa Maria Maior,32,300
Q476516,Rouen Cathedral,cathedral,49.4402,1.095,FR,Rouen,52,300
Q476529,Winchester Cathedral,cathedral,51.06072,-1.31333,GB,Winchester,46,300
Q493133,Matthias Church,cathedral,47.50194,19.03417,HU,Budapest District I,39,300
Q510389,Lichfield Cathedral,cathedral,52.6855,-1.8303,GB,Lichfield,25,300
Q513300,Beauvais Cathedral,cathedral,49.4325,2.08139,FR,Beauvais,37,300
Q513893,Teruel Cathedral,cathedral,40.3439,-1.10722,ES,Teruel,25,300
Q519614,Wells Cathedral,cathedral,51.2104,-2.6437,GB,Wells,36,300
Q550514,Basilica of Saint Nicholas,cathedral,41.13026,16.87028,IT,Bari,28,300
Q568214,Alexander Nevsky Cathedral,cathedral,59.43583,24.73944,EE,Tallinn,41,300
Q579004,Ely Cathedral,cathedral,52.39861,0.26389,GB,Ely,38,300
Q584428,Dubrovnik Cathedral,cathedral,42.6399,18.1104,HR,Dubrovnik,26,300
Q585947,Laon Cathedral,cathedral,49.5643,3.625,FR,Laon,33,300
Q613619,St. John's Co-Cathedral,cathedral,35.89778,14.51278,MT,Valletta,35,300
Q624556,St. Patrick's Cathedral,cathedral,40.75861,-73.97639,US,Manhattan,42,300
Q638519,Wawel Cathedral,cathedral,50.05464,19.93542,PL,Kraków,45,300
Q645105,Euphrasian Basilica,cathedral,45.22861,13.59361,HR,Poreč,39,300
Q648754,St. John's Archcathedral,cathedral,52.24889,21.01361,PL,Warsaw,32,300
Q654904,St. James's Cathedral,cathedral,56.95083,24.10472,LV,Riga,26,300
Q656738,Bordeaux Cathedral,cathedral,44.83764,-0.5778,FR,Bordeaux,25,300
Q657306,Cathedral of the Immaculate Conception,cathedral,55.76722,37.57111,RU,Presnensky District,28,300
Q666516,St. Pierre Cathedral,cathedral,46.20111,6.14861,CH,Geneva,26,300
Q666935,Dresden Cathedral,cathedral,51.05349,13.73735,DE,Dresden,35,300
Q666960,Mainz Cathedral,cathedral,49.99889,8.27389,DE,Mainz,34,300
Q667450,Cathedral of Our Lady Immaculate,cathedral,43.73021,7.42266,MC,Monaco-Ville,26,300
Q668341,Cathedral of Magdeburg,cathedral,52.12472,11.63444,DE,Magdeburg,31,300
Q668710,Washington National Cathedral,cathedral,38.93061,-77.07056,US,"Washington, D.C.",44,300
Q671066,Metz Cathedral,cathedral,49.12028,6.17556,FR,Metz,25,300
Q701567,Erfurt Cathedral,cathedral,50.97587,11.02341,DE,Erfurt,28,300
Q701996,Worms Cathedral,cathedral,49.63028,8.35972,DE,Worms,27,300
Q733577,San Thome Basilica,cathedral,13.0336,80.27783,IN,Chennai,28,300
Q736587,Peter and Paul Cathedral,cathedral,59.95028,30.31667,RU,Petrogradsky District,45,300
Q738015,Helsinki Cathedral,cathedral,60.17038,24.95218,FI,Helsinki,51,300
Q739364,Westminster Cathedral,cathedral,51.49583,-0.13947,GB,London,46,300
Q745460,Cathedral of Our Lady of Strasbourg,cathedral,48.58189,7.75106,FR,Strasbourg,51,300
Q746207,Durham Cathedral,cathedral,54.77348,-1.57621,GB,City of Durham,44,300
Q748910,Dormition Cathedral,cathedral,55.75093,37.61705,RU,Tverskoy District,42,300
Q753721,Modena Cathedral,cathedral,44.64623,10.92572,IT,Modena,38,300
Q762242,Trinity Cathedral,cathedral,59.9165,30.306,RU,Saint Petersburg,34,300
Q768692,Norwich Cathedral,cathedral,52.63194,1.30111,GB,Norwich,25,300
Q775487,Dormition Cathedral,cathedral,56.12714,40.40924,RU,Vladimir,29,300
Q810684,Basilica of Our Lady of the Pillar,cathedral,41.65688,-0.87833,ES,Zaragoza,39,300
Q1131208,Exeter Cathedral,cathedral,50.7225,-3.52972,GB,Exeter,31,300
Q981372,Metropolitan Cathedral of Athens,cathedral,37.97528,23.73,GR,Athens Municipality,27,300
Q991832,Esztergom Basilica,cathedral,47.79889,18.73639,HU,Esztergom,26,300
Q1050668,São Paulo Cathedral,cathedral,-23.55125,-46.63437,BR,São Paulo,25,300
Q1063209,Oslo Cathedral,cathedral,59.91232,10.74696,NO,Oslo Municipality,33,300
Q1067803,"Christ Church Cathedral, Dublin",cathedral,53.34306,-6.27139,IE,Dublin,29,300
Q1086358,St. Rumbold's Cathedral,cathedral,51.02889,4.47833,BE,Mechelen,26,300
Q1115637,Cathedral of Saint Mother Teresa in Pristina,cathedral,42.65639,21.15933,XK,Pristina,30,300
Q1123180,Toledo Cathedral,cathedral,39.85708,-4.02389,ES,Toledo,44,300
Q936545,"St. Martin's Cathedral, Utrecht",cathedral,52.09092,5.12223,,Utrecht,29,300
Q846365,St Patrick's Cathedral,cathedral,53.33944,-6.27139,IE,Dublin,34,300
Q849711,Almudena Cathedral,cathedral,40.41556,-3.71444,ES,Madrid,43,300
Q850042,Uppsala Cathedral,cathedral,59.85806,17.63333,SE,Uppsala Municipality,43,300
Q910124,Black Church,cathedral,45.64101,25.58803,RO,Brașov,29,300
Q922967,Southwark Cathedral,cathedral,51.50611,-0.08972,GB,London Borough of Southwark,30,300
Q936285,Pannonhalma Archabbey,cathedral,47.55278,17.76111,HU,Pannonhalma,40,300
Q937320,St. Mary's Cathedral,cathedral,59.43702,24.73887,EE,Tallinn,32,300
Q938154,St Bavo's Cathedral,cathedral,51.05297,3.72706,BE,Ghent,28,300
Q958699,Turin Cathedral,cathedral,45.07332,7.68544,IT,Turin,35,300
Q1521,Lyon Cathedral,cathedral,45.76083,4.82722,FR,5th arrondissement of Lyon,27,300
Q5920,Cathedral of Trier,cathedral,49.75611,6.64306,DE,Trier,38,300
Q5924,Bamberg Cathedral,cathedral,49.8907,10.88253,DE,Bamberg,36,300
Q5938,Naumburg Cathedral,cathedral,51.15472,11.80389,DE,Naumburg,36,300
Q10924,Orvieto Cathedral,cathedral,42.71701,12.11327,IT,Orvieto,29,300
Q17155,Cathedral of the Holy Cross and Saint Eulalia,cathedral,41.38389,2.17639,ES,Gothic Quarter,44,300
Q22720,Speyer Cathedral,cathedral,49.31722,8.4425,DE,Speyer,57,300
Q36996,Holy Trinity Cathedral of Tbilisi,cathedral,41.6975,44.81667,GE,Tbilisi,36,300
Q37222,Bagrati Cathedral,cathedral,42.2773,42.7043,GE,Kutaisi,51,300
Q45033,cathedral of St. Peter and Paul,cathedral,49.19097,16.60736,CZ,Brno-město,29,300
Q48605,León Cathedral,cathedral,12.435,-86.8781,NI,León,34,300
Q1133059,Riga Cathedral,cathedral,56.94917,24.10444,LV,Riga,43,300
Q1133075,Storkyrkan,cathedral,59.32583,18.07056,SE,Stockholm Municipality,35,300
Q1138070,Coventry Cathedral,cathedral,52.40833,-1.50722,GB,England,29,300
Q1152972,Svetitskhoveli Cathedral,cathedral,41.84228,44.72105,GE,Mtskheta,33,300
Q1160154,Cathedral of the Annunciation,cathedral,55.75,37.61667,RU,Tverskoy District,31,300
Q1187606,Turku Cathedral,cathedral,60.45246,22.27853,FI,Turku,32,300
Q1193480,St. Mary's Cathedral,cathedral,35.71417,139.72667,JP,Sekiguchi,27,300
Q1236564,Ljubljana Cathedral,cathedral,46.05071,14.50824,SI,Ljubljana City Municipality,29,300
Q1236689,Lund Cathedral,cathedral,55.70417,13.19361,SE,Lund Municipality,27,300
Q1259104,Peterborough Cathedral,cathedral,52.5725,-0.23944,GB,City of Peterborough,27,300
Q1261597,Timișoara Orthodox Cathedral,cathedral,45.75063,21.22423,RO,Timiș County,25,300
Q1267112,Cathedral of Jesus' Heart,cathedral,43.85929,18.42539,BA,Stari Grad,29,300
Q1268475,Cathedral of Saint Domnius,cathedral,43.50806,16.44028,HR,Split,30,300
Q1271286,Serbian Orthodox Cathedral in Sarajevo,cathedral,43.85823,18.42491,BA,Stari Grad,25,300
Q1281237,Vilnius Cathedral,cathedral,54.68589,25.28788,LT,Vilnius,35,300
Q1282278,Lucca Cathedral,cathedral,43.84066,10.50587,IT,Lucca,26,300
Q1294648,Etchmiadzin Cathedral,cathedral,40.16186,44.291,AM,Vagharshapat,48,300
Q1298819,Palma Cathedral,cathedral,39.5675,2.64806,ES,Palma,33,300
Q1303856,Cattedrale di Monreale,cathedral,38.08186,13.29207,IT,Monreale,34,300
Q1346546,Church of St. George,cathedral,41.02909,28.95182,TR,Fatih,29,300
Q1354756,Cefalù Cathedral,cathedral,38.03984,14.02341,IT,Cefalù,30,300
Q1355001,Uspenski Cathedral,cathedral,60.16852,24.95994,FI,Helsinki,27,300
Q1398856,Vank Cathedral,cathedral,32.63489,51.65575,IR,District 5,32,300
Q1402296,Ávila Cathedral,cathedral,40.65583,-4.69722,ES,Ávila,25,300
Q1417441,St Volodymyr's Cathedral,cathedral,50.44494,30.50872,UA,Taras Shevchenko Boulevard,33,300
Q1419757,Marseille Cathedral,cathedral,43.2998,5.36493,FR,2nd arrondissement of Marseille,26,300
Q1423005,Nantes Cathedral,cathedral,47.21843,-1.55017,FR,Nantes,36,300
Q1428093,National Cathedral,cathedral,44.42591,26.08226,RO,Bucharest,32,300
Q1466926,Valencia Cathedral,cathedral,39.47561,-0.37514,ES,Valencia,30,300
Q1470975,Liverpool Metropolitan Cathedral,cathedral,53.40472,-2.96889,GB,Liverpool,25,300
Q1473348,Glasgow Cathedral,cathedral,55.8631,-4.2346,GB,Glasgow City,28,300
Q1476251,Saint Sophia Cathedral,cathedral,35.17639,33.36444,CY,Nicosia,40,300
Q1478407,Palermo Cathedral,cathedral,38.11444,13.35611,IT,Palermo,36,300
Q1547466,St Giles' Cathedral,cathedral,55.94944,-3.19083,GB,City of Edinburgh,30,300
Q1568660,Hagia Sophia,cathedral,40.63284,22.94709,GR,Thessaloniki Municipality,29,300
Q1581882,Basilica of Sant'Andrea,cathedral,45.15901,10.79447,IT,Mantua,25,300
Q1630170,"St. Paul's Cathedral, Mdina",cathedral,35.88639,14.40389,MT,Mdina,26,300
Q1630367,Worcester Cathedral,cathedral,52.1887,-2.2208,GB,Worcester,26,300
Q1636244,Bayeux Cathedral,cathedral,49.27556,-0.70333,FR,Bayeux,27,300
Q1637149,Cathedral of the Holy Name of Saint Virgin Mary,cathedral,53.90313,27.55461,BY,Minsk,26,300
Q1754247,Pisa Cathedral,cathedral,43.72329,10.3955,IT,Pisa,38,300
Q1774485,Saint George's Cathedral,cathedral,49.83861,24.01306,UA,Lviv,36,300
Q1802388,Nikortsminda Cathedral,cathedral,42.45944,43.08786,GE,Ambrolauri Municipality,26,300
Q1866506,Liverpool Cathedral,cathedral,53.39751,-2.97305,GB,Liverpool,28,300
Q2001493,Ghazanchetsots Cathedral,cathedral,39.75889,46.74742,AZ,Shusha,28,300
Q2047700,Lala Mustafa Pasha Mosque,cathedral,35.12489,33.94273,CY,Famagusta,44,300
Q2064095,Archcathedral Basilica of St. Peter and St. Paul,cathedral,52.41139,16.94778,PL,Q268,25,300
Q2196869,Cathedral of the Savior in his Epiphany of Zaragoza,cathedral,41.65456,-0.87585,ES,Zaragoza,26,300
Q2261322,Girona Cathedral,cathedral,41.9875,2.82639,ES,Girona,26,300
Q2299324,Transfiguration Cathedral,cathedral,46.48318,30.73104,UA,Odesa,30,300
Q2321997,Naval Cathedral in Kronstadt,cathedral,59.99167,29.77778,RU,Kronstadt,27,300
Q2350964,St. James' Cathedral,cathedral,43.25694,-2.92389,ES,Bilbao,30,300
Q2411716,Rio de Janeiro Cathedral,cathedral,-22.91092,-43.18071,BR,Rio de Janeiro,26,300
Q2465016,Saint Sophia Cathedral in Polotsk,cathedral,55.48628,28.75864,BY,Polatsak,26,300
Q2533552,Carlisle Cathedral,cathedral,54.8947,-2.9385,GB,England,25,300
Q2630583,"St. Francis Xavier Cathedral, Grodno",cathedral,53.6782,23.8311,BY,Hrodna,25,300
Q2635720,Rochester Cathedral,cathedral,51.38892,0.50352,GB,Rochester,28,300
Q2942349,Saint Gregory the Illuminator Cathedral,cathedral,40.17194,44.51667,AM,Yerevan,27,300
Q5419362,S.A.I. Catedral Metropolitana de la Encarnación,cathedral,37.17599,-3.59904,ES,Granada,32,300
Q66718894,Main Cathedral of the Russian Armed Forces,cathedral,55.57917,36.82194,RU,Odintsovsky District,28,300
Q79154,Cathedral of the Holy Spirit,cathedral,41.0447,28.9857,TR,Şişli,20,300
Q122324,Latin Cathedral,cathedral,49.84056,24.03056,UA,Lviv,23,300
Q124504,Stavanger Cathedral,cathedral,58.96979,5.73316,NO,Stavanger,22,300
Q135271,Cathedral of Christ the Saviour,cathedral,44.77225,17.19179,BA,Banja Luka,24,300
Q135737,Essen Minster,cathedral,51.456,7.014,DE,Essen,18,300
Q168806,St Andrew's Cathedral,cathedral,1.29222,103.85222,SG,Downtown Core,18,300
Q185568,catedral de la anunciacion de kazan,cathedral,55.79979,49.1058,RU,Kazan,19,300
Q196161,Cathedral of Ani,cathedral,40.50611,43.57278,TR,Ani,21,300
Q247588,Bolnisi Sioni,cathedral,41.38889,44.5125,GE,Bolnisi,18,300
Q248589,St. Michael's Cathedral,cathedral,46.06762,23.56995,RO,Alba County,21,300
Q252166,Wurzburg Cathedral,cathedral,49.79338,9.9324,DE,Würzburg,22,300
Q257481,"New Cathedral, Linz",cathedral,48.30023,14.28604,AT,Linz,24,300
Q258578,Innsbruck Cathedral,cathedral,47.26936,11.39417,AT,Innsbruck,20,300
Q261423,Klagenfurt Cathedral,cathedral,46.6221,14.3097,AT,Klagenfurt am Wörthersee,18,300
Q262563,Graz Cathedral,cathedral,47.07194,15.44222,AT,Graz,24,300
Q267182,"St. Stephan's Cathedral, Passau",cathedral,48.57418,13.4655,DE,Passau,22,300
Q279089,Augsburg Cathedral,cathedral,48.37274,10.89657,DE,Augsburg,22,300
Q383884,Cathedral of Santa Maria Assunta,cathedral,41.12853,16.86894,IT,Bari,18,300
Q383958,Paderborn Cathedral,cathedral,51.71889,8.75528,DE,Paderborn,19,300
Q393912,Cathedral of Saint Andrew,cathedral,38.24238,21.72786,GR,Municipality of Patras,18,300
Q402221,Đakovo Cathedral,cathedral,45.30763,18.41092,HR,Đakovo,22,300
Q428129,Saigon Notre-Dame Basilica,cathedral,10.77972,106.69917,VN,Ho Chi Minh City,22,300
Q429379,Hereford Cathedral,cathedral,52.0542,-2.716,GB,Hereford,23,300
Q430626,Ōura Church,cathedral,32.73417,129.87028,JP,Nagasaki,22,300
Q473121,Narbonne Cathedral,cathedral,43.18472,3.00389,FR,Narbonne,20,300
Q487036,Myeongdong Cathedral,cathedral,37.56333,126.98722,KR,Myeong-dong,18,300
Q489014,Sens Cathedral,cathedral,48.19804,3.28403,FR,Sens,23,300
Q491260,Aarhus Cathedral,cathedral,56.15686,10.21058,DK,Aarhus Municipality,19,300
Q492584,St. Canute's Cathedral,cathedral,55.3954,10.38899,DK,Odense Municipality,24,300
Q497026,St. Florian's Cathedral,cathedral,52.2517,21.0308,PL,Warsaw,18,300
Q513902,Braga Cathedral,cathedral,41.54995,-8.42698,PT,"Braga (Maximinos, Sé e Cividade)",20,300
Q520753,Saint Nedelya Church,cathedral,42.69678,23.32155,BG,Sredets District,24,300
Q547013,Tours Cathedral,cathedral,47.39556,0.69444,FR,Tours,23,300
Q564957,Limburg Cathedral,cathedral,50.38889,8.06667,DE,Limburg an der Lahn,22,300
Q569428,Cathedral of St. Elizabeth,cathedral,48.72049,21.25759,SK,Košice,24,300
Q571980,Urakami Cathedral,cathedral,32.77619,129.86839,JP,Nagasaki,22,300
Q603289,"Alexander Nevsky Cathedral, Novosibirsk",cathedral,55.01953,82.92255,RU,Novosibirsk,22,300
Q611944,Autun Cathedral,cathedral,46.945,4.29917,FR,Autun,21,300
Q621060,Trento Cathedral,cathedral,46.0669,11.1215,IT,Trento,22,300
Q637460,Truro Cathedral,cathedral,50.26417,-5.05111,GB,Truro,21,300
Q641447,St. George's Cathedral,cathedral,9.03669,38.75142,ET,Addis Ababa,20,300
Q648054,Skara Cathedral,cathedral,58.38651,13.43924,SE,Skara Municipality,21,300
Q650007,Cádiz Cathedral,cathedral,36.529,-6.2952,ES,Cádiz,22,300
Q650037,Cathedral of Évora,cathedral,38.57167,-7.90667,PT,"União das Freguesias de Évora (São Mamede, Sé, São Pedro e Santo Antão)",20,300
Q650678,Mantua Cathedral,cathedral,45.16071,10.79742,IT,Mantua,18,300
Q651123,Cathedral of St. Mary the Crowned,cathedral,36.13967,-5.35366,GB,Gibraltar,18,300
Q654996,Pontifical basilica of the Holy House of Loreto,cathedral,43.44093,13.61092,IT,Loreto,24,300
Q658743,Cathedral of the Resurrection of Christ,cathedral,42.4457,19.24824,ME,Podgorica,21,300
Q659810,Zadar Cathedral,cathedral,44.11611,15.22444,HR,Zadar,22,300
Q664018,Visby Cathedral,cathedral,57.64167,18.29778,SE,Region Gotland,20,300
Q666479,Basel Minster,cathedral,47.55639,7.5925,CH,Basel,21,300
Q669544,Lausanne Cathedral,cathedral,46.5225,6.63556,CH,Lausanne,23,300
Q671933,Ferrara Cathedral,cathedral,44.83577,11.61974,IT,Ferrara,24,300
Q680931,Fribourg Cathedral,cathedral,46.80611,7.16306,CH,Fribourg,19,300
Q684239,Armenian Cathedral of Lviv,cathedral,49.84333,24.03083,UA,Lviv,23,300
Q686306,Amalfi Cathedral,cathedral,40.63444,14.60306,IT,Amalfi,22,300
Q686664,Bonn Minster,cathedral,50.73341,7.09979,DE,Stadtbezirk Bonn,19,300
Q694424,Schwerin Cathedral,cathedral,53.62944,11.41444,DE,Schwerin,19,300
Q695038,Bremen Cathedral,cathedral,53.07548,8.80906,DE,Mitte,23,300
Q700070,Ribe Cathedral,cathedral,55.32804,8.7615,DK,Esbjerg Municipality,18,300
Q701301,Gurk Cathedral,cathedral,46.875,14.2936,AT,Gurk,23,300
Q708532,St.-Paulus-Dom,cathedral,51.9631,7.62556,DE,Münster-Mitte,22,300
Q732112,"St Magnus Cathedral, Kirkwall",cathedral,58.9814,-2.9599,GB,Kirkwall,22,300
Q747856,Llandaff Cathedral,cathedral,51.49583,-3.21806,GB,Cardiff,20,300
Q751081,St Philip's Cathedral,cathedral,52.4812,-1.89891,GB,Birmingham,19,300
Q759600,Novocherkassk Cathedral,cathedral,47.414,40.11,RU,Novocherkassk,21,300
Q770458,Alexander Nevsky Cathedral,cathedral,51.77069,19.46436,PL,Q9257542,20,300
Q773443,Manila Cathedral,cathedral,14.59147,120.97356,PH,Q772211,22,300
Q810102,Basilica di San Marino,cathedral,43.93722,12.44694,SM,San Marino,21,300
Q819531,Bergen Cathedral,cathedral,60.39389,5.33056,NO,Bergen Municipality,22,300
Q865655,Cathedral of St. John the Divine,cathedral,40.8036,-73.9617,US,New York City,24,300
Q910211,Wrocław Cathedral,cathedral,51.11417,17.04658,PL,Wrocław,21,300
Q913182,Cremona Cathedral,cathedral,45.1335,10.0255,IT,Cremona,19,300
Q917917,Bristol Cathedral,cathedral,51.45167,-2.60056,GB,England,24,300
Q922172,Santander Cathedral,cathedral,43.46056,-3.8075,ES,Santander,18,300
Q932828,Noyon Cathedral,cathedral,49.5821,3.0006,FR,Noyon,22,300
Q942883,"St. Emmeram's Cathedral, Nitra",cathedral,48.3185,18.08714,SK,Nitra,19,300
Q945981,San Pietro di Castello,cathedral,45.43458,12.35972,IT,Venice,20,300
Q951104,Cathedral of Santa Maria d'Urgell,cathedral,42.35785,1.46192,ES,La Seu d'Urgell,18,300
Q956163,Ss. Cyril and Methodius Cathedral,cathedral,50.0759,14.417,CZ,New Town,24,300
Q962672,Mogadishu Cathedral,cathedral,2.03574,45.34161,SO,Mogadishu,20,300
Q966429,Kotor Cathedral,cathedral,42.42431,18.77142,ME,Kotor,23,300
Q967929,Buenos Aires Cathedral,cathedral,-34.60741,-58.37328,AR,Buenos Aires,24,300
Q971514,St Mary’s Cathedral,cathedral,-33.87111,151.21333,AU,City of Sydney,19,300
Q971811,Manchester Cathedral,cathedral,53.48528,-2.24472,GB,England,20,300
Q980745,Shrine of the Virgin of the Rosary of Pompei,cathedral,40.75,14.50056,IT,Pompei,18,300
Q1124051,Cathedral of St. Bartholomew,cathedral,49.74757,13.37761,CZ,Vnitřní Město,20,300
Q1132503,Perugia Cathedral,cathedral,43.11269,12.38921,IT,Perugia,18,300
Q1132704,Chelmsford Cathedral,cathedral,51.7352,0.4723,GB,Chelmsford,18,300
Q1137832,Leicester Cathedral,cathedral,52.63472,-1.13694,GB,City of Leicester,23,300
Q1138670,St Patrick's Cathedral,cathedral,-37.8101,144.976,AU,City of Melbourne,21,300
Q1140861,"Archcathedral Basilica of St. Stanislaus Kostka, Łódź",cathedral,51.74882,19.45961,PL,Katedralna,18,300
Q1151330,"Mary, Queen of the World Cathedral",cathedral,45.4991,-73.5683,CA,Ville-Marie,19,300
Q1151535,Curtea de Argeș Monastery,cathedral,45.15691,24.6754,RO,Curtea de Argeș,20,300
Q1188864,Cathedral of the Immaculate Conception,cathedral,39.89946,116.36929,CN,Xicheng District,22,300
Q1191209,Angers Cathedral,cathedral,47.47056,-0.555,FR,Angers,18,300
Q1200500,Avignon Cathedral,cathedral,43.95167,4.8075,FR,Avignon,22,300
Q1236543,Primatial Basilica Metropolitan Cathedral of Gniezno,cathedral,52.53678,17.59264,PL,Gniezno,20,300
Q1236608,Monza Cathedral,cathedral,45.58359,9.27567,IT,Monza,23,300
Q1236616,Porvoo Cathedral,cathedral,60.39719,25.65785,FI,Porvoo,18,300
Q1236638,Tampere Cathedral,cathedral,61.5025,23.76972,FI,Tampere,23,300
Q1236659,Linköping Cathedral,cathedral,58.41111,15.61667,SE,Linköping Municipality,22,300
Q1236665,Kalmar Cathedral,cathedral,56.66444,16.36528,SE,Kalmar Municipality,21,300
Q1236685,Oliwa Cathedral,cathedral,54.41111,18.55778,PL,Gdańsk,19,300
Q1236720,Växjö Cathedral,cathedral,56.8774,14.8121,SE,Växjö Municipality,21,300
Q1265998,St. Michael's Cathedral,cathedral,44.81806,20.45214,RS,Belgrade,24,300
Q1268593,Tempio Malatestiano,cathedral,44.05995,12.57028,IT,Rimini,24,300
Q1269808,Samtavisi Cathedral,cathedral,42.00611,44.40917,GE,Kaspi Municipality,24,300
Q1270853,Reykjavík Cathedral,cathedral,64.14666,-21.93936,IS,Reykjavík,18,300
Q1281985,Armenian Cathedral of the Holy Cross,cathedral,38.34167,43.03528,TR,Gevaş district,23,300
Q1287889,Parma Cathedral,cathedral,44.80334,10.33092,IT,Parma,23,300
Q1300003,St Davids Cathedral,cathedral,51.88194,-5.26778,GB,St David's and the Cathedral Close,19,300
Q1306549,Genoa Cathedral,cathedral,44.40766,8.93135,IT,Genoa,23,300
Q1348719,Notre-Dame Cathedral,cathedral,49.60967,6.13156,LU,Luxembourg,24,300
Q1349741,Arundel Cathedral,cathedral,50.8552,-0.559,GB,Arundel,18,300
Q1355805,Nuuk Cathedral,cathedral,64.17972,-51.74417,GL,Sermersooq,20,300
Q1366553,Orléans Cathedral,cathedral,47.90187,1.91041,FR,Orléans,23,300
Q1441255,Porto Cathedral,cathedral,41.14282,-8.6112,PT,"Cedofeita, Santo Ildefonso, Sé, Miragaia, São Nicolau e Vitória",23,300
Q1451262,"St George's Cathedral, Southwark",cathedral,51.49788,-0.1079,GB,London Borough of Southwark,18,300
Q1451811,Church of Our Lady,cathedral,55.67933,12.5725,DK,Copenhagen Municipality,23,300
Q1461247,Cathedral of Our Lady of the Assumption,cathedral,18.54891,-72.33861,HT,Port-au-Prince,18,300
Q1477289,Saint Mark's Coptic Orthodox Cathedral,cathedral,30.0722,31.2756,EG,Cairo Governorate,24,300
Q1493222,"Alexander Nevsky Cathedral, Paris",cathedral,48.87756,2.30199,FR,8th arrondissement of Paris,21,300
Q1499188,Catania Cathedral,cathedral,37.50246,15.08821,IT,Catania,23,300
Q1514860,Romanian Patriarchal Cathedral,cathedral,44.42457,26.09782,RO,Bucharest,20,300
Q1539168,Cathedral of the Holy Saviour,cathedral,43.53194,5.44722,FR,Aix-en-Provence,18,300
Q1550015,"Nativity Cathedral, Riga",cathedral,56.95391,24.11555,LV,Riga,21,300
Q1552134,St. Olav's Cathedral,cathedral,59.91816,10.74413,NO,Oslo Municipality,19,300
Q1563071,Le Mans Cathedral,cathedral,48.00917,0.19889,FR,Le Mans,21,300
Q1573417,Liège Cathedral,cathedral,50.64028,5.57167,BE,Liège,24,300
Q1581553,Saint Mark's Coptic Orthodox Cathedral,cathedral,31.19829,29.8994,EG,Alexandria Governorate,18,300
Q1628075,Cathedral Basilica of St. Dionysius the Areopagite,cathedral,37.9791,23.73461,GR,Athens Municipality,18,300
Q1631067,Cathedral of Our Lady of the Angels,cathedral,34.05833,-118.24583,US,Los Angeles,19,300
Q1632027,Saint Sophia Cathedral in Harbin,cathedral,45.76818,126.62128,CN,Daoli District,18,300
Q1637393,"Greek Catholic Cathedral, Uzhhorod",cathedral,48.62278,22.30222,UA,Uzhhorod,18,300
Q1686988,Kaunas Cathedral Basilica,cathedral,54.897,23.889,LT,Kaunas,21,300
Q1711691,Dijon Cathedral,cathedral,47.32139,5.03444,FR,Dijon,20,300
Q1736146,Resurrection of Christ Orthodox Cathedral,cathedral,41.32647,19.81737,AL,Tirana,18,300
Q1736169,Angoulême Cathedral,cathedral,45.64889,0.15167,FR,Angoulême,20,300
Q1736182,Chichester Cathedral,cathedral,50.8363,-0.7808,GB,Chichester,24,300
Q1736200,Newcastle Cathedral,cathedral,54.97,-1.61111,GB,Newcastle upon Tyne,18,300
Q1736205,Ouagadougou Cathedral,cathedral,12.36198,-1.52699,BF,Ouagadougou,20,300
Q1736208,"Christ Church Cathedral, Oxford",cathedral,51.75,-1.25472,GB,Oxford,23,300
Q1736213,Périgueux Cathedral,cathedral,45.18361,0.72278,FR,Périgueux,22,300
Q1736222,Cathedral of Syracuse,cathedral,37.06012,15.29322,IT,Syracuse,22,300
Q1784082,San Giorgio dei Greci,cathedral,45.4354,12.3448,IT,Venice,18,300
Q1788518,"Church of St. Trophime, Arles",cathedral,43.67667,4.62806,FR,Arles,20,300
Q1817541,Alexander Nevsky Cathedral,cathedral,40.36959,49.83198,AZ,Baku,19,300
Q2002811,St Andrew's Cathedral,cathedral,55.85567,-4.25284,GB,Glasgow City,18,300
Q2015425,Transfiguration Cathedral,cathedral,48.45825,35.06664,UA,Dnipro,20,300
Q2091893,Alexander Nevsky Cathedral,cathedral,52.24123,21.01276,PL,Warsaw,19,300
Q2189282,Limoges Cathedral,cathedral,45.82889,1.26667,FR,Limoges,22,300
Q2255725,Pitsunda Cathedral,cathedral,43.15989,40.339,GE,Pitsunda,24,300
Q2263308,Arezzo Cathedral,cathedral,43.467,11.88317,IT,Arezzo,19,300
Q2268666,Saint Wenceslas Cathedral,cathedral,49.59778,17.2625,CZ,Olomouc,21,300
Q2296514,Cathedral of St. Vincent de Paul,cathedral,36.8,10.17889,TN,Tunis,21,300
Q2310409,Derby Cathedral,cathedral,52.9248,-1.4773,GB,City of Derby,20,300
Q2322737,St. Peter's and St. Paul's Cathedral,cathedral,59.43806,24.74861,EE,Tallinn,23,300
Q2339141,Saint Fin Barre's Cathedral,cathedral,51.8944,-8.48064,IE,Cork,18,300
Q2342322,Patriarchal Cathedral of the Resurrection of Christ,cathedral,50.4524,30.587,UA,Kyiv,22,300
Q2351947,Old Cathedral of Coimbra,cathedral,40.20856,-8.42692,PT,"Coimbra (Sé Nova, Santa Cruz, Almedina e São Bartolomeu)",18,300
Q2361738,"St Andrews Cathedral, Saint Andrews",cathedral,56.34003,-2.78775,GB,Fife,20,300
Q2407092,Padua Cathedral,cathedral,45.40639,11.87167,IT,Padua,22,300
Q2410105,Cathedral of Jaca,cathedral,42.57072,-0.54919,ES,Jaca,23,300
Q2415106,Cathedral of the Vladimir Icon of the Mother of God,cathedral,59.92806,30.34833,RU,Saint Petersburg,19,300
Q2419151,Quimper Cathedral,cathedral,47.99556,-4.10222,FR,Quimper,20,300
Q2443243,Troyes Cathedral,cathedral,48.30028,4.08139,FR,Troyes,19,300
Q2446793,Cathedral of Lima,cathedral,-12.04647,-77.03004,PE,Lima,19,300
Q2485753,St. Euphemia's Basilica,cathedral,45.08319,13.63111,HR,Rovinj,18,300
Q2509421,Vic Cathedral,cathedral,41.92806,2.25556,ES,Vic,19,300
Q2557858,Pistoia Cathedral,cathedral,43.93322,10.9179,IT,Pistoia,20,300
Q2559480,Chester Cathedral,cathedral,53.19194,-2.89056,GB,Chester,23,300
Q2576524,Old St Paul's Cathedral,cathedral,51.5136,-0.09833,GB,City of London,18,300
Q2585366,Bjelovar Cathedral,cathedral,45.89806,16.84333,HR,Bjelovar,22,300
Q1087400,Toruń Cathedral,cathedral,53.00926,18.60613,PL,Toruń,18,300
Q1101730,Como Cathedral,cathedral,45.8118,9.08366,IT,Como,21,300
Q31204,Pyhän Henrikin katedraali,cathedral,60.15919,24.95432,FI,Helsinki,23,300
Q49633,Saint Ignatius Cathedral,cathedral,31.19306,121.43139,CN,Xuhui District,20,300
Q2737833,Toulouse Cathedral,cathedral,43.5999,1.4504,FR,Toulouse,20,300
Q2886950,Basilica of the National Shrine of Our Lady of Aparecida,cathedral,-22.8504,-45.2338,BR,Aparecida,18,300
Q2942217,Agios Minas Cathedral,cathedral,35.3375,25.13083,GR,Heraklion Municipality,21,300
Q2942447,Sarlat Cathedral,cathedral,44.88889,1.21694,FR,Sarlat-la-Canéda,23,300
Q2942478,Santa Cruz Basilica,cathedral,9.965,76.243,IN,Kochi,19,300
Q2942482,Se Cathedral,cathedral,15.50377,73.91229,IN,North Goa district,21,300
Q2942509,Solsona Cathedral,cathedral,41.99417,1.51944,ES,Solsona,18,300
Q2942514,Cuenca Cathedral,cathedral,40.07849,-2.12901,ES,Cuenca,18,300
Q2942870,Terrassa Cathedral,cathedral,41.5622,2.01194,ES,Terrassa,20,300
Q2942872,Primary Cathedral of Bogotá,cathedral,4.59795,-74.07524,CO,Bogotá,20,300
Q3434349,Trogir Cathedral,cathedral,43.5171,16.2514,HR,Trogir,20,300
Q3845208,Holy Trinity Cathedral,cathedral,45.7945,24.1482,RO,Sibiu,18,300
Q3849046,Saint Sarkis Cathedral,cathedral,40.17698,44.50215,AM,Yerevan,18,300
Q3916007,Lübeck Cathedral,cathedral,53.8608,10.6858,DE,Lübeck,24,300
Q5813126,Nativity of Christ Cathedral,cathedral,47.02606,28.83453,MD,Chișinău,21,300
Q6315031,Cathedral Basilica of the Assumption of the Blessed Virgin Mary,cathedral,52.11291,26.10825,BY,Pinsk,18,300
Q6416473,Mariamite Cathedral of Damascus,cathedral,33.50944,36.31139,SY,Damascus,20,300
Q8243797,Basilica of Saint Martin de Mondoñedo,cathedral,43.56167,-7.30333,ES,San Martiño de Mondoñedo,22,300
Q15042147,"St. Eric's Cathedral, Stockholm",cathedral,59.31381,18.0725,SE,Stockholm Municipality,20,300
Q15043487,Havana Cathedral,cathedral,23.14138,-82.35192,CU,Havana,24,300
Q47166968,Cathedral of the Nativity,cathedral,29.98119,31.72086,EG,Cairo Governorate,19,300
Q125958285,Orthodox cathedral of the Transfiguration of Jesus Christ in Yakutsk,cathedral,62.02397,129.73664,RU,Yakutsk,21,300
Q2599114,Holy Trinity Cathedral,cathedral,9.0308,38.76656,ET,Addis Ababa,20,300
Q2600681,Cathedral of the Nativity of the Blessed Virgin Mary,cathedral,47.2172,39.7115,RU,Rostov-on-Don,20,300
Q2655068,Dormition of the Theotokos Cathedral,cathedral,43.20528,27.91,BG,Varna,21,300
Q2661585,Rijeka Cathedral,cathedral,45.32779,14.44444,HR,Rijeka,19,300
Q2713844,Verona Cathedral,cathedral,45.44722,10.99694,IT,Verona,22,300
Q1679598,"Cathedral of St. James, Jerusalem",cathedral,31.77466,35.22891,,East Jerusalem,21,300
Q1032205,Clermont-Ferrand Cathedral,cathedral,45.77873,3.08577,FR,Clermont-Ferrand,23,300
Q1049348,Auch Cathedral,cathedral,43.64639,0.58583,FR,Auch,18,300
Q1049728,Rennes Cathedral,cathedral,48.11167,-1.68326,FR,Rennes,18,300
Q1050663,Cathedral of La Plata,cathedral,-34.92288,-57.95632,AR,La Plata,19,300
Q1051217,Crystal Cathedral,cathedral,33.7874,-117.89893,US,Garden Grove,24,300
Q1064185,"St. Joseph's Church, Beijing",cathedral,39.91583,116.40583,CN,Dongcheng District,23,300
Q1072725,Tórshavn Cathedral,cathedral,62.00963,-6.7716,FO,Tórshavn Municipality,20,300
Q1077977,Christ Church Cathedral,cathedral,-43.531,172.637,NZ,Christchurch Central City,19,300
Q1078589,Ascension Cathedral,cathedral,43.25861,76.95333,KZ,Almaty,22,300
Q2595999,Church of Saint Nicholas,cathedral,50.08778,14.41986,CZ,Old Town,23,300
Q2943,Sistine Chapel,church_building,41.90306,12.45444,VA,Vatican City,90,300
Q12512,St. Peter's Basilica,church_building,41.90222,12.45342,VA,Vatican City,131,300
Q28785,Sacré-Cœur,church_building,48.88665,2.34295,FR,18th arrondissement of Paris,60,300
Q48435,Basilica and Expiatory Church of the Holy Family,church_building,41.40369,2.17433,ES,Sagrada Família,109,300
Q129846,St. Basil's Cathedral,church_building,55.7525,37.62306,RU,Tverskoy District,79,300
Q194504,Church of the Nativity,church_building,31.70431,35.20758,PS,Bethlehem,62,300
Q82387,Basilica of the National Shrine of the Immaculate Conception,church_building,38.93333,-77.00056,US,"Washington, D.C.",29,300
Q130815,Basilica of the Annunciation,church_building,32.70214,35.29769,IL,Nazareth,31,300
Q135779,House of the Virgin Mary,church_building,37.91153,27.33397,TR,Selçuk,36,300
Q153951,Kaiser-Wilhelm-Gedächtniskirche,church_building,52.50472,13.33528,DE,Charlottenburg-Wilmersdorf,43,300
Q155225,Santi Giovanni e Paolo,church_building,45.43922,12.3424,IT,Venice,28,300
Q156675,Wieskirche,church_building,47.6806,10.90044,DE,Q627545,45,300
Q157229,Church of Our Lady,church_building,51.05194,13.74167,DE,Dresden,48,300
Q158324,St. Michael's Church,church_building,52.1529,9.9435,DE,Hildesheim,36,300
Q164664,Church of St. John at Kaneo,church_building,41.11109,20.78866,MK,Ohrid Municipality,25,300
Q164743,Church of St. Sophia,church_building,41.11194,20.79389,MK,Ohrid,28,300
Q166667,Tartu Cathedral,church_building,58.38019,26.715,EE,Tartu City,29,300
Q167321,Saint Andrew's Church,church_building,50.45889,30.51806,UA,Kyiv,39,300
Q170402,St. Thomas Church,church_building,51.33929,12.37259,DE,Zentrum,32,300
Q174779,Batalha Monastery,church_building,39.65917,-8.82611,PT,Batalha,43,300
Q186282,Basilica di Santa Maria Maggiore,church_building,41.8975,12.49861,IT,Rome,58,300
Q193193,Sainte Chapelle,church_building,48.85537,2.34503,FR,1st arrondissement of Paris,58,300
Q197094,Zeyrek Mosque,church_building,41.01972,28.95722,TR,Fatih,31,300
Q207486,Basilica of San Francesco d'Assisi,church_building,43.07484,12.60581,IT,Assisi,49,300
Q207945,Monastery of Saint John of Rila,church_building,42.13438,23.33955,BG,Kyustendil,50,300
Q210678,Urnes Stave Church,church_building,61.29806,7.3225,NO,Luster Municipality,49,300
Q215208,Church of the Savior on Blood,church_building,59.94,30.32861,RU,Saint Petersburg,46,300
Q217452,Vézelay Abbey,church_building,47.46639,3.74833,FR,Vézelay,40,300
Q224961,Santa Maria Gloriosa dei Frari,church_building,45.43693,12.32649,IT,Venice,32,300
Q231699,Basilica of Saint Paul outside the Walls,church_building,41.85861,12.47722,IT,Roma Capitale,58,300
Q244952,Santa Maria delle Grazie,church_building,45.46583,9.17111,IT,Milan,54,300
Q254476,Votive Church,church_building,48.21545,16.3591,AT,Alsergrund,33,300
Q257558,Fantoft Stave Church,church_building,60.33917,5.35333,NO,Bergen Municipality,25,300
Q305419,Basilica of Our Lady of Guadalupe,church_building,19.48444,-99.11722,MX,Gustavo A. Madero,25,300
Q315694,French Cathedral,church_building,52.51444,13.39222,DE,Bezirk Mitte,28,300
Q318660,Santa Maria in Aracoeli,church_building,41.89389,12.48333,IT,Rome,36,300
Q318972,Cenacle,church_building,31.77176,35.22917,IL,Jerusalem,30,300
Q330564,La Madeleine,church_building,48.87,2.32444,FR,8th arrondissement of Paris,47,300
Q333594,Church of Mary Magdalene,church_building,31.77889,35.24074,PS,Jerusalem,27,300
Q334233,Basilica of Saint-Remi,church_building,49.24306,4.04194,FR,Reims,28,300
Q334303,St Augustine's Abbey,church_building,51.27813,1.08821,GB,England,40,300
Q334399,Bath Abbey,church_building,51.38139,-2.35889,GB,Bath,26,300
Q371921,Basilica of Maxentius,church_building,41.89194,12.48833,IT,Rome,33,300
Q384463,Voroneț Monastery,church_building,47.51704,25.86416,RO,Gura Humorului,27,300
Q385910,Basilica of San Clemente,church_building,41.8893,12.49756,IT,Rome,28,300
Q391123,Basilica of Bom Jesus,church_building,15.50087,73.91159,IN,North Goa district,25,300
Q408847,Karlskirche,church_building,48.19828,16.37188,AT,Wieden,41,300
Q426935,Church of St. Donatus,church_building,44.11582,15.22447,HR,Zadar,29,300
Q435829,Petäjävesi Old Church,church_building,62.25014,25.18394,FI,Petäjävesi,42,300
Q462702,Painted Churches in the Troödos Region,church_building,34.92028,33.09583,CY,Nicosia District,35,300
Q499285,Geghard,church_building,40.14047,44.81859,AM,Kotayk Province,52,300
Q513821,Sedlec Ossuary,church_building,49.96196,15.28829,CZ,Sedlec,37,300
Q522924,Basilica Aemilia,church_building,41.89259,12.48614,IT,Rome,29,300
Q530208,Liebfrauenkirche,church_building,49.7558,6.64306,DE,Trier,30,300
Q542070,San Pietro in Vincoli,church_building,41.89387,12.49307,IT,Rome,42,300
Q569253,Santa Maria degli Angeli e dei Martiri,church_building,41.90306,12.49694,IT,Rome,32,300
Q579043,Church of St. Elisabeth,church_building,48.14339,17.11683,SK,Bratislava,25,300
Q583251,Saint-Étienne-du-Mont,church_building,48.84653,2.34803,FR,5th arrondissement of Paris,27,300
Q586568,Church of the Holy Apostles,church_building,41.01972,28.94972,TR,Istanbul,29,300
Q588849,Church of the Pater Noster,church_building,31.77808,35.24519,IL,Jerusalem,26,300
Q592244,Basilica of Saint Sabina,church_building,41.88444,12.47972,IT,Rome,35,300
Q600355,Pazzi Chapel,church_building,43.76738,11.26282,IT,Florence,27,300
Q602853,Saint Sophia Church,church_building,42.69651,23.33152,BG,Oborishte District,25,300
Q609293,Santa Maria in Cosmedin,church_building,41.88812,12.48157,IT,Roma Capitale,29,300
Q613788,St. Nicholas' Church,church_building,59.43592,24.74276,EE,Tallinn,36,300
Q616271,Basilica Julia,church_building,41.89195,12.48478,IT,Roman Forum,28,300
Q634112,"Church of Saint Lazarus, Larnaca",church_building,34.91167,33.63472,CY,Larnaca District,27,300
Q638250,Notre Dame du Haut,church_building,47.70451,6.62057,FR,Ronchamp,39,300
Q638283,San Luigi dei Francesi,church_building,41.89952,12.47489,IT,Rome,35,300
Q650849,Grundtvig's Church,church_building,55.71658,12.53361,DK,Copenhagen Municipality,30,300
Q657118,Riddarholm Church,church_building,59.32472,18.06472,SE,Stockholm Municipality,31,300
Q658051,San Sebastiano fuori le mura,church_building,41.85556,12.51556,IT,Rome,27,300
Q661752,"Castle Church, Wittenberg",church_building,51.86639,12.63778,DE,Lutherstadt Wittenberg,27,300
Q669743,Mariazell Basilica,church_building,47.77278,15.31861,AT,Mariazell,28,300
Q674472,"St. Michaelis Church, Hamburg",church_building,53.54833,9.97889,DE,Hamburg-Mitte,27,300
Q675513,Santi Cosma e Damiano,church_building,41.89231,12.4875,IT,Rome,26,300
Q679052,Nikolaikirche (Berlin),church_building,52.51682,13.40751,DE,Bezirk Mitte,28,300
Q679101,Marienkirche (Berlin-Mitte),church_building,52.52056,13.40667,DE,Bezirk Mitte,30,300
Q684948,Grossmünster,church_building,47.37,8.54417,CH,Zurich,30,300
Q685940,Basilica of the Holy Cross in Jerusalem,church_building,41.88778,12.51639,IT,Rome,35,300
Q686773,Aula Palatina,church_building,49.75333,6.64333,DE,Trier,35,300
Q695065,St. Mary's Church Lübeck,church_building,53.8677,10.685,DE,Lübeck's Old City,29,300
Q713558,Church of San Giorgio Maggiore,church_building,45.4293,12.3433,IT,Venice,29,300
Q733890,Santa Prassede,church_building,41.89611,12.49861,IT,Rome,26,300
Q736676,Hagia Irene,church_building,41.00972,28.98111,TR,Istanbul,39,300
Q738214,Basilica of Saint Lawrence Outside the Walls,church_building,41.90253,12.52055,IT,Rome,36,300
Q741051,Catacombs of Rome,church_building,41.89444,12.49833,IT,Rome,34,300
Q752318,Pilgrimage Church of Saint John of Nepomuk,church_building,49.58,15.94194,CZ,Žďár nad Sázavou 2,38,300
Q755010,Borgund Stave Church,church_building,61.04724,7.81224,NO,Lærdal Municipality,35,300
Q773726,Chapel of the Ascension,church_building,31.77896,35.24496,PS,Jerusalem,27,300
Q776727,St. Procopius Basilica in Třebíč,church_building,49.21695,15.87364,CZ,Podklásteří,25,300
Q794876,San Zaccaria,church_building,45.43472,12.34333,IT,Venice,27,300
Q804208,Bajrakli Mosque,church_building,44.8222,20.4575,RS,Belgrade,30,300
Q810122,Church of St. Anthony of Padua,church_building,41.03232,28.97723,TR,Istanbul,25,300
Q810126,Old St. Peter's Basilica,church_building,41.90222,12.45333,VA,Papal States,30,300
Q810129,Basilica of Our Lady of Licheń,church_building,52.32333,18.358,PL,Licheń Stary,33,300
Q810139,Basilica of Saint Anthony of Padua,church_building,45.40137,11.88053,IT,Padua,38,300
Q815584,Basilica of Our Lady of Peace of Yamoussoukro,church_building,6.81111,-5.29694,CI,Yamoussoukro,47,300
Q823412,"St Margaret's Church, Westminster",church_building,51.49988,-0.12673,GB,City of Westminster,41,300
Q823685,Santa Maria sopra Minerva,church_building,41.89806,12.47833,IT,Rome,35,300
Q830807,Il Redentore,church_building,45.42499,12.33245,IT,Venice,32,300
Q831362,Bethlehem Chapel,church_building,50.08431,14.4175,CZ,Old Town,25,300
Q834511,St. Olaf's Church,church_building,59.44139,24.74778,EE,Tallinn,35,300
Q840462,St Martin's Church,church_building,51.27804,1.09371,GB,Canterbury,31,300
Q844337,San Miniato al Monte,church_building,43.75944,11.265,IT,Florence,28,300
Q1429312,"Temple Church, London",church_building,51.5132,-0.1104,GB,City of London,30,300
Q1429394,Saint-Germain l'Auxerrois,church_building,48.85944,2.34111,FR,1st arrondissement of Paris,28,300
Q1437065,St. George's Basilica,church_building,50.09111,14.40222,CZ,Hradčany,27,300
Q1450786,Saint Gayane Church,church_building,40.15749,44.29192,AM,Vagharshapat,28,300
Q1453427,Church of Our Lady before Týn,church_building,50.08771,14.4227,CZ,Old Town,38,300
Q1465674,Sant'Ignazio Church,church_building,41.89919,12.47996,IT,Rome,29,300
Q1479873,Santa Cecilia in Trastevere,church_building,41.88756,12.47589,IT,Rome,29,300
Q1479910,Basilica of St. Mark the Evangelist,church_building,41.89572,12.48145,IT,Rome,25,300
Q1496690,Gaztelugatxe,church_building,43.447,-2.785,ES,Bermeo,27,300
Q1516,Basilica of Notre-Dame de Fourvière,church_building,45.76229,4.82256,FR,5th arrondissement of Lyon,26,300
Q1551411,Ruins of St. Paul's,church_building,22.19747,113.54086,CN,Macau,31,300
Q1568136,San Bernardo alle Terme,church_building,41.90361,12.49444,IT,Rome,25,300
Q1579525,St. Hripsime,church_building,40.16702,44.30964,AM,Vagharshapat,33,300
Q1629700,Basilica of San Giovanni dei Fiorentini,church_building,41.8995,12.46487,IT,Rome,25,300
Q1631593,Sant'Andrea della Valle,church_building,41.89598,12.47469,IT,Rome,26,300
Q1636756,Chesme Church,church_building,59.85694,30.33083,RU,"Moskovsky District, Saint Petersburg",28,300
Q1637128,"St. Nicholas Naval Cathedral, St. Petersburg",church_building,59.92238,30.30013,RU,Saint Petersburg,26,300
Q1637186,St. Mark's Church in Zagreb,church_building,45.81611,15.97389,HR,Zagreb,29,300
Q1644597,Martorana,church_building,38.11478,13.36287,IT,Palermo,26,300
Q1698949,St. John's Church,church_building,58.38278,26.72028,EE,Tartu City,28,300
Q1742825,Church of Saints Simon and Helena,church_building,53.89652,27.54748,BY,Minsk,28,300
Q1774129,Abbey Church of Saint-Savin-sur-Gartempe,church_building,46.56477,0.86597,FR,Saint-Savin,35,300
Q1787112,Monastery of the Holy Cross,church_building,31.7721,35.208,IL,Jerusalem,25,300
Q1907145,"St. Nicholas Roman Catholic Church, Kyiv",church_building,50.4269,30.5176,UA,Kyiv,27,300
Q2088381,Basilica of Notre-Dame-d'Afrique,church_building,36.80111,3.0425,DZ,Algiers,25,300
Q2227269,Las Lajas Sanctuary,church_building,0.8055,-77.586,CO,Ipiales,33,300
Q2305473,Bodrum Mosque,church_building,41.00861,28.95556,TR,Fatih,26,300
Q2410449,Eski Imaret Mosque,church_building,41.02167,28.955,TR,Istanbul,25,300
Q2420392,St. Nicholas Church,church_building,50.08778,14.40361,CZ,Malá Strana,26,300
Q2422298,Hanging Church,church_building,30.00542,31.23008,EG,Cairo Governorate,26,300
Q2424612,Fenari Isa Mosque,church_building,41.01538,28.944,TR,Fatih,25,300
Q2449634,"St George's Chapel, Windsor",church_building,51.48361,-0.60694,GB,Windsor and Maidenhead,32,300
Q2561858,Dzordzor Chapel,church_building,39.18794,44.47622,IR,Maku,25,300
Q2588857,Holy Spirit Cathedral,church_building,53.905,27.55611,BY,Minsk,26,300
Q2707216,Bom Jesus do Monte,church_building,41.5546,-8.3775,PT,Nogueiró e Tenões,28,300
Q3584217,Church of Saint Porphyrius,church_building,31.50396,34.46203,PS,Gaza City,28,300
Q4348256,Umeå City Church,church_building,63.82361,20.26778,SE,Umeå Municipality,29,300
Q1150986,Church of Our Lady Mary of Zion,church_building,14.13028,38.71944,ET,Axum,32,300
Q1192577,Sant'Agnese in Agone,church_building,41.89877,12.4726,IT,Rome,27,300
Q1229008,Trinità dei Monti,church_building,41.90625,12.48358,IT,Rome,32,300
Q1246842,Santa María del Naranjo,church_building,43.37903,-5.86597,ES,Naranco,31,300
Q1254795,St. Mark's Church,church_building,44.81028,20.46889,RS,Belgrade,26,300
Q1256487,Baptistry of Neon,church_building,44.41559,12.19736,IT,Ravenna,25,300
Q1258576,San Pietro in Montorio,church_building,41.88857,12.46651,IT,Roma Capitale,28,300
Q1263246,King's College Chapel,church_building,52.20472,0.11639,GB,Cambridge,25,300
Q1306513,San Agustin Church,church_building,14.58886,120.97535,PH,Q772211,29,300
Q1319441,Arctic Cathedral,church_building,69.64807,18.9874,NO,Tromsø Municipality,30,300
Q1321231,Frederik's Church,church_building,55.685,12.58944,DK,Copenhagen Municipality,26,300
Q1324617,Sant'Ivo alla Sapienza,church_building,41.89822,12.47473,IT,Rome,26,300
Q1331689,Church of All Nations,church_building,31.77923,35.23963,IL,East Jerusalem,27,300
Q1335201,St Martin-in-the-Fields,church_building,51.50889,-0.12694,GB,City of Westminster,37,300
Q1338207,Church of Saint Eustache,church_building,48.86333,2.345,FR,1st arrondissement of Paris,34,300
Q1354667,Sant'Andrea al Quirinale,church_building,41.90068,12.48934,IT,Rome,25,300
Q40133,Tin Can Cathedral,church_building,49.9123,-97.1341,CA,Manitoba,35,300
Q44562,Ulm Minster,church_building,48.39861,9.9925,DE,Ulm,51,300
Q852020,Heddal stave church,church_building,59.57956,9.17625,NO,Notodden Municipality,26,300
Q860816,Orsanmichele,church_building,43.77071,11.25505,IT,Florence,28,300
Q863593,Santa Maria della Vittoria,church_building,41.90466,12.49434,IT,Rome,36,300
Q866896,Trinity Church,church_building,40.70801,-74.01221,US,Manhattan,31,300
Q867329,Saint Charles at the Four Fountains,church_building,41.90181,12.49074,IT,Rome,34,300
Q869513,Santa Maria del Popolo,church_building,41.91145,12.47648,IT,Rome,35,300
Q887686,Notre-Dame Basilica,church_building,45.50444,-73.55611,CA,Ville-Marie,26,300
Q908802,Basilica of Our Lady of the Sea,church_building,41.38361,2.18194,ES,"Sant Pere, Santa Caterina i la Ribera",30,300
Q913185,"St. Barbara's Church, Kutná Hora",church_building,49.94493,15.26363,CZ,Žižkov,29,300
Q933903,St. Mary's Basilica in Gdańsk,church_building,54.34984,18.6535,PL,Gdańsk,30,300
Q937290,"Church of St. Anne, Vilnius",church_building,54.68306,25.29333,LT,Vilnius,26,300
Q968028,Tomb of the Virgin Mary,church_building,31.78013,35.23941,PS,East Jerusalem,30,300
Q969482,Strahov Monastery,church_building,50.08596,14.38928,CZ,Hradčany,33,300
Q975925,Notre-Dame de la Garde,church_building,43.28395,5.37123,FR,6th arrondissement of Marseille,29,300
Q1010268,Basilica of St. Sernin,church_building,43.60849,1.44213,FR,Toulouse,25,300
Q1034853,Cappella Palatina,church_building,38.11088,13.35158,IT,Palermo,27,300
Q1051458,Church of the Intercession on the Nerl,church_building,56.19627,40.56142,RU,Bogolyubovo,27,300
Q1071570,Basilica of Sant'Ambrogio,church_building,45.4625,9.17583,IT,Milan,25,300
Q1112125,Church of Saint Simeon Stylites,church_building,36.33417,36.84417,SY,Aleppo Governorate,25,300
Q1132809,Temppeliaukio Church,church_building,60.17301,24.92524,FI,Helsinki,28,300
Q52531,Santa Maria della Salute,church_building,45.43057,12.33473,IT,Venice,46,300
Q57341,Frankfurt Cathedral,church_building,50.11056,8.685,DE,Frankfurt-Innenstadt I,30,300
Q846006,National Basilica of the Sacred Heart,church_building,50.86667,4.31722,BE,Q219244,32,300
Q1424095,Basilica of Saint Augustine in Campo Marzio,church_building,41.9008,12.47426,IT,Rome,25,300
Q259799,Theatine Church,church_building,48.14194,11.57639,DE,Munich,26,300
Q271466,Hallgrímskirkja,church_building,64.14194,-21.92694,IS,Reykjavíkurborg,43,300
Q295844,Church of Saint-Sulpice,church_building,48.851,2.33492,FR,6th arrondissement of Paris,37,300
Q719794,Church of the Gesù,church_building,41.89583,12.47972,IT,Rome,40,300
Q721817,Basilica of San Vitale,church_building,44.42056,12.19639,IT,Ravenna,51,300
Q727809,St. Peter's Church,church_building,56.9475,24.10944,LV,Riga,39,300
Q730019,"Basilica of Agios Dimitrios, Thessaloniki",church_building,40.63882,22.94786,GR,Thessaloniki Municipality,36,300
Q732511,Florence Baptistery,church_building,43.77306,11.255,IT,Florence,42,300
Q1511206,Gergeti Trinity Church,church_building,42.66243,44.62046,GE,Kazbegi Municipality,31,300
Q1514062,Sainte-Clotilde Church,church_building,48.85833,2.31917,FR,7th arrondissement of Paris,25,300
Q1514683,Santa Maria della Pace,church_building,41.90009,12.47125,IT,Rome,26,300
Q1519975,Santo Spirito,church_building,43.76722,11.24778,IT,Florence,26,300
Q7709620,Sanctuary of Our Lady of Lourdes,church_building,43.0976,-0.05654,FR,Lourdes,28,300
Q7971367,Church of Saint George,church_building,12.03163,39.04115,ET,Lalibela,34,300
Q678611,Nieuwe Kerk Delft,church_building,52.01214,4.36019,,Delft,25,300
Q1130722,Westerkerk,church_building,52.3745,4.8839,,Amsterdam,28,300
Q1137391,Santa Maria in Trastevere,church_building,41.88944,12.46972,IT,Roma Capitale,33,300
Q1140402,Kazan Cathedral,church_building,55.75541,37.61925,RU,Tverskoy District,31,300
Q1142386,Saint Michael's Golden-Domed Monastery,church_building,50.45556,30.52278,UA,Kyiv,46,300
Q1143171,St. Mary's Basilica in Kraków,church_building,50.06167,19.93917,PL,Kraków,37,300
Q1144576,Little Hagia Sophia,church_building,41.00278,28.97194,TR,Istanbul,36,300
Q29157,Church of Our Saviour,church_building,55.67278,12.59389,DK,Copenhagen Municipality,23,300
Q49642,"Rosslyn Chapel, Roslin",church_building,55.8554,-3.1599,GB,Midlothian,24,300
Q1513478,Gol Stave Church,church_building,59.90801,10.68335,NO,Oslo Municipality,22,300
Q1515300,Santi Apostoli,church_building,41.89811,12.48321,IT,Rome,23,300
Q1515307,San Pancrazio,church_building,41.88489,12.45405,IT,Rome,22,300
Q1526417,Santa Pudenziana,church_building,41.89846,12.49545,IT,Rome,22,300
Q1536044,Santi Quattro Coronati,church_building,41.88833,12.49833,IT,Rome,23,300
Q1540683,Klara Church,church_building,59.33111,18.06167,SE,Stockholm Municipality,23,300
Q1572506,Hirami Ahmed Pasha Mosque,church_building,41.02786,28.94579,TR,Istanbul,22,300
Q1586946,Basilica of Saints John and Paul on the Caelian Hill,church_building,41.88627,12.49266,IT,Rome,22,300
Q1595417,Sanctuary of Bom Jesus de Matosinhos,church_building,-20.50778,-43.86069,BR,Minas Gerais,24,300
Q1631620,San Carlo al Corso,church_building,41.90537,12.47792,IT,Rome,24,300
Q1631638,San Crisogono,church_building,41.8891,12.47373,IT,Rome,22,300
Q1636696,Sant'Agnese fuori le mura,church_building,41.92292,12.51888,IT,Rome,24,300
Q1755418,San Bartolomeo all'Isola,church_building,41.89036,12.47813,IT,Rome,23,300
Q1809794,Sant'Andrea delle Fratte,church_building,41.90363,12.48355,IT,Rome,22,300
Q1886229,San Lorenzo in Damaso,church_building,41.89676,12.47205,IT,Rome,22,300
Q2287001,Santissima Annunziata,church_building,43.7769,11.26128,IT,Florence,24,300
Q2300245,Saint-Pierre de Montmartre,church_building,48.88667,2.34194,FR,18th arrondissement of Paris,22,300
Q2334536,Gül Mosque,church_building,41.02682,28.95618,TR,Istanbul,23,300
Q2618766,Catholic Church of St. Catherine,church_building,59.93551,30.32894,RU,Tsentralny District,23,300
Q2796994,Paoay Church,church_building,18.06148,120.52159,PH,Paoay,24,300
Q2892250,Milk Grotto Chapel,church_building,31.70344,35.20878,PS,Bethlehem,22,300
Q2916171,Basilica of St Peter and St Paul,church_building,50.06438,14.41784,CZ,Vyšehrad,23,300
Q2986701,Kaloža Church,church_building,53.67841,23.81861,BY,Hrodna,24,300
Q5878875,Saint John Church,church_building,38.29847,46.19639,IR,Shabestar County,24,300
Q12960184,Tempietto,church_building,41.88875,12.46642,IT,Rome,23,300
Q152973,Asam Church,church_building,48.13521,11.56951,DE,Munich,22,300
Q265745,"St. Michael's Church, Munich",church_building,48.13884,11.57038,DE,Munich,22,300
Q385254,Vittskövle Church,church_building,55.85527,14.1453,SE,Kristianstad Municipality,24,300
Q427340,Saint-Gervais-Saint-Protais,church_building,48.85556,2.35444,FR,4th arrondissement of Paris,24,300
Q510041,Portiuncula,church_building,43.0582,12.58027,IT,Assisi,22,300
Q533680,"Santa Maria dei Miracoli, Venice",church_building,45.43943,12.3392,IT,Venice,24,300
Q550157,"Saint-Augustin, Paris",church_building,48.87622,2.31892,FR,8th arrondissement of Paris,22,300
Q550346,Cathedral of Saint Demetrius,church_building,56.12925,40.41094,RU,Vladimir,23,300
Q608787,Koça Mustafa Pasha Mosque,church_building,41.0034,28.9286,TR,Fatih,22,300
Q631979,Church of All Saints,church_building,56.84439,60.60911,RU,Yekaterinburg,22,300
Q704346,St. Mary's Church,church_building,54.31017,13.08785,DE,Stralsund,23,300
Q707645,"St. Peter's Church, Munich",church_building,48.13647,11.57601,DE,Munich,22,300
Q810103,San Petronio Basilica,church_building,44.49338,11.34328,IT,Bologna,23,300
Q846559,Santa Maria in Via Lata,church_building,41.89815,12.4813,IT,Rome,23,300
Q919456,Santo Stefano Rotondo,church_building,41.88452,12.49676,IT,Rome,24,300
Q923595,St. Michael's Church,church_building,46.77,23.58972,RO,Cluj-Napoca,23,300
Q1510389,Sanctuary of Atotonilco,church_building,21.00499,-100.79456,MX,San Miguel de Allende,24,300
Q1238436,Dominus Flevit Church,church_building,31.77798,35.24189,,Jerusalem,22,300
Q1091640,Santa Francesca Romana,church_building,41.89123,12.48854,IT,Rome,23,300
Q1122206,Salt Lake Temple,church_building,40.77047,-111.89196,US,Salt Lake City,24,300
Q1156586,Riverside Church,church_building,40.81178,-73.96307,US,Manhattan,22,300
Q1231781,Panagia Ekatontapiliani church,church_building,37.08494,25.15195,GR,Paros Municipality,22,300
Q1266234,Basilica Ulpia,church_building,41.89556,12.48457,IT,Rome,23,300
Q1280925,Our Lady of Victory Church,church_building,35.89601,14.51069,MT,Valletta,22,300
Q1283696,Saint Panteleimon,church_building,41.11222,20.79083,MK,Ohrid,22,300
Q1283798,"Church of St. Peter and St. Paul, Vilnius",church_building,54.69417,25.30639,LT,Vilnius,22,300
Q1440735,Holy Cross Church,church_building,52.23861,21.01667,PL,Warsaw,22,300
Q1042634,Santa Maria del Carmine,church_building,43.76778,11.24361,IT,Florence,24,300
Q1062114,Basilica of the Holy Trinity,church_building,43.77015,11.25072,IT,Florence,23,300
Q80541,Sultan Ahmed Mosque,mosque,41.00539,28.97682,TR,Eminönü,89,300
Q172077,Dome of the Rock,mosque,31.77806,35.23528,PS,Old City of Jerusalem,87,300
Q178643,Süleymaniye Mosque,mosque,41.01611,28.96389,TR,Istanbul Province,69,300
Q183562,Umayyad Mosque,mosque,33.51139,36.30667,SY,Damascus,78,300
Q184534,Selimiye Mosque,mosque,41.67806,26.55944,TR,Edirne,67,300
Q193163,Temple Mount,mosque,31.77778,35.23556,IL,Jerusalem,75,300
Q233678,"Jama Masjid, Delhi",mosque,28.65083,77.23306,IN,Chandni Chowk tehsil,60,300
Q276569,Quba Mosque,mosque,24.43917,39.61722,SA,Medina,61,300
Q330872,Badshahi Mosque,mosque,31.58806,74.30944,PK,Lahore,68,300
Q428858,Al-Masjid Al-Haram,mosque,21.4225,39.82611,SA,Mecca,109,300
Q486080,Prophet's Mosque,mosque,24.46833,39.61083,SA,Medina,86,300
Q32339,Bursa Grand Mosque,mosque,40.18389,29.06194,TR,Bursa,32,300
Q41346,Hassan II Mosque,mosque,33.60734,-7.63256,MA,Achbarou,54,300
Q2279688,Al-Hussein Mosque,mosque,30.0478,31.2631,EG,Cairo Governorate,25,300
Q2334553,Masjid al-Qiblatain,mosque,24.4841,39.5789,SA,Medina,36,300
Q2344561,Putra Mosque,mosque,2.93607,101.68905,MY,Kuala Lumpur,33,300
Q2352054,Wazir Khan Mosque,mosque,31.58306,74.32333,PK,Lahore,34,300
Q2386475,Djamaa El Kebir of Algiers,mosque,36.78528,3.06417,DZ,Algiers,28,300
Q2390721,Juma-Jami Mosque,mosque,45.19583,33.37722,RU,Yevpatoriya,25,300
Q2393680,Goharshad Mosque,mosque,36.2875,59.61472,IR,Mashhad County,35,300
Q2471799,Ketchaoua Mosque,mosque,36.785,3.06056,DZ,Algiers,30,300
Q3091562,Mosque of Omar Ibn Al-Khattab,mosque,11.37806,-72.23444,CO,Maicao,31,300
Q3307794,Old Mosque (Edirne),mosque,41.67671,26.5557,TR,Edirne,25,300
Q3308631,Sherefeli Mosque,mosque,41.67806,26.5535,TR,Edirne,25,300
Q3679864,Moscow Cathedral Mosque,mosque,55.77917,37.62694,RU,Moscow,37,300
Q4494668,Khazret Sultan Mosque,mosque,51.125,71.47222,KZ,Astana,25,300
Q4905930,Big Khan Mosque,mosque,44.74867,33.88196,RU,Bakhchysarai,29,300
Q5599605,Great Mosque of al-Nuri,mosque,36.34319,43.12687,IQ,Mosul,34,300
Q18341384,Çamlıca Mosque,mosque,41.0343,29.0704,TR,Üsküdar,28,300
Q23012984,Djamaa El Djazaïr,mosque,36.73583,3.13806,DZ,Mohammadia,27,300
Q2096562,Taza Pir Mosque,mosque,40.3721,49.82867,AZ,Yasamal raion,27,300
Q2151217,Mosque of Omar,mosque,31.77784,35.22959,IL,Jerusalem,31,300
Q1979112,Blue Mosque,mosque,40.1781,44.5056,AM,Yerevan,43,300
Q2086068,Dolmabahçe Mosque,mosque,41.03673,28.99529,TR,Beyoğlu,29,300
Q2086076,Al Fateh Grand Mosque,mosque,26.21889,50.59806,BH,Manama,30,300
Q1570185,Hala Sultan Tekke,mosque,34.88528,33.61001,CY,Larnaca,30,300
Q1572472,Sokollu Mehmed Pasha I Mosque,mosque,41.00472,28.97194,TR,Istanbul,33,300
Q1574587,King Abdullah I Mosque,mosque,31.96158,35.91312,JO,Amman,29,300
Q1581190,Mihrimah Edirnekapı Mosque,mosque,41.02917,28.93583,TR,Istanbul,31,300
Q1628496,Emperor's Mosque,mosque,43.85735,18.43072,BA,Sarajevo,28,300
Q1681449,Jamkaran Mosque,mosque,34.58389,50.91472,IR,Qanavat Rural District,27,300
Q1710283,Tokyo Mosque,mosque,35.66814,139.6765,JP,Shibuya,29,300
Q1789776,Moschea di Roma,mosque,41.93472,12.495,IT,Rome,33,300
Q1813417,Nur-Astana Mosque,mosque,51.12656,71.41574,KZ,Astana,30,300
Q1962312,Nasir-ol-Molk Mosque,mosque,29.60856,52.54847,IR,District 8,44,300
Q1973736,Mukhtarov Mosque,mosque,43.02583,44.67583,RU,Vladikavkaz,31,300
Q121198,Qol Şärif Mosque,mosque,55.7983,49.1052,RU,Kazan,47,300
Q176380,Ortaköy Mosque,mosque,41.04733,29.02681,TR,Beşiktaş,38,300
Q281900,Saint Petersburg Mosque,mosque,59.95517,30.32389,RU,Petrogradsky District,42,300
Q308510,Sultan Salahuddin Abdul Aziz Mosque,mosque,3.07861,101.52056,MY,Shah Alam,27,300
Q312342,al-Azhar Mosque,mosque,30.04573,31.2627,EG,Cairo,41,300
Q334716,Abu Hanifa Mosque,mosque,33.37198,44.35841,IQ,Baghdad,27,300
Q340549,Akhmad Kadyrov Mosque,mosque,43.3175,45.69389,RU,Grozny,38,300
Q392564,Grand Mosque of Paris,mosque,48.84194,2.355,FR,5th arrondissement of Paris,47,300
Q475379,Istiqlal Mosque,mosque,-6.16972,106.83083,ID,Pasar Baru,41,300
Q490898,Larabanga Mosque,mosque,9.2166,-1.8666,GH,West Gonja Municipal District,31,300
Q500983,Faisal Mosque,mosque,33.72972,73.03722,PK,Islamabad,54,300
Q590900,Laleli Mosque,mosque,41.01,28.95667,TR,Istanbul,31,300
Q593115,Great Mosque of Samarra,mosque,34.2062,43.87985,IQ,Samarra,43,300
Q603256,Niujie Mosque,mosque,39.88444,116.35806,CN,Niujie Subdistrict,34,300
Q642478,Arab Istanbul Mosque,mosque,41.02444,28.97083,TR,Istanbul,25,300
Q643098,Shah Mosque,mosque,32.65481,51.67778,IR,District 3,49,300
Q644677,Şehzade Mosque,mosque,41.01379,28.95717,TR,Fatih,43,300
Q652046,Muhammad Ali Mosque,mosque,30.02861,31.25972,EG,Cairo Governorate,35,300
Q656765,Babri Masjid,mosque,26.79556,82.19444,IN,Ayodhya,50,300
Q679218,Bibi-Khanym Mosque,mosque,39.66056,66.97972,UZ,Samarkand,43,300
Q683511,Mosque of Amr ibn al-As,mosque,30.01014,31.23316,EG,Cairo Governorate,36,300
Q683632,Great Mosque of Djenné,mosque,13.90528,-4.55556,ML,Djenné,57,300
Q695604,Sheikh Zayed Mosque,mosque,24.412,54.474,AE,Abu Dhabi,56,300
Q739415,Great Mosque of Gaza,mosque,31.504,34.4644,PS,Gaza City,31,300
Q756189,Fatih Istanbul Mosque,mosque,41.01972,28.94972,TR,Fatih,38,300
Q775838,Al-Hakim Mosque,mosque,30.05444,31.26389,EG,Cairo Governorate,26,300
Q788652,Baitul Futuh Mosque,mosque,51.39611,-0.19889,GB,London,32,300
Q790052,Banya Bashi Mosque,mosque,42.69951,23.32258,BG,Oborishte District,34,300
Q804009,Baitul Mukarram National Mosque,mosque,23.72944,90.41222,BD,Dhaka,38,300
Q820842,Great Mosque of Xi'an,mosque,34.26339,108.93666,CN,Xi'an,40,300
Q842921,Omar Ali Saifuddien Mosque,mosque,4.88958,114.93914,BN,Bandar Seri Begawan,39,300
Q853064,Bayezid II Mosque,mosque,41.01028,28.96528,TR,Fatih,32,300
Q853935,Kocatepe Mosque,mosque,39.91667,32.86056,TR,Ankara,40,300
Q856262,Bibi-Heybat Mosque,mosque,40.30861,49.82028,AZ,Baku,25,300
Q856356,Sheikh Lotfollah Mosque,mosque,32.65745,51.67853,IR,District 3,37,300
Q911720,New Mosque,mosque,41.01687,28.97214,TR,Eminönü,41,300
Q915413,Mosque of Ibn Tulun,mosque,30.02875,31.24953,EG,Cairo,46,300
Q915851,Lal Masjid,mosque,33.71286,73.08697,PK,Islamabad,31,300
Q956677,Eyüp Sultan Mosque,mosque,41.04795,28.93379,TR,Istanbul,29,300
Q992508,Huaisheng Mosque,mosque,23.12538,113.25359,CN,Yuexiu District,31,300
Q1009896,Šarena Mosque,mosque,42.00583,20.96667,MK,Tetovo,33,300
Q1137511,Rüstem Pasha Mosque,mosque,41.01759,28.96875,TR,Eminönü,33,300
Q1137533,Koutoubia Mosque,mosque,31.62412,-7.99354,MA,Marrakech,42,300
Q1143296,Sultan Abdul Samad Jamek Mosque,mosque,3.14891,101.69596,MY,Kuala Lumpur,33,300
Q1255269,Great Mosque of Kairouan,mosque,35.68139,10.10389,TN,Kairouan,45,300
Q1255835,Gazi Husrev-beg Mosque,mosque,43.85917,18.42903,BA,Sarajevo,31,300
Q1256501,Jameh Mosque of Isfahan,mosque,32.66972,51.68528,IR,District 3,53,300
Q1265294,Sankore Madrasah,mosque,16.77583,-3.00556,ML,Timbuktu,28,300
Q1267134,Ferhat Pasha Mosque,mosque,44.76741,17.18734,BA,Banja Luka,30,300
Q1291612,Friday Mosque of Herat,mosque,34.34306,62.19583,AF,Herat,33,300
Q1323845,El-Mursi Abul Abbas Mosque,mosque,31.20561,29.88225,EG,Alexandria,28,300
Q1325825,Id Kah Mosque,mosque,39.47227,75.98411,CN,Kashgar,32,300
Q1334137,Kobe Mosque,mosque,34.69611,135.18778,JP,Naka-Yamate-dōri,28,300
Q1356809,Ibrahim-al-Ibrahim Mosque,mosque,36.11194,-5.34556,GB,Gibraltar,32,300
Q1356818,National Mosque of Malaysia,mosque,3.14194,101.69167,MY,Kuala Lumpur,36,300
Q1381468,Sabancı Merkez Camii,mosque,36.99139,35.33417,TR,Adana,27,300
Q1430090,Nuruosmaniye Mosque,mosque,41.01028,28.97028,TR,Fatih,30,300
Q1430119,Mosque-Madrassa of Sultan Hassan,mosque,30.0319,31.2567,EG,Cairo Governorate,29,300
Q1430127,Abuja National Mosque,mosque,9.06083,7.4925,NG,Abuja,31,300
Q1481968,Great Mosque of Aleppo,mosque,36.19949,37.15691,SY,Aleppo,48,300
Q1519733,Blue Mosque,mosque,38.07359,46.30108,IR,District 8,34,300
Q1548318,Baiturrahman Grand Mosque,mosque,5.55361,95.31719,ID,Banda Aceh,25,300
Q1548443,Sultan Qaboos Grand Mosque,mosque,23.58389,58.38917,OM,Muscat,35,300
Q1549086,Bursa Green Mosque,mosque,40.18219,29.07461,TR,Bursa,25,300
Q2834259,Sixty Dome Mosque,mosque,22.6745,89.74182,BD,Bagerhat District,24,300
Q2855200,Jezzar Pasha Mosque,mosque,32.92271,35.07031,IL,Acre,21,300
Q2914593,Hassan Bek Mosque,mosque,32.06641,34.76349,IL,Tel Aviv,24,300
Q2984031,Makhachkala Grand Mosque,mosque,42.96917,47.49389,RU,Sovetsky District,22,300
Q2991448,"Moti Masjid, Delhi",mosque,28.65682,77.24319,IN,Delhi,23,300
Q3091905,Dongguan Mosque,mosque,36.61542,101.79555,CN,Chengdong District,18,300
Q3115759,Lisbon Central Mosque,mosque,38.73555,-9.15853,PT,Lisbon,19,300
Q3125809,Haji Piyada Mosque,mosque,36.72976,66.88523,AF,Balkh,21,300
Q3396964,Agha Bozorg Mosque,mosque,33.97847,51.44514,IR,Kashan County,21,300
Q3409617,Abdul Rahman Mosque,mosque,34.52069,69.17431,AF,Kabul,20,300
Q3440333,Great Mosque of Agadez,mosque,16.9742,7.98836,NE,Agadez,20,300
Q3514109,Taj-ul-Masajid,mosque,23.2629,77.3928,IN,Bhopal,22,300
Q3675546,Great Mosque of Diyarbakır,mosque,37.91222,40.23583,TR,Diyarbakır,22,300
Q3846204,Emir Abdelkader Mosque,mosque,36.34706,6.60334,DZ,Constantine,19,300
Q3906385,Batumi Mosque,mosque,41.64866,41.64389,GE,Batumi,19,300
Q3906396,Great Mosque of Kufa,mosque,32.02861,44.40083,IQ,Kufa,23,300
Q3906628,Sultan Suleiman Mosque,mosque,47.0773,37.5191,UA,Mariupol,19,300
Q4022264,Jamia Mosque,mosque,22.2802,114.152,HK,Hong Kong,18,300
Q4022334,Shah Jahan Mosque,mosque,24.74722,67.92806,PK,Thatta,24,300
Q4022343,Khalid ibn al-Walid Mosque,mosque,34.73678,36.71559,SY,Homs,20,300
Q4022372,Zahir Mosque,mosque,6.12028,100.365,MY,Kedah,19,300
Q4022677,Kampala Mosque,mosque,0.3,32.63333,UG,Kampala,18,300
Q4068391,Al-Salam Mosque,mosque,46.4728,30.73951,UA,Odesa,20,300
Q4160569,Juma Mosque in Baku,mosque,40.36561,49.83575,AZ,Sabail raion,22,300
Q4430013,"Hagia Sophia, Iznik",mosque,40.4292,29.72017,TR,İznik,20,300
Q4542914,Arabahmet Mosque,mosque,35.1771,33.3579,CY,Nicosia,18,300
Q5445954,"Fethiye Mosque, Athens",mosque,37.97449,23.72655,GR,Athens Municipality,19,300
Q6033876,Aslanhane Mosque,mosque,39.93667,32.86528,TR,Ankara,18,300
Q6127147,Jama Masjid,mosque,27.18194,78.01611,IN,Agra,18,300
Q6127154,"Jama Masjid, Fatehpur Sikri",mosque,27.09461,77.66207,IN,Fatehpur Sikri,21,300
Q6382405,"Kebir-Jami Mosque, Simferopol",mosque,44.94889,34.10694,RU,Simferopol,18,300
Q7050543,Nord Kamal Mosque,mosque,69.3408,88.20085,RU,Norilsk,18,300
Q7116539,Ozbek Han Mosque,mosque,45.0323,35.09455,UA,Staryi Krym,22,300
Q7461208,Shah-Do Shamshira Mosque,mosque,34.51567,69.17144,AF,Kabul,18,300
Q10566876,Kaohsiung Mosque,mosque,22.628,120.34192,TW,Zhengyi Village,21,300
Q11772931,Kruszyniany Mosque,mosque,53.17774,23.81377,PL,Kruszyniany,21,300
Q11957212,Great Mosque of Asmara,mosque,15.33889,38.94167,ER,Asmara,21,300
Q12271333,Alaca Imaret Mosque,mosque,40.63917,22.94965,GR,Thessaloniki Municipality,18,300
Q15246895,Mardinli Mosque,mosque,39.76227,46.75302,AZ,Shusha District,21,300
Q15911667,Osman Shah Mosque,mosque,39.5501,21.7711,GR,Trikkaion Municipality,18,300
Q18206214,"Grand Jamia Mosque, Lahore",mosque,31.3681,74.18579,PK,Lahore,19,300
Q18715177,Great Mosque of Tirana,mosque,41.3256,19.8242,AL,Tirana,23,300
Q19273430,Heydar Mosque,mosque,40.42917,49.82444,AZ,Binagadi raion,20,300
Q19951168,Fethija mosque,mosque,44.81606,15.87,BA,Bihać,20,300
Q30447692,Ibn Rushd-Goethe mosque,mosque,52.525,13.34944,DE,Bezirk Mitte,20,300
Q55147092,"Mosque of the Companions, Massawa",mosque,15.612,39.48062,ER,Massawa,19,300
Q62066735,Al Noor Mosque,mosque,-43.53289,172.61181,NZ,Christchurch City,21,300
Q105061488,Qiyaslı Mosque,mosque,40.02093,46.91604,AZ,"Qiyaslı, Agdam",21,300
Q121610806,Masjid Al-Aqsa,mosque,31.778,35.236,PS,Jerusalem,23,300
Q190682,Central Mosque (Almaty),mosque,43.2683,76.95292,KZ,Almaty,19,300
Q238528,Berlin Mosque,mosque,52.4875,13.31167,DE,Charlottenburg-Wilmersdorf,23,300
Q246275,Molla Gürani Mosque,mosque,41.01628,28.9603,TR,Istanbul,18,300
Q357320,Adina Mosque,mosque,25.15256,88.16424,IN,West Bengal,18,300
Q496515,Seoul Central Mosque,mosque,37.53333,126.9975,KR,Hannam-dong,21,300
Q514130,Perm Mosque,mosque,58.01409,56.22761,RU,Perm,18,300
Q514563,Sancaktar Hayrettin Mosque,mosque,41.00275,28.93467,TR,Istanbul,20,300
Q536288,Mecca Masjid,mosque,17.36056,78.47333,IN,Hyderabad,21,300
Q614237,Nusretiye Mosque,mosque,41.02733,28.98316,TR,Istanbul,19,300
Q622784,Aqsunqur Mosque,mosque,30.03611,31.26028,EG,Cairo Governorate,22,300
Q668264,Islamic Centre Hamburg,mosque,53.57457,10.00842,DE,Hamburg-Nord,21,300
Q691589,Arnaudija Mosque,mosque,44.76994,17.18178,BA,Banja Luka,19,300
Q717882,Taipei Grand Mosque,mosque,25.02793,121.53422,TW,Da'an District,20,300
Q797526,Bab El-Baradeiyin Mosque,mosque,33.89972,-5.5675,MA,Meknes,18,300
Q836059,Cologne Central Mosque,mosque,50.94556,6.92833,DE,Cologne,23,300
Q862848,Kılıç Ali Pasha Mosque,mosque,41.02637,28.98093,TR,Istanbul,21,300
Q874615,Vienna Islamic Centre,mosque,48.245,16.3975,AT,Vienna,20,300
Q959465,King Fahd Mosque,mosque,43.83972,18.34333,BA,Sarajevo,18,300
Q993863,Ertuğrul Gazi Mosque,mosque,37.93306,58.39889,TM,Ashgabat,21,300
Q1003421,Bukui Mosque,mosque,47.34861,123.945,CN,Qiqihar,19,300
Q1044149,Carol I Mosque,mosque,44.17333,28.65968,RO,Constanța,21,300
Q1070201,Cheraman Juma Masjid,mosque,10.21285,76.20209,IN,Thrissur district,24,300
Q1072217,Tuba Shahi Mosque,mosque,40.49185,50.14081,AZ,Khazar,18,300
Q1153320,Zeynep Sultan Mosque,mosque,41.01007,28.97841,TR,Fatih,20,300
Q1153491,Abdallah Ibn Salam Mosque,mosque,35.7,-0.65028,DZ,Oran,21,300
Q1193675,Stockholm Mosque,mosque,59.31579,18.07474,SE,Stockholm Municipality,19,300
Q1207606,Emir Sultan Mosque,mosque,40.18111,29.081,TR,Bursa,19,300
Q1246674,Ali Pasha's Mosque,mosque,43.85792,18.41279,BA,Centar Municipality,23,300
Q1261159,Ferhadija Mosque,mosque,43.8589,18.42713,BA,Sarajevo,18,300
Q1267418,Mustafa Paşa Mosque,mosque,42.00194,21.43542,MK,Skopje,22,300
Q1291779,Al-Zaytunah Mosque,mosque,36.79722,10.17111,TN,Tunis,23,300
Q1417648,Masjid Al-Dahab,mosque,14.59569,120.98514,PH,Manila,18,300
Q1432832,Grand Mosque,mosque,29.36972,47.97833,KW,Kuwait City,19,300
Q1454816,Jameh Mosque of Yazd,mosque,31.90139,54.36861,IR,Yazd,22,300
Q1492495,Auburn Gallipoli Mosque,mosque,-33.86556,151.02361,AU,New South Wales,21,300
Q1492859,Tripoli Cathedral,mosque,32.89061,13.18603,LY,Tripoli,18,300
Q1521003,Palatial mosque in Baku,mosque,40.36607,49.83304,AZ,Sabail raion,19,300
Q1535049,Muhammad Mosque,mosque,40.36541,49.8347,AZ,Sabail raion,23,300
Q1548310,Great Mosque of Brussels,mosque,50.84333,4.38778,BE,Brussels,20,300
Q1555175,Gurgi Mosque,mosque,32.89953,13.17542,LY,Tripoli,19,300
Q1557987,Lhasa Great Mosque,mosque,29.65082,91.1367,CN,Lhasa District,20,300
Q1572395,Sinan Pasha Mosque,mosque,41.04234,29.00624,TR,Istanbul,23,300
Q1572457,Zal Mahmud Pasha Mosque,mosque,41.04478,28.93582,TR,Istanbul,20,300
Q1572481,Gazi Atik Ali Pasha Mosque,mosque,41.00872,28.97055,TR,Istanbul,19,300
Q1573438,Yıldız Hamidi Mosque,mosque,41.04941,29.00994,TR,Istanbul,24,300
Q1584774,Church of the Acheiropoietos,mosque,40.63497,22.94786,GR,Thessaloniki Municipality,21,300
Q1587654,Nurulla Mosque,mosque,55.78291,49.11456,RU,Kazan,18,300
Q1634187,Soltan Mosque,mosque,55.784,49.109,RU,Kazan,19,300
Q1673689,İsa Bey Mosque,mosque,37.95222,27.36583,TR,İzmir Province,19,300
Q1707580,Al-Nasir Muhammad Mosque,mosque,30.0292,31.2609,EG,Cairo Governorate,19,300
Q1729060,Karadzozbey Mosque,mosque,43.34138,17.81391,BA,Mostar,24,300
Q1758501,Kalenderhane Mosque,mosque,41.01313,28.9603,TR,Fatih,23,300
Q1789166,Crystal Mosque,mosque,5.32228,103.12066,MY,Kuala Terengganu,20,300
Q1811339,London Central Mosque,mosque,51.52917,-0.16528,GB,City of Westminster,24,300
Q1813398,Aghdam Mosque,mosque,39.99333,46.93167,AZ,Aghdam District,19,300
Q1831907,Vakil Mosque,mosque,29.61417,52.54528,IR,Fars Province,21,300
Q1907146,Masjid Sultan,mosque,1.30214,103.859,SG,Kampong Glam,22,300
Q1942724,Mohammad Al-Amin Mosque,mosque,33.89497,35.50637,LB,Beirut,23,300
Q2032778,Sidi Saiyyed Mosque,mosque,23.02694,72.58111,IN,Ahmedabad,18,300
Q2069929,Friday Mosque of Shamakhi,mosque,40.62683,48.64391,AZ,Shamakhi District,21,300
Q2115869,Yukhari Govhar Agha Mosque,mosque,39.76014,46.75243,AZ,Shusha District,24,300
Q2786561,White mosque,mosque,31.9276,34.866,IL,Ramla,18,300
Q2667420,Mosque of Omar,mosque,31.7039,35.20578,PS,Bethlehem,20,300
Q2705343,Şakirin Mosque,mosque,41.0131,29.0244,TR,Üsküdar,20,300
Q2706762,Atik Mustafa Pasha Mosque,mosque,41.0386,28.944,TR,Istanbul,18,300
Q2719785,Pertevniyal Mosque,mosque,41.01,28.95306,TR,Istanbul,23,300
Q4702696,Al-Khanqah al-Salahiyya Mosque,mosque,31.7788,35.22931,,Christian Quarter,19,300
Q2121610,Sultan Murad Mosque,mosque,42.00155,21.44144,MK,Skopje,19,300
Q2306453,Ahat Jami Mosque,mosque,48.05319,37.71972,UA,Donetsk,19,300
Q2326446,Kowloon Mosque and Islamic Centre,mosque,22.2987,114.172,CN,Tsim Sha Tsui,22,300
Q2334567,Yeni Üsküdar Mosque,mosque,41.02479,29.01511,TR,Üsküdar,24,300
Q2393668,Lala Tulpan,mosque,54.81972,56.05583,RU,Ufa,22,300
Q2393693,Demak Great Mosque,mosque,-6.89473,110.63739,ID,Demak,20,300
Q2393709,Pul-e Khishti Mosque,mosque,34.51556,69.18028,AF,Kabul,21,300
Q2415786,The Great Mosque of Salé,mosque,34.04,-6.8275,MA,Salé,20,300
Q2474998,Federal Territory Mosque,mosque,3.17194,101.67111,MY,Kuala Lumpur,20,300
Q2480949,Djinguereber Mosque,mosque,16.77139,-3.01,ML,Timbuktu,24,300
Q2528801,Märcani Mosque,mosque,55.77972,49.1175,RU,Kazan,20,300
Q2537376,Mihrimah Üsküdar Mosque,mosque,41.02679,29.01598,TR,Üsküdar,22,300
Q2548705,Great Mosque of Sana'a,mosque,15.35309,44.21493,YE,Sanaa,21,300
Q2565317,Firuz Ağa Mosque,mosque,41.00771,28.97629,TR,Fatih,18,300
Q2565329,Yavuz Selim Mosque,mosque,41.0266,28.9513,TR,Istanbul,24,300
Q2603790,White Mosque,mosque,32.70348,35.29757,IL,Nazareth,24,300
Q2620007,Alâeddin Mosque,mosque,37.87347,32.49278,TR,Konya,23,300
Q246474,New Synagogue Berlin,synagogue,52.52472,13.39444,DE,Bezirk Mitte,31,300
Q253663,Stadttempel,synagogue,48.21165,16.37483,AT,Innere Stadt,26,300
Q443107,Old New Synagogue,synagogue,50.09,14.41861,CZ,Josefov,33,300
Q754397,Dohány Street Synagogue,synagogue,47.4959,19.0607,HU,Budapest District VII,36,300
Q990003,Spanish Synagogue,synagogue,50.09036,14.42083,CZ,Josefov,27,300
Q1141086,Synagogue of Besançon,synagogue,47.24133,6.02144,FR,Besançon,30,300
Q1151525,Hurva Synagogue,synagogue,31.7751,35.23135,IL,Old City of Jerusalem,25,300
Q311734,El Ghriba Synagogue,synagogue,33.81389,10.85944,TN,Medenine Governorate,23,300
Q436286,Old Synagogue (Erfurt),synagogue,50.9786,11.0293,DE,Erfurt,21,300
Q517766,Maisel Synagogue,synagogue,50.08878,14.41866,CZ,Josefov,20,300
Q544285,Roonstrasse Synagogue,synagogue,50.93212,6.93668,DE,Neustadt-Süd,17,300
Q550451,Great Synagogue,synagogue,41.69,44.80727,GE,Tbilisi,17,300
Q600198,Kahal Zur Israel Synagogue,synagogue,-8.06131,-34.87132,BR,Recife,17,300
Q619484,Stockholm Synagogue,synagogue,59.33189,18.07421,SE,Stockholm Municipality,20,300
Q736135,Belgrade Synagogue,synagogue,44.81528,20.45722,RS,Belgrade,19,300
Q747244,Neve Shalom Synagogue,synagogue,41.02669,28.97242,TR,Istanbul,20,300
Q787448,Karaite Kenesa,synagogue,50.45,30.51111,UA,Kyiv,16,300
Q834288,Szeged Synagogue,synagogue,46.2539,20.14265,HU,Szeged,19,300
Q851924,Bevis Marks Synagogue,synagogue,51.5145,-0.07905,GB,City of London,16,300
Q942102,Jubilee Synagogue,synagogue,50.08472,14.43167,CZ,New Town,19,300
Q942127,Central Synagogue of Sofia,synagogue,42.70028,23.32101,BG,Sofia,22,300
Q942338,Great Synagogue (Gibraltar),synagogue,36.14183,-5.35251,GB,Gibraltar,16,300
Q966792,Tiferet Yisrael Synagogue,synagogue,31.77537,35.23234,IL,Jerusalem,16,300
Q1039834,Subotica Synagogue,synagogue,46.10167,19.66139,RS,Subotica,24,300
Q1076326,Moscow Choral Synagogue,synagogue,55.75556,37.63528,RU,Basmanny District,16,300
Q1076328,Choral Synagogue of Vilnius,synagogue,54.67611,25.28139,LT,Vilnius,17,300
Q1113721,Eldridge Street Synagogue,synagogue,40.71475,-73.99347,US,Manhattan,16,300
Q1243512,Novi Sad Synagogue,synagogue,45.25313,19.84071,RS,Novi Sad,17,300
Q1268260,Templo Libertad,synagogue,-34.5994,-58.3836,AR,Buenos Aires,18,300
Q1268899,Sarajevo Synagogue,synagogue,43.85641,18.42511,BA,Stari Grad,23,300
Q1331109,Eliyahu Hanavi Synagogue,synagogue,31.19889,29.90028,EG,Alexandria,16,300
Q1358886,Grand Synagogue of Paris,synagogue,48.8756,2.33639,FR,9th arrondissement of Paris,17,300
Q1473716,"Great Synagogue, Lutsk",synagogue,50.73583,25.31861,UA,Lutsk,17,300
Q1504036,Grand Choral Synagogue,synagogue,59.925,30.292,RU,Saint Petersburg,18,300
Q1548449,Great Synagogue,synagogue,49.74667,13.37278,CZ,Plzeň,19,300
Q1548454,"Great Synagogue, Warsaw",synagogue,52.24459,21.0024,PL,Warsaw,20,300
Q1548485,Great Synagogue of Rome,synagogue,41.89223,12.47763,IT,Roma Capitale,22,300
Q1568115,Synagogue of Santa María la Blanca,synagogue,39.85694,-4.03044,ES,Toledo,19,300
Q1577089,Dura-Europos synagogue,synagogue,34.74749,40.7271,SY,Dura-Europos,18,300
Q1811506,Synagogue of El Transito,synagogue,39.85572,-4.02944,ES,Toledo,19,300
Q1846214,Peitav Synagogue,synagogue,56.94583,24.11056,LV,Riga,18,300
Q2096330,Malmö Synagogue,synagogue,55.59944,13.01083,SE,Malmö Municipality,17,300
Q2304576,Tallinn Synagogue,synagogue,59.43861,24.76667,EE,Tallinn,22,300
Q2447775,Great Synagogue of Europe,synagogue,50.83889,4.355,BE,Brussels,18,300
Q2474653,Ben Ezra Synagogue,synagogue,30.00579,31.23102,EG,Cairo Governorate,21,300
Q2750095,Dubrovnik Synagogue,synagogue,42.65056,18.09139,HR,Dubrovnik,18,300
Q2916686,Great Synagogue,synagogue,32.06444,34.77222,IL,Tel Aviv,16,300
Q2995669,Yusef Abad Synagogue,synagogue,35.72742,51.40911,IR,District 6,17,300
Q4335003,Oni Synagogue,synagogue,42.58702,43.44638,GE,Oni Municipality,18,300
Q4496277,Kharkiv Choral Synagogue,synagogue,49.99244,36.23486,UA,Kharkiv,17,300
Q5338336,Grand Synagogue of Edirne,synagogue,41.67161,26.55157,TR,Edirne,18,300
Q5600070,Ben Farès Mosque,synagogue,36.78407,3.05917,DZ,Casbah,17,300
Q6333102,Zagreb Synagogue,synagogue,45.8118,15.9781,HR,Zagreb,17,300
Q221716,Kiyomizu-dera,temple,34.99483,135.785,JP,Higashiyama-ku,77,300
Q522862,Karnak Temple Complex,temple,25.71833,32.65833,EG,Luxor Governorate,66,300
Q3906600,Temple in Jerusalem,temple,31.77778,35.23556,PS,Jerusalem,78,300
Q4513,Mahabodhi Temple,temple,24.696,84.99136,IN,Bodh Gaya,70,300
Q10288,Parthenon,temple,37.97153,23.7266,GR,Athens Municipality,137,300
Q42798,Borobudur Temple,temple,-7.60793,110.20384,ID,Magelang,99,300
Q43018,Temple of Ephesian Artemis,temple,37.94972,27.36389,TR,Selçuk,94,300
Q43473,Angkor Wat,temple,13.4125,103.86667,KH,Siem Reap Province,137,300
Q47721,Prambanan Temple,temple,-7.752,110.49122,ID,Central Java,71,300
Q125445,Temple of Heaven,temple,39.8822,116.4066,CN,Tiantan Subdistrict,69,300
Q134140,Abu Simbel,temple,22.33694,31.62556,EG,Aswan Governorate,93,300
Q180422,Harmandir Sahib,temple,31.62,74.87667,IN,Amritsar,87,300
Q270983,Kinkaku-ji Temple,temple,35.0395,135.7285,JP,Kita-ku,57,300
Q289175,Temple of the Tooth,temple,7.29361,80.64139,LK,Kandy,34,300
Q311581,Ramesseum,temple,25.72778,32.61056,EG,Luxor Governorate,39,300
Q319841,Luxor Temple,temple,25.7,32.63917,EG,Luxor,58,300
Q339822,"Temple of Confucius, Qufu",temple,35.5967,116.984,CN,Qufu,29,300
Q339859,Shitennō-ji Temple,temple,34.6539,135.51645,JP,Shitennōji,31,300
Q380384,Pashupatinath Temple,temple,27.7105,85.34865,NP,Kathmandu,45,300
Q380530,Temple of Castor and Pollux,temple,41.89167,12.48556,IT,Rome,35,300
Q384813,Temple of Athena Nike,temple,37.9715,23.7249,GR,Athens Municipality,43,300
Q391406,Mỹ Sơn,temple,15.76324,108.12445,VN,Da Nang,54,300
Q167298,Khajuraho Group of Monuments,temple,24.85222,79.92222,IN,Khajuraho,30,300
Q197019,Temple of Zeus in Olympia,temple,37.63786,21.63,GR,Ancient Olympia Municipality,33,300
Q216862,Ġgantija,temple,36.04727,14.2691,MT,Xagħra,48,300
Q241937,Drepung Monastery,temple,29.67671,91.04699,CN,Lhasa District,31,300
Q242741,Erechtheion,temple,37.97208,23.72653,GR,Athens Municipality,50,300
Q257473,Ginkaku-ji Temple,temple,35.02667,135.79833,JP,Sakyō-ku,33,300
Q735914,Jokhang,temple,29.65306,91.13222,CN,Pargor Subdistrict,40,300
Q746721,Temple of Saturn,temple,41.89243,12.48411,IT,Rome,36,300
Q752091,Konark Sun Temple,temple,19.88744,86.0946,IN,Puri district,55,300
Q752555,Temple of Antoninus and Faustina,temple,41.89214,12.48669,IT,Rome,33,300
Q753791,Temple of Vesta,temple,41.89171,12.48621,IT,Rome,40,300
Q756824,Temple of Hephaestus,temple,37.97562,23.72139,GR,Athens Municipality,38,300
Q774021,Templo Mayor,temple,19.435,-99.13139,MX,Cuauhtémoc,31,300
Q790099,Banteay Srei,temple,13.59888,103.96285,KH,Siem Reap,32,300
Q790118,Baphuon,temple,13.44377,103.85617,KH,Angkor,31,300
Q1381933,Pura Luhur,temple,-8.82939,115.08441,ID,Badung,25,300
Q1430211,Samye,temple,29.32644,91.50422,CN,Zhanang County,27,300
Q1456939,Temple of Peace,temple,41.89262,12.48761,IT,Rome,28,300
Q1093334,Omkareshwar Temple,temple,22.24558,76.15106,IN,Madhya Pradesh,30,300
Q1123019,Temple of Olympian Zeus,temple,37.96937,23.73308,GR,Athens Municipality,38,300
Q1128327,Temple of Kukulcan,temple,20.68289,-88.56861,MX,Chichen Itza,40,300
Q1133288,Temple of Caesar,temple,41.89204,12.48609,IT,Rome,31,300
Q1143887,Somnath temple,temple,20.88803,70.40139,IN,Veraval,40,300
Q1157765,Dakshineswar Kali Temple,temple,22.655,88.35778,IN,North 24 Parganas district,26,300
Q1202871,Ninna-ji Temple,temple,35.03111,135.71389,JP,Ukyō Ward,25,300
Q1243401,Temple of Kom Ombo,temple,24.45194,32.92806,EG,Aswan Governorate,29,300
Q1264618,White Horse Temple,temple,34.72389,112.59972,CN,Baimasi Town,29,300
Q1268562,"Kailasa Temple, Ellora",temple,20.02389,75.17917,IN,Aurangabad district,35,300
Q1276887,Xuankong Temple,temple,39.65956,113.70836,CN,Hunyuan County,32,300
Q797481,Temple of Bel,temple,34.547,38.274,SY,Homs Governorate,34,300
Q817594,Coricancha,temple,-13.52011,-71.97572,PE,Cusco District,29,300
Q828143,Temple of Concord,temple,41.89293,12.48424,IT,Rome,28,300
Q829418,Besakih,temple,-8.3741,115.45222,ID,Karangasem,32,300
Q841207,Heraion of Samos,temple,37.67194,26.88556,GR,East Samos Municipality,37,300
Q849241,Temple of Portunus,temple,41.88926,12.48091,IT,Rome,33,300
Q866014,Kedarnath Temple,temple,30.73334,79.06666,IN,Uttarakhand,27,300
Q917195,Enryaku-ji Temple,temple,35.07056,135.84111,JP,Sakamotohonmachi,32,300
Q928707,Esagila,temple,32.53389,44.42139,IQ,Babylon,29,300
Q940843,Lotus Temple,temple,28.55333,77.2586,IN,Delhi,56,300
Q945913,Yakushi-ji Temple,temple,34.66836,135.78431,JP,Nara,29,300
Q660692,mortuary temple of Hatshepsut,temple,25.73806,32.60694,EG,Luxor Governorate,30,300
Q672056,Kōtoku-in Temple,temple,35.31686,139.53572,JP,Hase,42,300
Q684072,Garni Temple,temple,40.112,44.729,AM,Garni,42,300
Q731284,Temple of Vespasian and Titus,temple,41.89273,12.48389,IT,Rome,25,300
Q735254,Dendera Temple complex,temple,26.14167,32.67028,EG,Dendera,32,300
Q430792,Temple of Venus and Roma,temple,41.89089,12.48975,IT,Rome,30,300
Q455167,Amarnath Temple,temple,34.21667,75.51667,IN,Anantnag district,34,300
Q460367,Tōdai-ji Temple,temple,34.68917,135.83972,JP,Nara,44,300
Q464535,Shwedagon Pagoda,temple,16.79833,96.14944,MM,Dagon Township,55,300
Q489795,Haeinsa,temple,35.8,128.1,KR,South Gyeongsang,38,300
Q515253,Tanah Lot,temple,-8.62114,115.08675,ID,Beraban,33,300
Q521646,Serapeum of Alexandria,temple,31.18194,29.89694,EG,Alexandria,25,300
Q576929,Temple of Hercules Victor,temple,41.88873,12.48075,IT,Rome,28,300
Q586468,Temple of Jupiter Optimus Maximus,temple,41.89218,12.48169,IT,Rome,32,300
Q587371,Ryōan-ji Temple,temple,35.03444,135.71833,JP,Ukyō Ward,32,300
Q601605,Banteay Kdei,temple,13.42981,103.89825,KH,Angkor Thom,25,300
Q613037,Temple of Edfu,temple,24.97778,32.87333,EG,Aswan Governorate,46,300
Q615183,Sensō-ji Temple,temple,35.71456,139.79664,JP,Asakusa,31,300
Q1520207,Sabarimala temple complex,temple,9.4375,77.0805,IN,Pathanamthitta district,28,300
Q1678260,Jagannath Temple,temple,19.80472,85.81833,IN,Puri,33,300
Q1849858,Akshardham,temple,28.6125,77.2773,IN,East Delhi district,36,300
Q2209873,Paro Taktsang,temple,27.49167,89.36333,BT,Paro District,44,300
Q2365530,Lingaraja Temple,temple,20.23833,85.83361,IN,Bhubaneswar,27,300
Q2671548,"Ranganathaswamy Temple, Srirangam",temple,10.8621,78.6901,IN,Tiruchirappalli,27,300
Q3161830,Janaki Mandir,temple,26.7304,85.9257,NP,Janakpurdham,26,300
Q3380656,Ramappa Temple,temple,18.25944,79.9425,IN,Mulugu district,34,300
Q3522747,Group of monuments at Mahabalipuram,temple,12.61667,80.19167,IN,,27,300
Q3629418,Kamakhya Temple,temple,26.16643,91.70551,IN,Guwahati,28,300
Q1070863,Kōfuku-ji Temple,temple,34.68321,135.8313,JP,Nara,29,300
Q61094,Byōdō-in Temple,temple,34.88944,135.80778,JP,Uji,37,300
Q261932,Hōryū-ji Temple,temple,34.61444,135.73417,JP,Ikaruga,53,300
Q1333799,Buddhist Monuments in the Hōryū-ji Area,temple,34.61427,135.73424,JP,Ikaruga,25,300
Q1473969,Padmanabhaswamy Temple,temple,8.48278,76.94361,IN,Thiruvananthapuram,26,300
Q1046403,Tō-ji Temple,temple,34.98056,135.74778,JP,Minami-ku,30,300
Q654024,Bayon,temple,13.44125,103.85874,KH,Angkor Thom,44,300
Q3675,Kashi Vishwanath Temple,temple,25.31077,83.01061,IN,Varanasi,36,300
Q29019,Dendera,temple,26.14219,32.66972,EG,Qena Governorate,47,300
Q29238,Pyramid of the Sun,temple,19.6925,-98.8438,MX,State of Mexico,50,300
Q45690,Dambulla cave temple,temple,7.85656,80.64834,LK,Matale District,39,300
Q45949,Preah Vihear Temple,temple,14.39056,104.68028,KH,Preah Vihear Province,52,300
Q9375937,Tirumala Venkateswara Temple,temple,13.68306,79.34694,IN,Tirupati district,27,300
Q10751359,Temple of Apollo in Delphi,temple,38.48227,22.50128,GR,Delfi Municipality,25,300
Q12946982,Swayambhunath,temple,27.715,85.29,NP,Kathmandu,34,300
Q15238480,Maya Devi Temple,temple,27.46955,83.27579,NP,Lumbini,25,300
Q20871005,Temple of Baalshamin,temple,34.5533,38.27047,SY,Homs Governorate,28,300
Q38278862,Temple of Apollo Epicurius in Bassae,temple,37.42965,21.90039,GR,Oichalia Municipality,27,300
Q96401169,Ram Mandir,temple,26.7956,82.1943,IN,Ayodhya,43,300
Q615178,Temple of Earth,temple,39.95139,116.40972,CN,Hepingli Subdistrict,21,300
Q616790,"St. Catherine's Church, Hamburg",temple,53.546,9.99437,DE,Hamburg-Mitte,19,300
Q626535,Honnō-ji Temple,temple,35.01029,135.76828,JP,Kyoto,20,300
Q632057,Basilika of St. Ludmila,temple,50.07528,14.43722,CZ,Vinohrady,20,300
Q633572,"Temple of Hera, Olympia",temple,37.63878,21.62967,GR,Ancient Olympia Municipality,18,300
Q636642,Church of Saint Francis of Assisi,temple,-19.85836,-43.97897,BR,Belo Horizonte,18,300
Q648390,Kandariya Mahadeva Temple,temple,24.85297,79.91956,IN,Chhatarpur district,20,300
Q653319,Sanjūsangen-dō Temple,temple,34.98788,135.77171,JP,Higashiyama-ku,21,300
Q656040,Mortuary Temple of Ramesses III,temple,25.71983,32.60078,EG,,23,300
Q688315,Bern Minster,temple,46.94722,7.45139,CH,Bern,21,300
Q690944,Fraumünster,temple,47.36972,8.54111,CH,Zurich,19,300
Q693884,St. Peter's Church,temple,48.20944,16.37,AT,Innere Stadt,20,300
Q694252,Basilica of the Fourteen Holy Helpers,temple,50.11567,11.05407,DE,Bad Staffelstein,21,300
Q694286,St. Nicholas Church,temple,51.34026,12.37856,DE,Leipzig,21,300
Q695069,Frauenkirche,temple,49.45403,11.07819,DE,Nuremberg,19,300
Q695891,St. Elisabeth's Church,temple,50.815,8.76972,DE,Marburg,20,300
Q700199,St. Michael's Church,temple,48.208,16.367,AT,Innere Stadt,20,300
Q706970,Eanna,temple,31.32222,45.63611,IQ,Uruk,24,300
Q707357,St. Lawrence,temple,49.451,11.0787,DE,Nuremberg,19,300
Q732343,Santiago Apóstol parish in Tequixquiac,temple,19.91031,-99.14745,MX,Santiago Tequixquiac,19,300
Q745359,San Giovanni degli Eremiti,temple,38.10972,13.35472,IT,Palermo,20,300
Q748459,San Gregorio Magno al Celio,temple,41.88547,12.49064,IT,Rome,18,300
Q748689,Santa Maria degli Scalzi,temple,45.44128,12.32221,IT,Venice,19,300
Q763565,"Chapel of the Resurrection, Brussels",temple,50.84139,4.37861,BE,Brussels,20,300
Q770030,Temple of Augustus,temple,44.8702,13.84185,HR,Pula,20,300
Q777726,Church of the Holy Spirit,temple,59.43806,24.74583,EE,Tallinn,21,300
Q789081,Baksei Chamkrong,temple,13.42523,103.85807,KH,Angkor,23,300
Q793909,San Damiano,temple,43.06167,12.61806,IT,Assisi,18,300
Q799695,Badrinath Temple,temple,30.7447,79.49117,IN,Uttarakhand,24,300
Q946542,San Francesco della Vigna,temple,45.4381,12.3486,IT,Venice,20,300
Q962410,Trowulan Temple,temple,-7.55,112.36667,ID,Mojokerto,23,300
Q962846,Vlatadon Monastery,temple,40.64183,22.95447,GR,Thessaloniki Municipality,18,300
Q967601,Jade Buddha Temple,temple,31.24333,121.44028,CN,Shanghai,20,300
Q972881,San Marcello al Corso,temple,41.8988,12.48157,IT,Rome,20,300
Q973175,Tōshōdai-ji Temple,temple,34.67559,135.78483,JP,Nara,19,300
Q974832,"Santo Stefano, Venice",temple,45.43373,12.33087,IT,Venice,19,300
Q983725,Rozhen Monastery,temple,41.53028,23.42639,BG,Blagoevgrad,18,300
Q986750,Kōzan-ji Temple,temple,35.06014,135.67856,JP,Ukyō Ward,20,300
Q990912,Church of the Multiplication,temple,32.87333,35.54861,IL,Tabgha,21,300
Q993659,Baptistère Saint-Jean,temple,46.57944,0.34861,FR,Poitiers,19,300
Q1001415,Budhanilkantha Temple,temple,27.77806,85.36222,NP,Budhanilkantha,22,300
Q1028121,Church of the Transfiguration,temple,32.68624,35.39285,IL,Mount Tabor,21,300
Q1028202,San Salvador,temple,45.4366,12.3365,IT,Venice,20,300
Q1028566,Pura Taman Ayun,temple,-8.54161,115.1726,ID,Mengwi,20,300
Q1035075,Hekatompedon temple,temple,37.9715,23.7267,GR,Athens,20,300
Q1062150,Changu Narayan Temple,temple,27.71639,85.42778,NP,Bhaktapur District,23,300
Q1064580,Beijing Temple of Confucius,temple,39.94518,116.4083,CN,Andingmen Subdistrict,18,300
Q1064659,Loreta,temple,50.08944,14.39194,CZ,Hradčany,19,300
Q1068131,San Moisè,temple,45.43308,12.33595,IT,Venice,19,300
Q1076439,Santi Bonifacio e Alessio,temple,41.88365,12.47885,IT,Rome,20,300
Q1089275,Nageshvara Jyotirlinga,temple,22.3359,69.0869,IN,Dwarka Taluka,20,300
Q1089767,Nanzen-ji Temple,temple,35.01111,135.79417,JP,Sakyō-ku,22,300
Q1089897,Vaidyanath Jyotirlinga,temple,24.4925,86.7,IN,Deoghar,18,300
Q1093326,Bhimashankar Temple,temple,19.07194,73.53583,IN,Maharashtra,21,300
Q1093909,Gesuati,temple,45.42944,12.32722,IT,Venice,18,300
Q1098123,Ishiyama Hongan-ji,temple,34.68736,135.52569,JP,Osaka,18,300
Q1107945,Sant'Eustachio,temple,41.89849,12.47576,IT,Rome,20,300
Q1144279,Shore Temple,temple,12.61639,80.19861,IN,Chengalpattu district,21,300
Q1149886,Torcello Cathedral,temple,45.4982,12.4193,IT,Venice,19,300
Q72176,Lakewood Church,temple,29.73,-95.43444,US,Houston,18,300
Q118893,Akal Takht,temple,31.62061,74.87533,IN,Amritsar,23,300
Q153816,Rotunda of Mosta,temple,35.91008,14.4259,MT,Mosta,20,300
Q166800,Chersonesus Cathedral,temple,44.61222,33.49333,RU,Sevastopol,18,300
Q189640,Zenkō-ji Temple,temple,36.66167,138.18778,JP,Nagano,20,300
Q195660,Santa Maria Antiqua,temple,41.89305,12.48742,IT,Rome,20,300
Q241410,San Francesco di Paola,temple,40.8353,14.2475,IT,Naples,21,300
Q247960,Ateni Sioni Church,temple,41.9043,44.09547,GE,Gori Municipality,19,300
Q249973,Niccoline Chapel,temple,41.9034,12.45462,VA,,18,300
Q279402,Brunswick Cathedral,temple,52.26417,10.52417,DE,Brunswick,20,300
Q301607,Kreuzkirche,temple,51.04872,13.73919,DE,Dresden,19,300
Q334331,Tihany Abbey,temple,46.91389,17.88944,HU,Tihany,18,300
Q1189293,National Expiatory Basilica of the Sacred Heart of Jesus,temple,41.42207,2.11886,ES,"Vallvidrera, el Tibidabo i les Planes",18,300
Q1195738,St. Andrew's Church,temple,50.05661,19.9384,PL,Kraków Old Town,21,300
Q1203099,Gangō-ji Temple,temple,34.67806,135.83111,JP,Chūinchō,18,300
Q1203429,Kongōbu-ji Temple,temple,34.21408,135.58409,JP,Kōya-chō,19,300
Q1207526,Dhakeshwari Temple,temple,23.72275,90.39027,BD,Dhaka,19,300
Q1226760,Jubilee Church,temple,41.8824,12.58544,IT,Roma Capitale,19,300
Q1229125,Basilica di Sant'Anastasia al Palatino,temple,41.88819,12.48407,IT,Rome,19,300
Q1234446,Septizodium,temple,41.88563,12.48872,IT,Rome,20,300
Q1235886,Erawan Shrine,temple,13.74436,100.54044,TH,Lumphini,19,300
Q1236860,Temple of Apollo Palatinus,temple,41.88886,12.48575,IT,Rome,20,300
Q1243760,Saint-Julien-le-Pauvre,temple,48.85204,2.34713,FR,5th arrondissement of Paris,19,300
Q338657,Saints Peter and Paul Church,temple,50.05694,19.93889,PL,Kraków,18,300
Q352799,Temple of Janus,temple,41.89298,12.48572,IT,Rome,20,300
Q368576,St. Sebaldus,temple,49.45531,11.07648,DE,Nuremberg,21,300
Q375642,Mortuary Temple of Seti I,temple,25.73278,32.62806,EG,Luxor Governorate,22,300
Q403189,Jing'an Temple,temple,31.225,121.44083,CN,Shanghai,18,300
Q431062,Temple of Hadrian,temple,41.89972,12.47944,IT,Rome,22,300
Q441668,Kirche am Steinhof,temple,48.21063,16.27879,AT,Vienna,18,300
Q485338,Yoido Full Gospel Church,temple,37.53104,126.92327,KR,Seoul,21,300
Q485727,Ananda Temple,temple,21.1709,94.86771,MM,Bagan,21,300
Q517374,San Giorgio in Velabro,temple,41.88953,12.48314,IT,Rome,20,300
Q519572,Murbach Abbey,temple,47.92333,7.15806,FR,Murbach,18,300
Q525891,Saint-Merri,temple,48.85906,2.35083,FR,4th arrondissement of Paris,20,300
Q535443,St. Peter’s Church,temple,53.55028,9.99639,DE,Hamburg-Mitte,18,300
Q535970,Kalighat Kali Temple,temple,22.52028,88.34208,IN,"Ward No. 83, Kolkata Municipal Corporation",21,300
Q546141,Santa Maria della Concezione dei Cappuccini,temple,41.90502,12.48857,IT,Rome,18,300
Q550064,Malmesbury Abbey,temple,51.5847,-2.09838,GB,Malmesbury,21,300
Q560855,St. Martin's Church,temple,48.53414,12.15109,DE,Landshut,20,300
Q571088,San Francesco a Ripa,temple,41.88517,12.47315,IT,Rome,19,300
Q575468,Dormition Church,temple,49.84206,24.03446,UA,Lviv,19,300
Q586142,Église de la Sainte-Trinité,temple,48.8773,2.33141,FR,9th arrondissement of Paris,21,300
Q589462,Santa Maria presso San Satiro,temple,45.46261,9.18803,IT,Milan,19,300
Q592799,San Giovanni a Porta Latina,temple,41.87726,12.50193,IT,Rome,21,300
Q596988,Temple of Aphaea,temple,37.75428,23.53333,GR,Aegina Municipality,23,300
Q600062,"Archbishop's Chapel, Ravenna",temple,44.41556,12.19778,IT,Ravenna,20,300
Q600269,Po Nagar,temple,12.26528,109.19556,VN,Nha Trang,18,300
Q601540,Magnus Cathedral,temple,61.95184,-6.79207,FO,Tórshavn Municipality,20,300
Q604708,Banteay Samré,temple,13.44215,103.95897,KH,Siem Reap,23,300
Q609419,Anchiskhati Basilica,temple,41.69543,44.80685,GE,Tbilisi,19,300
Q611371,Vaishno Devi Temple,temple,33.03,74.94806,IN,Katra,21,300
Q1306397,Precinct of Amun-Re,temple,25.71875,32.65761,EG,Karnak,18,300
Q1318945,Medinet Maadi,temple,29.19312,30.64213,EG,Faiyum Governorate,22,300
Q1320242,Church of the Twelve Apostles,temple,55.75144,37.61749,RU,Tverskoy District,21,300
Q1399104,Fayuan Temple,temple,39.88333,116.36361,CN,Xicheng District,20,300
Q1402606,BAPS Shri Swaminarayan Mandir London,temple,51.5475,-0.26167,GB,London,19,300
Q1419595,Church of the Deposition of the Robe,temple,55.75081,37.61636,RU,Tverskoy District,19,300
Q1436962,"Saint-Roch, Paris",temple,48.86533,2.33261,FR,Quartier du Palais-Royal,19,300
Q1448870,Sanctuary of Saint Michael the Archangel,temple,41.70772,15.95478,IT,Monte Sant'Angelo,18,300
Q1456840,Peace Church in Świdnica,temple,50.84625,16.49164,PL,Świdnica,20,300
Q1462523,Serabit el-Khadim,temple,29.03673,33.45941,EG,South Sinai Governorate,24,300
Q1499131,Church of the Flagellation,temple,31.78054,35.23437,PS,East Jerusalem,18,300
Q1503199,Church of Our Lady of Victories,temple,50.0857,14.4036,CZ,Malá Strana,19,300
Q1504317,Church of Saint Nicholas Orphanos,temple,40.63776,22.95599,GR,Thessaloniki Municipality,19,300
Q1515316,San Lorenzo in Lucina,temple,41.90342,12.47869,IT,Rome,20,300
Q1547264,Church of Our Lady of Laeken,temple,50.87861,4.35583,BE,Brussels,18,300
Q1549939,Church of São Francisco,temple,41.141,-8.616,PT,"Cedofeita, Santo Ildefonso, Sé, Miragaia, São Nicolau e Vitória",19,300
Q1551966,Saint Anne's Church,temple,31.7814,35.23645,PS,East Jerusalem,20,300
Q1577630,Saint-Nicolas-du-Chardonnet,temple,48.84917,2.35028,FR,5th arrondissement of Paris,19,300
Q1579529,San Vitale,temple,41.89967,12.49086,IT,Rome,21,300
Q1587164,Kapaleeshwarar Temple,temple,13.03389,80.26972,IN,Mylapore,18,300
Q1607754,Argive Heraion,temple,37.69194,22.77472,GR,Argos-Mykines Municipality,18,300
Q1625428,San Silvestro in Capite,temple,41.9025,12.48088,IT,Rome,21,300
Q1640233,Temple of Augustus in Ankara,temple,39.94434,32.85827,TR,Altındağ,22,300
Q1649784,Nostra Signora del Sacro Cuore,temple,41.89823,12.47353,IT,Rome,20,300
Q1650229,Church of Panagia Chalkeon,temple,40.63679,22.94366,GR,Thessaloniki Municipality,19,300
Q1655766,Church of the Light,temple,34.81861,135.53694,JP,Ibaraki,21,300
Q1683898,Putuo Zongcheng Temple,temple,41.0125,117.92778,CN,Chengde,18,300
Q1703519,Church of Hvalsey,temple,60.82812,-45.78044,GL,Kujalleq,18,300
Q1710376,Saint-Séverin,temple,48.85209,2.34573,FR,5th arrondissement of Paris,18,300
Q1710383,Saint-Vincent-de-Paul church,temple,48.87889,2.35167,FR,10ᵗʰ arrondissement of Paris,19,300
Q1728667,Church of Panaghia Kapnikarea,temple,37.97637,23.7286,GR,Athens Municipality,18,300
Q1734896,Kashveti Church,temple,41.69795,44.79932,GE,Tbilisi,21,300
Q1742908,Kiruna Church,temple,67.852,20.23297,SE,Kiruna Municipality,21,300
Q1750627,Santa Prisca,temple,41.88305,12.48382,IT,Rome,18,300
Q1756307,Mii-dera Temple,temple,35.01333,135.85278,JP,Otsu,19,300
Q1759226,Tenryū-ji Temple,temple,35.01599,135.67379,JP,Ukyō Ward,20,300
Q1763642,Basilica of San Zeno,temple,45.4425,10.97917,IT,Verona,21,300
Q1777686,Kvetera Church,temple,42.05611,45.09944,GE,Akhmeta,20,300
Q1785234,Santa Maria in Via,temple,41.90361,12.69792,IT,Rome,18,300
Q1785618,Franciscan Church of the Annunciation,temple,46.05186,14.50606,SI,Ljubljana City Municipality,21,300
Q1809115,Santa Maria in Montesanto,temple,41.90989,12.47696,IT,Rome,18,300
Q1841314,Saint Nicholas' Church,temple,51.05389,3.72278,BE,Ghent,19,300
Q1861408,Church of St. Peter in Gallicantu,temple,31.77132,35.23211,IL,Jerusalem,18,300
Q1887973,Santa Maria in Monserrato degli Spagnoli,temple,41.89599,12.46915,IT,Rome,18,300
Q1938714,"Church of St Peter ad Vincula, Tower Hamlets",temple,51.5086,-0.07694,GB,London Borough of Tower Hamlets,19,300
Q2004104,Sanctuary of the Madonna di San Luca,temple,44.47915,11.29789,IT,Bologna,19,300
Q2030809,Santa Susanna,temple,41.90425,12.49364,IT,Roma Capitale,20,300
Q2031901,Santa Maria in Vallicella,temple,41.89823,12.46913,IT,Rome,20,300
Q2032749,Church of the Saviour,temple,39.92389,116.3725,CN,Shichahai Subdistrict,20,300
Q2039903,Santa Maria in Campitelli,temple,41.89305,12.47933,IT,Rome,18,300
Q2060055,Santa Maria in Domnica,temple,41.88472,12.49556,IT,Rome,19,300
Q2140145,Santa Maria dell'Anima,temple,41.89971,12.47215,IT,Rome,19,300
Q2145580,San Nicola in Carcere,temple,41.89136,12.48032,IT,Rome,20,300
Q2149114,A-Ma Temple,temple,22.18611,113.53114,CN,Macau,24,300
Q2164087,German Church,temple,59.32417,18.07167,SE,Stockholm Municipality,21,300
Q2166743,Tōfuku-ji Temple,temple,34.97571,135.77368,JP,Higashiyama-ku,23,300
Q2191998,Church of the Assumption of Our Lady and Saint John the Baptist,temple,49.95984,15.28988,CZ,Sedlec,19,300
Q2204013,La Seu Vella,temple,41.61778,0.62667,ES,Lleida,19,300
Q2220851,Pura Ulun Danu Bratan,temple,-8.27061,115.16658,ID,Tabanan,21,300
Q2248633,Shoghakat Church,temple,40.1681,44.30488,AM,Vagharshapat,21,300
Q2293331,Basilica of Our Lady of the Pine Tree,temple,41.38222,2.17389,ES,Gothic Quarter,18,300
Q2301992,St Mary-le-Bow,temple,51.51371,-0.09357,GB,City of London,19,300
Q2375435,Gurudwara Bangla Sahib,temple,28.6267,77.2089,IN,New Delhi,22,300
Q2428845,"Sri Mariamman Temple, Singapore",temple,1.28261,103.845,SG,Chinatown,19,300
Q2458522,Palatine Chapel in Aachen,temple,50.7747,6.08444,DE,Aachen,19,300
Q2459870,Temple of Venus Genetrix,temple,41.89419,12.48481,IT,Rome,22,300
Q2463289,Yererouk,temple,40.43999,43.60918,AM,Anipemza,19,300
Q2482838,Reading Abbey,temple,51.45635,-0.96509,GB,Reading,18,300
Q2499524,Monastery of Santa Cruz,temple,40.21095,-8.42876,PT,"Coimbra (Sé Nova, Santa Cruz, Almedina e São Bartolomeu)",18,300
Q2519438,Lateran Baptistery,temple,41.88615,12.5043,IT,Rome,20,300
Q2524402,Church of the Saviour at Berestove,temple,50.43733,30.555,UA,Kyiv,19,300
Q2570737,Sun Temple,temple,23.58381,72.13268,IN,Becharaji Taluka,19,300
Q2598073,Saint George Rotunda Church,temple,42.69686,23.32286,BG,Sofia,21,300
Q2615369,Church of the Holy Apostles,temple,37.97408,23.72392,GR,Athens Municipality,19,300
Q2638127,Aglona Basilica,temple,56.12694,27.01556,LV,Aglona,19,300
Q2657972,Estrela Basilica,temple,38.71333,-9.16056,PT,Estrela,18,300
Q2660144,Chūson-ji Temple,temple,39.00139,141.09972,JP,Hiraizumi,19,300
Q2722882,Hinglaj Mata,temple,25.51389,65.51528,PK,Lasbela District,24,300
Q2723631,Shani Shingnapur,temple,19.4,74.8167,IN,Ahilyanagar district,21,300
Q2736770,San Sisto Vecchio,temple,41.87962,12.49625,IT,Rome,18,300
Q2746626,Mendut Temple,temple,-7.6048,110.23008,ID,Mungkid,24,300
Q2756744,"Saint Peter's Church, Malmo",temple,55.60694,13.00344,SE,Malmö Municipality,18,300
Q2781524,Church of Saint Ildefonso,temple,41.14629,-8.60648,PT,"Cedofeita, Santo Ildefonso, Sé, Miragaia, São Nicolau e Vitória",19,300
Q2918487,Church of the Beatitudes,temple,32.88086,35.55579,IL,Tabgha,18,300
Q2981697,Kallio Church,temple,60.18423,24.94933,FI,Helsinki,18,300
Q18157,St. Nicholas Greek Orthodox Church,temple,40.71013,-74.01322,US,Manhattan,19,300
Q44615,Foguang Temple,temple,38.86917,113.38778,CN,Doucun,23,300
Q63368,Real Santuario del Cristo de La Laguna,temple,28.49361,-16.3125,ES,San Cristóbal de La Laguna,19,300
Q3056346,Pawon,temple,-7.60613,110.21958,ID,Magelang,19,300
Q3101506,Sukuh,temple,-7.6274,111.13118,ID,Karanganyar,19,300
Q3119683,Stavropoleos Monastery,temple,44.43174,26.09879,RO,Bucharest,18,300
Q3119702,Nea Ekklesia,temple,41.00361,28.9775,TR,Istanbul,18,300
Q3129160,Saint Michel d'Aiguilhe,temple,45.05,3.88249,FR,Aiguilhe,19,300
Q3434033,St. Saviour Church,temple,42.6417,18.1069,HR,Dubrovnik,19,300
Q3437182,Airavatesvara Temple,temple,10.94841,79.35671,IN,Thanjavur district,23,300
Q3509032,Franciscan Church and Monastery,temple,42.6418,18.1078,HR,Dubrovnik,21,300
Q3536222,Chennakesava Temple,temple,13.16286,75.86056,IN,Belur,23,300
Q3537502,Chennakesava Temple at Somanathapura Mysore,temple,12.27574,76.88156,IN,Somanathapura,18,300
Q3595372,St. Francis Church,temple,9.96593,76.24108,IN,Ernakulam district,20,300
Q3669510,San Bartolomeo Church,temple,45.62131,9.55923,IT,Filago,20,300
Q3983202,Temple of Concordia,temple,37.2897,13.5922,IT,Agrigento,20,300
Q4369380,Intercession Cathedral,temple,49.99169,36.22885,UA,Kharkiv,21,300
Q4706745,Basilica of Santa Maria degli Angeli,temple,43.05729,12.57804,IT,Assisi,21,300
Q5953466,Yazd Fire Temple,temple,31.88113,54.37328,IR,Yazd County,21,300
Q7371012,"Round Church, Preslav",temple,43.1423,26.81295,BG,Veliki Preslav,18,300
Q7809287,Tirta Empul Temple,temple,-8.41639,115.315,ID,Gianyar,20,300
Q8415744,Basilica of St. Giles,temple,49.29349,21.27547,SK,Bardejov,20,300
Q10300613,"Church of St Catherine of Italy, Valletta",temple,35.8962,14.511,MT,Valletta,18,300
Q12168656,St. Archangel Michael Church,temple,48.984,22.8546,UA,Uzhok,19,300
Q13115097,"Siddhivinayak Temple, Mumbai",temple,19.01692,72.83041,IN,Mumbai,18,300
Q14565670,Ramanathaswamy Temple,temple,9.28811,79.31728,IN,Ramanathapuram district,23,300
Q15233884,Karni Mata Temple,temple,27.79056,73.34083,IN,Bikaner district,21,300
Q15958519,Holy Family Church,temple,31.52408,34.45199,PS,Gaza Strip,18,300
Q15979526,St Govan's Chapel,temple,51.5987,-4.93673,GB,Stackpole and Castlemartin,18,300
Q20577625,Metekhi church,temple,41.69013,44.81125,GE,Tbilisi,18,300
Q20626624,Abuna Yemata Guh,temple,13.91526,39.34307,ET,Tigray Province,18,300
Q26721344,Church of Cristo Obrero y Nuestra Señora de Lourdes,temple,-34.744,-55.766,UY,Canelones Department,21,300
Q104868770,Quba Mere Diwane,temple,40.1402,44.1618,AM,Aknalich,20,300
Q810104,Santa Chiara,temple,40.84688,14.25287,IT,Naples,19,300
Q810106,Basilica di Santa Chiara,temple,43.06889,12.61694,IT,Assisi,18,300
Q822518,Kek Lok Si,temple,5.39833,100.27306,MY,George Town,20,300
Q825236,Badami cave temples,temple,15.91833,75.685,IN,Badami,21,300
Q830746,Church of the Visitation,temple,31.76458,35.15786,IL,Jerusalem,18,300
Q839142,Gellért Hill Cave,temple,47.48492,19.05217,HU,Budapest District XI,18,300
Q861436,Madonna dell'Orto,temple,45.44634,12.33247,IT,Venice,20,300
Q873645,Chion-in Temple,temple,35.00521,135.7834,JP,Higashiyama-ku,20,300
Q874573,Chau Say Tevoda,temple,13.44528,103.87778,KH,Siem Reap,20,300
Q893599,Saints Borys and Hlib Cathedral,temple,51.48917,31.30694,UA,Chernihiv,18,300
Q901256,Daitoku-ji Temple,temple,35.04389,135.74611,JP,Kita-ku,20,300
Q922677,San Giacomo di Rialto,temple,45.43847,12.33547,IT,Venice,20,300
Q930613,Basilica of St. John,temple,37.9525,27.36778,TR,Selçuk,18,300
Q803709,Baidicheng,temple,31.04349,109.57054,CN,Fengjie County,20,300
Q804054,White Cloud Temple,temple,39.8989,116.338,CN,Yuetan Subdistrict,19,300
Q810080,Basilica of San Lorenzo,temple,45.45806,9.18212,IT,Milan,20,300
Q1157535,Daigo-ji Temple,temple,34.95111,135.81944,JP,Fushimi-ku,23,300
Q1164329,Church of the Most Sacred Heart of Our Lord,temple,50.07803,14.45075,CZ,Vinohrady,18,300
Q2712405,Dilwara Temple,temple,24.60931,72.72306,IN,Aburaj,21,300
Q2721992,Mahakaleshwar Jyotirlinga,temple,23.18278,75.76833,IN,Madhya Pradesh,21,300
Q1261206,Church of St. Panteleimon,temple,41.977,21.374,MK,Karpoš Municipality,20,300
Q1268294,Dwarakadhish Temple,temple,22.23789,68.96756,IN,Dwarka Taluka,20,300
Q1348249,Rinnō-ji Temple,temple,36.75416,139.60271,JP,Nikkō-shi,18,300
Q2426584,Laxminarayan Temple,temple,28.63278,77.19889,IN,New Delhi,22,300
Q2426825,Trimbakeshwar Shiva Temple,temple,19.93224,73.53069,IN,Nashik district,19,300
Q612065,Oude Kerk,temple,52.0125,4.35528,,Delft,21,300
Q1257646,Trinity Church,temple,-62.19637,-58.95977,,Antarctic Treaty area,18,300
Q185362,Saint Catherine Monastery,monastery,28.55583,33.97556,EG,South Sinai Governorate,74,400
Q216243,Nalanda Mahavihara,monastery,25.1368,85.44383,IN,Nalanda,72,400
Q232771,Shaolin Monastery,monastery,34.50709,112.93569,CN,Dengfeng,61,400
Q242711,Kyiv Pechersk Lavra,monastery,50.43415,30.55832,UA,Kyiv,67,400
Q124848,Sera Monastery,monastery,29.69679,91.13275,CN,Lhasa District,25,400
Q143042,Studenica monastery,monastery,43.48672,20.53164,RS,Raška District,44,400
Q155699,Abbey of Saint Gall,monastery,47.42306,9.37722,CH,St. Gallen,44,400
Q164216,Monastery of Saint Naum,monastery,40.91389,20.7405,MK,Ohrid,29,400
Q211962,Trinity Lavra of St. Sergius,monastery,56.31035,38.13065,RU,Sergiyevo-Posadsky District,49,400
Q218382,Zografou Monastery,monastery,40.30583,24.16028,GR,monastic community of Mount Athos,26,400
Q220301,Cluny Abbey,monastery,46.43405,4.65922,FR,Cluny,51,400
Q270725,Novodevichy Convent,monastery,55.72597,37.55658,RU,Khamovniki District,47,400
Q272781,Jerónimos Monastery,monastery,38.69785,-9.2056,PT,Belém,53,400
Q283254,Royal abbey of Fontevraud,monastery,47.18139,0.05167,FR,Fontevraud-l'Abbaye,33,400
Q334186,Royal abbey of Saint-Germain-des-Prés,monastery,48.85389,2.33444,FR,6th arrondissement of Paris,38,400
Q464918,Abbey of Fontenay,monastery,47.63966,4.38933,FR,Marmagne,39,400
Q496543,Wat Rong Khun,monastery,19.82424,99.76329,TH,Pa O Don Chai,25,400
Q500444,Daphni Monastery,monastery,38.01306,23.63583,GR,Chaidari Municipality,45,400
Q540237,Fountains Abbey,monastery,54.1097,-1.58139,GB,Lindrick with Studley Royal and Fountains,33,400
Q546516,Great Lavra,monastery,40.17088,24.38273,GR,monastic community of Mount Athos,31,400
Q554947,Tatev monastery,monastery,39.37937,46.25003,AM,Tatev,36,400
Q588387,Agiou Panteleimonos monastery,monastery,40.2389,24.19994,GR,monastic community of Mount Athos,29,400
Q593147,Alcobaça Monastery,monastery,39.54859,-8.97863,PT,Alcobaça e Vestiaria,41,400
Q645157,Poblet Monastery,monastery,41.38083,1.0825,ES,Poblet,48,400
Q647070,Clairvaux Abbey,monastery,48.14722,4.78889,FR,Ville-sous-la-Ferté,29,400
Q652981,Port-Royal-des-Champs,monastery,48.74508,2.01577,FR,Magny-les-Hameaux,26,400
Q654443,Certosa di Pavia,monastery,45.257,9.14828,IT,Certosa di Pavia,28,400
Q658262,Danilov Monastery,monastery,55.71083,37.63056,RU,Danilovsky District,27,400
Q679979,Gelati Monastery,monastery,42.29472,42.76806,GE,Kutaisi,53,400
Q691153,Glendalough,monastery,53.01028,-6.3275,IE,County Wicklow,33,400
Q691813,Vardzia,monastery,41.38084,43.28376,GE,Samtskhe–Javakheti,38,400
Q697221,Heiligenkreuz Abbey,monastery,48.0551,16.13122,AT,Heiligenkreuz,28,400
Q724970,Wat Arun,monastery,13.74369,100.48892,TH,,43,400
Q733069,Horezu monastery,monastery,45.1686,24.0069,RO,Horezu,42,400
Q736692,Convent of Christ,monastery,39.60364,-8.41926,PT,Tomar (São João Baptista) e Santa Maria dos Olivais,39,400
Q740076,Nea Moni of Chios,monastery,38.37389,26.05556,GR,Chios Municipality,39,400
Q750248,Royal Monastery of Saint Mary of Guadalupe,monastery,39.45278,-5.3275,ES,Guadalupe,38,400
Q757067,Saint John Abbey,monastery,46.62917,10.44778,CH,Val Müstair,36,400
Q766455,Sevanavank,monastery,40.56392,45.01081,AM,Sevan,25,400
Q771935,Santa Maria de Montserrat,monastery,41.59319,1.83714,ES,Monistrol de Montserrat,38,400
Q780149,monastic community of Mount Athos,monastery,40.2619,24.2442,GR,Greece,31,400
Q838256,Ferapontov Monastery,monastery,59.95639,38.5675,RU,Ferapontovo,39,400
Q842826,Church of Saint Thaddeus,monastery,39.09222,44.54444,IR,Chaldoran County,34,400
Q843261,Cîteaux Abbey,monastery,47.12806,5.09333,FR,Saint-Nicolas-lès-Cîteaux,29,400
Q844841,Hosios Loukas,monastery,38.39514,22.74632,GR,Distomo-Arachova-Antikyra Municipality,39,400
Q849914,Hilandar,monastery,40.33986,24.12092,GR,monastic community of Mount Athos,33,400
Q853354,Iviron Monastery,monastery,40.24551,24.28489,GR,monastic community of Mount Athos,33,400
Q877445,Tashilhunpo Monastery,monastery,29.26706,88.87051,CN,Samzhubzê District,27,400
Q911413,Simonopetra monastery,monastery,40.19028,24.24722,GR,monastic community of Mount Athos,27,400
Q1474586,Noravank,monastery,39.68486,45.23287,AM,Areni,26,400
Q1551419,Monastery of Stoudios,monastery,40.99611,28.92861,TR,Istanbul,32,400
Q1595364,Pochayiv Lavra,monastery,50.005,25.50667,UA,Pochaiv,27,400
Q1634624,Vikramaśīla University,monastery,25.3244,87.2867,IN,Bhagalpur district,28,400
Q1975614,Sanahin Monastery,monastery,41.08722,44.66611,AM,Alaverdi,39,400
Q1982506,Monastery of Saint John the Theologian,monastery,37.30919,26.54805,GR,Patmos Municipality,33,400
Q2038190,Samtavro Monastery,monastery,41.8463,44.7183,GE,Mtskheta,25,400
Q2088356,Monastery of Saint Anthony,monastery,28.92389,32.35028,EG,Red Sea Governorate,27,400
Q2165719,Wat Benchamabophit,monastery,13.76611,100.51417,TH,Dusit,26,400
Q2330130,Smolny Convent,monastery,59.94861,30.395,RU,Saint Petersburg,26,400
Q2423898,Haghpat Monastery,monastery,41.09372,44.71207,AM,Haghpat,39,400
Q2499012,Auberge de Castille,monastery,35.89583,14.51139,MT,Valletta,25,400
Q1421396,Valaam Monastery,monastery,61.38874,30.94423,RU,Sortavalskoye urban settlement,27,400
Q1472360,Sviatohirsk Lavra,monastery,49.02833,37.56806,UA,Sviatohirsk,35,400
Q1045876,Wat Phra Kaew,monastery,13.75139,100.49278,TH,Phra Borom Maha Ratchawang,45,400
Q1058965,Erdene Zuu Monastery,monastery,47.20167,102.84333,MN,Kharkhorin,26,400
Q1059910,Wat Pho,monastery,13.74639,100.49361,TH,Phra Borom Maha Ratchawang,28,400
Q1059939,Dionysiou Monastery,monastery,40.16825,24.27426,GR,monastic community of Mount Athos,25,400
Q1059946,Holy Lavra of Saint Sabbas,monastery,31.705,35.331,PS,Bethlehem,32,400
Q1140434,Solovetsky Monastery,monastery,65.02444,35.71056,RU,Primorsky District,36,400
Q1142337,Sopoćani monastery,monastery,43.1189,20.4228,RS,Novi Pazar City,37,400
Q1144626,Khor Virap,monastery,39.87833,44.57611,AM,Lusarat,42,400
Q1178627,David Gareja monastery complex,monastery,41.44754,45.37636,GE,Kakheti,32,400
Q1257434,Ostrog monastery,monastery,42.675,19.02917,ME,,31,400
Q1262226,Jvari,monastery,41.83839,44.73332,GE,Mtskheta Municipality,37,400
Q1264703,Manasija monastery,monastery,44.10089,21.46956,RS,Despotovac,25,400
Q1419157,Sümela Monastery,monastery,40.69,39.65833,TR,Maçka,34,400
Q911432,Vatopedi Monastery,monastery,40.31417,24.21111,GR,monastic community of Mount Athos,27,400
Q932446,Ganden Monastery,monastery,29.75852,91.47632,CN,Dagzê District,26,400
Q946428,Alexander Nevsky Lavra,monastery,59.92108,30.38852,RU,Tsentralny District,35,400
Q947593,Gandzasar monastery,monastery,40.05684,46.53123,AZ,Aghdara District,27,400
Q957628,Saint Stepanos Monastery,monastery,38.97907,45.47334,IR,Jolfa County,33,400
Q966862,Holyrood Abbey,monastery,55.95316,-3.17157,GB,City of Edinburgh,25,400
Q47020,Bachkovo Monastery,monastery,41.94226,24.84991,BG,Plovdiv,23,400
Q63524,Royal Abbey of Hautecombe,monastery,45.75278,5.83972,FR,Saint-Pierre-de-Curtille,22,400
Q1749204,Alaverdi Monastery,monastery,42.03249,45.37714,GE,Akhmeta,24,400
Q1775925,Monastery of San Millán de Yuso,monastery,42.32583,-2.86528,ES,San Millán de la Cogolla,18,400
Q1816328,Ospedale della Pietà,monastery,45.43411,12.34461,IT,Venice,19,400
Q1818101,Wat Phnom,monastery,11.57604,104.92307,KH,Phnom Penh,21,400
Q1919732,Melrose Abbey,monastery,55.59956,-2.71869,GB,Scottish Borders,19,400
Q2031428,Saidnaya,monastery,33.69583,36.3775,SY,Sidnaya Subdistrict,22,400
Q2044924,Dunfermline Abbey,monastery,56.0697,-3.46354,GB,Fife,19,400
Q2091626,Wat Pha Luangta Maha Bua,monastery,14.11583,99.23139,TH,Sing,18,400
Q2101170,Monkwearmouth-Jarrow Abbey,monastery,54.9131,-1.3749,GB,Northumberland,20,400
Q2116598,Santa Maria de Ripoll,monastery,42.20148,2.19106,ES,Ripoll,18,400
Q2179863,"Monastery of the Holy Trinity, Meteora",monastery,39.71329,21.63577,GR,Meteora Municipality,21,400
Q2284354,Monasteries of San Millán de la Cogolla,monastery,42.32583,-2.86505,ES,San Millán de la Cogolla,24,400
Q2301260,Pirita Convent,monastery,59.46679,24.83609,EE,Tallinn,19,400
Q2382948,Akhtala monastery,monastery,41.15058,44.76414,AM,Akhtala,18,400
Q2552354,Wat Phra Mahathat,monastery,8.41139,99.96667,TH,Nai Mueang,19,400
Q2578745,Apostolos Andreas Monastery,monastery,35.65944,34.57139,CY,Famagusta District,21,400
Q2606479,Haghartsin Monastery,monastery,40.80178,44.89075,AM,Tavush Province,18,400
Q2668745,Monastery of the Temptation,monastery,31.87464,35.43215,PS,Jericho Governorate,19,400
Q2671118,Wat Xieng Thong,monastery,19.8975,102.14306,LA,Luang Prabang,20,400
Q3349882,Tawang Monastery,monastery,27.58639,91.8575,CN,Tawang district,18,400
Q4120608,Dair Mar Elia,monastery,36.2924,43.131,IQ,Nineveh Governorate,21,400
Q4411008,Sviyazhsk Assumption Monastery,monastery,55.77012,48.65245,RU,Sviyazhsk,18,400
Q4540172,Mater Ecclesiae Monastery,monastery,41.90375,12.45108,VA,Vatican City,18,400
Q14795053,St. George's Monastery,monastery,31.84319,35.41472,PS,Jericho Governorate,19,400
Q3014390,Bellapais Abbey,monastery,35.3074,33.35537,,Belapais,22,400
Q1290986,Krušedol monastery,monastery,45.11944,19.94528,RS,Krušedol Selo,19,400
Q1389060,Royal Monastery of San Juan de la Peña,monastery,42.50785,-0.67264,ES,Jaca,20,400
Q1434981,Mor Gabriel Monastery,monastery,37.32178,41.5385,TR,Mardin Province,22,400
Q1439379,Tintern Abbey,monastery,51.6971,-2.67722,GB,Monmouthshire,22,400
Q1454288,Wat Chedi Luang,monastery,18.78694,98.98639,TH,Phra Sing,19,400
Q1470414,Carmo Convent,monastery,38.71222,-9.14,PT,Santa Maria Maior,18,400
Q1517698,Wat Phrathat Doi Suthep,monastery,18.8052,98.9216,TH,Suthep,21,400
Q1546234,Rumtek Monastery,monastery,27.33194,88.60194,IN,East Sikkim district,18,400
Q1585564,Sakya Monastery,monastery,28.90476,88.01782,CN,Sa'gya County,22,400
Q1606585,Stella Maris Monastery,monastery,32.82667,34.97028,IL,Haifa,18,400
Q1676082,Ivolginsky Datsan,monastery,51.7591,107.20324,RU,Verkhnyaya Ivolga,23,400
Q1715095,Wangdue Phodrang,monastery,27.46667,89.9,BT,Thedtsho Gewog,24,400
Q1148615,Konstamonitou monastery,monastery,40.28861,24.17472,GR,monastic community of Mount Athos,22,400
Q1242146,Donskoy Monastery,monastery,55.71444,37.60208,RU,Donskoy District,23,400
Q1245463,Sénanque Abbey,monastery,43.92833,5.18694,FR,Gordes,21,400
Q1245538,Dormition Abbey,monastery,31.77222,35.22889,IL,Mount Zion,18,400
Q1266152,Mileševa monastery,monastery,43.39,19.6614,RS,Prijepolje Municipality,18,400
Q1276520,Saint Jovan Bigorski Monastery,monastery,41.62194,20.61167,MK,Mavrovo i Rostuše Municipality,20,400
Q114436,Tre Fontane Abbey,monastery,41.83444,12.48333,IT,Rome,18,400
Q132220,Kylemore Abbey,monastery,53.56168,-9.88926,IE,County Galway,18,400
Q180709,Grande Chartreuse,monastery,45.36333,5.79361,FR,Saint-Pierre-de-Chartreuse,24,400
Q198409,Iona Abbey,monastery,56.335,-6.39138,GB,Argyll and Bute,21,400
Q253359,Ettal Abbey,monastery,47.56958,11.09466,DE,Ettal,22,400
Q259971,Andechs Abbey,monastery,47.97466,11.18245,DE,Andechs,18,400
Q260108,Weltenburg Abbey,monastery,48.89922,11.82039,DE,Kelheim,21,400
Q306131,Solesmes Abbey,monastery,47.85206,-0.30306,FR,Solesmes,18,400
Q320543,Abhayagiri vihāra,monastery,8.37094,80.39525,LK,Anuradhapura,23,400
Q333844,Bobbio Abbey,monastery,44.7667,9.387,IT,Bobbio,20,400
Q333980,Royal Saint-Peter's abbey of Jumièges,monastery,49.43194,0.81917,FR,Jumièges,20,400
Q334032,Maria Laach Abbey,monastery,50.40226,7.2521,DE,Maria Laach,24,400
Q375604,Yuriev Monastery,monastery,58.48639,31.28472,RU,Veliky Novgorod,22,400
Q376932,"Abbey of Saint-Étienne, Caen",monastery,49.18167,-0.37278,FR,Caen,19,400
Q429012,Goshavank,monastery,40.72988,44.99773,AM,Tavush Province,19,400
Q430246,Ta Keo,monastery,13.4447,103.882,KH,Siem Reap,21,400
Q507050,Amaras Monastery,monastery,39.68375,47.05722,AZ,Khojavend District,23,400
Q541696,Arkadi Monastery,monastery,35.31,24.62944,GR,Rethymno Municipality,23,400
Q573222,Troyan Monastery,monastery,42.8625,24.78056,BG,Oreshak,18,400
Q611070,Sucevița Monastery,monastery,47.77814,25.71118,RO,Sucevița,20,400
Q642366,Bodbe Monastery,monastery,41.6068,45.9331,GE,Signagi Municipality,22,400
Q651388,Mont-Saint-Michel Abbey,monastery,48.63605,-1.51139,FR,Le Mont Saint-Michel,21,400
Q660585,Wat Mahathat,monastery,14.35694,100.5675,TH,Tha Wasukri,18,400
Q661240,Fulda monastery,monastery,50.55403,9.67175,DE,Fulda,22,400
Q664858,Great Meteoron monastery,monastery,39.72633,21.62629,GR,Meteora Municipality,18,400
Q673704,Port-du-Salut Abbey,monastery,48.00639,-0.66722,FR,Entrammes,18,400
Q675735,St Peter's Archabbey Salzburg,monastery,47.7969,13.0458,AT,Salzburg,18,400
Q679114,Abbey of Reichenau,monastery,47.69874,9.06208,DE,Reichenau,22,400
Q680752,Vydubychi Monastery,monastery,50.41667,30.56806,UA,Kyiv,19,400
Q702001,Ottobeuren Abbey,monastery,47.9414,10.2981,DE,Ottobeuren,21,400
Q726733,Dochiariou monastery,monastery,40.26657,24.17284,GR,monastic community of Mount Athos,23,400
Q771246,Philotheou Monastery,monastery,40.22556,24.29083,GR,monastic community of Mount Athos,22,400
Q781931,Wat Phra Sri Sanphet,monastery,14.35583,100.55833,TH,Pratu Chai,20,400
Q810981,Battle Abbey,monastery,50.915,0.48583,GB,Battle,19,400
Q829708,Quedlinburg Abbey,monastery,51.78594,11.13681,DE,Quedlinburg,24,400
Q849348,Xeropotamou Monastery,monastery,40.22842,24.22089,GR,monastic community of Mount Athos,21,400
Q911428,Ravanica,monastery,43.97278,21.49667,RS,Senje,22,400
Q927223,Clonmacnoise,monastery,53.32389,-7.99111,IE,County Offaly,22,400
Q956741,Fleury Abbey,monastery,47.80951,2.30586,FR,Saint-Benoît-sur-Loire,22,400
Q959499,Břevnov Monastery,monastery,50.08444,14.35694,CZ,Břevnov,23,400
Q965633,Gandantegchinlen Monastery,monastery,47.92306,106.895,MN,Bayangol,22,400
Q967055,Karakalou Monastery,monastery,40.22389,24.30833,GR,monastic community of Mount Athos,22,400
Q980497,Dadivank Monastery,monastery,40.16139,46.28801,AZ,Kalbajar District,22,400
Q1000684,Emmaus Monastery,monastery,50.07222,14.4175,CZ,New Town,19,400
Q1059902,Pantokratoros monastery,monastery,40.28357,24.26655,GR,monastic community of Mount Athos,23,400
Q1067065,Xenophontos monastery,monastery,40.25846,24.17868,GR,monastic community of Mount Athos,22,400
Q1067463,Koutloumousiou monastery,monastery,40.25315,24.24753,GR,monastic community of Mount Athos,21,400
Q1075172,Moldovița Monastery,monastery,47.65705,25.57113,RO,Vatra Moldoviței,19,400
Q1088525,Putna Monastery,monastery,47.866,25.59653,RO,Suceava County,21,400
Q1140481,Agiou Pavlou monastery,monastery,40.16061,24.2895,GR,monastic community of Mount Athos,22,400
Q1140986,Osiou Gregoriou monastery,monastery,40.17945,24.25584,GR,monastic community of Mount Athos,21,400
Q1141004,Stavronikita Monastery,monastery,40.268,24.27677,GR,monastic community of Mount Athos,23,400
Q1141010,Esphigmenou Monastery,monastery,40.35269,24.13805,GR,monastic community of Mount Athos,24,400
Q85,Cairo,archaeological_site,30.04444,31.23583,EG,Cairo Governorate,261,600
Q87,Alexandria,archaeological_site,31.1975,29.8925,EG,Alexandria Governorate,176,600
Q5715,Memphis,archaeological_site,29.84467,31.25092,EG,Giza Governorate,86,600
Q5724,Anuradhapura,archaeological_site,8.335,80.41083,LK,Anuradhapura District,81,600
Q5725,Mohenjo-daro,archaeological_site,27.32917,68.13889,PK,Larkana District,98,600
Q5747,Palmyra,archaeological_site,34.55038,38.26979,SY,Tadmur,107,600
Q5780,Meroë,archaeological_site,16.93514,33.75075,SD,River Nile,66,600
Q5788,Petra,archaeological_site,30.32861,35.44194,JO,Ma'an Governorate,117,600
Q5826,Xi'an,archaeological_site,34.26111,108.94222,CN,Shaanxi,142,600
Q5859,Chichen Itza,archaeological_site,20.68306,-88.56861,MX,Yucatán,110,600
Q6454,Calais,archaeological_site,50.9475,1.85556,FR,Pas-de-Calais,118,600
Q9278,Abu Mena,archaeological_site,30.84105,29.66349,EG,Alexandria,63,600
Q12508,Giza pyramid complex,archaeological_site,29.97611,31.13278,EG,Giza Governorate,92,600
Q13498,Taranto,archaeological_site,40.47111,17.24306,IT,Province of Taranto,125,600
Q13666,Messina,archaeological_site,38.19361,15.55417,IT,Metropolitan City of Messina,140,600
Q13670,Syracuse,archaeological_site,37.06917,15.2875,IT,Free Municipal Consortium of Syracuse,120,600
Q13678,Agrigento,archaeological_site,37.3125,13.575,IT,Free municipal consortium of Agrigento,113,600
Q16869,Constantinople,archaeological_site,41.01224,28.97602,TR,,128,600
Q18986,Pergamon,archaeological_site,39.12947,27.18412,TR,Asia,72,600
Q20350,moai,archaeological_site,-27.11423,-109.36399,CL,Isla de Pascua,78,600
Q22647,Troy,archaeological_site,39.9575,26.23889,TR,Çanakkale Province,121,600
Q26732,Hampi,archaeological_site,15.33455,76.46216,IN,Vijayanagara District,70,600
Q29317,Bagan,archaeological_site,21.1725,94.86,MM,Mandalay Region,79,600
Q29962,Asyut,archaeological_site,27.18694,31.17139,EG,Asyut Governorate,74,600
Q34615,Adria,archaeological_site,45.05,12.05,IT,Province of Rovigo,68,600
Q38888,Olympia,archaeological_site,37.63833,21.63,GR,Ancient Olympia Municipality,89,600
Q39971,Gela,archaeological_site,37.06667,14.25,IT,Free Municipal Consortium of Caltanissetta,102,600
Q43048,Rhodes,archaeological_site,36.17,27.92,GR,Rhodes Regional Unit,116,600
Q43332,Pompeii,archaeological_site,40.75056,14.48972,IT,Pompei,122,600
Q365,Cologne,archaeological_site,50.94222,6.95778,DE,Cologne Government Region,190,600
Q1524,Athens,archaeological_site,37.98417,23.72806,GR,Achaea,289,600
Q2181,Aysén Region,archaeological_site,-45.57,-72.06611,CL,Chile,67,600
Q3138,Trier,archaeological_site,49.75565,6.63935,DE,Rhineland-Palatinate,129,600
Q3766,Damascus,archaeological_site,33.513,36.292,SY,Damascus Governorate,242,600
Q4523,Chogha Zanbil,archaeological_site,32.00833,48.52083,IR,Khuzestan Province,66,600
Q5684,Babylon,archaeological_site,32.5425,44.42111,IQ,Babylon Governorate,127,600
Q5690,Sparta,archaeological_site,37.08194,22.42361,GR,Sparta Municipality,108,600
Q5699,Ur,archaeological_site,30.96222,46.10444,IQ,Dhi Qar Governorate,86,600
Q190138,Lefkada,archaeological_site,38.71778,20.64389,GR,Lefkada Municipality,60,600
Q191369,Ugarit,archaeological_site,35.60194,35.78556,SY,Phoenicia,66,600
Q192134,Saqqara,archaeological_site,29.85,31.23333,EG,Markaz al Badrashayn,65,600
Q192541,Ctesiphon,archaeological_site,33.09361,44.58056,IQ,Baghdad Governorate,75,600
Q193093,Platonic Academy,archaeological_site,37.99236,23.70806,GR,Athens Municipality,68,600
Q193325,Merv,archaeological_site,37.66278,62.1925,TM,Baýramaly District,70,600
Q200119,Ujjain,archaeological_site,23.18278,75.77722,IN,Maratha Empire,80,600
Q200200,Assur,archaeological_site,35.45667,43.2625,IQ,Saladin Governorate,79,600
Q200267,Kamakura,archaeological_site,35.31917,139.54722,JP,Kanagawa Prefecture,76,600
Q200441,Antioch,archaeological_site,36.2,36.15,TR,Antakya,81,600
Q202422,Salamis Island,archaeological_site,37.93806,23.48528,GR,Islands Regional Unit,64,600
Q203979,Milos,archaeological_site,36.74386,24.42328,GR,Milos Municipality,65,600
Q207917,Mount Nemrut,archaeological_site,37.98074,38.74083,TR,Adıyaman Province,61,600
Q209217,Great Zimbabwe,archaeological_site,-20.27,30.933,ZW,Masvingo Province,75,600
Q213232,Uxmal,archaeological_site,20.35944,-89.77139,MX,Yucatán,64,600
Q230025,Pasargadae,archaeological_site,30.2,53.17944,IR,Pasargad County,66,600
Q75459,Delphi,archaeological_site,38.48411,22.50211,GR,Delfi Municipality,88,600
Q82070,Tyre,archaeological_site,33.26667,35.2,LB,Tyre District,103,600
Q103377,Alexandrov,archaeological_site,56.39805,38.73696,RU,Q21195096,65,600
Q129072,Persepolis,archaeological_site,29.935,52.89,IR,Kenareh Rural District,103,600
Q129677,Chernobyl,archaeological_site,51.26667,30.21667,UA,Vyshhorod Raion,106,600
Q133423,Valley of the Kings,archaeological_site,25.74025,32.60236,EG,Qurnah District,88,600
Q134821,Western Wall,archaeological_site,31.77695,35.23425,PS,Jerusalem,84,600
Q144880,Zakynthos,archaeological_site,37.8,20.75,GR,Zakynthos Municipality,74,600
Q156093,Taxila,archaeological_site,33.74569,72.81521,PK,Rawalpindi District,73,600
Q156882,Samos,archaeological_site,37.75,26.8333,GR,North Aegean Region,82,600
Q158491,Feodosiia,archaeological_site,45.04889,35.37917,RU,Feodosiya City Council,86,600
Q160483,Chios,archaeological_site,38.4,26.01667,GR,Chios Municipality,81,600
Q162677,Murom,archaeological_site,55.58085,42.05384,RU,Murom Urban Okrug,78,600
Q163490,Sidon,archaeological_site,33.56056,35.37583,LB,Phoenicia,92,600
Q163607,Angkor,archaeological_site,13.43333,103.83333,KH,Siem Reap Province,91,600
Q168518,Uruk,archaeological_site,31.3259,45.6374,IQ,Al Muthanna Governorate,75,600
Q169460,Miletus,archaeological_site,37.53023,27.27837,TR,Aydın Province,73,600
Q170047,Samarra,archaeological_site,34.1959,43.88568,IQ,Saladin Governorate,92,600
Q170244,Berat,archaeological_site,40.70494,19.94967,AL,Berat Municipality,115,600
Q233576,Epidaurus,archaeological_site,37.63328,23.16007,GR,Epidavros Municipality,60,600
Q237614,Nimrud,archaeological_site,36.09806,43.32889,IQ,Nineveh Governorate,61,600
Q272680,Bosra,archaeological_site,32.51667,36.48333,SY,Daraa Governorate,62,600
Q466614,Hatra,archaeological_site,35.58806,42.71833,IQ,Nineveh Governorate,62,600
Q487929,Milazzo,archaeological_site,38.217,15.237,IT,Metropolitan City of Messina,65,600
Q675960,Arlon,archaeological_site,49.68361,5.81667,BE,Arrondissement of Arlon,73,600
Q676203,Machu Picchu,archaeological_site,-13.16333,-72.54556,PE,Cusco Department,150,600
Q1177750,City of David,archaeological_site,31.77304,35.23481,IL,Jerusalem,60,600
Q2620036,Nazca Lines,archaeological_site,-14.6975,-75.135,PE,Ica Department,69,600
Q13217298,Giza Necropolis,archaeological_site,29.98333,31.13333,EG,Giza Governorate,86,600
Q47611,Ephesus,archaeological_site,37.94058,27.33939,TR,Selçuk,96,600
Q48472,Köneürgenç,archaeological_site,42.32613,59.15307,TM,Khanate of Khiva,61,600
Q59174,Capernaum,archaeological_site,32.88111,35.575,IL,Galilee,67,600
Q61750,Tiwanaku,archaeological_site,-16.55472,-68.67333,BO,Tiwanaku Municipality,70,600
Q1309,Maastricht,archaeological_site,50.86667,5.68333,,Limburg,128,600
Q23725,Byzantium,archaeological_site,41.01342,28.98364,,,78,600
Q25173,Titanic,archaeological_site,41.7325,-49.94694,,,160,600
Q170456,Pripyat,archaeological_site,51.40611,30.05722,UA,Kyiv Oblast,86,600
Q173527,Knossos,archaeological_site,35.29796,25.16316,GR,Heraklion Municipality,71,600
Q173532,Byblos,archaeological_site,34.11667,35.65,LB,Jbeil District,83,600
Q175582,Egyptian pyramids,archaeological_site,29.9725,31.12833,EG,,85,600
Q178405,Larissa,archaeological_site,39.63849,22.41306,GR,Larissa Municipality,89,600
Q178835,Baalbek,archaeological_site,34.00611,36.20861,LB,Baalbek District,86,600
Q180773,Susa,archaeological_site,32.18944,48.25611,IR,Shush,79,600
Q181007,Hattusa,archaeological_site,40.01972,34.61528,TR,Boğazkale district,71,600
Q181172,Tikal,archaeological_site,17.22209,-89.62361,GT,Petén Department,75,600
Q181427,Palenque,archaeological_site,17.48417,-92.04639,MX,Palenque Municipality,67,600
Q185562,Harappa,archaeological_site,30.63333,72.86667,PK,Sahiwal District,77,600
Q187471,Ithaca,archaeological_site,38.41667,20.66667,GR,Kefalonia Prefecture,76,600
Q188395,Nippur,archaeological_site,32.12611,45.23083,IQ,Al-Qādisiyyah Governorate,69,600
Q188694,Butrint,archaeological_site,39.75707,20.01663,AL,Vlorë County,62,600
Q190048,Tassili n'Ajjer,archaeological_site,25.66667,9.0,DZ,Illizi Province,69,600
Q212975,Deepwater Horizon,archaeological_site,28.74167,-88.38417,US,,31,600
Q213679,Pella,archaeological_site,40.76,22.51917,GR,Pella Municipality,51,600
Q213902,Folegandros,archaeological_site,36.61667,24.9,GR,Folegandros Municipality,45,600
Q214007,Tsodilo,archaeological_site,-18.77167,21.75417,BW,North-West District,53,600
Q214827,Copán,archaeological_site,14.83796,-89.14244,HN,Copán Ruinas,56,600
Q215692,HMHS Britannic,archaeological_site,37.70139,24.28389,GR,,44,600
Q216568,Imperial fora,archaeological_site,41.89444,12.48556,IT,Rome,37,600
Q216993,Ios,archaeological_site,36.71667,25.33333,GR,Ios Municipality,53,600
Q217043,Olduvai Gorge,archaeological_site,-2.98333,35.35,TZ,Arusha Region,43,600
Q217379,Tiryns,archaeological_site,37.59672,22.79981,GR,Nafplio Municipality,55,600
Q217414,Amphipolis,archaeological_site,40.8236,23.84656,GR,Amphipolis Municipality,45,600
Q217667,Elis,archaeological_site,37.89222,21.37444,GR,Ilida Municipality,37,600
Q219525,Anazarbus,archaeological_site,37.2564,35.89855,TR,Adana Province,26,600
Q220383,Stari Grad,archaeological_site,43.19093,16.59421,HR,Split-Dalmatia County,42,600
Q223665,Angkor Thom,archaeological_site,13.4433,103.85968,KH,Siem Reap Municipality,54,600
Q232615,Sardis,archaeological_site,38.48833,28.04028,TR,Manisa Province,59,600
Q233121,Patara,archaeological_site,36.26028,29.31417,TR,Kaş,31,600
Q238623,Pyramid of Menkaure,archaeological_site,29.9725,31.12833,EG,Giza,46,600
Q72356,Poggiomarino,archaeological_site,40.8,14.55,IT,Metropolitan City of Naples,55,600
Q117623,Takht-i-Bahi,archaeological_site,34.32083,71.94583,PK,Takht Bhai Tehsil,45,600
Q124281,Antinoöpolis,archaeological_site,27.8075,30.87278,EG,Minya Governorate,25,600
Q131820,Pyramid of Sahure,archaeological_site,29.89778,31.20333,EG,Giza Governorate,28,600
Q132272,Kish,archaeological_site,32.54028,44.60472,IQ,Babylon Governorate,58,600
Q134296,Vyazniki,archaeological_site,56.24333,42.12917,RU,Vyaznikovsky District,44,600
Q134528,Gorokhovets,archaeological_site,56.20278,42.6925,RU,Q21195383,49,600
Q134735,Gus-Khrustalny,archaeological_site,55.61667,40.65,RU,Municipal Formation of the City of Gus-Khrustalny,57,600
Q135318,Buried Pyramid,archaeological_site,29.86644,31.21303,EG,,27,600
Q135332,Red Pyramid,archaeological_site,29.80833,31.20583,EG,Giza Governorate,42,600
Q137721,Naucratis,archaeological_site,30.90071,30.59178,EG,Beheira Governorate,35,600
Q142819,Priene,archaeological_site,37.65972,27.29778,TR,Aydın Province,36,600
Q147886,Mandu,archaeological_site,22.33528,75.41583,IN,Dhar district,25,600
Q152405,Side,archaeological_site,36.76667,31.38861,TR,Manavgat district,51,600
Q155043,Makli Necropolis,archaeological_site,24.76111,67.9,PK,Thatta,34,600
Q155222,Scharnhorst,archaeological_site,72.26667,28.68333,NO,,37,600
Q165414,Hedeby,archaeological_site,54.49111,9.56528,DE,Busdorf,43,600
Q165887,Emmaus,archaeological_site,31.8393,34.98946,PS,,38,600
Q166523,Utica,archaeological_site,37.05497,10.06113,TN,Bizerte Governorate,33,600
Q167993,Pella,archaeological_site,32.44981,35.61342,JO,Irbid Governorate,27,600
Q170363,SMS Schleswig-Holstein,archaeological_site,59.33285,23.53342,EE,,31,600
Q172251,Yabrud,archaeological_site,33.96722,36.65722,SY,Rif Dimashq Governorate,26,600
Q174072,Mangazeya,archaeological_site,66.68944,82.25334,RU,Yamalo-Nenets Autonomous District,27,600
Q174139,Iwami Ginzan Silver Mine,archaeological_site,35.10722,132.4375,JP,Ōda-shi,37,600
Q174270,Amorium,archaeological_site,39.02645,31.26657,TR,Afyonkarahisar Province,25,600
Q189113,L'Anse aux Meadows,archaeological_site,51.59527,-55.53122,CA,Newfoundland and Labrador,55,600
Q189392,Karnak,archaeological_site,25.71837,32.65805,EG,Luxor Governorate,26,600
Q190542,Costa Concordia,archaeological_site,44.415,8.78,IT,,51,600
Q192268,Abydos,archaeological_site,26.18517,31.91889,EG,Sohag Governorate,57,600
Q192418,Pyramid of Djoser,archaeological_site,29.87111,31.21667,EG,Giza Governorate,56,600
Q192918,Sabratha,archaeological_site,32.79335,12.48845,LY,Zawiya District,57,600
Q192980,Lamia,archaeological_site,38.89722,22.43111,GR,Lamia Municipality,58,600
Q194450,Thermopylae,archaeological_site,38.79556,22.53667,GR,Lamia Municipality,58,600
Q203767,Vis,archaeological_site,43.0425,16.1525,HR,Split-Dalmatia County,50,600
Q207808,Circus Maximus,archaeological_site,41.8859,12.4857,IT,Rome,52,600
Q208358,Pyramid of Khafre,archaeological_site,29.976,31.13097,EG,Giza,53,600
Q243456,Cumae,archaeological_site,40.84861,14.05361,IT,Bacoli,49,600
Q244746,Larsa,archaeological_site,31.2833,45.8498,IQ,Dhi Qar Governorate,47,600
Q247567,Queen Anne's Revenge,archaeological_site,34.6931,-76.6694,US,Carteret County,27,600
Q249480,Herakleopolis Magna,archaeological_site,29.08556,30.93444,EG,Beni Suef Governorate,41,600
Q249707,Phaistos,archaeological_site,35.05127,24.81092,GR,Faistos Municipality,38,600
Q253208,Dur-Sharrukin,archaeological_site,36.50953,43.22931,IQ,Nineveh Governorate,47,600
Q260386,Valley of the Queens,archaeological_site,25.7275,32.59306,EG,Qurnah District,46,600
Q271925,Sozopol,archaeological_site,42.41872,27.69432,BG,Sozopol,56,600
Q272720,Çayönü,archaeological_site,38.216,39.725,TR,Diyarbakır Province,31,600
Q272771,Calakmul,archaeological_site,18.105,-89.81056,MX,Calakmul Municipality,53,600
Q272968,Velia,archaeological_site,40.15944,15.15444,IT,Ascea,50,600
Q277525,Goguryeo tombs,archaeological_site,38.86306,125.415,KP,South Pyongan Province,38,600
Q277540,Chan Chan,archaeological_site,-8.11056,-79.075,PE,La Libertad Department,52,600
Q278988,Nekhen,archaeological_site,25.09722,32.77944,EG,Aswan Governorate,43,600
Q282275,Stone spheres of Costa Rica,archaeological_site,8.91139,-83.4775,CR,Puntarenas Province,41,600
Q283680,Carchemish,archaeological_site,36.82972,38.015,TR,Assyrian Empire,44,600
Q285788,Etemenanki,archaeological_site,32.53639,44.42083,IQ,Babylon Governorate,34,600
Q287705,El Kab,archaeological_site,25.11667,32.8,EG,Aswan Governorate,26,600
Q287779,Lisht,archaeological_site,29.57028,31.23111,EG,Markaz al ‘Ayyāţ,32,600
Q290097,Baia,archaeological_site,40.81667,14.06972,IT,Bacoli,32,600
Q302511,Heraclea Pontica,archaeological_site,41.28472,31.41472,TR,Zonguldak Province,31,600
Q308807,Tadrart Acacus,archaeological_site,24.83343,10.33332,LY,Ghat District,55,600
Q310751,El-Quseir,archaeological_site,26.10907,34.276,EG,Red Sea Governorate,32,600
Q310799,Al-Hirah,archaeological_site,31.98,44.39,IQ,Najaf Governorate,35,600
Q311099,Suwayda,archaeological_site,32.7,36.56667,SY,As-Sweida Subdistrict,54,600
Q312759,Biskra,archaeological_site,34.85,5.73333,DZ,Biskra District,58,600
Q318338,Jesús de Tavarangüé,archaeological_site,-27.056,-55.753,PY,Jesús,27,600
Q318422,Quiriguá,archaeological_site,15.26944,-89.04028,GT,Izabal Department,51,600
Q319172,Externsteine,archaeological_site,51.86889,8.9175,DE,Horn-Bad Meinberg,30,600
Q319242,Caesarea Maritima,archaeological_site,32.5011,34.8923,IL,Caesarea,57,600
Q337381,Chalcedon,archaeological_site,40.98339,29.02579,TR,Kadıköy,44,600
Q339489,Brú na Bóinne,archaeological_site,53.69284,-6.44932,IE,County Meath,44,600
Q340572,Akhmim,archaeological_site,26.56417,31.74611,EG,Nome 9 of Upper Egypt,43,600
Q342064,Acomita Lake,archaeological_site,35.06583,-107.62361,US,Cibola County,25,600
Q368628,Sicyon,archaeological_site,37.9841,22.71114,GR,Sikyona Municipality,41,600
Q373909,Deir el-Bahari,archaeological_site,25.7375,32.6075,EG,Qurnah District,45,600
Q374149,Via Flaminia,archaeological_site,42.73033,12.58681,IT,Rome,36,600
Q375685,Eshnunna,archaeological_site,33.75,44.75,IQ,Baqubah,41,600
Q377802,Arwad,archaeological_site,34.85611,35.85833,SY,Phoenicia,46,600
Q379652,Philippi,archaeological_site,41.01207,24.28458,GR,Kavala Municipality,50,600
Q382317,Dodona,archaeological_site,39.54639,20.78778,GR,Dodoni Municipality,37,600
Q385086,Khirokitia,archaeological_site,34.79673,33.34372,CY,Larnaca District,49,600
Q389755,Pataliputra,archaeological_site,25.611,85.144,IN,Patna district,47,600
Q390028,Independence Hall,archaeological_site,39.94889,-75.15,US,Philadelphia,47,600
Q391215,Volubilis,archaeological_site,34.0725,-5.5548,MA,Oualili,53,600
Q392725,Shuruppak,archaeological_site,31.77736,45.50976,IQ,Al-Qādisiyyah Governorate,40,600
Q393841,Dead Cities,archaeological_site,36.33417,36.84417,SY,Syria,47,600
Q395367,Ancient Agora of Athens,archaeological_site,37.975,23.7225,GR,Athens Municipality,34,600
Q404851,Aihole,archaeological_site,16.01889,75.88194,IN,Bagalkot district,27,600
Q413452,Suyab,archaeological_site,42.8,75.2667,KG,Tang dynasty,29,600
Q421232,Akrotiri,archaeological_site,36.35136,25.40356,GR,Thira Municipality,32,600
Q422929,Sarazm,archaeological_site,39.51667,67.56667,TJ,Sughd Province,38,600
Q423625,Ayn Ghazal,archaeological_site,31.988,35.976,JO,Amman Governorate,25,600
Q426372,rostra,archaeological_site,41.89264,12.48461,IT,Rome,31,600
Q427646,encampment of Al Marj,archaeological_site,32.48667,20.83389,LY,Marj District,34,600
Q428732,Phocaea,archaeological_site,38.67035,26.75321,TR,İzmir Province,32,600
Q429059,Dvin,archaeological_site,40.00444,44.57833,AM,Ararat Province,36,600
Q429430,Symi,archaeological_site,36.59889,27.83417,GR,Symi Municipality,45,600
Q430563,Pachacámac,archaeological_site,-12.25185,-76.90619,PE,Lurín District,27,600
Q458167,Ambohimanga,archaeological_site,-18.75917,47.56278,MG,Antananarivo Province,45,600
Q459608,Bent Pyramid,archaeological_site,29.79028,31.20917,EG,Giza Governorate,42,600
Q459629,Timgad,archaeological_site,35.48424,6.46867,DZ,Timgad,59,600
Q464266,Dura-Europos,archaeological_site,34.747,40.73,SY,Deir ez-Zor Governorate,42,600
Q464899,Monte Albán,archaeological_site,17.04389,-96.76778,MX,Santa Cruz Xoxocotlán Municipality,51,600
Q579468,Antioch of Pisidia,archaeological_site,38.30611,31.18917,TR,Isparta Province,30,600
Q584125,Ban Chiang,archaeological_site,17.54861,103.35833,TH,Ban Chiang,42,600
Q584366,Mnajdra,archaeological_site,35.82667,14.43639,MT,Qrendi,33,600
Q584605,Nuzi,archaeological_site,35.30249,44.24762,IQ,Kirkuk Governorate,27,600
Q585145,Dara,archaeological_site,37.18333,40.93333,TR,Artuklu,26,600
Q592846,Ta Prohm,archaeological_site,13.435,103.88917,KH,Siem Reap,26,600
Q595329,Phaselis,archaeological_site,36.52281,30.54905,TR,Kemer district (Antalya),26,600
Q599035,Baths of Trajan,archaeological_site,41.89187,12.49628,IT,Rome,27,600
Q605455,Bonampak,archaeological_site,16.704,-91.065,MX,Ocosingo Municipality,25,600
Q610371,Augusta Raurica,archaeological_site,47.53319,7.72229,CH,Augst,26,600
Q615449,Cyzicus,archaeological_site,40.38778,27.87056,TR,Erdek,32,600
Q617550,Apamea,archaeological_site,35.37,36.47,SY,Al-Ghab,41,600
Q618495,Aphrodisias,archaeological_site,37.70833,28.72361,TR,Karacasu,42,600
Q618600,Makronisos,archaeological_site,37.7,24.12,GR,Commune of Korissia,30,600
Q619707,Sippar,archaeological_site,33.06667,44.25,IQ,,45,600
Q620472,HMS Royal Oak,archaeological_site,58.93079,-2.98342,GB,Orkney Islands,33,600
Q622640,Oxyrhynchus,archaeological_site,28.53611,30.65556,EG,Egypt,39,600
Q622719,Dur-Kurigalzu,archaeological_site,33.35372,44.20229,IQ,Baghdad Governorate,28,600
Q622930,Aqua Claudia,archaeological_site,41.84906,12.55418,IT,Roma Capitale,25,600
Q931172,Vulci,archaeological_site,42.41913,11.62813,IT,Montalto di Castro,25,600
Q464936,Xanthos,archaeological_site,36.36274,29.32738,TR,Kaş,42,600
Q471765,Xanadu,archaeological_site,42.35802,116.18516,CN,Duolun County,48,600
Q473794,Amoco Cadiz,archaeological_site,48.6,-4.76667,FR,,25,600
Q475704,HMS Birkenhead,archaeological_site,-34.645,19.28583,ZA,,27,600
Q477898,Bishapur,archaeological_site,29.77778,51.57083,IR,Shapur Rural District,26,600
Q478642,Trajan's Market,archaeological_site,41.89561,12.48619,IT,Rome,29,600
Q499019,Jebel Barkal,archaeological_site,18.5368,31.8276,SD,Northern State,47,600
Q499552,Zhoukoudian site,archaeological_site,39.68896,115.92483,CN,Fangshan District,45,600
Q501259,Isin,archaeological_site,31.93351,45.28521,IQ,Al-Qādisiyyah Governorate,47,600
Q501773,Bethsaida,archaeological_site,32.90995,35.63054,IL,Galilee,49,600
Q503256,Sutton Hoo,archaeological_site,52.08972,1.33889,GB,Sutton,39,600
Q504904,El Mirador,archaeological_site,17.75505,-89.92043,GT,Petén Department,28,600
Q505703,Apollonia,archaeological_site,40.71667,19.46667,AL,Fier District,44,600
Q518832,Baths of Agrippa,archaeological_site,41.89691,12.477,IT,Rome,27,600
Q527809,Kalymnos,archaeological_site,36.99592,26.99497,GR,Kalymnos municipality,46,600
Q529923,Yazılıkaya,archaeological_site,40.025,34.63278,TR,Çorum Province,26,600
Q536598,Klazomenai,archaeological_site,38.37389,26.78528,TR,İzmir Province,31,600
Q538061,Kerkouane,archaeological_site,36.94639,11.09917,TN,Nabeul Governorate,45,600
Q542854,Gordion,archaeological_site,39.6501,31.97857,TR,Polatlı,40,600
Q543155,Hill of Tara,archaeological_site,53.5775,-6.61194,IE,County Meath,38,600
Q546109,Keros,archaeological_site,36.89139,25.64861,GR,Naxos and Lesser Cyclades Municipality,28,600
Q547910,Stabiae,archaeological_site,40.70306,14.49889,IT,,33,600
Q549998,Via Salaria,archaeological_site,41.9,12.483,IT,Rome,32,600
Q552005,Rock Paintings of Sierra de San Francisco,archaeological_site,27.65556,-112.91611,MX,Baja California Sur,27,600
Q552106,Prehistoric Rock Art Sites in the Côa Valley,archaeological_site,41.03333,-7.11667,PT,Vila Nova de Foz Côa,33,600
Q553907,Old Goa,archaeological_site,15.50238,73.91175,IN,North Goa district,59,600
Q555923,Mopsuestia,archaeological_site,36.95884,35.62574,TR,Adana Province,26,600
Q625134,Borsippa,archaeological_site,32.392,44.34169,IQ,Babylon,35,600
Q626031,Esna,archaeological_site,25.29333,32.55639,EG,Esna,48,600
Q630974,Kerameikos,archaeological_site,37.97833,23.71861,GR,Athens Municipality,29,600
Q633757,Aspendos,archaeological_site,36.9382,31.1732,TR,Serik,31,600
Q645234,Tegea,archaeological_site,37.45533,22.4205,GR,Tripoli Municipality,29,600
Q648705,Naqsh-e Rustam,archaeological_site,29.98889,52.87472,IR,Marvdasht County,50,600
Q648902,Lake Bled,archaeological_site,46.36444,14.09472,SI,Carniola,55,600
Q650981,Băile Herculane,archaeological_site,44.87722,22.4175,RO,Caraș-Severin County,38,600
Q651278,Dazu Rock Carvings,archaeological_site,29.71333,105.70694,CN,,45,600
Q652024,Myra,archaeological_site,36.2508,29.99364,TR,Demre,41,600
Q658437,Imbros,archaeological_site,40.23306,25.90305,TR,Gökçeada district,55,600
Q658893,Italica,archaeological_site,37.44119,-6.0445,ES,Hispania Baetica,36,600
Q661559,Ambracia,archaeological_site,39.158,20.987,GR,Artaion Municipality,27,600
Q662263,Yaxchilan,archaeological_site,16.9,-90.96667,MX,Ocosingo Municipality,28,600
Q662613,Iolcos,archaeological_site,39.363,22.934,GR,Magnesia Regional Unit,29,600
Q663558,German cruiser Karlsruhe,archaeological_site,58.06667,8.06667,NO,,25,600
Q665223,Pumapunku,archaeological_site,-16.56139,-68.67944,BO,,27,600
Q671358,Didyma,archaeological_site,37.385,27.25639,TR,Aydın Province,30,600
Q671481,Tindari,archaeological_site,38.14556,15.03972,IT,Patti,28,600
Q671602,USS Maine,archaeological_site,23.2025,-82.355,CU,,34,600
Q671935,Shah-i-Zinda,archaeological_site,39.66262,66.98788,UZ,Samarkand,31,600
Q672146,Laetoli,archaeological_site,-2.99622,35.3524,TZ,Arusha Region,29,600
Q672602,Arkaim,archaeological_site,52.64926,59.5715,RU,Arkaim,31,600
Q677659,Maison Carrée,archaeological_site,43.83819,4.35611,FR,Nîmes,42,600
Q677935,Veii,archaeological_site,42.02389,12.40139,IT,Rome,40,600
Q679056,Hermonthis,archaeological_site,25.6167,32.5333,EG,Armant,26,600
Q681427,Tus,archaeological_site,36.48614,59.51756,IR,Mashhad County,43,600
Q682558,Delphic Oracle,archaeological_site,38.48222,22.50111,GR,,38,600
Q685414,Dahshur,archaeological_site,29.8,31.23333,EG,Markaz al Badrashayn,48,600
Q240832,Ninstints,archaeological_site,52.09889,-131.2175,CA,North Coast Regional District,26,600
Q242148,Mehrgarh,archaeological_site,29.2125,67.67083,PK,Dhadar,55,600
Q433032,Gamla Uppsala,archaeological_site,59.89444,17.63889,SE,Uppsala Municipality,30,600
Q449639,Alodia,archaeological_site,17.65,33.98333,SD,,36,600
Q457362,Djemila,archaeological_site,36.32056,5.73667,DZ,Sétif Province,55,600
Q208566,Scyros,archaeological_site,38.8725,24.525,GR,Skyros Municipality,56,600
Q209349,Nicomedia,archaeological_site,40.7625,29.9175,TR,Bithynia,46,600
Q210065,Eridu,archaeological_site,30.82604,45.99463,IQ,Dhi Qar Governorate,54,600
Q210598,Tanis,archaeological_site,30.97694,31.88,EG,Husseiniya,49,600
Q320416,Tartessos,archaeological_site,37.0,-6.2,ES,,37,600
Q329967,Paestum,archaeological_site,40.42,15.00556,IT,Paestum,57,600
Q335070,Alba Longa,archaeological_site,41.74691,12.65026,IT,,42,600
Q335278,Abu Rawash,archaeological_site,30.03222,31.07472,EG,Kerdasa,29,600
Q336098,Abusir,archaeological_site,29.89611,31.20361,EG,Markaz al Badrashayn,47,600
Q336446,Abydos,archaeological_site,40.19602,26.40696,TR,Çanakkale,33,600
Q464904,Yinxu,archaeological_site,36.1225,114.31861,CN,Anyang,48,600
Q464923,Bassae,archaeological_site,37.42972,21.90028,GR,Oichalia Municipality,25,600
Q753383,Megalithic Temples of Malta,archaeological_site,36.04917,14.26944,MT,Qrendi,46,600
Q753895,Tajín Veracruz,archaeological_site,20.44806,-97.37824,MX,Veracruz,41,600
Q754314,Tusculum,archaeological_site,41.79833,12.71083,IT,Frascati,28,600
Q931434,necropolis of Pantalica,archaeological_site,37.13333,14.98333,IT,Province of Syracuse,43,600
Q932622,Medinet Habu,archaeological_site,25.72,32.60083,EG,Luxor Governorate,27,600
Q935454,Qift,archaeological_site,26.0,32.81667,EG,Qena Governorate,32,600
Q937499,Malkara,archaeological_site,40.89333,26.90417,TR,Tekirdağ Province,30,600
Q937930,Pi-Ramesses,archaeological_site,30.79937,31.83422,EG,Qantir,36,600
Q938685,Khami,archaeological_site,-20.14329,28.42344,ZW,Bulawayo Province,39,600
Q943327,Tamgaly,archaeological_site,43.80333,75.535,KZ,Almaty Region,43,600
Q567966,Mayapan,archaeological_site,20.62944,-89.46056,MX,Tecoh Municipality,33,600
Q568342,Tabularium,archaeological_site,41.89278,12.48361,IT,Rome,34,600
Q568611,Cannae,archaeological_site,41.29639,16.15167,IT,Barletta,32,600
Q568672,Tulasas,archaeological_site,20.06347,-99.34114,MX,Hidalgo,30,600
Q569107,Anshan Persia,archaeological_site,30.01167,52.40778,IR,Fars Province,40,600
Q573852,Uluburun shipwreck,archaeological_site,36.12861,29.68583,TR,Antalya Province,26,600
Q690035,Kadesh,archaeological_site,34.5576,36.52,SY,Syria,48,600
Q690575,Knidos,archaeological_site,36.68583,27.375,TR,Muğla Province,33,600
Q1257335,Oplontis,archaeological_site,40.75757,14.45234,IT,Torre Annunziata,33,600
Q1258998,Salona,archaeological_site,43.53944,16.48306,HR,Solin,34,600
Q1261930,Gebel el-Silsila,archaeological_site,24.63333,32.93333,EG,Aswan Governorate,25,600
Q696193,Ecbatana,archaeological_site,34.8065,48.51625,IR,Hamadan,50,600
Q703480,Letoon,archaeological_site,36.33194,29.28972,TR,Q207998,36,600
Q705132,Arslantepe,archaeological_site,38.38194,38.36111,TR,Battalgazi district,31,600
Q712335,Panamá Viejo,archaeological_site,9.00683,-79.48515,PA,Panamá Province,27,600
Q719815,Perge,archaeological_site,36.96035,30.85369,TR,Antalya Province,35,600
Q720583,Tigranocerta,archaeological_site,38.14222,41.00139,TR,Diyarbakır Province,37,600
Q721468,Mes Aynak,archaeological_site,34.4,69.36667,AF,Mohammad Agha,26,600
Q724484,M'zab,archaeological_site,32.48722,3.68139,DZ,Ghardaïa Province,47,600
Q725883,Maya Ruins of Tulum,archaeological_site,20.21472,-87.42889,MX,Tulum Municipality,45,600
Q728226,Ma'arrat Nu'man,archaeological_site,35.64333,36.66833,SY,Maarat al-Numan Subdistrict,44,600
Q732554,Chavin de Huantar,archaeological_site,-9.59277,-77.17845,PE,Áncash Department,43,600
Q732908,Hermopolis,archaeological_site,27.77444,30.80111,EG,Mallawi,41,600
Q739037,Nicaea,archaeological_site,40.429,29.7195,TR,İznik,52,600
Q739779,Kythnos,archaeological_site,37.38333,24.41667,GR,Kithnos Municipality,41,600
Q740104,Qal’at al Bahrain,archaeological_site,26.23361,50.52056,BH,Manama,48,600
Q740691,Layer Pyramid,archaeological_site,29.93278,31.16111,EG,Giza Governorate,28,600
Q740804,Maaloula,archaeological_site,33.84417,36.54667,SY,Ma'loula Subdistrict,49,600
Q740952,Umma,archaeological_site,31.6674,45.8877,IQ,Dhi Qar Governorate,44,600
Q742538,Plataea,archaeological_site,38.22136,23.27388,GR,Thiva Municipality,37,600
Q743282,Napata,archaeological_site,18.53333,31.81667,SD,Northern State,46,600
Q744631,Assos,archaeological_site,39.49056,26.33667,TR,Çanakkale Province,31,600
Q746102,Cloaca Maxima,archaeological_site,41.88889,12.48028,IT,Rome,37,600
Q748108,Nemea,archaeological_site,37.80896,22.71028,GR,Nemea Municipality,36,600
Q749187,Girga,archaeological_site,26.33833,31.89167,EG,Sohag Governorate,35,600
Q791665,Abdah,archaeological_site,30.795,34.775,IL,Southern District,28,600
Q797120,Xochicalco,archaeological_site,18.80431,-99.29664,MX,Miacatlán Municipality,41,600
Q798844,Badari culture,archaeological_site,27.0,31.41667,EG,,35,600
Q806929,Banpo,archaeological_site,34.27444,109.0475,CN,Xi'an,26,600
Q810735,Batavia,archaeological_site,-28.49164,113.79193,AU,Houtman Abrolhos,26,600
Q816437,Skara Brae,archaeological_site,59.04871,-3.34175,GB,Orkney Islands,49,600
Q817250,Pattadakal Group of Monuments,archaeological_site,15.94833,75.81667,IN,Bagalkot district,49,600
Q817286,Beni Hasan,archaeological_site,27.93139,30.87528,EG,Minya Governorate,37,600
Q819050,Berenice Troglodytica,archaeological_site,23.94306,35.48944,EG,Red Sea Governorate,28,600
Q822842,Umm ar-Rasas,archaeological_site,31.49972,35.91972,JO,,40,600
Q827432,Vilcabamba,archaeological_site,-12.90278,-73.20583,PE,Cusco Province,33,600
Q828336,Saqsaywaman,archaeological_site,-13.50778,-71.98222,PE,Cusco,38,600
Q830805,Beit She'arim National Park,archaeological_site,32.70417,35.12806,IL,Kiryat Tiv'on,29,600
Q831297,Pool of Bethesda,archaeological_site,31.78139,35.23583,IL,Muslim Quarter,34,600
Q832262,Chongoni Rock Art Area,archaeological_site,-14.29333,34.27917,MW,,36,600
Q833060,Sirmium,archaeological_site,44.96611,19.61056,RS,Pannonia,45,600
Q835128,Oudenburg,archaeological_site,51.18333,3.0,BE,Arrondissement of Ostend,31,600
Q836108,Baths of Diocletian,archaeological_site,41.90278,12.49833,IT,Rome,32,600
Q839456,El-Fustat,archaeological_site,30.005,31.2375,EG,Cairo Governorate,42,600
Q842328,Sangiran,archaeological_site,-7.45,110.85,ID,Central Java,41,600
Q844930,Classical Athens,archaeological_site,37.97222,23.72222,GR,Attica Region,55,600
Q846127,Stageira,archaeological_site,40.59083,23.79417,GR,Aristotelis Municipality,37,600
Q846913,Jebel Irhoud,archaeological_site,31.85498,-8.87251,MA,,33,600
Q846967,Nan Madol,archaeological_site,6.84194,158.33222,FM,Madolenihmw,53,600
Q849709,Laodicea on the Lycus,archaeological_site,37.83583,29.1075,TR,Denizli Province,34,600
Q853265,Casas Grandes,archaeological_site,30.37583,-107.95556,MX,Casas Grandes Municipality,30,600
Q853946,Girsu,archaeological_site,31.56526,46.18964,IQ,Dhi Qar Governorate,35,600
Q853955,Umm el-Qa'ab,archaeological_site,26.17491,31.90786,EG,,32,600
Q854672,Nisa,archaeological_site,37.95115,58.21241,TM,Ashgabat,49,600
Q854843,Kamarina,archaeological_site,36.87206,14.44768,IT,Vittoria,28,600
Q857845,Ai-Khanoum,archaeological_site,37.16639,69.41083,AF,Dashti Qala District,38,600
Q858024,Hippo Regius,archaeological_site,36.88365,7.75513,DZ,Algeria,30,600
Q1062357,Chankillo,archaeological_site,-9.55667,-78.23583,PE,Áncash Department,28,600
Q1064331,Tarxien Temples,archaeological_site,35.86917,14.51194,MT,Tarxien,29,600
Q1066424,Meidum,archaeological_site,29.37245,31.17203,EG,al-Wasta,34,600
Q1068190,Sarkel,archaeological_site,47.705,42.27306,RU,Russia,30,600
Q1069411,Western Xia Mausoleums,archaeological_site,38.43503,105.98717,CN,Yinchuan,26,600
Q1092258,Preah Ko,archaeological_site,13.3439,103.97272,KH,Siem Reap,25,600
Q1094367,Ciudad Perdida,archaeological_site,11.038,-73.92519,CO,Magdalena Department,27,600
Q1104936,Coba,archaeological_site,20.4898,-87.7251,MX,Quintana Roo,32,600
Q1107569,Kerma,archaeological_site,19.6008,30.40973,SD,Northern State,26,600
Q1125096,Pnyx,archaeological_site,37.97167,23.71944,GR,Athens Municipality,28,600
Q1127343,Offa's Dyke,archaeological_site,52.344,-3.049,GB,Q156150,31,600
Q1136637,Sounion,archaeological_site,37.64897,24.0301,GR,Lavreotiki Municipality,33,600
Q1136681,Seleucia,archaeological_site,33.13722,44.51722,IQ,Asuristan,43,600
Q1141295,Thespiae,archaeological_site,38.30356,23.15832,GR,Aliartos-Thespies Municipality,30,600
Q1141669,Olynthus,archaeological_site,40.29275,23.35453,GR,Polygyros Municipality,28,600
Q1141858,Ajloun,archaeological_site,32.3325,35.75167,JO,Ajloun Governorate,42,600
Q1142488,Colophon,archaeological_site,38.11556,27.14222,TR,İzmir Province,30,600
Q1144512,Curia Hostilia,archaeological_site,41.89306,12.48528,IT,Rome,26,600
Q1144514,Curia Julia,archaeological_site,41.89293,12.4854,IT,Rome,29,600
Q1145180,Canopus,archaeological_site,31.3,30.08333,EG,Alexandria,31,600
Q1145715,Pelusium,archaeological_site,31.05,32.6,EG,Port Said,34,600
Q1146645,Via Domitia,archaeological_site,43.71722,4.15194,ES,Gallargues-le-Montueux,28,600
Q750212,Deir el-Medina,archaeological_site,25.72833,32.60139,EG,Qurnah District,38,600
Q750313,Calydon,archaeological_site,38.37255,21.53327,GR,Missolonghi Municipality,29,600
Q754791,Twyfelfontein,archaeological_site,-20.59558,14.37258,NA,Kunene Region,38,600
Q762099,Bogolyubovo,archaeological_site,56.19472,40.53083,RU,Q4089557,33,600
Q767089,Salamis,archaeological_site,35.1751,33.90359,CY,Famagusta District,41,600
Q770797,Forum of Augustus,archaeological_site,41.89417,12.48667,IT,Rome,33,600
Q781595,Monte Testaccio,archaeological_site,41.87595,12.47569,IT,Roma Capitale,26,600
Q862251,Istakhr,archaeological_site,29.98167,52.90944,IR,Fars Province,34,600
Q866393,Biskupin,archaeological_site,52.78838,17.74469,PL,Biskupin,27,600
Q867586,Salt,archaeological_site,32.03917,35.72722,JO,Balqa Governorate,52,600
Q868799,San Ignacio Miní,archaeological_site,-27.25531,-55.5315,AR,Misiones Province,30,600
Q871525,Vindobona,archaeological_site,48.21083,16.37028,AT,Vienna,33,600
Q876451,El Fuerte de Samaipata,archaeological_site,-18.17836,-63.81899,BO,Florida Province,38,600
Q877381,Gaochang,archaeological_site,42.85278,89.52917,CN,Xinjiang,30,600
Q1231824,Viminacium,archaeological_site,44.73278,21.23056,RS,Serbia,26,600
Q1237840,North Acomita Village,archaeological_site,35.06778,-107.56528,US,Cibola County,27,600
Q1241207,Porticus Octaviae,archaeological_site,41.89244,12.47853,IT,Rome,27,600
Q1241298,Villa of the Mysteries,archaeological_site,40.75369,14.47744,IT,Pompei,29,600
Q1243772,Samannud,archaeological_site,30.96222,31.2425,EG,Gharbia Governorate,31,600
Q1250874,Aelia Capitolina,archaeological_site,31.77569,35.23104,IL,Jerusalem,34,600
Q1146939,Manbij,archaeological_site,36.53333,37.95,SY,Manbij Subdistrict,49,600
Q1150349,Demetrias,archaeological_site,39.34347,22.92415,GR,Volos Municipality,25,600
Q1153416,Tanais,archaeological_site,47.27056,39.34139,RU,Nedvigovka,35,600
Q1153959,Thinis,archaeological_site,26.33333,31.9,EG,Sohag Governorate,39,600
Q1160195,Mantineia,archaeological_site,37.61662,22.3919,GR,Tripoli Municipality,31,600
Q1160664,Lyceum,archaeological_site,37.97402,23.74334,GR,Athens Municipality,43,600
Q1165562,Kuk Swamp,archaeological_site,-5.7825,144.33,PG,Western Highlands Province,33,600
Q1190403,Edessa,archaeological_site,37.15,38.7825,TR,Şanlıurfa,43,600
Q1195993,Teishebaini,archaeological_site,40.15389,44.45111,AM,,25,600
Q1196056,Mawangdui,archaeological_site,28.20861,113.02167,CN,Mawangdui Residential Community,28,600
Q1229367,Empúries,archaeological_site,42.13472,3.12056,ES,L'Escala,27,600
Q900379,HMS Bounty,archaeological_site,-25.06861,-130.09528,PN,,29,600
Q906669,Lepenski Vir,archaeological_site,44.56111,22.02417,RS,Serbia,29,600
Q917162,Halki,archaeological_site,36.22874,27.57483,GR,Chalki Municipality,38,600
Q917814,Stari Ras,archaeological_site,43.11889,20.42278,RS,Novi Pazar,41,600
Q919194,Kimolos,archaeological_site,36.8,24.55,GR,Cyclades,37,600
Q923894,Atapuerca,archaeological_site,42.35009,-3.51947,ES,Atapuerca,29,600
Q926336,Shahba,archaeological_site,32.85389,36.62944,SY,Suwayda Governorate,33,600
Q943637,Nicopolis,archaeological_site,39.00801,20.73605,GR,Preveza municipality,33,600
Q955894,tunnel of Eupalinos,archaeological_site,37.69454,26.93055,GR,East Samos Municipality,25,600
Q956911,Otrar,archaeological_site,42.85148,68.30297,KZ,Turkistan Region,38,600
Q959859,Naqada,archaeological_site,25.90167,32.72417,EG,Qena Governorate,30,600
Q962184,Mozia,archaeological_site,37.86833,12.46861,IT,Marsala,35,600
Q977738,Uaxactún,archaeological_site,17.39356,-89.63453,GT,Flores,27,600
Q984575,Tébessa,archaeological_site,35.4,8.11667,DZ,Tébessa District,46,600
Q999468,Potidaea,archaeological_site,40.2,23.33333,GR,Nea Propontida Municipality,27,600
Q1000577,Jarmo,archaeological_site,35.5558,44.93029,IQ,Chamchamal,38,600
Q1001370,Colossae,archaeological_site,37.83583,29.1075,TR,Denizli Province,32,600
Q1012797,Ostia,archaeological_site,41.75417,12.2875,IT,Roma Capitale,50,600
Q1291235,Seuthopolis,archaeological_site,42.61806,25.30556,BG,Kazanlak,25,600
Q1302971,Gundeshapur,archaeological_site,32.28333,48.51667,IR,Dezful County,29,600
Q1328958,Derinkuyu underground city,archaeological_site,38.3734,34.73503,TR,Nevşehir,33,600
Q1334331,Sijilmasa,archaeological_site,31.28,-4.28,MA,Errachidia,29,600
Q1344411,Phanagoria,archaeological_site,45.27806,36.97488,RU,Krasnodar Krai,36,600
Q1347586,Villa of the Papyri,archaeological_site,40.80667,14.34556,IT,Ercolano,29,600
Q1351318,Uplistsikhe,archaeological_site,41.96666,44.2075,GE,,29,600
Q1363688,Ancient Corinth,archaeological_site,37.90579,22.87874,GR,Corinth Municipality,41,600
Q1366015,La Santísima Trinidad del Paraná,archaeological_site,-27.132,-55.702,PY,Trinidad,28,600
Q1366027,Mitla,archaeological_site,16.91667,-96.4,MX,Oaxaca,28,600
Q1371168,Stobi,archaeological_site,41.55174,21.97497,MK,Gradsko Municipality,26,600
Q1372270,Bad-tibira,archaeological_site,31.38278,46.00444,IQ,Dhi Qar Governorate,25,600
Q1417475,Great Pyramid of Cholula,archaeological_site,19.0575,-98.30194,MX,Cholula de Rivadavia,28,600
Q1423615,Tyana,archaeological_site,37.89375,34.56019,TR,Bor,26,600
Q1432654,Helike,archaeological_site,38.22205,22.13179,GR,Aigialeia Municipality,25,600
Q1432674,Magnesia on the Maeander,archaeological_site,37.85309,27.53309,TR,Aydın Province,26,600
Q1455447,Hadrian's Library,archaeological_site,37.97556,23.72611,GR,Athens Municipality,29,600
Q1476222,Sehel Island,archaeological_site,24.06,32.87111,EG,Aswan Governorate,26,600
Q1478558,Stones of Stenness,archaeological_site,58.99389,-3.20806,GB,Orkney Islands,27,600
Q1478801,Pyramid of Unas,archaeological_site,29.86833,31.21472,EG,Giza Governorate,33,600
Q1481525,Kydonia,archaeological_site,35.51729,24.01948,GR,Chania Municipality,25,600
Q9443,Lothal,archaeological_site,22.52139,72.24944,IN,Ahmedabad district,49,600
Q9468,Dholavira,archaeological_site,23.88611,70.21667,IN,Bhachau Taluka,47,600
Q13289,Korčula,archaeological_site,42.96167,17.13583,HR,Dubrovnik-Neretva County,47,600
Q17586,Teos,archaeological_site,38.1991,26.83748,TR,İzmir Province,29,600
Q1607758,Heracleion,archaeological_site,31.30417,30.10056,EG,Alexandria,27,600
Q1609149,Pyramid of Neferirkare,archaeological_site,29.89503,31.20244,EG,,31,600
Q1611788,Vijayanagara,archaeological_site,15.325,76.465,IN,Vijayanagara District,28,600
Q1620682,Hezekiah's Tunnel,archaeological_site,31.77236,35.23567,IL,Jerusalem,26,600
Q1646630,Xunantunich,archaeological_site,17.09019,-89.14221,BZ,Cayo District,25,600
Q1722226,Kalibangan,archaeological_site,29.47389,74.12972,IN,Hanumangarh district,29,600
Q1743884,Kition,archaeological_site,34.9233,33.63054,CY,Larnaca District,32,600
Q1761052,Rock Carvings in Tanum,archaeological_site,58.69995,11.33641,SE,Tanumshede,32,600
Q1764282,Balasagun,archaeological_site,42.74759,75.24842,KG,Chuy District,32,600
Q1778458,Koh Ker,archaeological_site,13.74992,104.54727,KH,Preah Vihear Province,31,600
Q1785592,Kourion,archaeological_site,34.6642,32.8877,CY,Episkopi,32,600
Q1818746,Sambor Prei Kuk,archaeological_site,12.86728,105.04002,KH,Kampong Thom Province,31,600
Q1887011,Swartkrans,archaeological_site,-25.92917,27.78889,ZA,Gauteng,25,600
Q1915216,Pythagoreion,archaeological_site,37.69,26.94256,GR,East Samos Municipality,26,600
Q1916655,Hovgården,archaeological_site,59.36,17.52,SE,Ekerö Municipality,36,600
Q1943549,Perperikon,archaeological_site,41.71472,25.46528,BG,Kardzhali,30,600
Q1973199,Timna valley,archaeological_site,29.78778,34.98889,IL,Southern District,31,600
Q2037360,Goa Gajah,archaeological_site,-8.52339,115.28633,ID,Gianyar,27,600
Q2038886,Abu Gorab,archaeological_site,29.90394,31.1942,EG,Giza Governorate,25,600
Q2301527,Songo Mnara,archaeological_site,-9.03942,39.5517,TZ,,35,600
Q2343313,Amathus,archaeological_site,34.71235,33.13033,CY,Ayios Tykhonas,25,600
Q2350404,Sassi di Matera,archaeological_site,40.6667,16.6083,IT,Matera,27,600
Q2594448,Shravasti,archaeological_site,27.51707,82.05062,IN,Uttar Pradesh,36,600
Q2727469,Zubarah,archaeological_site,25.98339,51.02722,QA,Al Shamal,42,600
Q3242938,Calanais Stones,archaeological_site,58.19756,-6.74513,GB,Outer Hebrides,25,600
Q3418050,Rakhigarhi,archaeological_site,29.17,76.07,IN,Haryana,25,600
Q3524629,Thimlich Ohinga,archaeological_site,-0.89134,34.32611,KE,Migori County,28,600
Q4141623,Golconda,archaeological_site,17.38334,78.40417,IN,Hyderabad,43,600
Q4880851,Magdala,archaeological_site,32.83917,35.5075,IL,Northern District,31,600
Q5276996,Dilmun Burial Mounds,archaeological_site,26.14972,50.51278,BH,,29,600
Q5843680,Halicarnassus,archaeological_site,37.03517,27.41724,TR,Muğla Province,52,600
Q7428276,Hierapolis,archaeological_site,37.9074,29.146,TR,Denizli Province,53,600
Q665,Lugdunum,archaeological_site,45.75972,4.81944,,Gallia Lugdunensis,33,600
Q150857,Bismarck,archaeological_site,48.16667,-16.2,,,59,600
Q154115,Admiral Graf Spee,archaeological_site,-34.97167,-56.29833,,,44,600
Q155430,German cruiser Prinz Eugen,archaeological_site,8.75274,167.6831,,,33,600
Q156962,German aircraft carrier Graf Zeppelin,archaeological_site,55.5175,18.28583,,,34,600
Q161346,Blücher,archaeological_site,59.7,10.59167,,,30,600
Q213246,Alphen aan den Rijn,archaeological_site,52.13333,4.65,,South Holland,58,600
Q215010,Japanese battleship Yamato,archaeological_site,30.36667,128.06667,,,50,600
Q217463,Kursk,archaeological_site,69.66667,37.58333,,,45,600
Q220239,HMS Hood,archaeological_site,63.33333,-31.83333,,,45,600
Q228691,Japanese aircraft carrier Zuikaku,archaeological_site,19.33333,125.85,,,29,600
Q270273,Lutetia,archaeological_site,48.85472,2.3475,,Gallia Lugdunensis,45,600
Q311245,USS Yorktown,archaeological_site,30.59972,-176.56778,,,37,600
Q312224,HMS Endeavour,archaeological_site,41.6,-71.35,,,31,600
Q320967,Akagi,archaeological_site,30.5,-178.66667,,,35,600
Q504096,RMS Carpathia,archaeological_site,49.4667,-19.7667,,,43,600
Q724919,HMS Prince of Wales,archaeological_site,3.56,104.47833,,,31,600
Q726146,Kaga,archaeological_site,30.38417,-179.28389,,,30,600
Q739353,Dorestad,archaeological_site,51.975,5.34,,Wijk bij Duurstede,27,600
Q828458,MS Estonia,archaeological_site,59.382,21.682,,,36,600
Q838148,USS Lexington,archaeological_site,-15.33333,155.5,,,36,600
Q910505,Tmutarakan,archaeological_site,45.21907,36.71406,,Krasnodar Krai,34,600
Q911858,Endurance,archaeological_site,-68.698,-52.444,,,32,600
Q927198,Londinium,archaeological_site,51.51422,-0.08846,,,48,600
Q1127368,Japanese battleship Musashi,archaeological_site,13.11667,122.53333,,,38,600
Q1131630,HMS Repulse,archaeological_site,55.89779,-4.40442,,,29,600
Q1199713,Batavia,archaeological_site,-6.13484,106.81322,,Indonesia,28,600
Q1333909,HMS Ark Royal,archaeological_site,36.05,-4.75,,,32,600
Q1343280,Egkomi Ammochostou,archaeological_site,35.16201,33.88318,,Famagusta District,26,600
Q1379299,Smyrna,archaeological_site,38.41861,27.14284,,İzmir,30,600
Q1443478,Nahal Me'arot Nature Reserve,archaeological_site,32.67083,34.96611,,Haifa District,26,600
Q1757438,Samaria,archaeological_site,32.27611,35.195,,Kingdom of Israel,38,600
Q2992278,Moskva,archaeological_site,45.2951,30.8789,,,52,600
Q4120832,Königsberg,archaeological_site,54.71147,20.50931,,East Prussia,54,600
Q6501000,Chang'an,archaeological_site,34.30833,108.85833,,Xi'an,44,600
Q7951237,Shechem,archaeological_site,32.21361,35.28194,,West Bank,35,600
Q101186473,Khanbaliq,archaeological_site,39.93333,116.4,,Da du lu,31,600
Q1017178,Chufut-Kale,archaeological_site,44.74103,33.92447,RU,Bakhchysarai Raion,37,600
Q1022117,Messene,archaeological_site,37.05,22.0,GR,Municipality of Messene,25,600
Q1025825,Shahr-e Sukhteh,archaeological_site,30.59528,61.33194,IR,Sistan and Baluchestan Province,50,600
Q1026347,Samosata,archaeological_site,37.56452,38.47134,TR,Adıyaman Province,28,600
Q1035336,Caracol,archaeological_site,16.76393,-89.11759,BZ,Cayo District,30,600
Q1035634,Mamertine Prison,archaeological_site,41.89246,12.48537,IT,Rome,25,600
Q1042074,Toniná,archaeological_site,16.90122,-92.00968,MX,Ocosingo Municipality,25,600
Q1056493,Uffington White Horse,archaeological_site,51.5777,-1.56675,GB,Uffington,27,600
Q1502156,Heraclea Minoa,archaeological_site,37.39395,13.28075,IT,Montallegro,26,600
Q1509463,Vaishali,archaeological_site,25.98659,85.12559,IN,Vaishali district,44,600
Q1511531,Seri Bahlol,archaeological_site,34.25547,71.95069,PK,Takht Bhai Tehsil,33,600
Q1549278,Machaerus,archaeological_site,31.56694,35.63361,JO,Madaba Governorate,25,600
Q1569654,Pyramid of Djedefre,archaeological_site,30.03222,31.07472,EG,Cairo Governorate,26,600
Q1584528,Khara-Khoto,archaeological_site,41.765,101.145,CN,Ejin Banner,25,600
Q26237,Hawara,archaeological_site,29.274,30.899,EG,Markaz al Fayyūm,26,600
Q27356,Hegra,archaeological_site,26.79167,37.95278,SA,Medina Province,58,600
Q27985,Joya de Cerén,archaeological_site,13.82749,-89.35616,SV,San Juan Opico,46,600
Q29223,Theban Necropolis,archaeological_site,25.73333,32.6,EG,Qurnah District,43,600
Q29240,Pyramid of the Moon,archaeological_site,19.6996,-98.844,MX,State of Mexico,31,600
Q32378,Dougga,archaeological_site,36.42333,9.22028,TN,Béja Governorate,46,600
Q54614,Gioia Tauro,archaeological_site,38.43333,15.9,IT,Metropolitan City of Reggio Calabria,58,600
Q60218,Zakros,archaeological_site,35.09806,26.26139,GR,Sitia Municipality,30,600
Q62677,Karakorum,archaeological_site,47.19753,102.82379,MN,Övörkhangai Province,57,600
Q12193567,Al Maghtas,archaeological_site,31.83722,35.55028,JO,Balqa Governorate,41,600
Q19852428,Tusi Sites,archaeological_site,28.99861,109.96694,CN,,29,600
Q20048515,Valongo Wharf,archaeological_site,-22.89711,-43.18739,BR,Rio de Janeiro,27,600
Q30610827,Kapilavastu,archaeological_site,27.57645,83.05498,IN,,29,600
Q38281192,Sesklo archaeological site,archaeological_site,39.35569,22.84125,GR,Volos Municipality,26,600
Q132527193,Ancient Abdera,archaeological_site,40.93371,24.9733,GR,Avdira Municipality,27,600
Q433112,Old Dongola,archaeological_site,18.22306,30.74389,SD,,23,600
Q446176,Altun Ha,archaeological_site,17.76464,-88.3475,BZ,Rockstone Pond,22,600
Q462160,Pyramid of Amenemhet I,archaeological_site,29.5749,31.2253,EG,Giza Governorate,18,600
Q475497,Brauron,archaeological_site,37.9262,23.9937,GR,Markopoulo Mesogaias Municipality,18,600
Q476787,Aqua Julia,archaeological_site,41.89696,12.51072,IT,,21,600
Q477620,Amri,archaeological_site,25.90972,67.92361,PK,,18,600
Q502518,Ruins of Gedi,archaeological_site,-3.30917,40.01667,KE,Kilifi County,24,600
Q503828,São Miguel das Missões,archaeological_site,-28.54908,-54.55589,BR,São Miguel das Missões,24,600
Q508251,Tres Zapotes,archaeological_site,18.46667,-95.43333,MX,Santiago Tuxtla Municipality,18,600
Q510279,Three Castles of Bellinzona,archaeological_site,46.19278,9.02222,CH,Bellinzona,24,600
Q517690,Lysimachia,archaeological_site,40.58,26.88,TR,Çanakkale Province,19,600
Q529147,Lubaantun,archaeological_site,16.28111,-88.965,BZ,Toledo District,19,600
Q534028,Woodhenge,archaeological_site,51.18963,-1.78674,GB,Durrington,18,600
Q535982,Lystra,archaeological_site,37.66412,32.21071,TR,Meram district,23,600
Q536769,Aqua Alsietina,archaeological_site,41.88656,12.46932,IT,,21,600
Q548608,Anio Novus,archaeological_site,41.846,12.561,IT,Roma Capitale,23,600
Q548614,Aqua Anio Vetus,archaeological_site,41.89821,12.50929,IT,,20,600
Q548805,El Hiba,archaeological_site,28.8,30.91667,EG,Al Fashn,19,600
Q115314,Tarkhan,archaeological_site,29.5,31.21667,EG,,19,600
Q132472,Mieza,archaeological_site,40.64417,22.12222,GR,Naousa Municipality,22,600
Q139979,Zaculeu,archaeological_site,15.33379,-91.49274,GT,,20,600
Q140131,Zafar,archaeological_site,14.2139,44.40287,YE,Ibb,18,600
Q148327,Emona,archaeological_site,46.04769,14.50092,SI,,23,600
Q149203,Scupi,archaeological_site,42.01667,21.39194,MK,Skopje,22,600
Q164205,Justiniana Prima,archaeological_site,42.952,21.67,RS,Lebane,24,600
Q176507,SMS Friedrich der Grosse,archaeological_site,58.89738,-3.18295,GB,Orkney Islands,19,600
Q181109,Acanthus,archaeological_site,40.39975,23.88011,GR,Aristotelis Municipality,19,600
Q196987,Zeugma,archaeological_site,37.05861,37.86583,TR,Gaziantep Province,24,600
Q205840,Umbilicus urbis Romae,archaeological_site,41.89272,12.48456,IT,Rome,23,600
Q240579,Pyramid of Neferefre,archaeological_site,29.89381,31.20167,EG,,21,600
Q262432,Der,archaeological_site,33.12361,45.93139,IQ,,21,600
Q263509,Iximche,archaeological_site,14.7358,-90.9962,GT,Tecpán Guatemala,22,600
Q275666,White Pyramid,archaeological_site,29.80556,31.22278,EG,Giza Governorate,19,600
Q279191,Sagalassos,archaeological_site,37.67806,30.51944,TR,Ağlasun,23,600
Q284794,Pyramid of Amenemhat III,archaeological_site,29.79167,31.22361,EG,Giza Governorate,24,600
Q285196,House of the Vestals,archaeological_site,41.89139,12.48667,IT,Rome,19,600
Q286631,El-Assasif,archaeological_site,25.73569,32.61195,EG,Qurnah District,18,600
Q290054,Amrit,archaeological_site,34.8265,35.90819,SY,Tartus Governorate,19,600
Q302905,Lebedus,archaeological_site,38.07361,26.96722,TR,Seferihisar district,19,600
Q304823,Abae,archaeological_site,38.63707,22.89578,GR,Lokroi Municipality,20,600
Q307181,East Mebon,archaeological_site,13.44654,103.91997,KH,Siem Reap,19,600
Q310049,Bara,archaeological_site,35.68333,36.53333,SY,Ihsim Subdistrict,21,600
Q310844,El Quseyya,archaeological_site,27.44028,30.81833,EG,Asyut Governorate,20,600
Q325468,Kabah,archaeological_site,20.24843,-89.6473,MX,Santa Elena Municipality,20,600
Q372292,Kussara,archaeological_site,39.385,37.502,TR,Central Anatolia Region,22,600
Q378940,Adulis,archaeological_site,15.26361,39.66056,ER,Zula,24,600
Q384167,Nyenschantz,archaeological_site,59.94377,30.40677,RU,Krasnogvardeysky District,19,600
Q389285,Itjtawy,archaeological_site,29.57028,31.23111,EG,Faiyum Governorate,24,600
Q390151,Ukonsaari,archaeological_site,68.93878,27.29231,FI,Inari,19,600
Q393632,Hagia Triada,archaeological_site,35.05917,24.79278,GR,,24,600
Q398094,Aguateca,archaeological_site,16.41194,-90.18833,GT,Sayaxché,20,600
Q398152,El Mataria,archaeological_site,30.1295,31.2889,EG,Cairo,18,600
Q404513,Aegospotami,archaeological_site,40.36407,26.63083,TR,Çanakkale Province,22,600
Q1114895,Comitium,archaeological_site,41.89278,12.485,IT,Rome,23,600
Q1136193,Gortyn,archaeological_site,35.06007,24.94946,GR,Gortyn Municipality,23,600
Q1142395,Heraclea Lyncestis,archaeological_site,41.01111,21.3425,MK,Bitola Municipality,23,600
Q1143307,Cuicuilco,archaeological_site,19.30167,-99.18167,MX,Tlalpan,21,600
Q1144126,Tillya Tepe,archaeological_site,36.7,65.787,AF,Jowzjan Province,22,600
Q1146716,Mons Claudianus,archaeological_site,26.80917,33.48667,EG,Red Sea Governorate,18,600
Q1149433,Jiroft culture,archaeological_site,28.8,57.76667,IR,Kerman Province,23,600
Q1151593,Erligang culture,archaeological_site,34.754,113.676,CN,,22,600
Q1151606,Nevalı Çori,archaeological_site,37.51833,38.60556,TR,Adıyaman,24,600
Q1156421,Atacama Giant,archaeological_site,-19.94889,-69.63306,CL,Huara,18,600
Q1164460,Histria,archaeological_site,44.5475,28.77472,RO,Constanța County,23,600
Q1183843,Marad,archaeological_site,32.0928,44.7833,IQ,,18,600
Q1193666,Dilbat,archaeological_site,32.15,44.5,IQ,Al-Qādisiyyah Governorate,24,600
Q1195800,Myus,archaeological_site,37.59525,27.43312,TR,Aydın Province,20,600
Q1196243,Emar,archaeological_site,35.98724,38.11024,SY,Maskanah,24,600
Q1226902,Diolkos,archaeological_site,37.9491,22.9624,GR,Corinthia Regional Unit,24,600
Q1229422,Lampsacus,archaeological_site,40.34389,26.68361,TR,Lapseki,24,600
Q1231539,Kameiros,archaeological_site,36.33622,27.92128,GR,Rodos Municipality,21,600
Q1231749,Baths of Titus,archaeological_site,41.89256,12.49405,IT,Rome,21,600
Q1231948,Populonia,archaeological_site,42.98944,10.49139,IT,Piombino,22,600
Q1234405,Fidenae,archaeological_site,41.97854,12.51226,IT,,24,600
Q1236078,Lerna,archaeological_site,37.55119,22.71821,GR,Argos-Mykines Municipality,21,600
Q1240126,Via Aemilia Scauri,archaeological_site,44.90991,8.86958,IT,,19,600
Q1241278,Gardens of Sallust,archaeological_site,41.90808,12.49692,IT,Rome,23,600
Q556313,U-1,archaeological_site,54.23333,5.11667,DE,,18,600
Q569325,SMS Grosser Kurfürst,archaeological_site,58.89694,-3.18451,GB,Orkney Islands,19,600
Q578075,Phnom Bakheng,archaeological_site,13.42381,103.856,KH,Siem Reap,20,600
Q579763,Luna,archaeological_site,44.064,10.017,IT,Luni,18,600
Q584347,Phimeanakas,archaeological_site,13.44566,103.85601,KH,Siem Reap,20,600
Q584387,Faras,archaeological_site,22.2,31.46,EG,Sudan,21,600
Q589307,HMS Queen Mary,archaeological_site,56.7,5.9,NO,,21,600
Q593737,Sestos,archaeological_site,40.22836,26.41722,TR,Çanakkale Province,24,600
Q597206,Thommanon,archaeological_site,13.4471,103.87736,KH,Siem Reap,20,600
Q599462,Termessus,archaeological_site,36.9825,30.46444,TR,Antalya Province,24,600
Q602538,Ithome,archaeological_site,37.18611,21.925,GR,Municipality of Messene,22,600
Q602564,Thurii,archaeological_site,39.75069,16.45022,IT,Sibari,24,600
Q1278166,Pyramid of Teti,archaeological_site,29.87528,31.22161,EG,Giza Governorate,21,600
Q1279597,"Arles, Roman and Romanesque Monuments",archaeological_site,43.67764,4.63069,FR,Arles,19,600
Q1280770,Armaztsikhe,archaeological_site,41.83763,44.72166,GE,Mtskheta Municipality,24,600
Q1283784,Markovi Kuli,archaeological_site,41.3616,21.53847,MK,Prilep Municipality,22,600
Q1283801,Samuil's Fortress,archaeological_site,41.115,20.791,MK,Ohrid Municipality,23,600
Q1286267,SS Edmund Fitzgerald,archaeological_site,46.99833,-85.11,CA,,22,600
Q1287526,Opis,archaeological_site,33.1815,44.6991,IQ,,21,600
Q1309687,Singidunum,archaeological_site,44.82,20.46,RS,Belgrade,23,600
Q1318724,Trinil,archaeological_site,-7.3743,111.3578,ID,Ngawi,20,600
Q1326977,Kokino,archaeological_site,42.26361,21.95361,MK,Staro Nagoričane Municipality,19,600
Q1329268,Niya,archaeological_site,37.82268,82.7719,CN,Niya County,23,600
Q1330631,Pherae,archaeological_site,39.3787,22.74904,GR,Rigas Feraios Municipality,22,600
Q1330939,Yarkhoto,archaeological_site,42.95052,89.06393,CN,Gaochang District,19,600
Q1339472,RMS Empress of Ireland,archaeological_site,48.625,-68.40833,CA,Sainte-Luce,22,600
Q1352586,Lavinium,archaeological_site,41.6531,12.4726,IT,,20,600
Q1360456,Tambomachay,archaeological_site,-13.48083,-71.96472,PE,Cusco Province,19,600
Q1360503,Issus,archaeological_site,36.83833,36.16444,TR,,24,600
Q1361151,Sofala,archaeological_site,-20.15,34.71667,MZ,Sofala,23,600
Q1367140,Temple of Eshmun,archaeological_site,33.58556,35.39806,LB,Sidon,21,600
Q1380189,Olympos,archaeological_site,36.39685,30.47464,TR,Antalya Province,24,600
Q1393407,Alexandria Troas,archaeological_site,39.76128,26.15255,TR,Çanakkale Province,24,600
Q1412043,Phlius,archaeological_site,37.84547,22.64633,GR,Nemea Municipality,23,600
Q1434239,Watling Street,archaeological_site,51.27583,1.08083,GB,,22,600
Q1436362,Falerii Novi,archaeological_site,42.3,12.35737,IT,Fabrica di Roma,20,600
Q1462261,Wasit,archaeological_site,32.18911,46.28172,IQ,Wasit Governorate,20,600
Q608095,Kaunos,archaeological_site,36.82827,28.62584,TR,Muğla Province,23,600
Q613128,SMS Moltke,archaeological_site,58.87264,-3.18727,GB,Orkney Islands,23,600
Q616309,Aoudaghost,archaeological_site,17.42436,-10.41039,MR,Hodh El Gharbi,21,600
Q620724,Lop Desert,archaeological_site,40.16667,90.58333,CN,Xinjiang,22,600
Q621472,Taghazout,archaeological_site,30.5456,-9.7097,MA,Agadir-Ida-Ou-Tanane Prefecture,19,600
Q622909,Aqua Alexandrina,archaeological_site,41.90817,12.50449,IT,Roma Capitale,19,600
Q622943,Aqua Marcia,archaeological_site,41.8468,12.56335,IT,Roma Capitale,22,600
Q622948,Aqua Tepula,archaeological_site,41.90013,12.50868,IT,Lazio,19,600
Q629240,Pyramid of Merenre,archaeological_site,29.85056,31.215,EG,Giza Governorate,19,600
Q631407,Resafa,archaeological_site,35.62778,38.75639,SY,Raqqa District,23,600
Q639876,Durlach,archaeological_site,49.0,8.4667,DE,Karlsruhe,18,600
Q639934,Rungholt,archaeological_site,54.46667,8.71667,DE,Schleswig-Holstein,19,600
Q641685,SMS Von der Tann,archaeological_site,58.87715,-3.18717,GB,Orkney Islands,22,600
Q644872,Terqa,archaeological_site,34.9032,40.53045,SY,Deir ez-Zor Governorate,24,600
Q652792,Mixco Viejo,archaeological_site,14.87167,-90.66417,GT,San Juan Sacatepéquez,20,600
Q653322,Kromdraai fossil site,archaeological_site,-25.92917,27.78889,ZA,Gauteng,20,600
Q656954,Soli,archaeological_site,36.74266,34.53789,TR,Mezitli,20,600
Q666900,SMS Seydlitz,archaeological_site,58.86973,-3.18263,GB,Orkney Islands,24,600
Q670912,"Aventicum, Roman city - Avenches, medieval-modern city",archaeological_site,46.88,7.049,CH,Avenches,18,600
Q672456,Skorba Temples,archaeological_site,35.92083,14.37778,MT,Mġarr,18,600
Q672752,Saepta Julia,archaeological_site,41.8983,12.478,IT,Rome,20,600
Q672905,Arrapha,archaeological_site,35.45,44.38333,IQ,,24,600
Q676074,circus of Nero,archaeological_site,41.90167,12.45528,IT,Rome,20,600
Q676508,Dra' Abu el-Naga,archaeological_site,25.73528,32.62056,EG,Qurnah District,21,600
Q679305,Cyme,archaeological_site,38.75917,26.93639,TR,Aliağa,21,600
Q681861,Nuestra Señora de Loreto,archaeological_site,-27.33556,-55.51722,AR,Candelaria,24,600
Q682728,Koumbi Saleh,archaeological_site,15.75614,-7.97144,MR,Timbedra Department,24,600
Q688802,Battle of Torgau,archaeological_site,51.5733,12.9146,DE,Dreiheide,20,600
Q690372,Tazumal,archaeological_site,13.97956,-89.67442,SV,Chalchuapa,23,600
Q694474,SMS Bayern,archaeological_site,58.89869,-3.17705,GB,Orkney Islands,22,600
Q697693,Trier Imperial Baths,archaeological_site,49.7497,6.64222,DE,Trier,23,600
Q698398,SMS Hindenburg,archaeological_site,58.8762,-3.18684,GB,Orkney Islands,21,600
Q698414,SMS Kaiser,archaeological_site,58.88209,-3.1881,GB,Orkney Islands,19,600
Q698634,Arpad,archaeological_site,36.47259,37.09479,SY,Aleppo Governorate,19,600
Q701582,Virunum,archaeological_site,46.6992,14.365,AT,Maria Saal,20,600
Q704128,SMS Derfflinger,archaeological_site,58.86375,-3.20587,GB,Orkney Islands,22,600
Q706215,Artaxata,archaeological_site,39.88661,44.57943,AM,Ararat Province,21,600
Q771907,Harem,archaeological_site,36.20764,36.51921,SY,Harem Subdistrict,21,600
Q772613,San Lorenzo Tenochtitlán,archaeological_site,17.73333,-94.8,MX,,20,600
Q774512,Edzna,archaeological_site,19.59678,-90.22908,MX,Campeche,21,600
Q781775,Busiris,archaeological_site,30.91278,31.24278,EG,Markaz Sammanūd,19,600
Q785823,Kohunlich,archaeological_site,18.41667,-88.78333,MX,Quintana Roo,18,600
Q786489,Regia,archaeological_site,41.89194,12.48639,IT,Roman Forum,24,600
Q788982,Bakong,archaeological_site,13.33599,103.97412,KH,Roluos,23,600
Q796045,Lindholm Høje,archaeological_site,57.07722,9.9125,DK,Aalborg Municipality,19,600
Q807293,Baray,archaeological_site,13.43425,103.80035,KH,,19,600
Q807733,Barbara Baths,archaeological_site,49.75,6.63028,DE,Trier,21,600
Q807913,Barca,archaeological_site,32.4983,20.8928,LY,Libya,18,600
Q813784,Becan,archaeological_site,18.51667,-89.46667,MX,Campeche,19,600
Q817162,Beng Mealea,archaeological_site,13.47639,104.23833,KH,Siem Reap,18,600
Q819361,SMS König,archaeological_site,58.88674,-3.15349,GB,Orkney Islands,24,600
Q889398,Gibeon,archaeological_site,31.8475,35.18639,IL,West Bank,23,600
Q902329,Brauroneion,archaeological_site,37.97147,23.72538,GR,Athens Municipality,19,600
Q907980,HMS Invincible,archaeological_site,57.04444,6.12083,NO,continental shelf,20,600
Q908860,Hacılar Mound,archaeological_site,37.5843,30.0845,TR,Burdur Province,22,600
Q909286,Dos Pilas,archaeological_site,16.44583,-90.29583,GT,Petén Department,22,600
Q913166,La Venta,archaeological_site,18.10528,-94.03167,MX,Huimanguillo Municipality,24,600
Q916681,Nerik,archaeological_site,41.207,35.42,TR,Vezirköprü,18,600
Q920866,Magnesia ad Sipylum,archaeological_site,38.61306,27.42583,TR,Manisa Province,23,600
Q923835,Lixus,archaeological_site,35.19873,-6.11037,MA,Larache,24,600
Q923921,Haluza,archaeological_site,31.097,34.652,IL,Southern District,18,600
Q926255,Kamyana Mohyla,archaeological_site,46.94972,35.46944,UA,Zaporizhzhia Oblast,21,600
Q927535,Early Christian Necropolis of Pécs,archaeological_site,46.07444,18.22778,HU,Pécs,20,600
Q940045,Taq-e Bostan,archaeological_site,34.38753,47.13208,IR,Kermanshah,23,600
Q944217,Preah Khan,archaeological_site,13.46196,103.87159,KH,Siem Reap,24,600
Q946052,Varna Necropolis,archaeological_site,43.21306,27.86444,BG,Varna,24,600
Q950952,Dardanos,archaeological_site,40.07583,26.36278,TR,Çanakkale Province,19,600
Q956515,Phnom Kulen,archaeological_site,13.61278,104.1125,KH,Siem Reap Province,23,600
Q957050,Hariharalaya,archaeological_site,13.33333,103.96667,KH,,18,600
Q958954,Eboracum,archaeological_site,53.96167,-1.08056,GB,York,23,600
Q960387,Phnom Krom,archaeological_site,13.28573,103.81218,KH,Siem Reap,18,600
Q960839,Mediana,archaeological_site,43.31028,21.94889,RS,Medijana City Municipality,18,600
Q965581,Cardia,archaeological_site,40.54722,26.74083,TR,Çanakkale Province,20,600
Q966038,Pavlopetri,archaeological_site,36.51698,22.98865,GR,Elafonisos Municipality,20,600
Q968463,Cahal Pech,archaeological_site,17.15556,-89.06111,BZ,San Ignacio,21,600
Q968562,Lamanai,archaeological_site,17.76432,-88.65246,BZ,Orange Walk District,23,600
Q968802,Serpent Mound,archaeological_site,39.02586,-83.43044,US,Adams County,19,600
Q975775,Monte Verde,archaeological_site,-41.50472,-73.20444,CL,Puerto Montt,24,600
Q979091,Qinnasrin,archaeological_site,35.99861,36.99806,SY,Aleppo Governorate,20,600
Q1027069,Catacomb of Callixtus,archaeological_site,41.85888,12.51106,IT,Rome,24,600
Q1030058,Shaizar,archaeological_site,35.26778,36.56667,SY,Mhardeh Subdistrict,20,600
Q1031986,HMAS Sydney,archaeological_site,-26.24361,111.2175,AU,Western Australia,19,600
Q1032042,HMS Indefatigable,archaeological_site,56.85,5.65,NO,,22,600
Q1032062,HMS Nelson,archaeological_site,57.81131,-5.64185,GB,Highland,24,600
Q1055469,Cerne Abbas Giant,archaeological_site,50.8137,-2.47474,GB,Cerne Abbas,23,600
Q1066013,Neak Pean,archaeological_site,13.46306,103.89444,KH,Khmer Empire,18,600
Q1068140,Xois,archaeological_site,31.08806,30.94556,EG,Kafr el-Sheikh Governorate,18,600
Q1068171,Tarḫuntašša,archaeological_site,36.86667,33.16667,TR,Mersin,19,600
Q1073538,Epang Palace,archaeological_site,34.26327,108.8089,CN,Weiyang District,20,600
Q1075826,Pre Rup,archaeological_site,13.43547,103.92045,KH,Siem Reap,19,600
Q1076285,Choquequirao,archaeological_site,-13.39474,-72.87224,PE,Cusco Department,23,600
Q1081581,Kaminaljuyu,archaeological_site,14.6328,-90.5491,GT,Guatemala City,21,600
Q1090987,Sintashta,archaeological_site,52.49208,60.17794,RU,Q15254335,21,600
Q1092265,Lolei,archaeological_site,13.35267,103.97389,KH,Siem Reap,20,600
Q1092967,Circus Flaminius,archaeological_site,41.89276,12.47742,IT,Rome,20,600
Q1093156,Cirta,archaeological_site,36.3675,6.61194,DZ,Algeria,23,600
Q1518300,Hecatompylos,archaeological_site,35.95305,54.10367,IR,Semnan Province,24,600
Q1522451,Labna,archaeological_site,20.1725,-89.579,MX,,19,600
Q1534108,Aaiha,archaeological_site,33.49972,35.87333,LB,Rashaya,20,600
Q1535226,Nabta Playa,archaeological_site,22.50792,30.72569,EG,Egypt,24,600
Q1536445,Hamoukar,archaeological_site,36.81194,41.95583,SY,Al-Yaarubiyah Subdistrict,18,600
Q1540236,Gournia,archaeological_site,35.10917,25.7925,GR,Ierapetra Municipality,22,600
Q1540906,Yaxha,archaeological_site,17.07222,-89.4,GT,Petén Department,19,600
Q1547308,House of the Faun,archaeological_site,40.75125,14.48458,IT,Pompei,19,600
Q1564046,HMAS Australia,archaeological_site,-33.89028,151.76806,AU,New South Wales,19,600
Q1564757,HMS Gloucester,archaeological_site,35.83333,23.0,GR,,18,600
Q1567353,Hadar,archaeological_site,11.19318,40.59989,ET,,19,600
Q1574073,Qasr al-Yahud,archaeological_site,31.83709,35.5465,IL,Jericho Governorate,21,600
Q1583842,Augusta Emerita,archaeological_site,38.91667,-6.33333,ES,Mérida,23,600
Q1605894,Seleucia Pieria,archaeological_site,36.12445,35.92119,TR,Hatay Province,22,600
Q1607814,MS Herald of Free Enterprise,archaeological_site,51.37458,3.19056,BE,,19,600
Q1615584,Heshbon,archaeological_site,31.78674,35.80104,JO,,22,600
Q1620075,Hippos,archaeological_site,32.77889,35.65944,IL,Northern District,23,600
Q1636434,KV55,archaeological_site,25.73333,32.6,EG,Luxor,21,600
Q1638072,Toroni,archaeological_site,39.98778,23.89917,GR,Sithonia Municipality,21,600
Q1683532,Jarlshof,archaeological_site,59.86937,-1.29103,GB,Shetland Islands,18,600
Q1688860,Jiahu,archaeological_site,33.6144,113.6614,CN,Wuyang County,19,600
Q1698602,Pyramid of Senusret II,archaeological_site,29.23611,30.97056,EG,Faiyum Governorate,20,600
Q1721920,New Kalabsha,archaeological_site,23.63745,32.8868,EG,Aswan Governorate,18,600
Q1739282,Kerma kingdom,archaeological_site,19.6008,30.40973,SD,,22,600
Q1751693,Pyramid of Nyuserre Ini,archaeological_site,29.89567,31.20356,EG,Giza Governorate,23,600
Q1753417,SS Sultana,archaeological_site,35.19056,-90.11444,US,,18,600
Q1757204,USS Scorpion,archaeological_site,32.915,-33.1482,US,,18,600
Q1757296,Soli,archaeological_site,35.1404,32.8126,CY,,24,600
Q1779534,Sungir,archaeological_site,56.17583,40.50917,RU,Vladimir,19,600
Q1796353,Tombs of the Kings,archaeological_site,34.77611,32.40472,CY,Paphos Municipality,20,600
Q1814201,Moray,archaeological_site,-13.32925,-72.19644,PE,Peru,18,600
Q1817134,Giants of Mont'e Prama,archaeological_site,39.96578,8.44828,IT,Cabras,19,600
Q1817250,Qilakitsoq,archaeological_site,70.6086,-52.1819,GL,Avannaata,22,600
Q1836972,Sunrise,archaeological_site,60.8856,-149.424,US,Kenai Peninsula Borough,24,600
Q1855083,Orchomenus,archaeological_site,37.72568,22.3144,GR,Tripoli Municipality,18,600
Q1887316,Malia,archaeological_site,35.29346,25.4922,GR,Hersonissos Municipality,20,600
Q1890176,Baths of Nero,archaeological_site,41.89872,12.47583,IT,,20,600
Q1905296,Stoa of Eumenes,archaeological_site,37.97056,23.72611,GR,Athens Municipality,18,600
Q1933754,Claros,archaeological_site,38.005,27.19306,TR,İzmir Province,19,600
Q1939912,Ram Janmabhoomi,archaeological_site,26.7956,82.1943,IN,Ayodhya,19,600
Q1956723,Myos Hormos,archaeological_site,26.1068,34.2745,EG,El-Quseir,19,600
Q1964016,Nakbe,archaeological_site,17.6775,-89.86856,GT,San José,20,600
Q1968136,Koobi Fora,archaeological_site,3.94778,36.18722,KE,,22,600
Q1973845,Tash Rabat,archaeological_site,40.82306,75.28889,KG,Naryn Region,18,600
Q1987323,Nicopolis ad Istrum,archaeological_site,43.21722,25.61111,BG,Nikyup,22,600
Q1996721,Crocodilopolis,archaeological_site,29.1166,30.75,EG,Faiyum Governorate,21,600
Q2002121,Tirzah,archaeological_site,32.2874,35.3378,PS,Nablus Governorate,19,600
Q2019115,Tyras,archaeological_site,46.20095,30.35054,UA,Bilhorod-Dnistrovskyi,23,600
Q2031261,Piedras Negras,archaeological_site,17.16667,-91.2625,GT,,23,600
Q2036701,Santa María la Mayor,archaeological_site,-27.88953,-55.345,AR,Santa María,23,600
Q2071706,Makapansgat,archaeological_site,-24.15861,29.17694,ZA,Limpopo,20,600
Q2084809,Phanom Rung historical park,archaeological_site,14.53194,102.94033,TH,Ta Pek,19,600
Q2092494,Nuestra Señora de Santa Ana,archaeological_site,-27.3906,-55.58074,AR,Candelaria,21,600
Q2164403,Petén Basin,archaeological_site,16.9,-89.9,GT,Flores,19,600
Q2167520,Afrasiyab,archaeological_site,39.67133,66.98771,UZ,Samarkand,24,600
Q2167586,Corycus,archaeological_site,36.46528,34.15417,TR,Mersin Province,18,600
Q2232673,Tauresium,archaeological_site,41.9001,21.6134,MK,Zelenikovo Municipality,22,600
Q2280882,Alexandria Eschate,archaeological_site,40.28611,69.61722,TJ,Tajikistan,22,600
Q2293403,Skyline-Ganipa,archaeological_site,35.0375,-107.62389,US,Cibola County,24,600
Q2310870,Bharhut,archaeological_site,24.44694,80.845,IN,Satna district,18,600
Q2314811,Chellah,archaeological_site,34.00667,-6.82028,MA,Rabat,24,600
Q2334607,Izapa,archaeological_site,14.92341,-92.17982,MX,Chiapas,18,600
Q2344822,Óc Eo,archaeological_site,10.23294,105.16299,VN,Óc Eo,22,600
Q2390374,Puka Pukara,archaeological_site,-13.48336,-71.96181,PE,Cusco Province,18,600
Q2402267,Tell es-Sultan,archaeological_site,31.87172,35.44456,PS,Jericho,23,600
Q2419298,Tomb of Eve,archaeological_site,21.4919,39.19,SA,Hejaz,19,600
Q2443559,Toprak-kala,archaeological_site,41.92861,60.82083,UZ,Ellikqala District,21,600
Q2443878,Kalugumalai,archaeological_site,9.15,77.72,IN,Thoothukudi district,18,600
Q2462868,Catacomb of Priscilla,archaeological_site,41.9297,12.5087,IT,Rome,18,600
Q2470528,Qiandao Lake,archaeological_site,29.60917,118.99,CN,Jiande,22,600
Q2475401,Ordu-Baliq,archaeological_site,47.43111,102.65944,MN,Khotont,23,600
Q2484244,Caesarea Philippi,archaeological_site,33.24611,35.69333,IL,Northern District,19,600
Q2486782,Hvalsey,archaeological_site,60.8282,-45.7815,GL,Kujalleq,20,600
Q2556208,Dispilio,archaeological_site,40.48056,21.2875,GR,Kastoria Municipality,19,600
Q2559322,Altyndepe,archaeological_site,36.85792,60.43238,TM,Ahal Region,20,600
Q2576851,Ganj Dareh,archaeological_site,34.2721,47.4758,IR,Harsin County,19,600
Q2586542,Nokalakevi,archaeological_site,42.35722,42.19389,GE,Senaki,20,600
Q2591884,Cancuén,archaeological_site,16.01418,-90.03904,GT,Sayaxché,18,600
Q2603563,Bilär,archaeological_site,54.97203,50.40348,RU,Bilär,23,600
Q2621094,Scythian Neapolis,archaeological_site,44.94278,34.12056,RU,Simferopol,21,600
Q2627750,Anah,archaeological_site,34.36861,41.98194,IQ,Al Anbar Governorate,22,600
Q2632366,Shirakavan,archaeological_site,40.71571,43.72191,TR,Van Province,18,600
Q2696558,Pharos,archaeological_site,31.21417,29.885,EG,Alexandria,19,600
Q2717874,Siega Verde,archaeological_site,40.6975,-6.6611,ES,Villar de Argañán,21,600
Q2719440,Pauni,archaeological_site,20.78,79.63,IN,Bhandara district,19,600
Q2728644,Cistern of Philoxenos,archaeological_site,41.0075,28.97444,TR,Fatih,23,600
Q1501204,Gemonian stairs,archaeological_site,41.89333,12.48472,IT,Rome,19,600
Q1507676,Maresha,archaeological_site,31.59296,34.89824,IL,Southern District,21,600
Q411571,Aizanoi,archaeological_site,39.19714,29.61758,TR,Kütahya,21,600
Q431422,Malkata,archaeological_site,25.71528,32.59111,EG,Luxor Governorate,22,600
Q1250866,Dorylaeum,archaeological_site,39.78333,30.51667,TR,Tepebaşı district,18,600
Q1262502,Merimde culture,archaeological_site,30.32083,30.84889,EG,Beheira Governorate,23,600
Q1269931,Ruins of Loropéni,archaeological_site,10.31028,-3.56306,BF,Loropéni,23,600
Q1274372,Ye,archaeological_site,36.2748,114.4002,CN,Linzhang County,19,600
Q1274963,Navan Fort,archaeological_site,54.34528,-6.71861,GB,County Armagh,19,600
Q741742,Akoris,archaeological_site,28.18889,30.76944,EG,Minya,19,600
Q752394,Asuka,archaeological_site,34.48222,135.81306,JP,Takaichi district,21,600
Q755454,Athenaeum,archaeological_site,41.89591,12.48326,IT,Rome,19,600
Q763167,Qanawat,archaeological_site,32.75556,36.61667,SY,As-Sweida Subdistrict,20,600
Q767080,Terrace of the Elephants,archaeological_site,13.44583,103.85861,KH,Angkor,18,600
Q767968,Turbessel,archaeological_site,36.87417,37.55889,TR,Gaziantep Province,18,600
Q1478056,Ingapirca,archaeological_site,-2.53972,-78.875,EC,Ecuador,18,600
Q1479250,Wadi Hammamat,archaeological_site,25.98202,33.56443,EG,Red Sea Governorate,24,600
Q1479363,Yagul,archaeological_site,16.95836,-96.45014,MX,,22,600
Q1493165,Gamla,archaeological_site,32.90127,35.73735,IL,Golan Heights,20,600
Q1496277,Gauḍa,archaeological_site,24.88288,88.12803,IN,,24,600
Q1496830,Gebelein,archaeological_site,25.4833,32.4833,EG,Esna,18,600
Q720134,Tigranakert of Artsakh,archaeological_site,40.06528,46.90583,AZ,Aghdam District,20,600
Q723091,Erythrae,archaeological_site,38.38271,26.48083,TR,Çeşme,22,600
Q728353,Pessinus,archaeological_site,39.3317,31.5809,TR,Sivrihisar district,20,600
Q1013648,Letopolis,archaeological_site,30.12222,31.13333,EG,,18,600
Q1017084,Kot Diji,archaeological_site,27.35,68.71667,PK,Khairpur District,22,600
Q1018544,Byllis,archaeological_site,40.55,19.73335,AL,Fier County,20,600
Q1018648,Byrsa,archaeological_site,36.85222,10.32389,TN,Carthage,20,600
Q1024995,Cacaxtla,archaeological_site,19.24357,-98.33995,MX,Tlaxcala,21,600
Q1025802,Cahuachi,archaeological_site,-14.81861,-75.11667,PE,Ica Department,19,600
Q1026705,Kyparissia,archaeological_site,37.24853,21.68116,GR,Trifylia Municipality,22,600
Q1649236,Chor-Bakr,archaeological_site,39.77444,64.33444,UZ,Bukhara District,18,600
Q1656624,Idalion,archaeological_site,35.01997,33.41299,CY,Nicosia District,20,600
Q1659846,Balawat,archaeological_site,36.21667,43.41667,IQ,Nineveh Governorate,20,600
Q1677131,Túcume,archaeological_site,-6.51583,-79.8442,PE,Lambayeque Department,21,600
Q1679519,Jacob's Well,archaeological_site,32.20945,35.28543,PS,Tell Balata,24,600
Q2119834,El-Kurru,archaeological_site,18.40923,31.771,SD,Northern State,22,600
Q2119839,Nuri,archaeological_site,18.5667,31.9167,SD,Napata,22,600
Q2121220,Quiché' Kingdom of Q'umarkaj,archaeological_site,15.02353,-91.17199,GT,Quiché Department,21,600
Q2121453,Qasr Ibrim,archaeological_site,22.65019,31.99153,EG,Aswan Governorate,19,600
Q24343,Salkhad,archaeological_site,32.49139,36.71056,SY,Suwayda Governorate,23,600
Q25906,Riyak,archaeological_site,33.85049,36.00983,LB,Zahlé District,22,600
Q25912,Joub Jannine,archaeological_site,33.6263,35.7838,LB,Beqaa Valley,19,600
Q26596,Dzibilchaltun,archaeological_site,21.091,-89.5903,MX,Mérida,22,600
Q27365,Tayma,archaeological_site,27.62609,38.5476,SA,Tabuk Province,24,600
Q45826,Apollonia,archaeological_site,32.9,21.9667,LY,Jabal al Akhdar,20,600
Q45829,Ptolemais,archaeological_site,32.70695,20.95292,LY,Marj District,21,600
Q56924,El-Lahun,archaeological_site,29.22861,30.96667,EG,Markaz al Fayyūm,24,600
Q106427400,Aten,archaeological_site,25.72275,32.60161,EG,Luxor Governorate,20,600
Q108586048,Al Naslaa,archaeological_site,27.22945,38.57158,SA,,23,600
Q2829204,Anbar,archaeological_site,33.375,43.71667,IQ,Asuristan,18,600
Q19861,Verulamium,archaeological_site,51.75,-0.355,GB,St Albans,23,600
Q2829327,Qaryat al-Faw,archaeological_site,19.7833,45.15,SA,As Sulayyil governorate,21,600
Q2915013,ʿAin Mallaha,archaeological_site,33.08698,35.57916,IL,Upper Galilee Regional Council,20,600
Q2915044,Dolní Věstonice,archaeological_site,48.88333,16.65,CZ,Dolní Věstonice,18,600
Q2974112,Muziris,archaeological_site,10.15,76.2,IN,,19,600
Q3063392,Melka Kunture,archaeological_site,8.7025,38.60833,ET,Oromia Region,21,600
Q3107354,Raqqada,archaeological_site,35.59624,10.0569,TN,Kairouan Governorate,18,600
Q3110595,Gonur Depe,archaeological_site,38.21333,62.0375,TM,Garagum District,21,600
Q3120910,Gunung Padang Megalithic Site,archaeological_site,-6.99385,107.05608,ID,Cianjur,24,600
Q3134340,Tarout Island,archaeological_site,26.56667,50.06667,SA,Eastern Province,21,600
Q3150393,Theodosius Cistern,archaeological_site,41.00725,28.9726,TR,Fatih,19,600
Q3236756,Bugøynes,archaeological_site,69.97295,29.64231,NO,Sør-Varanger Municipality,18,600
Q3303084,Kiriath-Jearim,archaeological_site,31.80896,35.10378,IL,,18,600
Q3346415,"Great Bath, Mohenjo-daro",archaeological_site,27.32917,68.13889,PK,Sindh,22,600
Q3350313,Sonargaon,archaeological_site,23.65,90.61667,BD,Sonargaon Upazila,21,600
Q3389059,Piprahwa,archaeological_site,27.443,83.12615,IN,Siddharthnagar district,19,600
Q3407649,Propylaea of Athens,archaeological_site,37.97169,23.72511,GR,Athens Municipality,21,600
Q3498218,Dhauli,archaeological_site,20.18333,85.83333,IN,Khordha district,19,600
Q3517565,Kalasan Temple,archaeological_site,-7.76731,110.47234,ID,Sleman,19,600
Q3529269,Tipasa,archaeological_site,36.5951,2.44077,DZ,Tipasa Province,22,600
Q4057547,Buddhistic cloister of Ajina-Tepa,archaeological_site,37.79803,68.85436,TJ,Khatlon Province,19,600
Q4811584,Gemiler Island,archaeological_site,36.55345,29.06935,TR,Muğla Province,22,600
Q4821780,Aulis,archaeological_site,38.43333,23.5925,GR,Chalkideon Municipality,24,600
Q4915544,Bir Hima Rock Petroglyphs and Inscriptions,archaeological_site,18.317,44.545,SA,Najran Province,21,600
Q6092391,Edirne Palace,archaeological_site,41.69111,26.55572,TR,Edirne,20,600
Q6172505,Jabal Al Fayah,archaeological_site,25.1114,55.83896,AE,Emirate of Sharjah,19,600
Q6935822,Mundigak,archaeological_site,31.65,65.25,AF,Kandahar Province,19,600
Q7684735,Taposiris Magna,archaeological_site,30.95,29.51667,EG,Alexandria Governorate,22,600
Q7697511,Tell Rifaat,archaeological_site,36.47222,37.09472,SY,Aleppo Governorate,22,600
Q8195601,Kharpoot,archaeological_site,38.70389,39.25,TR,Elazığ Province,18,600
Q13052201,Armavir,archaeological_site,40.0819,44.0333,AM,Armavir Province,18,600
Q13089982,Nova Roma,archaeological_site,41.01389,28.95556,TR,,20,600
Q13444093,Meidum Pyramid,archaeological_site,29.38833,31.15694,EG,Beni Suef Governorate,21,600
Q15052130,Archaeological Site of Sabratha,archaeological_site,32.80528,12.485,LY,Tripolitania,19,600
Q9568,HMS Eagle,archaeological_site,38.05,3.02,,,18,600
Q60305,Tower of Jericho,archaeological_site,31.8708,35.4439,,Jericho,21,600
Q204589,SMS Pommern,archaeological_site,55.737,6.6156,,,19,600
Q204769,SMS Lützow,archaeological_site,56.25,5.88333,,,21,600
Q228680,Japanese aircraft carrier Zuihō,archaeological_site,19.3333,125.25,,,19,600
Q310501,SMS Viribus Unitis,archaeological_site,44.86917,13.81917,,,23,600
Q428315,HMS Exeter,archaeological_site,-5.0,111.0,,,21,600
Q463091,SS America,archaeological_site,28.34583,-14.1805,,,19,600
Q543302,SMS Dresden,archaeological_site,-33.60167,-78.825,,,19,600
Q543348,Japanese aircraft carrier Hiyō,archaeological_site,16.33333,132.53333,,,19,600
Q547824,HMS Sheffield,archaeological_site,-53.06667,-56.93333,,,20,600
Q572950,SS Chelyuskin,archaeological_site,68.3014,-172.8278,,,21,600
Q596282,HMS Hermes,archaeological_site,7.583,82.083,,,23,600
Q598079,HMS Barham,archaeological_site,32.56667,26.4,,,23,600
Q606295,Banias,archaeological_site,33.24722,35.69333,,Northern District,24,600
Q633215,U-39,archaeological_site,58.53333,-11.81667,,,20,600
Q661264,HMAS Perth,archaeological_site,-5.86167,106.13111,,,18,600
Q666165,Augusta Treverorum,archaeological_site,49.7597,6.64402,,Gallia Belgica,20,600
Q690070,U-331,archaeological_site,37.08333,2.45,,,18,600
Q700168,MV Goya,archaeological_site,55.2,18.3,,,22,600
Q710732,HMS Glowworm,archaeological_site,64.45,6.46667,,,19,600
Q729978,Mediolanum,archaeological_site,45.46291,9.18532,,Milan,24,600
Q786725,Alexandria Bucephalous,archaeological_site,32.93111,73.73083,,,22,600
Q815476,RV Belgica,archaeological_site,68.795,16.59361,,,23,600
Q927741,HMS Glorious,archaeological_site,68.63333,3.83333,,,20,600
Q966226,Terra Nova,archaeological_site,60.2542,-45.9292,,,19,600
Q1032039,HMS Good Hope,archaeological_site,-36.98361,-73.81361,,,18,600
Q1072658,Chikuma,archaeological_site,11.41667,126.6,,,20,600
Q1140436,Japanese aircraft carrier Ryūjō,archaeological_site,-6.16667,160.83333,,,21,600
Q1241254,Derventio,archaeological_site,52.9337,-1.47359,,,19,600
Q1476031,HMS Courageous,archaeological_site,50.16667,-14.75,,,23,600
Q1536875,Japanese cruiser Mikuma,archaeological_site,29.33333,173.5,,,22,600
Q1577053,Nojpetén,archaeological_site,16.92972,-89.89167,,,20,600
Q1789811,Kronan,archaeological_site,56.44944,16.67222,,,18,600
Q1850384,Japanese cruiser Mogami,archaeological_site,9.66667,124.83333,,,18,600
Q3018259,wreck of the RMS Titanic,archaeological_site,41.7325,-49.94694,,,24,600
Q4346333,HMS Punjabi,archaeological_site,66.0,-8.0,,,20,600
Q5653859,ARA San Juan,archaeological_site,-45.94972,-59.77278,,,24,600
Q16367492,Grakliani Hill,archaeological_site,41.9964,44.4061,GE,Shida Kartli,18,600
Q20498960,Durankulak archaeological complex,archaeological_site,43.66944,28.5325,BG,Durankulak,18,600
Q20643274,Rock Art in the Hail Region of Saudi Arabia,archaeological_site,28.0,40.9,SA,,24,600
Q55495511,Risco Caido,archaeological_site,28.04356,-15.66126,ES,Gran Canaria,18,600
Q66201394,Gaya Tumuli,archaeological_site,35.23726,128.87373,KR,,18,600
Q907894,Old Summer Palace,ruins,40.01205,116.30679,,Qinglongqiao Subdistrict,35,500
Q579860,Vat Phou,ruins,14.84892,105.81572,LA,Champasak Province,45,500
Q17054090,Zvartnots Cathedral,ruins,40.1597,44.3366,AM,Vagharshapat,40,500
Q766324,Tushpa,ruins,38.5,43.3425,TR,Van Province,23,500
Q798672,Brattahlíð,ruins,61.156,-45.516,GL,Kujalleq,22,500
Q13205,Stade de France,stadium,48.92444,2.36,FR,Saint-Denis,72,500
Q45671,Anfield,stadium,53.43083,-2.96083,GB,Anfield,78,500
Q81492,Rams Park,stadium,41.10339,28.991,TR,Sarıyer,71,500
Q83457,Old Trafford,stadium,53.46306,-2.29139,GB,England,85,500
Q127429,Allianz Arena,stadium,48.21878,11.62475,DE,Schwabing-Freimann,80,500
Q128468,Wembley Stadium,stadium,51.55556,-0.27944,GB,Wembley,78,500
Q133525,Beijing National Stadium,stadium,39.99154,116.39048,CN,Aoyuncun Subdistrict,64,500
Q150928,Westfalenstadion,stadium,51.4925,7.45167,DE,Dortmund,61,500
Q155174,Maracanã Stadium,stadium,-22.91222,-43.23028,BR,Maracanã District,89,500
Q159848,Camp Nou,stadium,41.38083,2.12278,ES,La Maternitat i Sant Ramon,89,500
Q159884,Stadio Olimpico,stadium,41.93389,12.45472,IT,Rome,73,500
Q163521,FNB Stadium,stadium,-26.23481,27.98238,ZA,Johannesburg,61,500
Q163995,Emirates Stadium,stadium,51.555,-0.10833,GB,London Borough of Islington,76,500
Q164027,Bernabéu,stadium,40.45306,-3.68835,ES,Madrid,81,500
Q171458,Stamford Bridge,stadium,51.48167,-0.19111,GB,Fulham,76,500
Q172190,London Stadium,stadium,51.53861,-0.01639,GB,Stratford,70,500
Q175339,Villa Park,stadium,52.50917,-1.88472,GB,Birmingham,62,500
Q191774,St James’ Park,stadium,54.97556,-1.62167,GB,Newcastle upon Tyne,60,500
Q202163,Luzhniki Stadium,stadium,55.71583,37.55361,RU,Khamovniki District,67,500
Q722970,Gazprom Arena,stadium,59.97295,30.22053,RU,Saint Petersburg,62,500
Q968420,Goodison Park,stadium,53.43889,-2.96639,GB,Liverpool,60,500
Q1190634,Lukoil Arena,stadium,55.8178,37.4403,RU,Pokrovskoye-Streshnevo District,61,500
Q76318,Rogers Centre,stadium,43.64139,-79.38917,CA,Toronto,36,500
Q84019,Estadio Multiusos de San Lázaro,stadium,42.88277,-8.51601,ES,"San Lázaro, Santiago de Compostela",35,500
Q94633,Stadio Carlo Castellani,stadium,43.72639,10.955,IT,Empoli,27,500
Q94946,Stadio Mario Rigamonti,stadium,45.57056,10.23694,IT,Brescia,26,500
Q116601,International Stadium Yokohama,stadium,35.51004,139.60625,JP,Kozukuechō,43,500
Q123017,Carrow Road,stadium,52.62222,1.30917,GB,Norwich,42,500
Q126844,Estadio Benito Villamarín,stadium,37.3564,-5.98161,ES,Seville,39,500
Q127372,Allianz Riviera,stadium,43.70513,7.19262,FR,Nice,44,500
Q129870,SNP Arena,stadium,49.239,8.88828,DE,Sinsheim,36,500
Q130150,Bloomfield Stadium,stadium,32.05173,34.76148,IL,Tel Aviv,27,500
Q130381,Commonwealth Stadium,stadium,53.55972,-113.47611,CA,Edmonton,25,500
Q131610,Munich Olympic Stadium,stadium,48.17306,11.54667,DE,Munich,56,500
Q138554,Incheon Munhak Sports Complex,stadium,37.43498,126.6907,KR,Incheon,27,500
Q150933,Volksparkstadion,stadium,53.58694,9.89861,DE,Altona,54,500
Q150961,Arena AufSchalke,stadium,51.5545,7.06759,DE,Gelsenkirchen-Nord,58,500
Q151212,Laugardalsvöllur,stadium,64.14356,-21.87897,IS,Laugardalur,34,500
Q151816,Estadio Nuevo José Zorrilla,stadium,41.64444,-4.76111,ES,Valladolid,34,500
Q151893,RheinEnergie Stadion,stadium,50.93361,6.875,DE,Müngersdorf,53,500
Q152349,MHPArena,stadium,48.79222,9.23194,DE,Bad Cannstatt,54,500
Q152599,Max-Morlock-Stadion,stadium,49.42624,11.12562,DE,Nuremberg,43,500
Q152633,Niedersachsenstadion,stadium,52.36,9.73111,DE,Mitte,44,500
Q153312,Robert F. Kennedy Memorial Stadium,stadium,38.89,-76.97194,US,"Washington, D.C.",29,500
Q154074,ista-Borussia-Park,stadium,51.17458,6.38546,DE,Mönchengladbach,37,500
Q154298,Fritz Walter Stadium,stadium,49.43444,7.77583,DE,Kaiserslautern,38,500
Q154475,Weserstadion,stadium,53.06639,8.8375,DE,Östliche Vorstadt,41,500
Q155351,Merkur Spiel-Arena,stadium,51.26154,6.73308,DE,Stockum,47,500
Q155603,Volkswagen Arena,stadium,52.43194,10.80389,DE,Wolfsburg,42,500
Q156630,BayArena,stadium,51.03826,7.00221,DE,Leverkusen,41,500
Q157273,Waldstadion,stadium,50.06861,8.64528,DE,Frankfurt-Süd,54,500
Q158985,Cairo International Stadium,stadium,30.06911,31.31233,EG,Nasr City,34,500
Q167418,WWK Arena,stadium,48.32332,10.88593,DE,Augsburg,36,500
Q167831,Zayed Sports City Stadium,stadium,24.41609,54.45359,AE,Abu Dhabi,27,500
Q170154,Rudolf-Harbig-Stadion,stadium,51.04028,13.74778,DE,Dresden,27,500
Q173559,Cape Town Stadium,stadium,-33.90346,18.41115,ZA,City of Cape Town,54,500
Q175289,Moses Mabhida Stadium,stadium,-29.829,31.0303,ZA,Durban,53,500
Q175477,Seoul World Cup Stadium,stadium,37.56823,126.89724,KR,Seoul,33,500
Q175960,Malmö stadion,stadium,55.58611,12.98917,SE,Malmö Municipality,29,500
Q176401,The Oval,stadium,54.60296,-5.89132,GB,Belfast,35,500
Q179027,Estadio El Campín,stadium,4.64589,-74.0775,CO,Bogotá,26,500
Q179693,Kazimierz Górski National Stadium,stadium,52.23944,21.04556,PL,Kamionek,53,500
Q180479,Donbass Arena,stadium,48.02083,37.80972,UA,Donetsk,47,500
Q181398,Loftus Versfeld Stadium,stadium,-25.75319,28.22301,ZA,Pretoria,50,500
Q181439,Free State Stadium,stadium,-29.11722,26.20889,ZA,Bloemfontein,51,500
Q181445,Nelson Mandela Bay Stadium,stadium,-33.93778,25.59889,ZA,Gqeberha,49,500
Q182081,Ellis Park Stadium,stadium,-26.1975,28.06083,ZA,,52,500
Q182385,Gdańsk Arena,stadium,54.39,18.64028,PL,Gdańsk,50,500
Q182864,San Mamés Stadium,stadium,43.2642,-2.94937,ES,Bilbao,42,500
Q185741,Ernst-Happel-Stadion,stadium,48.20722,16.42083,AT,Leopoldstadt,52,500
Q186425,White Hart Lane,stadium,51.60333,-0.06583,GB,Tottenham,57,500
Q187042,Peter Mokaba Stadium,stadium,-23.92469,29.46877,ZA,Polokwane,50,500
Q187087,Mbombela Stadium,stadium,-25.46189,30.92978,ZA,Mbombela Local Municipality,48,500
Q188699,Enea Stadion,stadium,52.39722,16.85806,PL,Q268,47,500
Q188706,Tarczyński Arena Wrocław,stadium,51.14111,16.94361,PL,Wrocław,45,500
Q189337,Royal Bafokeng Stadium,stadium,-25.57861,27.16083,ZA,Phokeng,48,500
Q190010,St. Jakob-Park,stadium,47.54139,7.62,CH,Basel,49,500
Q190779,Central Stadium Yekaterinburg,stadium,56.83244,60.57358,RU,Yekaterinburg,54,500
Q190781,Central Stadium,stadium,55.79694,49.09889,RU,Kazan,26,500
Q190788,Almaty Central Stadium,stadium,43.23833,76.92435,KZ,Almaty,26,500
Q193651,Hampden Park,stadium,55.82586,-4.252,GB,Glasgow City,57,500
Q194479,Stadion Wankdorf,stadium,46.96278,7.465,CH,Bern,46,500
Q195391,Campos de Sport de El Sardinero,stadium,43.47639,-3.79333,ES,Santander,27,500
Q199359,Camping World Stadium,stadium,28.53917,-81.40278,US,Orlando,28,500
Q200684,Dignity Health Sports Park,stadium,33.86444,-118.26111,US,Carson,29,500
Q201612,Pride Park Stadium,stadium,52.915,-1.44722,GB,Derby,35,500
Q202150,Stade Vélodrome,stadium,43.26924,5.39491,FR,8th arrondissement of Marseille,56,500
Q202762,Mestalla Stadium,stadium,39.47472,-0.35833,ES,Q12231035,49,500
Q204484,Tivoli Stadion Tirol,stadium,47.25597,11.41079,AT,Innsbruck,38,500
Q204496,Millennium Stadium,stadium,51.47806,-3.1825,GB,Cardiff,52,500
Q3585,Metalist Stadium,stadium,49.98086,36.2617,UA,Kharkiv,43,500
Q8507,Parc Olympique Lyonnais,stadium,45.76522,4.98213,FR,Décines-Charpieu,49,500
Q10626,Vicarage Road,stadium,51.64993,-0.40161,GB,Watford,39,500
Q17489,Estádio Nilton Santos,stadium,-22.89317,-43.29227,BR,Rio de Janeiro,37,500
Q22130,Estadio Municipal de Abanca Riazor,stadium,43.36867,-8.41737,ES,A Coruña,36,500
Q28500,Stadio Renzo Barbera,stadium,38.15277,13.34228,IT,Palermo,44,500
Q31656,Madejski Stadium,stadium,51.42222,-0.98278,GB,Reading,33,500
Q31678,The Hawthorns,stadium,52.50917,-1.96389,GB,West Bromwich,47,500
Q32960,Olympiysky Sports Complex,stadium,55.78104,37.62642,RU,Meshchansky District,31,500
Q33003,Parken Stadium,stadium,55.70247,12.5722,DK,Copenhagen Municipality,53,500
Q33993,Ak Bars Arena,stadium,55.821,49.161,RU,Kazan,59,500
Q49136,Fenway Park,stadium,42.34639,-71.0975,US,Boston,30,500
Q60103,Letná Stadium,stadium,50.09972,14.41612,CZ,Prague 7,28,500
Q62149,Juventus Stadium,stadium,45.10959,7.64125,IT,Turin,54,500
Q64858,Fortuna Arena,stadium,50.0675,14.4715,CZ,Vršovice,33,500
Q1048774,Education City Stadium,stadium,25.31059,51.42427,QA,Al Rayyan Municipality,48,500
Q1049601,Windsor Park,stadium,54.5825,-5.955,GB,Belfast,36,500
Q1050220,Al Bayt Stadium,stadium,25.65222,51.48778,QA,Al Khor,48,500
Q1050224,Estádio Beira-Rio,stadium,-30.06561,-51.23609,BR,Praia de Belas,48,500
Q1052370,Lincoln Financial Field,stadium,39.90089,-75.16776,US,Philadelphia,45,500
Q1052807,Wrigley Field,stadium,41.94806,-87.65556,US,Chicago,30,500
Q1053447,Sydney Football Stadium,stadium,-33.88917,151.22528,AU,Sydney,26,500
Q1053455,Stade de la Beaujoire,stadium,47.2561,-1.52466,FR,Nantes,39,500
Q1056864,Estádio Dr. Magalhães Pessoa,stadium,39.74861,-8.81306,PT,Leiria,26,500
Q1057087,Olympisch Stadion Antwerp,stadium,51.185,4.38222,BE,Antwerp,32,500
Q1057274,Estádio D. Afonso Henriques,stadium,41.44583,-8.30097,PT,Guimarães,32,500
Q1058494,Estádio do Bessa,stadium,41.16222,-8.64278,PT,Ramalde,27,500
Q1058864,Reliant Stadium,stadium,29.68472,-95.41083,US,Texas,45,500
Q1058931,Georgia Dome,stadium,33.7575,-84.40083,US,Atlanta,28,500
Q1062157,Mario Alberto Kempes Stadium,stadium,-31.36896,-64.24624,AR,Córdoba Province,32,500
Q1066373,Selhurst Park,stadium,51.39833,-0.08556,GB,South Norwood,53,500
Q1067148,Acrisure Stadium,stadium,40.44667,-80.01583,US,Pittsburgh,28,500
Q1067308,Estádio Cidade de Coimbra,stadium,40.20333,-8.40778,PT,Coimbra,27,500
Q1068044,Gelora Bung Karno Stadium,stadium,-6.21858,106.80251,ID,Tanah Abang,32,500
Q1070150,Jan Breydel Stadium,stadium,51.19327,3.18131,BE,Bruges,38,500
Q1072265,Malvinas Argentinas Stadium,stadium,-32.88956,-68.87999,AR,Mendoza,28,500
Q1073161,Jassim Bin Hamad Stadium,stadium,25.26736,51.48425,QA,Doha,26,500
Q1100756,Huntington Bank Field,stadium,41.50611,-81.69944,US,Cleveland,25,500
Q1112858,Historic Crew Stadium,stadium,40.00944,-82.99111,US,Columbus,25,500
Q1121760,Roazhon Park,stadium,48.10743,-1.71282,FR,Rennes,33,500
Q1122715,Estadi Ciutat de València,stadium,39.49472,-0.36417,ES,Valencia,27,500
Q1123407,Partizan Stadium,stadium,44.78861,20.45917,RS,Belgrade,33,500
Q1129916,Coors Field,stadium,39.75611,-104.99417,US,Denver,25,500
Q1130487,Dinamo Stadium,stadium,53.89514,27.56028,BY,Minsk,35,500
Q1130617,Estadio de los Juegos Mediterraneos,stadium,36.84,-2.43528,ES,Almería,30,500
Q1132011,Lerkendal Stadion,stadium,63.4125,10.405,NO,Trondheim municipality,31,500
Q1132413,Soldier Field,stadium,41.8625,-87.61667,US,Chicago,39,500
Q1134439,Stadium 974,stadium,25.2887,51.56647,QA,Doha,49,500
Q1136764,Cotton Bowl,stadium,32.77972,-96.75972,US,Fair Park,25,500
Q1137515,Kim Il-sung Stadium,stadium,39.04372,125.75769,KP,Pyongyang,26,500
Q1138684,Strawberry Arena,stadium,59.3725,18.0,SE,Solna Municipality,41,500
Q1138958,Tofiq Bahramov Stadium,stadium,40.39733,49.85242,AZ,Baku,37,500
Q2817374,Bunyodkor Stadium,stadium,41.27972,69.2125,UZ,Tashkent,27,500
Q2860806,Plenitude Arena,stadium,48.89565,2.22955,FR,Nanterre,30,500
Q2899864,Sammy Ofer Stadium,stadium,32.78311,34.96517,IL,Haifa,25,500
Q3058827,Estadio Monterrey,stadium,25.67017,-100.2437,MX,Monterrey metropolitan area,41,500
Q3320428,Ipurúa Municipal Stadium,stadium,43.18171,-2.4758,ES,Eibar,29,500
Q3531421,Narendra Modi Stadium,stadium,23.09167,72.5975,IN,Ahmedabad district,34,500
Q4032454,Bakcell Arena,stadium,40.40016,49.94402,AZ,Azerbaijan,25,500
Q4201688,National Stadium,stadium,1.30441,103.87426,SG,Kallang,27,500
Q4366184,Volgograd Arena,stadium,48.7346,44.5481,RU,Volgograd,53,500
Q4439075,Nizhny Novgorod Stadium,stadium,56.3375,43.96333,RU,Nizhny Novgorod,49,500
Q4439085,Borisov Arena,stadium,54.19278,28.47569,BY,Barysaŭ District,33,500
Q4439098,Rostec Arena,stadium,54.69806,20.53389,RU,Kaliningrad,54,500
Q4439099,Samara Arena,stadium,53.27753,50.23769,RU,Samara,54,500
Q4439101,Rostov Arena,stadium,47.2094,39.7378,RU,Rostov-on-Don,56,500
Q4533552,Mordovia Arena,stadium,54.1828,45.2014,RU,Saransk,55,500
Q4794137,Central Dynamo Stadium,stadium,55.79055,37.55993,RU,Aeroport District,26,500
Q4961609,Brentford Community Stadium,stadium,51.49083,-0.2887,GB,London Borough of Hounslow,33,500
Q5364202,The O2 Arena,stadium,51.50294,0.00319,GB,Royal Borough of Greenwich,38,500
Q6499360,Arena Fonte Nova,stadium,-12.97882,-38.50425,BR,Salvador,46,500
Q7007552,Mercedes-Benz Stadium,stadium,33.75528,-84.40083,US,Atlanta,45,500
Q7419343,Levi's Stadium,stadium,37.4034,-121.97,US,Santa Clara,43,500
Q7875112,Estádio da Luz,stadium,38.75278,-9.18472,PT,São Domingos de Benfica,49,500
Q10862290,MetLife Stadium,stadium,40.81361,-74.07444,US,East Rutherford,52,500
Q14914703,Beşiktaş Stadium,stadium,41.03917,28.99417,TR,Beşiktaş,38,500
Q16846942,Inter&Co Stadium,stadium,28.54106,-81.38904,US,Florida,26,500
Q17310225,Allianz Stadion,stadium,48.1981,16.2653,AT,Penzing,25,500
Q17394000,Groupama Arena,stadium,47.47528,19.09611,HU,Budapest District IX,36,500
Q18125598,Estadi Nacional,stadium,42.5046,1.51746,AD,Andorra la Vella,27,500
Q19520501,SoFi Stadium,stadium,33.9504,-118.338,US,Inglewood,52,500
Q24895377,Air Albania Stadium,stadium,41.31831,19.82408,AL,Tirana,32,500
Q392494,Mewa Arena,stadium,49.98417,8.22417,DE,Mainz,31,500
Q401009,Stade Ahmadou Ahidjo,stadium,3.8855,11.54053,CM,Yaoundé,25,500
Q401643,Ahmad bin Ali Stadium,stadium,25.33054,51.34128,QA,Al Rayyan Municipality,48,500
Q412824,Ajinomoto Stadium,stadium,35.66428,139.52714,JP,Chōfu,30,500
Q420494,Vélodrome de Vincennes,stadium,48.82596,2.41173,FR,12th arrondissement of Paris,34,500
Q473223,RCDE Stadium,stadium,41.34786,2.07567,ES,Cornellà de Llobregat,37,500
Q478000,Rajko Mitić Stadium,stadium,44.78333,20.46472,RS,Belgrade,46,500
Q478225,Croke Park,stadium,53.36083,-6.25111,IE,Dublin,38,500
Q482441,Daegu Stadium,stadium,35.82974,128.6902,KR,Daegu,35,500
Q482446,Saitama Stadium 2002,stadium,35.90314,139.71749,JP,Misono,37,500
Q482581,Ōita Stadium,stadium,33.20056,131.6575,JP,Ōita-shi,28,500
Q482585,Jeju World Cup Stadium,stadium,33.24621,126.50936,KR,Seogwipo,28,500
Q482591,Shizuoka Stadium,stadium,34.74322,137.9705,JP,Fukuroi,29,500
Q482598,Daejeon World Cup Stadium,stadium,36.36523,127.32506,KR,Daejeon,26,500
Q482601,Ulsan Munsu Football Stadium,stadium,35.53528,129.25944,KR,Ulsan,29,500
Q494749,Denka Big Swan Stadium,stadium,37.8825,139.05917,JP,Chūō-ku,30,500
Q494758,Gwangju World Cup Stadium,stadium,35.13373,126.87491,KR,Gwangju,29,500
Q494761,Suwon World Cup Stadium,stadium,37.28642,127.03686,KR,Suwon,31,500
Q494769,Kashima Soccer Stadium,stadium,35.99174,140.64052,JP,Jinkōji,32,500
Q494773,Q&A Stadium Miyagi,stadium,38.33539,140.95042,JP,Rifu,31,500
Q494832,Yanmar Stadium Nagai,stadium,34.61389,135.51833,JP,Nagai Kōen,34,500
Q498245,Estadio Centenario,stadium,-34.89444,-56.15278,UY,Montevideo,46,500
Q499855,La Bombonera,stadium,-34.63565,-58.36465,AR,Buenos Aires,38,500
Q500922,Britannia Stadium,stadium,52.98833,-2.17556,GB,City of Stoke-on-Trent,46,500
Q530735,Stade Auguste Delaune,stadium,49.24716,4.02478,FR,Reims,25,500
Q531897,Angel Stadium of Anaheim,stadium,33.80028,-117.88278,US,Anaheim,25,500
Q543404,Stožice Stadium,stadium,46.08111,14.52139,SI,Ljubljana,30,500
Q544553,Arrowhead Stadium,stadium,39.04889,-94.48389,US,Kansas City,46,500
Q546027,Estadi Comunal d'Andorra la Vella,stadium,42.50122,1.51383,AD,Andorra la Vella,29,500
Q557578,Borg El Arab Stadium,stadium,30.9994,29.7293,EG,Alexandria,26,500
Q562072,Jeonju World Cup Stadium,stadium,35.86807,127.06448,KR,Jeonju,32,500
Q567339,St Mary's Stadium,stadium,50.90583,-1.39111,GB,Southampton,50,500
Q571624,Idrottsparken,stadium,58.58417,16.17306,SE,Norrköping,27,500
Q574565,Estadio Nuevo Los Cármeness,stadium,37.15297,-3.59574,ES,Granada,30,500
Q580480,Liberty Stadium,stadium,51.6422,-3.9351,GB,Wales,43,500
Q583085,Northwest Stadium,stadium,38.90778,-76.86444,US,Prince George's County,30,500
Q592491,GSP Stadium,stadium,35.11454,33.36286,CY,Strovolos,33,500
Q593446,City Ground,stadium,52.94,-1.13278,GB,Rushcliffe,41,500
Q594230,Ferenc Puskás Stadium,stadium,47.50309,19.0982,HU,Budapest district XIV,29,500
Q594994,Julio Martínez Prádanos National Stadium,stadium,-33.46444,-70.61056,CL,Ñuñoa,37,500
Q595937,RZD Arena,stadium,55.80355,37.74117,RU,Preobrazhenskoye District,31,500
Q597004,Rheinpark Stadion,stadium,47.14028,9.51028,LI,Vaduz,35,500
Q599592,Silesian Stadium,stadium,50.28833,18.97306,PL,Chorzów,28,500
Q606803,Arena da Baixada,stadium,-25.44833,-49.27694,BR,Curitiba,45,500
Q610546,Stadio Ennio Tardini,stadium,44.79492,10.33844,IT,Parma,34,500
Q612227,BC Place,stadium,49.27667,-123.11194,CA,Vancouver,53,500
Q612736,Lumen Field,stadium,47.59528,-122.33167,US,Seattle,46,500
Q616379,Estadio Chamartín,stadium,40.4527,-3.6868,ES,Madrid,25,500
Q619094,Dean Court,stadium,50.73528,-1.83833,GB,Bournemouth,41,500
Q619407,Kirklees Stadium,stadium,53.65417,-1.76833,GB,Kirklees,30,500
Q619409,Brighton Community Stadium,stadium,50.86182,-0.08328,GB,Moulsecoomb and Bevendean,41,500
Q619505,Elland Road,stadium,53.77778,-1.57222,GB,Leeds,44,500
Q619531,Fratton Park,stadium,50.79639,-1.06389,GB,Portsmouth,27,500
Q619558,Portman Road,stadium,52.055,1.14528,GB,Ipswich,40,500
Q620031,Leicester City Stadium,stadium,52.62028,-1.14222,GB,City of Leicester,56,500
Q622671,King Baudouin Stadium,stadium,50.89571,4.33408,BE,Brussels,42,500
Q627250,Workers Stadium,stadium,39.92953,116.44114,CN,Chaoyang District,32,500
Q630160,MKM Stadium,stadium,53.74611,-0.36778,GB,Kingston upon Hull,37,500
Q635117,EverBank Field,stadium,30.32389,-81.6375,US,Q16568,26,500
Q635363,"National Stadium, Bukit Jalil",stadium,3.05467,101.69117,MY,Kuala Lumpur,31,500
Q639975,United Center,stadium,41.88056,-87.67417,US,Illinois,40,500
Q640031,Stadio Friuli,stadium,46.0816,13.20014,IT,Udine,38,500
Q641212,FedExForum,stadium,35.13833,-90.05056,US,Tennessee,25,500
Q641333,Arena Khimki,stadium,55.88528,37.45417,RU,Khimki,27,500
Q641448,Arena Pantaloneta,stadium,-15.604,-56.1216,BR,Cuiabá,45,500
Q641527,Arena Amazônia,stadium,-3.08306,-60.02806,BR,Amazonas,48,500
Q642557,Hillsborough Stadium,stadium,53.41139,-1.50056,GB,Owlerton,42,500
Q643328,Lang Park,stadium,-27.46472,153.00944,AU,Brisbane,30,500
Q645670,Alfredo di Stéfano Stadium,stadium,40.47667,-3.61417,ES,Madrid,34,500
Q646151,Estádio Algarve,stadium,37.08833,-7.97472,PT,Faro,27,500
Q653535,Azadi Stadium,stadium,35.72442,51.27553,IR,District 22,42,500
Q655175,Estádio do Pacaembu,stadium,-23.54864,-46.66511,BR,São Paulo,27,500
Q285531,Al Janoub Stadium,stadium,25.15978,51.57408,QA,Al Wakrah,41,500
Q287359,Estádio José Alvalade,stadium,38.76119,-9.16078,PT,Lumiar,39,500
Q290801,Dinamo Arena,stadium,41.723,44.78975,GE,Tbilisi,38,500
Q298585,Oracle Park,stadium,37.77833,-122.38944,US,San Francisco,28,500
Q310525,Lanxess Arena,stadium,50.93843,6.9829,DE,Deutz,31,500
Q311458,Dreisamstadion,stadium,47.98889,7.89306,DE,Freiburg im Breisgau,28,500
Q312411,Eden Park,stadium,-36.87528,174.745,NZ,Auckland Region,35,500
Q318043,Craven Cottage,stadium,51.475,-0.22167,GB,Fulham,45,500
Q318851,Stade Louis II,stadium,43.72778,7.41556,MC,Fontvieille,42,500
Q320454,Estadio Azteca,stadium,19.30306,-99.15056,MX,Coyoacán,59,500
Q328698,Stadio San Nicola,stadium,41.08474,16.84007,IT,Bari,39,500
Q330136,Melbourne Cricket Ground,stadium,-37.81994,144.98345,AU,City of Melbourne,48,500
Q330731,Boleyn Ground,stadium,51.53194,0.03944,GB,Upton Park,39,500
Q332219,Helsinki Olympic Stadium,stadium,60.18689,24.92606,FI,Helsinki,43,500
Q336088,Estádio Nacional de Brasília,stadium,-15.7835,-47.89916,BR,Brasília,53,500
Q339572,Millerntor-Stadion,stadium,53.55444,9.96778,DE,Hamburg-Mitte,29,500
Q340551,Akhmat-Arena,stadium,43.32318,45.74525,RU,Grozny,25,500
Q367297,Estadio Defensores del Chaco,stadium,-25.29207,-57.65738,PY,Asunción,25,500
Q368737,Estadio de La Cartuja,stadium,37.41724,-6.00456,ES,Seville,42,500
Q373355,Gillette Stadium,stadium,42.09094,-71.26434,US,Foxborough,48,500
Q373769,Ruhrstadion,stadium,51.48994,7.23649,DE,Bochum,31,500
Q374883,Stade de la Meinau,stadium,48.55942,7.75738,FR,Strasbourg,29,500
Q375365,Giants Stadium,stadium,40.81373,-74.07443,US,East Rutherford,34,500
Q380823,Molineux Stadium,stadium,52.59028,-2.13028,GB,Wolverhampton,48,500
Q386547,Stade Chaban-Delmas,stadium,44.82917,-0.59806,FR,Bordeaux,34,500
Q391331,Teddy Stadium,stadium,31.75117,35.19062,IL,Jerusalem,30,500
Q392291,Štadión Antona Malatinského,stadium,48.37333,17.59167,SK,Trnava,27,500
Q392323,Štadión MŠK Žilina,stadium,49.22917,18.74472,SK,Žilina,26,500
Q1139142,Beijing National Indoor Stadium,stadium,39.99478,116.38396,CN,Aoyuncun Subdistrict,31,500
Q1140457,Toyota Stadium,stadium,33.15446,-96.83516,US,Texas,26,500
Q1140737,Francis Olympic Field,stadium,38.64778,-90.31361,US,Missouri,26,500
Q1141259,Pittodrie Stadium,stadium,57.15917,-2.08889,GB,Aberdeen City,30,500
Q1141292,Toumba Stadium,stadium,40.61384,22.97242,GR,Thessaloniki Municipality,29,500
Q1141336,M&T Bank Stadium,stadium,39.27806,-76.62278,US,Baltimore,27,500
Q1141343,Raymond James Stadium,stadium,27.97583,-82.50333,US,Q49255,27,500
Q1142586,Ford Field,stadium,42.34,-83.04556,US,Detroit,30,500
Q1142992,Nissan Stadium,stadium,36.16639,-86.77139,US,Nashville,29,500
Q1144973,Stadium MK,stadium,52.00944,-0.73333,GB,Milton Keynes,32,500
Q1151177,PNC Park,stadium,40.44694,-80.00583,US,Pittsburgh,26,500
Q1164804,Arena ”Philip II. of Macedonia / Toše Proeski / Todor”,stadium,42.00573,21.42559,MK,Centar Municipality,40,500
Q1166175,Podgorica City Stadium,stadium,42.44473,19.26438,ME,Podgorica,35,500
Q1186333,Lusail Stadium,stadium,25.42086,51.49039,QA,Lusail,56,500
Q1193117,T-Mobile Park,stadium,47.59139,-122.3325,US,Seattle,26,500
Q1196603,José Amalfitani Stadium,stadium,-34.63538,-58.52071,AR,Buenos Aires,27,500
Q1278116,Easter Road,stadium,55.96167,-3.16556,GB,City of Edinburgh,25,500
Q1321458,Cadillac Arena,stadium,39.90984,116.27474,CN,Haidian District,31,500
Q1326446,Tynecastle Park,stadium,55.93906,-3.23244,GB,City of Edinburgh,25,500
Q1326578,Abanca Balaídos Stadium,stadium,42.21186,-8.74033,ES,Vigo,35,500
Q1327235,Estádio Couto Pereira,stadium,-25.42111,-49.2595,BR,Curitiba,53,500
Q1327324,Estádio Nacional,stadium,38.70881,-9.26083,PT,"Algés, Linda-a-Velha e Cruz Quebrada-Dafundo",29,500
Q1327903,Vasil Levski National Stadium,stadium,42.68758,23.33544,BG,Sofia,33,500
Q1343986,Arena das Dunas,stadium,-5.82681,-35.21236,BR,Natal,44,500
Q1346716,Jalisco Stadium,stadium,20.705,-103.32814,MX,Guadalajara,25,500
Q1353687,Great Strahov Stadium,stadium,50.08034,14.38786,CZ,Břevnov,26,500
Q1354010,Ta' Qali National Stadium,stadium,35.89486,14.41537,MT,Ta' Qali,33,500
Q1362211,Arena Cidade da Copa,stadium,-8.04056,-35.00833,BR,São Lourenço da Mata,44,500
Q1362236,Neo Química Arena,stadium,-23.54556,-46.474,BR,Itaquera District,54,500
Q1369163,Unique Diego Armando Maradona Stadium,stadium,-34.91375,-57.98903,AR,La Plata Partido,25,500
Q1369261,Estadio Hernando Siles,stadium,-16.49944,-68.12278,BO,La Paz,25,500
Q1369387,Estadio Metropolitano Roberto Meléndez,stadium,10.92686,-74.80072,CO,Barranquilla,26,500
Q1369390,Mendizorrotza Stadium,stadium,42.83711,-2.68804,ES,Vitoria-Gasteiz,30,500
Q1369462,Estadio Municipal de Butarque,stadium,40.3404,-3.7607,ES,Leganés,28,500
Q1369495,National Stadium of Peru,stadium,-12.06714,-77.03372,PE,Lima,26,500
Q1369536,Carlos Tartiere Stadium,stadium,43.36078,-5.87022,ES,Oviedo City,27,500
Q1381223,Melbourne Rectangular Stadium,stadium,-37.82528,144.98389,AU,City of Melbourne,28,500
Q1417171,Stade Michel d'Ornano,stadium,49.17956,-0.39667,FR,Caen,26,500
Q1421131,Pakhtakor Markaziy Stadium,stadium,41.31552,69.26024,UZ,Tashkent,26,500
Q1459459,Republican Stadium,stadium,40.17194,44.52583,AM,Yerevan,33,500
Q1474452,Skonto Stadium,stadium,56.96137,24.11641,LV,Riga,30,500
Q1475645,Ralph Wilson Stadium,stadium,42.77361,-78.78694,US,Orchard Park,27,500
Q1483409,Stade Saint-Symphorien,stadium,49.10995,6.15953,FR,Longeville-lès-Metz,25,500
Q1509390,Sheriff Stadium,stadium,46.83833,29.5575,MD,Tiraspol,25,500
Q1535913,Mikheil Meskhi Stadium,stadium,41.70962,44.74625,GE,Tbilisi,27,500
Q1541691,Roker Park,stadium,54.9213,-1.37548,GB,Sunderland,25,500
Q1578430,Marrakesh Stadium,stadium,31.70667,-7.98056,MA,Marrakech,28,500
Q1579227,Adrar Stadium,stadium,30.42721,-9.54043,MA,Agadir,25,500
Q1579655,Victoria Stadium,stadium,36.14936,-5.35034,GB,Gibraltar,29,500
Q1640118,Michigan Stadium,stadium,42.26583,-83.74861,US,Ann Arbor,26,500
Q1783824,Mohammed V Stadium,stadium,33.58287,-7.64682,MA,Maârif,26,500
Q1810119,Tropicana Field,stadium,27.76833,-82.65333,US,St. Petersburg,25,500
Q1887221,Mapei Stadium - Città del Tricolore,stadium,44.71472,10.64972,IT,Reggio Emilia,27,500
Q1999706,Felix Houphouet Boigny Stadium,stadium,5.32825,-4.01842,CI,Plateau,25,500
Q2020768,Estadio Olímpico Atahualpa,stadium,-0.17753,-78.47658,EC,Quito,25,500
Q2272937,Bolshoy Ice Dome,stadium,43.40448,39.94993,RU,Sochi,28,500
Q2389693,Shayba Arena,stadium,43.40234,39.95195,RU,Sochi,26,500
Q2608102,VEB Arena,stadium,55.79139,37.51611,RU,Moscow,29,500
Q207623,Letzigrund,stadium,47.38279,8.5038,CH,Canton of Zurich,44,500
Q208709,Ibrox Stadium,stadium,55.85306,-4.30917,GB,Glasgow City,41,500
Q209725,Twickenham Stadium,stadium,51.45611,-0.34167,GB,London Borough of Richmond upon Thames,40,500
Q210466,Red Bull Arena,stadium,51.34583,12.34806,DE,Leipzig,49,500
Q213508,Karaiskakis Stadium,stadium,37.94617,23.66454,GR,Piraeus Municipality,44,500
Q215295,Stade de Genève,stadium,46.17778,6.1275,CH,Geneva,40,500
Q215399,Arena Lviv,stadium,49.77528,24.02778,UA,Lviv,44,500
Q216037,Celtic Park,stadium,55.84971,-4.20559,GB,Glasgow City,48,500
Q216167,Wörthersee Stadion,stadium,46.60885,14.27828,AT,Klagenfurt am Wörthersee,39,500
Q221122,Atatürk Olympic Stadium,stadium,41.07447,28.7657,TR,Başakşehir,44,500
Q222865,Şükrü Saracoğlu Stadium,stadium,40.9875,29.03667,TR,Kadıköy,46,500
Q239295,Zimbru Stadium,stadium,46.98028,28.86694,MD,Sectorul Botanica,33,500
Q242772,Toughsheet Community Stadium,stadium,53.58056,-2.53556,GB,Horwich,38,500
Q244402,Aviva Stadium,stadium,53.33496,-6.22825,IE,Dublin,46,500
Q244592,San Mamés Stadium,stadium,43.2642,-2.94937,ES,Bilbao,36,500
Q245085,Ewood Park,stadium,53.72861,-2.48917,GB,Blackburn,39,500
Q247420,Dodger Stadium,stadium,34.07361,-118.24,US,Los Angeles,30,500
Q261666,Ramat Gan Stadium,stadium,32.10028,34.82417,IL,Ramat Gan,28,500
Q262326,Lotto Park,stadium,50.83417,4.29833,BE,Anderlecht,37,500
Q270474,Stadio Artemio Franchi,stadium,43.78082,11.28226,IT,Florence,43,500
Q271454,Estádio do Dragão,stadium,41.16176,-8.58393,PT,Campanhã,44,500
Q271568,Stadio Luigi Ferraris,stadium,44.41643,8.95243,IT,Genoa,44,500
Q275429,Ramón Sánchez Pizjuán Stadium,stadium,37.38388,-5.97047,ES,Seville,50,500
Q276163,Estadi Mallorca Son Moix,stadium,39.59,2.63,ES,Palma,33,500
Q276354,"Monumental Stadium, Buenos Aires",stadium,-34.54528,-58.44972,AR,Buenos Aires,44,500
Q278923,A. Le Coq Arena,stadium,59.42129,24.73205,EE,Tallinn,42,500
Q283849,Mohammed Bin Zayed Stadium,stadium,24.45276,54.39202,AE,Abu Dhabi,27,500
Q205309,Arsenal Stadium,stadium,51.5577,-0.10297,GB,London Borough of Islington,45,500
Q206135,Red Bull Arena,stadium,47.81625,12.99822,AT,Wals-Siezenheim,41,500
Q27768421,Allegiant Stadium,stadium,36.09078,-115.183,US,Clark County,30,500
Q29043488,Johan Cruijff Stadium,stadium,41.37422,2.05051,ES,Sant Joan Despí,25,500
Q30880646,Unipol Domus,stadium,39.19969,9.13742,IT,Cagliari,26,500
Q39049425,Al Thumama Stadium,stadium,25.23505,51.53211,QA,Doha,45,500
Q39069592,Puskás Aréna,stadium,47.50303,19.09793,HU,Budapest district XIV,39,500
Q55074091,Tottenham Hotspur Stadium,stadium,51.60444,-0.06639,GB,Tottenham,47,500
Q1024926,Murrayfield Stadium,stadium,55.94223,-3.24092,GB,City of Edinburgh,30,500
Q1032105,Estádio Municipal de Aveiro – Mário Duarte,stadium,40.6475,-8.59361,PT,Esgueira,27,500
Q1046135,Empower Field at Mile High,stadium,39.74389,-105.02,US,Denver,30,500
Q207109,Johan Cruyff Arena,stadium,52.31417,4.94194,,Amsterdam,54,500
Q291590,AFAS Stadion,stadium,52.6125,4.74167,,Alkmaar,31,500
Q330298,De Kuip,stadium,51.89389,4.52325,,Rotterdam,46,500
Q500972,Philips Stadion,stadium,51.4417,5.4674,,Eindhoven,38,500
Q503319,Olympic Stadium,stadium,52.34342,4.85419,,Amsterdam,37,500
Q727389,De Grolsch Veste,stadium,52.23667,6.8375,,Enschede,33,500
Q1067235,GelreDome,stadium,51.9625,5.89306,,Arnhem,32,500
Q1374804,Euroborg,stadium,53.20611,6.59139,,Groningen,26,500
Q666183,Estadio Akron,stadium,20.68167,-103.46278,MX,Zapopan,42,500
Q676004,Wankdorf Stadium,stadium,46.96278,7.465,CH,Bern,29,500
Q680291,Ullevaal Stadion,stadium,59.949,10.73433,NO,Oslo,29,500
Q683112,Turf Moor,stadium,53.78906,-2.23022,GB,Burnley,44,500
Q683493,Hrazdan Stadium,stadium,40.18028,44.49444,AM,Yerevan,37,500
Q684727,Stadio Via del Mare,stadium,40.36528,18.20889,IT,Lecce,28,500
Q692470,Stanford Stadium,stadium,37.43444,-122.16111,US,Stanford,25,500
Q695879,La Rosaleda Stadium,stadium,36.73409,-4.42642,ES,La Rosaleda,35,500
Q696476,Generali Arena,stadium,48.16231,16.38669,AT,Vienna,25,500
Q2701834,3Arena,stadium,59.29139,18.08528,SE,Stockholm Municipality,30,500
Q2728139,Gradski Vrt Stadium,stadium,45.545,18.69583,HR,Osijek,25,500
Q2730007,Amman International Stadium,stadium,31.985,35.903,JO,Amman,29,500
Q975819,Ljudski vrt,stadium,46.5625,15.64056,SI,Maribor City Municipality,30,500
Q983806,Campo de Fútbol de Vallecas,stadium,40.39194,-3.65896,ES,Madrid,30,500
Q991419,Gran Canaria Stadium,stadium,28.1,-15.45667,ES,Las Palmas de Gran Canaria,32,500
Q700462,Parkstadion,stadium,51.55917,7.06667,DE,Gelsenkirchen,28,500
Q713216,Corregidora Stadium,stadium,20.57778,-100.36639,MX,Santiago de Querétaro,25,500
Q717375,Qemal Stafa Stadium,stadium,41.31831,19.82408,AL,Tirana,25,500
Q723603,Stadion Maksimir,stadium,45.81886,16.01808,HR,Maksimir,46,500
Q725581,Miniestadi,stadium,41.37972,2.11806,ES,La Maternitat i Sant Ramon,32,500
Q726370,Ashton Gate Stadium,stadium,51.44,-2.62028,GB,City of Bristol,26,500
Q727078,Stockholm Olympic Stadium,stadium,59.34528,18.07889,SE,Stockholm Municipality,41,500
Q728131,San Marino Stadium,stadium,43.97125,12.47697,SM,Serravalle,32,500
Q733748,Tokyo Dome,stadium,35.70556,139.75194,JP,Kōraku,32,500
Q735783,El Sadar Stadium,stadium,42.79667,-1.63694,ES,Pamplona,35,500
Q737093,Stadio Marcantonio Bentegodi,stadium,45.43536,10.96865,IT,Verona,34,500
Q738044,Stadium Municipal,stadium,43.5833,1.43406,FR,Toulouse,43,500
Q739528,Shanghai Stadium,stadium,31.1835,121.43728,CN,Xuhui District,30,500
Q741103,Pocitos Stadium,stadium,-34.90505,-56.1562,UY,Montevideo,31,500
Q741157,Estadio de la Cerámica,stadium,39.94417,-0.10361,ES,Villarreal,42,500
Q746559,Astana Arena,stadium,51.1082,71.4026,KZ,Astana,45,500
Q749172,Stadion An der Alten Försterei,stadium,52.45722,13.56806,DE,Treptow-Köpenick,25,500
Q751820,BJK İnönü Stadium,stadium,41.03921,28.99474,TR,Vişnezade,27,500
Q754502,Yves du Manoir Stadium,stadium,48.93145,2.24961,FR,Colombes,42,500
Q756433,State Farm Stadium,stadium,33.5275,-112.2625,US,Glendale,31,500
Q756452,Caesars Superdome,stadium,29.95083,-90.08111,US,New Orleans,34,500
Q757182,Stadio Renato Dall'Ara,stadium,44.4922,11.3098,IT,Bologna,39,500
Q761682,Sports Illustrated Stadium,stadium,40.73667,-74.15028,US,Harrison,30,500
Q763077,King Fahd Sports City,stadium,24.78821,46.83924,SA,Riyadh,31,500
Q769462,Stadio Angelo Massimino,stadium,37.51583,15.07139,IT,Catania,25,500
Q772988,Khalifa International Stadium,stadium,25.26361,51.44806,QA,Ar Rayyan,53,500
Q778098,Stadio Artemio Franchi,stadium,43.32167,11.32611,IT,Siena,27,500
Q780526,Stadio Atleti Azzurri d'Italia,stadium,45.70889,9.68083,IT,Bergamo,39,500
Q786149,Estadio Gran Parque Central,stadium,-34.8845,-56.159,UY,Municipality CH,36,500
Q787124,Salt Lake Stadium,stadium,22.56889,88.40917,IN,"Ward No. 37, Bidhannagar Municipal Corporation",35,500
Q795345,Centennial Olympic Stadium,stadium,33.73556,-84.38944,US,Atlanta,25,500
Q795526,Amerant Bank Arena,stadium,26.15833,-80.32556,US,Sunrise,28,500
Q796351,BMO Field,stadium,43.63278,-79.41861,CA,Toronto,46,500
Q806456,"National Stadium, Dhaka",stadium,23.72801,90.41353,BD,Dhaka,25,500
Q806673,Bank of America Stadium,stadium,35.22583,-80.85278,US,Charlotte,29,500
Q815833,Stade de la Mosson,stadium,43.62061,3.81279,FR,Montpellier,37,500
Q819179,St Andrew's,stadium,52.4757,-1.86819,GB,Birmingham,34,500
Q821761,Estádio do Morumbi,stadium,-23.60012,-46.72016,BR,Morumbi,34,500
Q822886,Riverside Stadium,stadium,54.57833,-1.21694,GB,Middlesbrough,39,500
Q824352,Ullevi,stadium,57.70583,11.98722,SE,Gothenburg,34,500
Q834369,Tianjin Olympic Center Stadium,stadium,39.07344,117.16939,CN,Nankai District,27,500
Q838284,AT&T Stadium,stadium,32.74769,-97.09288,US,Arlington,49,500
Q841384,Stadion Poljud,stadium,43.51944,16.43167,HR,Split,40,500
Q841617,Riverbank Arena,stadium,51.54944,-0.02056,GB,Queen Elizabeth Olympic Park,25,500
Q842077,Coventry Building Society Arena,stadium,52.44806,-1.49556,GB,Coventry,37,500
Q845610,Tórsvøllur,stadium,62.01917,-6.77806,FO,Tórshavn Municipality,33,500
Q849239,Estádio Municipal de Braga,stadium,41.5624,-8.4308,PT,"Real, Dume e Semelhe",33,500
Q849784,Los Angeles Memorial Coliseum,stadium,34.01417,-118.28778,US,Los Angeles,37,500
Q854122,Stade Bollaert-Delelis,stadium,50.4329,2.81491,FR,Lens,45,500
Q860790,Lambeau Field,stadium,44.50139,-88.06222,US,Green Bay,28,500
Q861838,Bilino Polje Stadium,stadium,44.20575,17.90708,BA,Zenica-Doboj Canton,28,500
Q864339,Hard Rock Stadium,stadium,25.95806,-80.23889,US,Miami Gardens,46,500
Q864849,Jawaharlal Nehru Stadium,stadium,28.58287,77.23438,IN,Jangpura tehsil,29,500
Q865093,Maine Road,stadium,53.45111,-2.23528,GB,Manchester,33,500
Q866409,Bislett Stadion,stadium,59.92472,10.73333,NO,Oslo Municipality,31,500
Q867160,Lucas Oil Stadium,stadium,39.76006,-86.16381,US,Indianapolis,25,500
Q867234,Eleda Stadion,stadium,55.58361,12.98778,SE,Malmö Municipality,27,500
Q867902,Cardiff City Stadium,stadium,51.47278,-3.20306,GB,Cardiff,45,500
Q868482,Comerica Park,stadium,42.33917,-83.04861,US,Michigan,28,500
Q870859,Bloomfield Road,stadium,53.80472,-3.04806,GB,Blackpool,28,500
Q876286,White City Stadium,stadium,51.51362,-0.2274,GB,Hammersmith,33,500
Q897533,Bramall Lane,stadium,53.37028,-1.47083,GB,Sheffield,41,500
Q903860,Asim Ferhatović Hase Stadium,stadium,43.87389,18.40861,BA,Centar Municipality,34,500
Q908481,The Den,stadium,51.48583,-0.05083,GB,Bermondsey,33,500
Q917845,Anoeta Stadium,stadium,43.30138,-1.97362,ES,San Sebastián,37,500
Q918580,Camp de Les Corts,stadium,41.38583,2.13556,ES,Les Corts,30,500
Q927462,Hindmarsh Stadium,stadium,-34.9075,138.56889,AU,Charles Sturt,26,500
Q928642,Polish Army Stadium,stadium,52.22046,21.04063,PL,Śródmieście,27,500
Q929109,Estadio Coliseum,stadium,40.32556,-3.71472,ES,Getafe,34,500
Q929126,Tianhe Stadium,stadium,23.14052,113.31934,CN,Tianhe District,25,500
Q929315,El Molinón-Enrique Castro Quini,stadium,43.53611,-5.63722,ES,Gijón,32,500
Q945070,Estadio José Rico Pérez,stadium,38.35722,-0.4925,ES,Alicante,30,500
Q945298,Stade Josy Barthel,stadium,49.61563,6.10966,LU,Luxembourg,31,500
Q953600,Estadio Manuel Martínez Valero,stadium,38.26694,-0.66333,ES,Elche,31,500
Q958185,Castelão,stadium,-3.80727,-38.52248,BR,Fortaleza,51,500
Q958319,The Valley,stadium,51.48749,0.03563,GB,Charlton,28,500
Q959934,Stade Maurice Dufrasne,stadium,50.60991,5.54334,BE,Liège,32,500
Q39189,Stade du Moustoir,stadium,47.74869,-3.36929,FR,Lorient,21,500
Q63999,Barra Velodrome,stadium,-22.97522,-43.39241,BR,Rio de Janeiro,23,500
Q1786020,Olimp-2,stadium,47.24301,39.76105,RU,Rostov-on-Don,20,500
Q1787141,Sporting Park,stadium,39.1218,-94.8237,US,Kansas City,23,500
Q1810204,McMahon Stadium,stadium,51.07033,-114.12139,CA,Alberta,20,500
Q1817621,Stade de Roudourou,stadium,48.56516,-3.16552,FR,Guingamp,21,500
Q1848312,Stade Gaston Gérard,stadium,47.3261,5.06793,FR,Dijon,21,500
Q1848770,Olympic Stadium of Radès,stadium,36.74778,10.27278,TN,Radès,23,500
Q1848848,McDiarmid Park,stadium,56.40969,-3.47693,GB,Perth and Kinross,20,500
Q1849789,Netanya Stadium,stadium,32.2944,34.86443,IL,Netanya,21,500
Q1851216,Sydney SuperDome,stadium,-33.84444,151.06194,AU,Sydney Olympic Park,21,500
Q1851616,Stadio Brianteo,stadium,45.58278,9.30806,IT,Monza,22,500
Q1853159,Providence Stadium,stadium,6.75761,-58.17781,GY,Guyana,20,500
Q1858169,Prince Moulay Abdellah Stadium,stadium,33.95986,-6.88911,MA,Rabat Prefecture,24,500
Q1870384,Loro Boriçi Stadium,stadium,42.07003,19.50656,AL,Shkodër,24,500
Q1928668,Pankritio Stadium,stadium,35.33667,25.10611,GR,Heraklion Municipality,21,500
Q1961383,Ceres Park & Arena,stadium,56.13194,10.19639,DK,Aarhus Municipality,20,500
Q1973140,Sultan Qaboos Sports Complex,stadium,23.57306,58.39944,OM,Muscat,20,500
Q1981080,Sirius Arena,stadium,43.4052,39.9492,RU,Sirius,22,500
Q1983118,New York Stadium,stadium,53.4279,-1.362,GB,Rotherham,22,500
Q2000728,Sheikh Khalifa International Stadium,stadium,24.20729,55.76633,AE,Al Ain,23,500
Q2001732,Stade de l'Aube,stadium,48.30616,4.0982,FR,Troyes,23,500
Q2021522,Olympic Stadium,stadium,11.55836,104.91208,KH,Phnom Penh,20,500
Q2029253,Tsirio Stadium,stadium,34.70091,33.02298,CY,Limassol Municipality,20,500
Q2093647,Saputo Stadium,stadium,45.56306,-73.5525,CA,Mercier–Hochelaga-Maisonneuve,23,500
Q2116283,Doosan Arena,stadium,49.75,13.38556,CZ,Plzeň,22,500
Q2116306,Stade Léopold Sédar Senghor,stadium,14.74669,-17.45201,SN,Dakar,21,500
Q2165655,martyrs' stadium,stadium,-4.33042,15.31,CD,Kinshasa,23,500
Q2298668,Hassanal Bolkiah National Stadium,stadium,4.92903,114.94544,BN,Bandar Seri Begawan,21,500
Q2299298,Stade des Alpes,stadium,45.18747,5.74019,FR,Grenoble,23,500
Q2299919,Stade du Hainaut,stadium,50.34851,3.53178,FR,Valenciennes,21,500
Q2300150,Stadio Arechi,stadium,40.645,14.82389,IT,Salerno,23,500
Q2301915,Estadio Nuevo Mirandilla,stadium,36.50278,-6.27306,ES,Cádiz,23,500
Q2343636,Olympic Stadium,stadium,37.90443,58.37709,TM,Ashgabat,22,500
Q2414557,Stadium Merdeka,stadium,3.13909,101.70058,MY,Kuala Lumpur,21,500
Q2522000,Estadio Nacional de Costa Rica,stadium,9.93639,-84.10778,CR,San José,24,500
Q2525218,Rashid Stadium,stadium,25.27966,55.36061,AE,Dubai,21,500
Q2718479,Juba Stadium,stadium,4.84306,31.61583,SS,Juba,20,500
Q2981137,Pamir Stadium,stadium,38.58591,68.76951,TJ,Dushanbe,23,500
Q3080082,Krasnodar Stadium,stadium,45.04417,39.02944,RU,Krasnodar,20,500
Q3108699,Spartak Stadium,stadium,42.88018,74.59794,KG,Bishkek,21,500
Q3245092,Prince Abdullah Al Faisal Sports City,stadium,21.44661,39.25169,SA,Jeddah,24,500
Q3273189,Yadegar-e Emam Stadium,stadium,38.02667,46.29583,IR,Tabriz,21,500
Q3273652,Prince Faisal bin Fahd Sports City,stadium,24.6626,46.73974,SA,Riyadh,20,500
Q3564108,Vélodrome de Saint-Quentin-en-Yvelines,stadium,48.7893,2.03587,FR,Montigny-le-Bretonneux,21,500
Q3625171,Huvepharma Arena,stadium,43.53361,26.5275,BG,Razgrad,21,500
Q3660718,Anji Arena,stadium,42.9079,47.61859,RU,Kaspiysk,20,500
Q4118193,Mandela National Stadium,stadium,0.34721,32.65889,UG,Kampala,24,500
Q4788902,Allianz Parque,stadium,-23.52756,-46.67842,BR,Barra Funda District,23,500
Q4873358,Batumi Stadium,stadium,41.63528,41.61917,GE,Batumi,23,500
Q5203387,Audi Field,stadium,38.8685,-77.01293,US,"Washington, D.C.",21,500
Q5306379,Echo Arena Liverpool,stadium,53.39756,-2.99164,GB,Liverpool,23,500
Q5521343,Ganja City Stadium,stadium,40.70611,46.36194,AZ,Ganja,20,500
Q6181753,Lekhwiya Sports Stadium,stadium,25.37271,51.46927,QA,Doha,23,500
Q6352873,"Kalinga Sports Complex, Bhubaneswar",stadium,20.29092,85.825,IN,,21,500
Q7170896,Perth Stadium,stadium,-31.9511,115.8891,AU,Western Australia,21,500
Q7383667,Ruzhdi Bizhuta Stadium,stadium,41.11588,20.09199,AL,Elbasan,24,500
Q7596332,Stadion Rujevica,stadium,45.34744,14.40076,HR,Rijeka,21,500
Q7929512,U.S. Bank Stadium,stadium,44.97389,-93.25806,US,Minneapolis,20,500
Q11380533,Izu Velodrome,stadium,35.01153,139.01519,JP,Izu,21,500
Q15221182,Fukushima Azuma Baseball Stadium,stadium,37.72146,140.3636,JP,Fukushima,20,500
Q15284032,Agia Sophia Stadium,stadium,38.03715,23.74154,GR,Nea Filadelfeia-Nea Chalkidona Municipality,23,500
Q15646927,Hazza bin Zayed Stadium,stadium,24.2456,55.7166,AE,Al Ain,24,500
Q16714657,Suita Stadium,stadium,34.80253,135.53828,JP,Suita,24,500
Q17182993,Başakşehir Fatih Terim Stadium,stadium,41.1228,28.8087,TR,Başakşehir,21,500
Q20421103,KSU Stadium,stadium,24.72931,46.62369,SA,Riyadh,24,500
Q22096111,BMO Stadium,stadium,34.013,-118.285,US,Los Angeles,23,500
Q25384178,Stade de Luxembourg,stadium,49.57714,6.11573,LU,Luxembourg,21,500
Q27516338,Japoma Sports Complex,stadium,4.005,9.82528,CM,Douala,20,500
Q28404333,Alassane Ouattara Stadium,stadium,5.4807,-4.0746,CI,Abidjan,20,500
Q54465634,TQL Stadium,stadium,39.11139,-84.52222,US,Cincinnati,22,500
Q56278477,Q2 Stadium,stadium,30.38821,-97.71984,US,Austin,20,500
Q64586775,Europa-Park-Stadion,stadium,48.02154,7.83001,DE,Freiburg im Breisgau,20,500
Q65091153,Sydney Football Stadium II,stadium,-33.88917,151.22528,AU,Sydney,21,500
Q65240568,Chase Stadium,stadium,26.19306,-80.16111,US,Fort Lauderdale,21,500
Q85786340,Morodok Techo National Stadium,stadium,11.68289,104.87628,KH,,20,500
Q94625,Stadio Dino Manuzzi,stadium,44.14056,12.26194,IT,Cesena,20,500
Q94646,Stadio Alberto Braglia,stadium,44.65361,10.92333,IT,Modena,21,500
Q115554,Stadio Ezio Scida,stadium,39.07917,17.11667,IT,Crotone,21,500
Q115586,Stadio Alberto Picco,stadium,44.10222,9.80861,IT,La Spezia,20,500
Q124769,Estadio Cuauhtémoc,stadium,19.07806,-98.16444,MX,Heroica Puebla de Zaragoza,22,500
Q128836,Kyocera Dome Osaka,stadium,34.6693,135.4761,JP,Nishi-ku,21,500
Q154405,Andrův stadion,stadium,49.6,17.24833,CZ,Olomouc,21,500
Q167042,Kensington Oval,stadium,13.105,-59.6225,BB,Bridgetown,22,500
Q176460,Shell Energy Stadium,stadium,29.7522,-95.3524,US,Houston,22,500
Q210710,Rizal Memorial Stadium,stadium,14.5634,120.992,PH,Manila,21,500
Q211662,Pontiac Silverdome,stadium,42.64583,-83.255,US,Pontiac,23,500
Q219462,Stade Océane,stadium,49.4988,0.1697,FR,Le Havre,24,500
Q221052,Gundadalur,stadium,62.01935,-6.78114,FO,Tórshavn Municipality,20,500
Q252696,Fir Park,stadium,55.77995,-3.98008,GB,North Lanarkshire,22,500
Q255447,Estadio Heliodoro Rodríguez López,stadium,28.46306,-16.26056,ES,Santa Cruz de Tenerife,24,500
Q259827,Charmilles Stadium,stadium,46.2091,6.1182,CH,Geneva,21,500
Q259830,İzmir Atatürk Stadium,stadium,38.435,27.17806,TR,Konak,22,500
Q262291,Providence Park,stadium,45.52139,-122.69167,US,Portland,22,500
Q271212,Åråsen Stadion,stadium,59.96275,11.06346,NO,Skedsmo Municipality,20,500
Q285074,Bosuilstadion,stadium,51.23222,4.47167,BE,Antwerp,23,500
Q285692,Al Nahyan Stadium,stadium,24.4694,54.37525,AE,Abu Dhabi,22,500
Q288618,Baba Yara Stadium,stadium,6.68278,-1.605,GH,Kumasi,21,500
Q292010,kybunpark,stadium,47.40833,9.30639,CH,Canton of St. Gallen,22,500
Q297924,Örjans Vall,stadium,56.68417,12.86639,SE,Halmstad,24,500
Q304666,Kadriorg Stadium,stadium,59.43447,24.78344,EE,Tallinn,24,500
Q335765,Abuja Stadium,stadium,9.03792,7.45339,NG,Abuja,22,500
Q339568,Accra Sports Stadium,stadium,5.55139,-0.19194,GH,Accra Metropolitan District,24,500
Q339850,Foxboro Stadium,stadium,42.0927,-71.26744,US,Foxborough,22,500
Q352962,Addis Ababa Stadium,stadium,9.01331,38.75642,ET,Addis Ababa,22,500
Q376606,Laoshan Velodrome,stadium,39.91297,116.20739,CN,Laoshan Subdistrict,20,500
Q387213,Stade Raymond Kopa,stadium,47.45905,-0.53163,FR,Angers,20,500
Q401470,Guangdong Olympic Center,stadium,23.13766,113.40352,CN,Huangcun Subdistrict,21,500
Q417367,Aker Stadion,stadium,62.73341,7.14813,NO,Reknes,22,500
Q428177,Thani bin Jassim Stadium,stadium,25.34474,51.44056,QA,Doha,23,500
Q430815,Al Salam Stadium,stadium,30.1745,31.435,EG,Cairo Governorate,21,500
Q472710,Kaftanzoglio National Stadium,stadium,40.6255,22.967,GR,Thessaloniki Municipality,23,500
Q479619,Audi-Sportpark,stadium,48.74556,11.485,DE,Ingolstadt,20,500
Q488308,Alpensia Ski Jumping Stadium,stadium,37.6617,128.6806,KR,Pyeongchang County,20,500
Q493545,Incheon Football Stadium,stadium,37.46613,126.64303,KR,Incheon,21,500
Q517545,Nationals Park,stadium,38.8725,-77.00778,US,"Washington, D.C.",23,500
Q546383,Estadio José Pachencho Romero,stadium,10.67411,-71.64501,VE,Maracaibo,20,500
Q588926,Stadio Pierluigi Penzo,stadium,45.42776,12.36373,IT,Venice,20,500
Q590268,Wildparkstadion,stadium,49.02,8.41306,DE,Karlsruhe,23,500
Q595887,Metallurg Stadium,stadium,53.23833,50.27167,RU,Samara,21,500
Q601162,Lansdowne Road,stadium,53.33501,-6.2292,IE,Dublin,22,500
Q602392,Ayresome Park,stadium,54.56417,-1.24694,GB,Middlesbrough,24,500
Q604859,Nemesio Diez Stadium,stadium,19.28729,-99.66679,MX,Toluca de Lerdo,22,500
Q609551,Arthur Ashe Stadium,stadium,40.74989,-73.84703,US,Queens,24,500
Q613227,Toyota Stadium,stadium,35.08444,137.17083,JP,Toyota,23,500
Q619350,Home Park,stadium,50.38806,-4.15083,GB,Plymouth,20,500
Q620473,Apostolos Nikolaidis Stadium,stadium,37.98717,23.75419,GR,Athens Municipality,22,500
Q622225,Alexandria Stadium,stadium,31.1971,29.9132,EG,Alexandria Governorate,20,500
Q627087,Borås Arena,stadium,57.73457,12.93433,SE,Borås Municipality,22,500
Q633613,Rate Field,stadium,41.83,-87.63389,US,Chicago,21,500
Q638087,Olympia,stadium,56.04944,12.70694,SE,Helsingborg Municipality,24,500
Q648214,Jaber Al-Ahmad International Stadium,stadium,29.27143,47.91861,KW,Kuwait City,20,500
Q654329,Estadio Nuevo Colombino,stadium,37.24639,-6.95417,ES,Huelva,21,500
Q655753,Arena do Grêmio,stadium,-29.97344,-51.1944,BR,Porto Alegre,23,500
Q658351,Sausalito Stadium,stadium,-33.01444,-71.535,CL,Viña del Mar,23,500
Q668606,Stade Olympique de la Pontaise,stadium,46.534,6.625,CH,Lausanne,21,500
Q669063,Stade de Tourbillon,stadium,46.23333,7.37639,CH,Canton of Valais,22,500
Q669347,Valeriy Lobanovskyi Dynamo Stadium,stadium,50.45043,30.53518,UA,Kyiv,24,500
Q671287,Cornaredo Stadium,stadium,46.02361,8.96167,CH,Canton of Ticino,21,500
Q684301,Trolli Arena,stadium,49.48694,10.99917,DE,Fürth,23,500
Q685570,Schauinsland-Reisen-Arena,stadium,51.40903,6.77864,DE,Duisburg-Mitte,23,500
Q688780,Hardturm,stadium,47.39306,8.50472,CH,Zurich,23,500
Q692534,thermoplan arena,stadium,47.03326,8.30519,CH,Lucerne,20,500
Q702811,Hasely Crawford Stadium,stadium,10.66152,-61.53303,TT,Port of Spain,21,500
Q708572,Yanggakdo Stadium,stadium,38.99155,125.74353,KP,Pyongyang,20,500
Q713442,National Stadium,stadium,22.70278,120.295,TW,Kaohsiung,22,500
Q713597,Gigante de Arroyito Stadium,stadium,-32.914,-60.67457,AR,Rosario Department,21,500
Q727590,Henryk Reyman Municipal Stadium,stadium,50.06361,19.91194,PL,Kraków,20,500
Q734097,Aleppo International Stadium,stadium,36.185,37.11778,SY,Aleppo,22,500
Q744568,Richmond Olympic Oval,stadium,49.17472,-123.15139,CA,Richmond,20,500
Q1558939,Kuban Stadium,stadium,45.02528,38.99944,RU,Krasnodar,22,500
Q1568249,Stade de la Licorne,stadium,49.89422,2.2633,FR,Amiens,20,500
Q1574539,Stade d'Angondjé,stadium,0.52222,9.39333,GA,Libreville,22,500
Q1583616,Darius and Girėnas Stadium,stadium,54.8972,23.9369,LT,Kaunas,22,500
Q1584020,Tehelné pole,stadium,48.16361,17.13694,SK,Bratislava,20,500
Q1593861,Tunavallen,stadium,59.37067,16.495,SE,Eskilstuna Municipality,22,500
Q1604665,Lagos National Stadium,stadium,6.49706,3.36492,NG,Lagos,23,500
Q1611857,Romssa Arena,stadium,69.64887,18.93504,NO,Tromsø Municipality,22,500
Q1613767,Kenilworth Road,stadium,51.88417,-0.43167,GB,Luton,24,500
Q1631393,Jernvallen,stadium,60.60889,16.77306,SE,Sandviken Municipality,20,500
Q1632294,Paycor Stadium,stadium,39.09544,-84.51604,US,Cincinnati,24,500
Q1635061,Nuuk Stadium,stadium,64.18083,-51.7325,GL,Sermersooq,22,500
Q1637255,Rugby Park,stadium,55.60422,-4.50812,GB,East Ayrshire,21,500
Q1637843,Subaru Park,stadium,39.83222,-75.37889,US,Chester,22,500
Q1639369,Thuwunna Stadium,stadium,16.82131,96.18683,MM,Thingangyun Township,21,500
Q1649384,Stadion Grbavica,stadium,43.84667,18.38722,BA,Grbavica,21,500
Q1651698,Shah Alam Stadium,stadium,3.08225,101.54494,MY,Shah Alam,23,500
Q1737017,Kauffman Stadium,stadium,39.05139,-94.48056,US,Kansas City,24,500
Q1752309,Waikato Stadium,stadium,-37.78111,175.26833,NZ,Hamilton,22,500
Q1770357,Recep Tayyip Erdoğan Stadium,stadium,41.03278,28.97222,TR,Istanbul,20,500
Q1782654,Karađorđe Stadium,stadium,45.24667,19.84222,RS,Novi Sad,24,500
Q11969,Asito Stadion,stadium,52.33861,6.64972,,Almelo,22,500
Q318125,Abe Lenstra Stadion,stadium,52.95861,5.93611,,Heerenveen,24,500
Q668094,Sparta Stadion Het Kasteel,stadium,51.91944,4.43333,,Rotterdam,21,500
Q720978,WerkTalent Stadion,stadium,52.06278,4.38306,,The Hague,24,500
Q1028392,Cambuur Stadion,stadium,53.20528,5.81472,,Leeuwarden,20,500
Q1141104,MAC³PARK stadion,stadium,52.51729,6.12191,,Zwolle,20,500
Q1408176,Koning Willem II Stadion,stadium,51.54278,5.06694,,Tilburg,21,500
Q1675996,Stadion Galgenwaard,stadium,52.07833,5.14583,,Utrecht,22,500
Q750571,Whistler Olympic Park,stadium,50.1353,-123.119,CA,British Columbia,23,500
Q770946,Estadio Nueva Condomina,stadium,38.04222,-1.14472,ES,Murcia,21,500
Q771800,Estadio Universitario,stadium,25.72281,-100.31206,MX,Monterrey,23,500
Q777535,Stadio Armando Picchi,stadium,43.52667,10.31417,IT,Livorno,23,500
Q777672,Tannadice Park,stadium,56.4747,-2.96896,GB,Dundee City,24,500
Q804933,Balgarska Armia Stadium,stadium,42.68426,23.33977,BG,Sofia,22,500
Q814577,Behrn Arena,stadium,59.26611,15.22306,SE,Örebro Municipality,22,500
Q850225,Benjamin Mkapa National Stadium,stadium,-6.8535,39.27381,TZ,Dar es Salaam,20,500
Q851446,Qinhuangdao Olympic Sports Center Stadium,stadium,39.90722,119.54778,CN,Qinhuangdao,20,500
Q854018,Shenyang Olympic Sports Center Stadium,stadium,41.73904,123.45748,CN,Hunnan District,24,500
Q856393,Sydney Cricket Ground,stadium,-33.89167,151.22472,AU,Sydney,24,500
Q1557426,MCH Arena,stadium,56.11667,8.95167,DK,Herning Municipality,23,500
Q857795,Estadi Comunal d'Aixovall,stadium,42.47639,1.48767,AD,Aixovall,24,500
Q898746,Brann Stadion,stadium,60.36639,5.35694,NO,Bergen Municipality,21,500
Q909851,Estádio Independência,stadium,-19.90833,-43.91778,BR,Belo Horizonte,23,500
Q922761,Rice–Eccles Stadium,stadium,40.76,-111.84889,US,Salt Lake City,23,500
Q925654,Cegeka Arena,stadium,51.005,5.53333,BE,Genk,20,500
Q927991,Stade de l'Amitié,stadium,6.386,2.37933,BJ,Cotonou,20,500
Q956072,San Diego Stadium,stadium,32.78306,-117.11944,US,San Diego,24,500
Q965566,FK Žalgiris Home Stadium,stadium,54.6685,25.2947,LT,Vilnius,23,500
Q966081,Central Coast Stadium,stadium,-33.42833,151.33806,AU,New South Wales,21,500
Q969279,Valley Parade,stadium,53.80422,-1.75902,GB,Q22905,24,500
Q978904,Perth Rectangular Stadium,stadium,-31.94575,115.86992,AU,City of Vincent,21,500
Q979975,Great American Ball Park,stadium,39.09722,-84.50694,US,Cincinnati,21,500
Q983916,Stade El Menzah,stadium,36.83978,10.18536,TN,Tunis,21,500
Q991407,Estadio El Teniente,stadium,-34.17778,-70.7375,CL,Rancagua,21,500
Q992697,Hong Kong Stadium,stadium,22.27286,114.18844,CN,Hong Kong,23,500
Q995867,Brøndby Stadium,stadium,55.64885,12.41836,DK,Brøndby Municipality,23,500
Q998980,HFC Bank Stadium,stadium,-18.15007,178.44909,FJ,Suva,20,500
Q999781,SeatGeek Stadium,stadium,41.76472,-87.80611,US,Bridgeview,24,500
Q1010594,Stadio Partenopeo,stadium,40.85972,14.29333,IT,Naples,23,500
Q1033076,Candlestick Park,stadium,37.71361,-122.38611,US,San Francisco,22,500
Q1059879,Stade Jules Deschaseaux,stadium,49.50185,0.1712,FR,Le Havre,20,500
Q1062074,Changlimithang Stadium,stadium,27.47142,89.64106,BT,Thimphu,22,500
Q1133726,Daugava Stadium,stadium,56.95517,24.15886,LV,Riga,23,500
Q1138270,Oakwell,stadium,53.55222,-1.4675,GB,Barnsley,23,500
Q1138274,Nou Mestalla,stadium,39.48944,-0.39639,ES,Valencia,23,500
Q1139227,Bolt Arena,stadium,60.1875,24.9225,FI,Helsinki,24,500
Q1141174,Oriole Park at Camden Yards,stadium,39.28389,-76.62167,US,Baltimore,24,500
Q1141958,Deepdale,stadium,53.77222,-2.68806,GB,Preston,24,500
Q1147565,Stade du Pays de Charleroi,stadium,50.41461,4.45379,BE,Q81046,24,500
Q1148681,Yokohama Stadium,stadium,35.44343,139.6401,JP,Yokohama,24,500
Q1150956,My Dinh National Stadium,stadium,21.02056,105.76381,VN,Từ Liêm,24,500
Q1151332,Qatar SC Stadium,stadium,25.31715,51.51237,QA,Doha,20,500
Q1156635,Target Field,stadium,44.98167,-93.27833,US,Minneapolis,22,500
Q1158113,Dalymount Park,stadium,53.36167,-6.275,IE,Dublin,20,500
Q1171789,Dasarath Rangasala Stadium,stadium,27.69505,85.31484,NP,Kathmandu,23,500
Q1192396,Meadow Lane,stadium,52.9425,-1.13722,GB,City of Nottingham,21,500
Q1192458,Libertadores de América Stadium,stadium,-34.67027,-58.37097,AR,Avellaneda,21,500
Q1193671,Daikin Park,stadium,29.75694,-95.35556,US,Houston,23,500
Q1194586,Petco Park,stadium,32.70733,-117.15694,US,Downtown San Diego,23,500
Q1196031,El Cilindro,stadium,-34.6675,-58.36861,AR,Avellaneda Partido,22,500
Q1199860,Port Said Stadium,stadium,31.27111,32.29139,EG,Port Said,22,500
Q1202579,Racecourse Ground,stadium,53.05194,-3.00361,GB,,21,500
Q1210268,Dick's Sporting Goods Park,stadium,39.80556,-104.89194,US,Commerce City,21,500
Q1214829,Debrecen Stadion,stadium,47.55389,21.63333,HU,Debrecen,20,500
Q1233005,Dnipro Arena,stadium,48.46033,35.03247,UA,Dnipro,24,500
Q1237181,Civic Arena,stadium,40.44167,-79.99,US,Pittsburgh,20,500
Q1253767,Stadionul Dr. Constantin Rădulescu,stadium,46.77968,23.57725,RO,Cluj-Napoca,21,500
Q1277056,Stadion Kantrida,stadium,45.3392,14.38096,HR,Rijeka,20,500
Q1341629,Stade Auguste Bonal,stadium,47.51238,6.81116,FR,Montbéliard,22,500
Q1347183,Stade de l'Abbé-Deschamps,stadium,47.78672,3.58871,FR,Auxerre,23,500
Q1348100,Stadio Flaminio,stadium,41.92694,12.47222,IT,Municipio II,24,500
Q1365961,Fukuoka Dome,stadium,33.59528,130.36222,JP,Jigyō-hama,20,500
Q1366020,Hiroshima Big Arch,stadium,34.44078,132.39425,JP,Asaminami-ku,22,500
Q1368138,LoanDepot Park,stadium,25.77806,-80.21972,US,Miami,22,500
Q1368280,Newlands Stadium,stadium,-33.9703,18.46845,ZA,City of Cape Town,21,500
Q1369097,Ciudad de los Deportes Stadium,stadium,19.38339,-99.17822,MX,Mexico City,22,500
Q1369111,Brigadier General Estanislao López Stadium,stadium,-31.66322,-60.72539,AR,Santa Fe Province,21,500
Q1369118,Estadio Carlos Belmonte,stadium,38.98112,-1.85214,ES,Albacete,23,500
Q1369186,Diego Armando Maradona Stadium,stadium,-34.60603,-58.47258,AR,Buenos Aires,22,500
Q1369197,Estadio El Alcoraz,stadium,42.13194,-0.42444,ES,Huesca,22,500
Q1369255,Gorda hilda,stadium,20.10514,-98.75611,MX,Pachuca,20,500
Q1369275,Yamaha Stadium,stadium,34.72522,137.87501,JP,Iwata,20,500
Q1369282,José María Minella Stadium,stadium,-38.01794,-57.58233,AR,General Pueyrredón Partido,20,500
Q1369435,Estadio Monumental (Chile),stadium,-33.50661,-70.60594,CL,Santiago,22,500
Q1369510,León Stadium,stadium,21.11554,-101.65774,MX,León de Los Aldama,23,500
Q1369545,Estadio Olímpico Pascual Guerrero,stadium,3.42989,-76.54108,CO,Cali,21,500
Q1369587,Polideportivo Cachamay,stadium,8.3125,-62.69667,VE,Puerto Ordaz,20,500
Q1369652,Tecnológico Stadium,stadium,25.65225,-100.28642,MX,Monterrey,21,500
Q1369679,Estadio de Bata,stadium,1.82,9.7875,GQ,Bata,21,500
Q1369691,Estadio San Juan del Bicentenario,stadium,-31.61195,-68.52748,AR,San Juan,20,500
Q1370665,Estádio 11 de Novembro,stadium,-8.96995,13.28367,AO,Luanda Province,23,500
Q1382956,New Laos National Stadium,stadium,18.06194,102.70389,LA,Vientiane,22,500
Q1417248,Lyse Arena,stadium,58.91461,5.73044,NO,Stavanger,23,500
Q1419146,Tampere Stadium,stadium,61.4925,23.76417,FI,Tampere,21,500
Q1434942,Stade Armand Cesari,stadium,42.65196,9.44303,FR,Furiani,21,500
Q1445540,Franso Hariri Stadium,stadium,36.17258,44.01148,IQ,Erbil,20,500
Q1490881,Gaddafi Stadium,stadium,31.51333,74.33333,PK,Lahore,24,500
Q1509993,Stadio Adriatico,stadium,42.45528,14.22944,IT,Pescara,20,500
Q1510743,Malabo Stadium,stadium,3.725,8.76917,GQ,Malabo,22,500
Q1514798,America First Field,stadium,40.5829,-111.893,US,Sandy,22,500
Q1521498,Ghazi Stadium,stadium,34.51861,69.19389,AF,Kabul,24,500
Q1535159,Stade 5 Juillet 1962,stadium,36.75989,2.99519,DZ,Algiers,22,500
Q1546623,Griffin Park,stadium,51.48817,-0.30264,GB,Brentford,23,500
Q1548284,Bahrain National Stadium,stadium,26.15359,50.54366,BH,Riffa,23,500
Q1550984,Fadil Vokrri Stadium,stadium,42.66297,21.15688,XK,Pristina,23,500
Q41931,Hanging Gardens of Babylon,garden,32.5355,44.4275,,Iraq,99,500
Q205333,Gethsemane,garden,31.77942,35.23942,IL,East Jerusalem,62,500
Q18769666,Keukenhof,garden,52.26889,4.54722,,Lisse,52,500
Q1415856,Fin Garden,garden,33.94628,51.37261,IR,Kashan County,33,500
Q42003,Gardens of Vatican City,garden,41.90306,12.45056,VA,Vatican City,32,500
Q127963,Eram Garden,garden,29.63583,52.52556,IR,Fars Province,37,500
Q259173,Studley Royal Park,garden,54.11611,-1.57306,GB,Ripon,29,500
Q678313,Villa Borghese gardens,garden,41.91365,12.4851,IT,Municipio I,35,500
Q930784,Palmeral of Elche,garden,38.26944,-0.69833,ES,Elche,35,500
Q1046818,Chengde Mountain Resort and its outlying temples,garden,40.9875,117.9375,CN,Chengde,40,500
Q1144337,Classical Gardens of Suzhou,garden,31.32667,120.62556,CN,Suzhou,38,500
Q1395431,Majorelle Garden,garden,31.6415,-8.0029,MA,Marrakech,30,500
Q3162464,Gardens of Versailles,garden,48.80806,2.10833,FR,Versailles,16,500
Q2735357,Bahá'í Terraces,garden,32.8144,34.9869,IL,,18,500
Q71952,Kairaku-en,garden,36.37306,140.45621,JP,Mito,18,500
Q301338,Stourhead,garden,51.10611,-2.31778,GB,Stourton with Gasper,16,500
Q392057,Agdal Gardens,garden,31.60611,-7.97972,MA,Marrakech,16,500
Q619742,Shazdeh Garden,garden,30.02388,57.28209,IR,Kerman Province,20,500
Q851242,Shalimar Bagh,garden,34.14972,74.87306,IN,Srinagar,17,500
Q998239,Kenroku-en,garden,36.56194,136.6625,JP,Kanazawa,24,500
Q1071520,Ritsurin Garden,garden,34.32958,134.04389,JP,Ritsurinchō,17,500
Q1076650,Humble Administrator's Garden,garden,31.32583,120.62444,CN,Suzhou,20,500
Q1377689,Kōraku-en,garden,34.66766,133.93506,JP,Kita-ku,21,500
Q1483542,Runnymede,garden,51.44451,-0.56537,GB,Runnymede,19,500
Q1920259,Menara gardens,garden,31.6167,-8.02424,MA,Marrakech,23,500
Q1971996,Sissinghurst Castle Garden,garden,51.11583,0.58167,GB,Sissinghurst,18,500
Q2084394,Villa Godi,garden,45.74614,11.53444,IT,Lugo di Vicenza,20,500
Q155014,MV Wilhelm Gustloff,aerial_lift,55.0729,17.4213,,,42,400
Q28416,Hospicio Cabañas,aerial_lift,20.6769,-103.33733,MX,Guadalajara,31,400
Q162684,Charité,aerial_lift,52.52694,13.37722,DE,Berlin,40,400
Q200018,Langerwehe,aerial_lift,50.81472,6.36167,DE,Düren district,34,400
Q507282,Hospital de Sant Pau,aerial_lift,41.41278,2.17444,ES,El Baix Guinardó,37,400
Q939883,Pitié-Salpêtrière Hospital,aerial_lift,48.837,2.365,FR,13th arrondissement of Paris,33,400
Q1145492,Poveglia,aerial_lift,45.38222,12.33056,IT,Province of Venice,37,400
Q1294736,Hôtel-Dieu de Paris,aerial_lift,48.85464,2.34881,FR,4th arrondissement of Paris,28,400
Q1472068,Johns Hopkins Hospital,aerial_lift,39.2974,-76.5924,US,Baltimore,26,400
Q2919372,Al-Shifa Hospital,aerial_lift,31.52417,34.44417,PS,Gaza City,31,400
Q83554783,Huoshenshan Hospital,aerial_lift,30.53028,114.08253,CN,Caidian District,25,400
Q359115,SS Admiral Nakhimov,aerial_lift,44.60417,37.87639,,,16,400
Q683174,Soviet hospital ship Armenia,aerial_lift,44.25,34.28333,,,17,400
Q59964,Lazzaretto Vecchio,aerial_lift,45.40619,12.35949,IT,Venice,16,400
Q30293389,Central Hospital of Wuhan,aerial_lift,30.58361,114.28974,CN,Wuhan,18,400
Q65212656,Indonesia Hospital,aerial_lift,31.5352,34.5094,PS,Beit Lahia,15,400
Q83766264,Leishenshan Hospital,aerial_lift,30.43205,114.28828,CN,Jiangxia District,18,400
Q89106862,Turkish-Palestinian Friendship Hospital,aerial_lift,31.47789,34.41631,PS,Gaza City,12,400
Q123109413,al-Ahli Arab Hospital,aerial_lift,31.5047,34.4614,PS,Gaza City,22,400
Q123265885,Nasser Medical Complex,aerial_lift,31.34783,34.29326,PS,Khan Yunis,17,400
Q7522983,Singapore General Hospital,aerial_lift,1.27867,103.83436,SG,Bukit Merah,15,400
Q12136978,Ohmatdyt,aerial_lift,50.45144,30.48088,UA,Kyiv,15,400
Q15177600,"All India Institute of Medical Sciences, New Delhi",aerial_lift,28.565,77.21,IN,New Delhi,12,400
Q15217751,Bicêtre Hospital,aerial_lift,48.81,2.35611,FR,Le Kremlin-Bicêtre,13,400
Q16894983,Mediterranean Conference Centre,aerial_lift,35.8995,14.518,MT,Valletta,15,400
Q22924354,René Huguenin Hospital,aerial_lift,48.84477,2.21748,FR,Saint-Cloud,16,400
Q30279724,Hôpital André Mignot,aerial_lift,48.83055,2.12692,FR,Le Chesnay,17,400
Q126412,Massachusetts General Hospital,aerial_lift,42.36278,-71.06889,US,Boston,23,400
Q180080,Vienna General Hospital,aerial_lift,48.22,16.3475,AT,Vienna,17,400
Q221640,Ospedale L'Albergo Reale dei Poveri,aerial_lift,40.86346,14.26546,IT,Naples,13,400
Q246315,Helsinki University Hospital,aerial_lift,60.18861,24.90528,FI,Helsinki,13,400
Q266227,Institut Gustave Roussy,aerial_lift,48.79469,2.34861,FR,Villejuif,22,400
Q317608,Heilig-Geist-Hospital Lübeck,aerial_lift,53.8713,10.6898,DE,Lübeck,12,400
Q368400,Groote Schuur Hospital,aerial_lift,-33.94139,18.46278,ZA,Cape Town,12,400
Q577131,Psychiatrische Universitätsklinik Zürich,aerial_lift,47.3527,8.5706,CH,Zurich,13,400
Q686392,AHS Centaur,aerial_lift,-27.283,153.987,AU,Queensland,16,400
Q777039,Guy's Hospital,aerial_lift,51.50333,-0.08694,GB,London Borough of Southwark,16,400
Q831377,Bethlem Royal Hospital,aerial_lift,51.38083,-0.02944,GB,London Borough of Bromley,22,400
Q1000479,Boston Children's Hospital,aerial_lift,42.33722,-71.10639,US,Massachusetts,17,400
Q1003498,Franja Partisan Hospital,aerial_lift,46.15403,14.02822,SI,municipality of Cerkno,23,400
Q1052562,Cedars-Sinai Medical Center,aerial_lift,34.0752,-118.38068,US,Beverly Grove,14,400
Q1054401,Maria Sklodowska-Curie National Research Institute of Oncology,aerial_lift,52.1475,21.0325,PL,Warsaw,13,400
Q1130784,Lariboisière Hospital,aerial_lift,48.88306,2.35306,FR,10ᵗʰ arrondissement of Paris,19,400
Q1131080,Hôpital Cochin,aerial_lift,48.83694,2.34028,FR,14th arrondissement of Paris,12,400
Q1143779,St Thomas' Hospital,aerial_lift,51.4991,-0.11891,GB,London Borough of Lambeth,18,400
Q1164246,St. Jude Children's Research Hospital,aerial_lift,35.15292,-90.04306,US,Memphis,13,400
Q1284848,Hospices de Beaune,aerial_lift,47.02194,4.83667,FR,Beaune,15,400
Q1339583,Val-de-Grâce,aerial_lift,48.83917,2.34444,FR,Quartier du Val-de-Grâce,20,400
Q1349705,Great Ormond Street Hospital,aerial_lift,51.5225,-0.1205,GB,London Borough of Camden,12,400
Q1428488,Santo Spirito in Sassia,aerial_lift,41.90139,12.46111,IT,Rome,15,400
Q1457886,Walter Reed National Military Medical Center,aerial_lift,39.00194,-77.09361,US,Montgomery County,19,400
Q1475353,Augusta Victoria Hospital,aerial_lift,31.78667,35.24917,PS,Jerusalem,13,400
Q1476505,Mount Sinai Hospital,aerial_lift,40.7901,-73.9532,US,Manhattan,22,400
Q1501084,Agostino Gemelli University Polyclinic,aerial_lift,41.93028,12.42972,IT,Rome,19,400
Q1525831,The University of Texas MD Anderson Cancer Center,aerial_lift,29.7078,-95.3975,US,Texas,16,400
Q1569396,Hôpital Saint-Louis,aerial_lift,48.87472,2.36833,FR,Quartier de l'Hôpital-Saint-Louis,15,400
Q1627463,Selimiye Barracks,aerial_lift,41.008,29.016,TR,Üsküdar,13,400
Q1734280,Karolinska University Hospital,aerial_lift,59.34822,18.03017,SE,Solna Municipality,19,400
Q1808012,Memorial Sloan Kettering Cancer Center,aerial_lift,40.7641,-73.9568,US,New York City,14,400
Q1936208,Muristan,aerial_lift,31.77731,35.22978,PS,Jerusalem,18,400
Q2000141,Norrland's University Hospital,aerial_lift,63.8175,20.29833,SE,Umeå Municipality,23,400
Q2067213,Shamir Medical Center,aerial_lift,31.9666,34.83978,IL,Be'er Ya'akov,12,400
Q2087862,Shaare Zedek Medical Center,aerial_lift,31.77306,35.185,IL,Jerusalem,16,400
Q2120867,Rambam Health Care Campus,aerial_lift,32.83338,34.98584,IL,Haifa,12,400
Q2169282,UCLA Ronald Reagan Medical Center,aerial_lift,34.0664,-118.446,US,Los Angeles,16,400
Q2323511,Texas Medical Center,aerial_lift,29.70951,-95.39818,US,Houston,21,400
Q2331605,Hadassah Medical Center,aerial_lift,31.76472,35.14917,IL,Jerusalem,16,400
Q2410409,Shima Hospital,aerial_lift,34.39459,132.4548,JP,Ōtemachi,12,400
Q2432540,Sint-Janshospitaal,aerial_lift,51.20389,3.22284,BE,Bruges,13,400
Q2474391,Soroka Medical Center,aerial_lift,31.2588,34.80151,IL,Beersheba,16,400
Q2561450,Tel Aviv Sourasky Medical Center,aerial_lift,32.08056,34.79,IL,Tel Aviv,14,400
Q2777287,Bikur Holim Hospital,aerial_lift,31.78391,35.2181,IL,Jerusalem,12,400
Q2892284,Baylor College of Medicine,aerial_lift,29.7105,-95.3965,US,Houston,14,400
Q2894927,Bellevue Hospital Center,aerial_lift,40.7393,-73.9753,US,Manhattan,13,400
Q2900208,Galilee Medical Center,aerial_lift,33.00944,35.11667,IL,Nahariya,13,400
Q2900977,Brigham and Women's Hospital,aerial_lift,42.33615,-71.10683,US,Massachusetts,12,400
Q2915012,Sheba Medical Center,aerial_lift,32.04715,34.84511,IL,Ramat Gan,15,400
Q2919386,Barzilai Medical Center,aerial_lift,31.66255,34.56052,IL,Ashkelon,13,400
Q3145128,hôpital Ambroise-Paré,aerial_lift,48.8492,2.23556,FR,Boulogne-Billancourt,18,400
Q3145155,hôpital Foch,aerial_lift,48.871,2.2213,FR,Suresnes,18,400
Q3145201,Raymond Poincaré University Hospital,aerial_lift,48.839,2.17,FR,Garches,16,400
Q3145207,Saint-Antoine Hospital,aerial_lift,48.8489,2.38262,FR,12th arrondissement of Paris,13,400
Q3145225,Hôpital Sainte-Périne AP-HP,aerial_lift,48.8447,2.26698,FR,16th arrondissement of Paris,15,400
Q3145336,Georges Pompidou European Hospital,aerial_lift,48.8389,2.2737,FR,15th arrondissement of Paris,15,400
Q3357360,Rigshospitalet,aerial_lift,55.696,12.5664,DK,Copenhagen Municipality,14,400
Q3495342,St Mary's Hospital,aerial_lift,51.51722,-0.17306,GB,Paddington,23,400
Q3851485,Pyongyang Maternity Hospital,aerial_lift,39.02444,125.78056,KP,Pyongyang,12,400
Q3896131,Parkland Memorial Hospital,aerial_lift,32.81111,-96.83833,US,Dallas,15,400
Q4117596,Cleveland Clinic,aerial_lift,41.5025,-81.62111,US,Cleveland,12,400
Q4385323,Siriraj Hospital,aerial_lift,13.75793,100.48585,TH,Siri Rat,13,400
Q4897536,Beth Israel Deaconess Medical Center,aerial_lift,42.3366,-71.1094,US,Massachusetts,13,400
Q6786508,Mater Dei Hospital,aerial_lift,35.90183,14.47674,MT,Msida,13,400
