source,spot_qid,spot_name,lat,lng,city,country_code,spot_class,work_qid,work_title,work_type,year,imdb_id,sitelinks,spot_pageviews_12m,score,cast1,role1,cast2,role2,scene,radius_m,radius_rule,existing_attraction_id,action,flags,source_urls
wikidata,Q18438,Long Island,40.78886,-73.23349,New York,US,island; moraine,Q47703,The Godfather,film,1972,tt0068646,132,646835,767.02,Marlon Brando,Vito Corleone,Al Pacino,Michael Corleone,,500,mountain/natural site (island),,new_spot,wp_mention;needs_scene;large_area_centroid;area_too_large(3566km2),https://www.wikidata.org/wiki/Q47703#P915 https://www.wikidata.org/wiki/Q18438 https://en.wikipedia.org/wiki/Long_Island
curated,Q309436,Aït Benhaddou,31.05,-7.133333,Ait Zineb,MA,castle,Q23572,Game of Thrones,tv,2011,tt0944947,139,122769,707.38,Sean Bean,Eddard Stark,Nikolaj Coster-Waldau,Jaime Lannister,The ksar was used in parts of the series.,150,building/castle/station (curated class castle),icon:Q309436,film_line_on_existing,scene_generic;large_cast(133),https://www.wikidata.org/wiki/Q309436 https://en.wikipedia.org/wiki/A%C3%AFt_Benhaddou
curated,Q216939,"Skala (fortified harbour), Essaouira",31.513023,-9.768696,Essaouira Province,MA,village,Q23572,Game of Thrones,tv,2011,tt0944947,139,114098,702.96,Sean Bean,Eddard Stark,Nikolaj Coster-Waldau,Jaime Lannister,The fortified harbour (skala) stood in for the slaver city of Astapor in season three.,300,beach/park/ranch/set (curated class village),,new_spot,city_level_suspect;large_cast(133),https://www.wikidata.org/wiki/Q216939 https://en.wikipedia.org/wiki/Essaouira https://en.wikipedia.org/wiki/Game_of_Thrones https://en.wikipedia.org/wiki/Valar_Dohaeris
wikidata,Q456685,Ambassador Hotel,34.059722,-118.297222,Los Angeles,US,hotel building,Q134773,Forrest Gump,film,1994,tt0109830,137,101932,686.14,Tom Hanks,Forrest Gump,Gary Sinise,Lieutenant Dan Taylor,,150,building/castle/station (building),,new_spot,wp_mention;needs_scene;demolished_or_closed(2006),https://www.wikidata.org/wiki/Q134773#P915 https://www.wikidata.org/wiki/Q456685 https://en.wikipedia.org/wiki/Ambassador_Hotel_%28Los_Angeles%29
wikidata,Q794354,Azure Window,36.05352,14.18846,San Lawrenz,MT,natural arch; destroyed building or structure,Q23572,Game of Thrones,tv,2011,tt0944947,139,53163,656.86,Sean Bean,Eddard Stark,Nikolaj Coster-Waldau,Jaime Lannister,,120,square/bridge/viaduct (arch),,new_spot,via_season_or_episode;wp_mention;needs_scene;large_cast(133);not_a_spot(destroyed building or structure);demolished_or_closed(2017);reuses_unstamped_row(wv:gozo-the-azure-window),https://www.wikidata.org/wiki/Q23572#P915 https://www.wikidata.org/wiki/Q794354 https://en.wikipedia.org/wiki/Azure_Window
wikidata,Q1496690,Gaztelugatxe,43.447,-2.785,Bermeo,ES,mountain; island; biotope; hermitage church,Q23572,Game of Thrones,tv,2011,tt0944947,139,46845,649.22,Sean Bean,Eddard Stark,Nikolaj Coster-Waldau,Jaime Lannister,,500,mountain/natural site (mountain),,new_spot,via_season_or_episode;wp_mention;needs_scene;large_cast(133);large_area_centroid,https://www.wikidata.org/wiki/Q23572#P915 https://www.wikidata.org/wiki/Q1496690 https://en.wikipedia.org/wiki/Gaztelugatxe
wikidata,Q1315012,Snæfellsjökull,64.80712,-23.776228,Snæfellsbær,IS,volcano; mountain; ice cap,Q23572,Game of Thrones,tv,2011,tt0944947,139,36669,634.44,Sean Bean,Eddard Stark,Nikolaj Coster-Waldau,Jaime Lannister,,500,mountain/natural site (mountain),,new_spot,via_season_or_episode;no_wp_mention;needs_scene;large_cast(133);large_area_centroid,https://www.wikidata.org/wiki/Q23572#P915 https://www.wikidata.org/wiki/Q1315012 https://en.wikipedia.org/wiki/Sn%C3%A6fellsj%C3%B6kull
curated,Q48972968,Baja Studios,32.286,-117.036,,MX,set,Q44578,Titanic,film,1997,tt0120338,137,31416,616.11,Leonardo DiCaprio,Jack Dawson,Kate Winslet,Rose DeWitt Bukater,The studio was built for the film; its full-scale Titanic replica was shot in a giant water tank.,300,beach/park/ranch/set (curated class set),,new_spot,no_city,https://www.wikidata.org/wiki/Q48972968 https://en.wikipedia.org/wiki/Baja_Studios https://en.wikipedia.org/wiki/Titanic_%281997_film%29
wikidata,Q277389,Lokrum,42.627222,18.119444,Dubrovnik-Neretva County,HR,island,Q23572,Game of Thrones,tv,2011,tt0944947,139,24700,610.59,Sean Bean,Eddard Stark,Nikolaj Coster-Waldau,Jaime Lannister,,500,mountain/natural site (island),,new_spot,via_season_or_episode;no_wp_mention;needs_scene;large_cast(133);large_area_centroid,https://www.wikidata.org/wiki/Q23572#P915 https://www.wikidata.org/wiki/Q277389 https://en.wikipedia.org/wiki/Lokrum
wikidata,Q642481,Saint Croix,17.732,-64.748,Saint Croix District,US,island,Q172241,The Shawshank Redemption,film,1994,tt0111161,107,200907,567.42,Tim Robbins,Andy Dufresne,Morgan Freeman,"Ellis Boyd ""Red"" Redding",,500,mountain/natural site (island),,new_spot,wp_mention;needs_scene;large_area_centroid;area_too_large(214km2),https://www.wikidata.org/wiki/Q172241#P915 https://www.wikidata.org/wiki/Q642481 https://en.wikipedia.org/wiki/Saint_Croix
wikidata,Q160409,Central Park,40.7825,-73.966111,New York City,US,urban park,Q34316,Doctor Who,tv,1963,,99,535577,567.15,Sylvester McCoy,Seventh Doctor,Samuel Anderson,Danny Pink,,300,beach/park/ranch/set (park),icon:Q160409,film_line_on_existing,via_season_or_episode;no_wp_mention;needs_scene;large_cast(66),https://www.wikidata.org/wiki/Q34316#P915 https://www.wikidata.org/wiki/Q160409 https://en.wikipedia.org/wiki/Central_Park
wikidata,Q661896,Pinewood Studios,51.548611,-0.535,Iver,GB,film studio,Q163872,The Dark Knight,film,2008,tt0468569,107,162271,557.5,Christian Bale,Bruce Wayne,Michael Caine,Alfred Pennyworth,,300,beach/park/ranch/set (studio),,new_spot,wp_mention;needs_scene;studio_backlot(film studio),https://www.wikidata.org/wiki/Q163872#P915 https://www.wikidata.org/wiki/Q661896 https://en.wikipedia.org/wiki/Pinewood_Studios
wikidata,Q18438,Long Island,40.78886,-73.23349,New York,US,island; moraine,Q182218,The Avengers,film,2012,tt0848228,95,646835,552.03,Robert Downey Jr.,Tony Stark,Chris Evans,Steve Rogers,,500,mountain/natural site (island),,new_spot,wp_mention;needs_scene;large_area_centroid;area_too_large(3566km2),https://www.wikidata.org/wiki/Q182218#P915 https://www.wikidata.org/wiki/Q18438 https://en.wikipedia.org/wiki/Long_Island
curated,Q309436,Aït Benhaddou,31.05,-7.133333,Ait Zineb,MA,castle,Q128518,Gladiator,film,2000,tt0172495,108,122769,549.62,Russell Crowe,Maximus Decimus Meridius,Joaquin Phoenix,Commodus,One of the many films shot at the ksar.,150,building/castle/station (curated class castle),icon:Q309436,film_line_on_existing,scene_generic,https://www.wikidata.org/wiki/Q309436 https://en.wikipedia.org/wiki/A%C3%AFt_Benhaddou
wikidata,Q193196,University College London,51.524722,-0.133611,London,GB,higher education institution; academic institution; educational organization; university college,Q25188,Inception,film,2010,tt1375666,97,382343,541.5,Leonardo DiCaprio,Dominick Cobb,Ken Watanabe,Saito,,150,building/castle/station (college),wikidata:Q193196,film_line_on_existing,wp_mention;needs_scene;not_a_spot(organization),https://www.wikidata.org/wiki/Q25188#P915 https://www.wikidata.org/wiki/Q193196 https://en.wikipedia.org/wiki/University_College_London
wikidata,Q129143,Trafalgar Square,51.508056,-0.128056,London,GB,square,Q5890,V for Vendetta,film,2005,tt0434409,98,290327,535.36,Hugo Weaving,V,Natalie Portman,Evey Hammond,,120,square/bridge/viaduct (square),wikidata:Q129143,film_line_on_existing,wp_mention;needs_scene,https://www.wikidata.org/wiki/Q5890#P915 https://www.wikidata.org/wiki/Q129143 https://en.wikipedia.org/wiki/Trafalgar_Square
wikidata,Q160659,London Eye,51.503333,-0.119722,London,GB,Ferris wheel; tourist attraction,Q34316,Doctor Who,tv,1963,,99,250644,534.51,Sylvester McCoy,Seventh Doctor,Samuel Anderson,Danny Pink,,150,building/castle/station (default),,new_spot,via_season_or_episode;no_wp_mention;needs_scene;large_cast(66);reuses_unstamped_row(curated:united-kingdom-london-london-eye),https://www.wikidata.org/wiki/Q34316#P915 https://www.wikidata.org/wiki/Q160659 https://en.wikipedia.org/wiki/London_Eye
wikidata,Q932992,Grosvenor Square,51.511389,-0.151389,London,GB,Royal Parks of London; garden square,Q79784,Friends,tv,1994,tt0108778,111,63067,532.78,Jennifer Aniston,Rachel Green,Courteney Cox,Monica Geller,,120,square/bridge/viaduct (square),wikidata:Q932992,film_line_on_existing,via_season_or_episode;no_wp_mention;needs_scene,https://www.wikidata.org/wiki/Q79784#P915 https://www.wikidata.org/wiki/Q932992 https://en.wikipedia.org/wiki/Grosvenor_Square
wikidata,Q201026,Kauaʻi,22.07,-159.4975,Kauai County,US,island; volcanic island,Q167726,Jurassic Park,film,1993,tt0107290,99,224836,529.83,Richard Attenborough,John Hammond,Jeff Goldblum,Ian Malcolm,,500,mountain/natural site (island),,new_spot,wp_mention;needs_scene;large_area_centroid;area_too_large(1435km2),https://www.wikidata.org/wiki/Q167726#P915 https://www.wikidata.org/wiki/Q201026 https://en.wikipedia.org/wiki/Kaua%CA%BBi
wikidata,Q1421504,Pittsburgh International Airport,40.495997,-80.256693,Allegheny County,US,international airport; airport; commercial traffic aerodrome,Q133654,The Silence of the Lambs,film,1991,tt0102926,102,152106,528.58,Jodie Foster,Clarice Starling,Scott Glenn,Jack Crawford,,150,building/castle/station (default),,new_spot,no_wp_mention;needs_scene;class_ban(airport),https://www.wikidata.org/wiki/Q133654#P915 https://www.wikidata.org/wiki/Q1421504 https://en.wikipedia.org/wiki/Pittsburgh_International_Airport
wikidata,Q1247373,Harrow School,51.5725,-0.335,London,GB,nonprofit organization; boarding school; boys' school; public school,Q102438,Harry Potter and the Philosopher's Stone,film,2001,tt0241527,99,215696,528.05,Daniel Radcliffe,Harry Potter,Rupert Grint,Ron Weasley,,60,stairs/street/cafe/shop (pub),,new_spot,wp_mention;needs_scene;not_a_spot(organization);reuses_unstamped_row(wikidata:Q1247373),https://www.wikidata.org/wiki/Q102438#P915 https://www.wikidata.org/wiki/Q1247373 https://en.wikipedia.org/wiki/Harrow_School
wikidata,Q745967,Christ Church,51.7502,-1.25585,Oxford,GB,charitable organization; college of the University of Oxford,Q102438,Harry Potter and the Philosopher's Stone,film,2001,tt0241527,99,184334,521.3,Daniel Radcliffe,Harry Potter,Rupert Grint,Ron Weasley,,150,building/castle/station (college),wikidata:Q745967,film_line_on_existing,wp_mention;needs_scene;not_a_spot(organization),https://www.wikidata.org/wiki/Q102438#P915 https://www.wikidata.org/wiki/Q745967 https://en.wikipedia.org/wiki/Christ_Church%2C_Oxford
wikidata,Q34924754,Chippewa Square,32.075833,-81.092778,Chatham County,US,park,Q134773,Forrest Gump,film,1994,tt0109830,137,5868,516.29,Tom Hanks,Forrest Gump,Gary Sinise,Lieutenant Dan Taylor,,300,beach/park/ranch/set (park),,new_spot,wp_mention;needs_scene;reuses_unstamped_row(wikidata:Q34924754),https://www.wikidata.org/wiki/Q134773#P915 https://www.wikidata.org/wiki/Q34924754 https://en.wikipedia.org/wiki/Chippewa_Square_%28Savannah%2C_Georgia%29
wikidata,Q168383,Universal Pictures,34.137069,-118.353292,,US,film studio; film production company,Q161087,Pirates of the Caribbean: Dead Man's Chest,film,2006,tt0383574,84,1254909,512.28,Orlando Bloom,Will Turner,Keira Knightley,Elizabeth Swann,,300,beach/park/ranch/set (studio),,new_spot,no_wp_mention;needs_scene;not_a_spot(film production company);studio_backlot(film studio);no_city;possible_dup:near_stamp_distinct_item(Universal Studios Hollywood|146m),https://www.wikidata.org/wiki/Q161087#P915 https://www.wikidata.org/wiki/Q168383 https://en.wikipedia.org/wiki/Universal_Pictures
wikidata,Q661896,Pinewood Studios,51.548611,-0.535,Iver,GB,film studio,Q5890,V for Vendetta,film,2005,tt0434409,98,162271,510.6,Hugo Weaving,V,Natalie Portman,Evey Hammond,,300,beach/park/ranch/set (studio),,new_spot,no_wp_mention;needs_scene;studio_backlot(film studio),https://www.wikidata.org/wiki/Q5890#P915 https://www.wikidata.org/wiki/Q661896 https://en.wikipedia.org/wiki/Pinewood_Studios
wikidata,Q3888479,Four Corners Monument,36.998976,-109.045172,San Juan County,US,boundary marker,Q1079,Breaking Bad,tv,2008,tt0903747,103,83985,507.19,Anna Gunn,Skyler White,Aaron Paul,Jesse Pinkman,,150,building/castle/station (default),,new_spot,via_season_or_episode;wp_mention;needs_scene,https://www.wikidata.org/wiki/Q1079#P915 https://www.wikidata.org/wiki/Q3888479 https://en.wikipedia.org/wiki/Four_Corners_Monument
curated,Q15246,International Finance Centre,22.285,114.159167,Hong Kong,HK,building,Q163872,The Dark Knight,film,2008,tt0468569,107,52540,505.09,Christian Bale,Bruce Wayne,Michael Caine,Alfred Pennyworth,Batman leaps from 2 IFC to 1 IFC.,150,building/castle/station (curated class building),,new_spot,,https://www.wikidata.org/wiki/Q15246 https://en.wikipedia.org/wiki/International_Finance_Centre_%28Hong_Kong%29 https://en.wikipedia.org/wiki/The_Dark_Knight
wikidata,Q21578,Princeton University,40.345278,-74.656111,Princeton,US,private university; colonial colleges; research university; private not-for-profit educational institution,Q164103,A Beautiful Mind,film,2001,tt0268978,86,680249,501.61,Russell Crowe,John Forbes Nash,Ed Harris,William Parcher,,60,stairs/street/cafe/shop (pub),,new_spot,wp_mention;needs_scene,https://www.wikidata.org/wiki/Q164103#P915 https://www.wikidata.org/wiki/Q21578 https://en.wikipedia.org/wiki/Princeton_University
wikidata,Q181172,Tikal,17.222094,-89.623614,Petén Department,GT,archaeological site,Q17738,Star Wars: Episode IV – A New Hope,film,1977,tt0076759,96,159254,499.4,Harrison Ford,Han Solo,Alec Guinness,Obi-Wan Kenobi,,120,square/bridge/viaduct (arch),icon:Q181172,film_line_on_existing,wp_mention;needs_scene,https://www.wikidata.org/wiki/Q17738#P915 https://www.wikidata.org/wiki/Q181172 https://en.wikipedia.org/wiki/Tikal
wikidata,Q19813,Hatfield House,51.7606,-0.2092,Hatfield,GB,English country house; historic house museum; country house,Q5890,V for Vendetta,film,2005,tt0434409,98,124135,499.2,Hugo Weaving,V,Natalie Portman,Evey Hammond,,150,building/castle/station (museum),wikidata:Q19813,film_line_on_existing,wp_mention;needs_scene,https://www.wikidata.org/wiki/Q5890#P915 https://www.wikidata.org/wiki/Q19813 https://en.wikipedia.org/wiki/Hatfield_House
wikidata,Q746207,Durham Cathedral,54.773475,-1.576215,City of Durham,GB,organization; Anglican or Episcopal cathedral,Q102438,Harry Potter and the Philosopher's Stone,film,2001,tt0241527,99,109965,499.08,Daniel Radcliffe,Harry Potter,Rupert Grint,Ron Weasley,,150,building/castle/station (cathedral),wikidata:Q746207,film_line_on_existing,wp_mention;needs_scene;not_a_spot(organization),https://www.wikidata.org/wiki/Q102438#P915 https://www.wikidata.org/wiki/Q746207 https://en.wikipedia.org/wiki/Durham_Cathedral
wikidata,Q867902,Cardiff City Stadium,51.472778,-3.203056,Cardiff,GB,stadium; association football venue,Q34316,Doctor Who,tv,1963,,99,108484,498.5,Sylvester McCoy,Seventh Doctor,Samuel Anderson,Danny Pink,,300,beach/park/ranch/set (stadium),,new_spot,via_season_or_episode;no_wp_mention;needs_scene;large_cast(66),https://www.wikidata.org/wiki/Q34316#P915 https://www.wikidata.org/wiki/Q867902 https://en.wikipedia.org/wiki/Cardiff_City_Stadium
curated,Q859404,Central–Mid-levels escalators,22.28101,114.15251,Hong Kong,HK,street,Q163872,The Dark Knight,film,2008,tt0468569,107,44751,497.64,Christian Bale,Bruce Wayne,Michael Caine,Alfred Pennyworth,Part of the film's Hong Kong shoot took place on the escalator.,60,stairs/street/cafe/shop (curated class street),,new_spot,scene_generic;possible_dup:near_stamp_distinct_item(Jamia Mosque|115m);reuses_unstamped_row(wikidata:Q859404),https://www.wikidata.org/wiki/Q859404 https://en.wikipedia.org/wiki/Central%E2%80%93Mid-Levels_escalator https://en.wikipedia.org/wiki/The_Dark_Knight
wikidata,Q212862,East River,40.786944,-73.9175,New York City,US,strait; estuary,Q34316,Doctor Who,tv,1963,,99,100778,495.33,Sylvester McCoy,Seventh Doctor,Samuel Anderson,Danny Pink,,150,building/castle/station (default),,new_spot,via_season_or_episode;no_wp_mention;needs_scene;large_cast(66),https://www.wikidata.org/wiki/Q34316#P915 https://www.wikidata.org/wiki/Q212862 https://en.wikipedia.org/wiki/East_River
curated,Q1757744,The Peninsula Hong Kong,22.295292,114.171531,Hong Kong,HK,building,Q163872,The Dark Knight,film,2008,tt0468569,107,35779,487.24,Christian Bale,Bruce Wayne,Michael Caine,Alfred Pennyworth,A scene with Lucius Fox and Lau was filmed at the hotel.,150,building/castle/station (curated class building),,new_spot,,https://www.wikidata.org/wiki/Q1757744 https://en.wikipedia.org/wiki/The_Dark_Knight https://en.wikipedia.org/wiki/The_Peninsula_Hong_Kong
wikidata,Q85744869,Bad Wolf,51.473076,-3.152569,,,organization; television production company,Q34316,Doctor Who,tv,1963,,99,81411,486.16,Sylvester McCoy,Seventh Doctor,Samuel Anderson,Danny Pink,,150,building/castle/station (default),,new_spot,via_season_or_episode;wp_mention;needs_scene;large_cast(66);not_a_spot(television production company);no_city;no_country,https://www.wikidata.org/wiki/Q34316#P915 https://www.wikidata.org/wiki/Q85744869 https://en.wikipedia.org/wiki/Bad_Wolf_%28production_company%29
wikidata,Q192017,Monument Valley,36.983333,-110.1,San Juan County,US,valley; structural basin,Q103474,2001: A Space Odyssey,film,1968,tt0062622,90,251520,486.05,Keir Dullea,David Bowman,Gary Lockwood,Frank Poole,,500,mountain/natural site (valley),icon:Q192017,film_line_on_existing,wp_mention;needs_scene;large_area_centroid,https://www.wikidata.org/wiki/Q103474#P915 https://www.wikidata.org/wiki/Q192017 https://en.wikipedia.org/wiki/Monument_Valley
wikidata,Q2822407,FBI Academy,38.530219,-77.445928,Prince William County,US,police academy; research center; United States federal agency,Q133654,The Silence of the Lambs,film,1991,tt0102926,102,57044,485.13,Jodie Foster,Clarice Starling,Scott Glenn,Jack Crawford,,150,building/castle/station (default),,new_spot,wp_mention;needs_scene;not_a_spot(federal agency),https://www.wikidata.org/wiki/Q133654#P915 https://www.wikidata.org/wiki/Q2822407 https://en.wikipedia.org/wiki/FBI_Academy
wikidata,Q131347,Oahu,21.485,-157.965,Honolulu County,US,island; volcanic island,Q23567,Lost,tv,2004,tt0411008,90,228561,482.31,Nestor Carbonell,Richard Alpert,Evangeline Lilly,Kate Austen,,500,mountain/natural site (island),,new_spot,wp_mention;needs_scene;large_cast(90);large_area_centroid;area_too_large(1545km2),https://www.wikidata.org/wiki/Q23567#P915 https://www.wikidata.org/wiki/Q131347 https://en.wikipedia.org/wiki/O%CA%BBahu
wikidata,Q239935,City of Arts and Sciences,39.454528,-0.350364,Valencia,ES,museum; tourist destination; cultural center; building complex,Q34316,Doctor Who,tv,1963,,99,73736,481.9,Sylvester McCoy,Seventh Doctor,Samuel Anderson,Danny Pink,,150,building/castle/station (building),,new_spot,via_season_or_episode;wp_mention;needs_scene;large_cast(66),https://www.wikidata.org/wiki/Q34316#P915 https://www.wikidata.org/wiki/Q239935 https://en.wikipedia.org/wiki/City_of_Arts_and_Sciences
wikidata,Q270263,London Zoo,51.535556,-0.155833,London,GB,zoo,Q102438,Harry Potter and the Philosopher's Stone,film,2001,tt0241527,99,69600,479.42,Daniel Radcliffe,Harry Potter,Rupert Grint,Ron Weasley,,300,beach/park/ranch/set (zoo),wikidata:Q270263,film_line_on_existing,wp_mention;needs_scene,https://www.wikidata.org/wiki/Q102438#P915 https://www.wikidata.org/wiki/Q270263 https://en.wikipedia.org/wiki/London_Zoo
wikidata,Q262500,Gloucester Cathedral,51.8673,-2.24654,Gloucester,GB,Anglican or Episcopal cathedral,Q102438,Harry Potter and the Philosopher's Stone,film,2001,tt0241527,99,67019,477.79,Daniel Radcliffe,Harry Potter,Rupert Grint,Ron Weasley,,150,building/castle/station (cathedral),wikidata:Q262500,film_line_on_existing,wp_mention;needs_scene,https://www.wikidata.org/wiki/Q102438#P915 https://www.wikidata.org/wiki/Q262500 https://en.wikipedia.org/wiki/Gloucester_Cathedral
wikidata,Q19835,"Warner Bros. Studios, Leavesden",51.693333,-0.419722,Abbots Langley,GB,film studio; film set,Q102438,Harry Potter and the Philosopher's Stone,film,2001,tt0241527,99,65379,476.73,Daniel Radcliffe,Harry Potter,Rupert Grint,Ron Weasley,,300,beach/park/ranch/set (film set),,new_spot,wp_mention;needs_scene;possible_dup:near_stamp(icon:Q27924395|339m),https://www.wikidata.org/wiki/Q102438#P915 https://www.wikidata.org/wiki/Q19835 https://en.wikipedia.org/wiki/Warner_Bros._Studios_Leavesden
wikidata,Q756819,Strand,51.5114,-0.119,London,GB,street,Q5890,V for Vendetta,film,2005,tt0434409,98,72988,476.6,Hugo Weaving,V,Natalie Portman,Evey Hammond,,60,stairs/street/cafe/shop (street),,new_spot,no_wp_mention;needs_scene;possible_dup:near_stamp_distinct_item(Lyceum Theatre|56m);possible_dup:near_stamp_distinct_item(Novello Theatre|112m);possible_dup:near_stamp_distinct_item(Somerset House|117m);possible_dup:near_stamp(wikidata:Q536866|170m),https://www.wikidata.org/wiki/Q5890#P915 https://www.wikidata.org/wiki/Q756819 https://en.wikipedia.org/wiki/Strand%2C_London
wikidata,Q5519656,Gamble House,34.151561,-118.1608,Pasadena,US,single-family detached home,Q91540,Back to the Future,film,1985,tt0088763,103,39655,473.63,Christopher Lloyd,Emmett Brown,Lea Thompson,Lorraine Baines McFly,,150,building/castle/station (default),,new_spot,wp_mention;needs_scene;reuses_unstamped_row(wikidata:Q5519656),https://www.wikidata.org/wiki/Q91540#P915 https://www.wikidata.org/wiki/Q5519656 https://en.wikipedia.org/wiki/Gamble_House_%28Pasadena%2C_California%29
wikidata,Q961148,Leadenhall Market,51.5127,-0.0835,City of London,GB,market; market hall,Q102438,Harry Potter and the Philosopher's Stone,film,2001,tt0241527,99,59079,472.37,Daniel Radcliffe,Harry Potter,Rupert Grint,Ron Weasley,,150,building/castle/station (hall),,new_spot,wp_mention;needs_scene;possible_dup:near_stamp_distinct_item(Lloyds of London|72m),https://www.wikidata.org/wiki/Q102438#P915 https://www.wikidata.org/wiki/Q961148 https://en.wikipedia.org/wiki/Leadenhall_Market
wikidata,Q661896,Pinewood Studios,51.548611,-0.535,Iver,GB,film studio,Q102225,Harry Potter and the Goblet of Fire,film,2005,tt0330373,90,162271,468.92,Daniel Radcliffe,Harry Potter,Rupert Grint,Ron Weasley,,300,beach/park/ranch/set (studio),,new_spot,wp_mention;needs_scene;studio_backlot(film studio),https://www.wikidata.org/wiki/Q102225#P915 https://www.wikidata.org/wiki/Q661896 https://en.wikipedia.org/wiki/Pinewood_Studios
curated,Q235884,Chhatrapati Shivaji Maharaj Terminus,18.9398,72.8355,Mumbai City district,IN,station,Q125076,Slumdog Millionaire,film,2008,tt1010048,89,176425,466.94,Dev Patel,Jamal Malik,Tanay Chheda,Jamal Malik,"The ""Jai Ho"" dance number was filmed at the station.",150,building/castle/station (curated class station),wikidata:Q235884,film_line_on_existing,cast_skips_unroled(Freida Pinto),https://www.wikidata.org/wiki/Q235884 https://en.wikipedia.org/wiki/Chhatrapati_Shivaji_Terminus
wikidata,Q990658,Aldwych tube station,51.51215,-0.11595,London,GB,underground railway station; filming location; station building; former railway station,Q5890,V for Vendetta,film,2005,tt0434409,98,56875,465.98,Hugo Weaving,V,Natalie Portman,Evey Hammond,,150,building/castle/station (building),wikidata:Q990658,film_line_on_existing,wp_mention;needs_scene,https://www.wikidata.org/wiki/Q5890#P915 https://www.wikidata.org/wiki/Q990658 https://en.wikipedia.org/wiki/Aldwych_tube_station
wikidata,Q7734970,The Fountain Studios,51.5612,-0.2818,,GB,built structure,Q79784,Friends,tv,1994,tt0108778,111,13973,460.13,Jennifer Aniston,Rachel Green,Courteney Cox,Monica Geller,,150,building/castle/station (default),,new_spot,via_season_or_episode;no_wp_mention;needs_scene;studio_backlot(name);no_city,https://www.wikidata.org/wiki/Q79784#P915 https://www.wikidata.org/wiki/Q7734970 https://en.wikipedia.org/wiki/Fountain_Studios
wikidata,Q18924400,Hobbiton Movie Set,-37.8575,175.679722,Matamata-Piako District,NZ,filming location,Q127367,The Lord of the Rings: The Fellowship of the Ring,film,2001,tt0120737,97,48991,454.94,Elijah Wood,Frodo Baggins,Ian McKellen,Gandalf,,150,building/castle/station (default),icon:Q18924400,film_line_on_existing,no_wp_mention;needs_scene,https://www.wikidata.org/wiki/Q127367#P915 https://www.wikidata.org/wiki/Q18924400 https://en.wikipedia.org/wiki/Hobbiton_Movie_Set
wikidata,Q72081,Ealing Studios,51.509167,-0.3075,London,GB,film studio; film production company,Q34316,Doctor Who,tv,1963,,99,38783,454.28,Sylvester McCoy,Seventh Doctor,Samuel Anderson,Danny Pink,,300,beach/park/ranch/set (studio),,new_spot,via_season_or_episode;wp_mention;needs_scene;large_cast(66);not_a_spot(film production company);studio_backlot(film studio),https://www.wikidata.org/wiki/Q34316#P915 https://www.wikidata.org/wiki/Q72081 https://en.wikipedia.org/wiki/Ealing_Studios
wikidata,Q15523,Lake Como,46.0,9.266667,Lombardy,IT,glacial lake,Q181069,Star Wars: Episode II – Attack of the Clones,film,2002,tt0121765,82,345247,454.13,Natalie Portman,Padmé Amidala,Ewan McGregor,Obi-Wan Kenobi,,500,mountain/natural site (lake),icon:Q15523,film_line_on_existing,wp_mention;needs_scene;large_area_centroid,https://www.wikidata.org/wiki/Q181069#P915 https://www.wikidata.org/wiki/Q15523 https://en.wikipedia.org/wiki/Lake_Como
wikidata,Q262500,Gloucester Cathedral,51.8673,-2.24654,Gloucester,GB,Anglican or Episcopal cathedral,Q102244,Harry Potter and the Chamber of Secrets,film,2002,tt0295297,94,67019,453.66,Daniel Radcliffe,Harry Potter,Warwick Davis,Filius Flitwick,,150,building/castle/station (cathedral),wikidata:Q262500,film_line_on_existing,wp_mention;needs_scene,https://www.wikidata.org/wiki/Q102244#P915 https://www.wikidata.org/wiki/Q262500 https://en.wikipedia.org/wiki/Gloucester_Cathedral
wikidata,Q1376987,New College,51.754167,-1.251111,Oxford,GB,charitable organization; college of the University of Oxford; university building,Q102225,Harry Potter and the Goblet of Fire,film,2005,tt0330373,90,107567,452.85,Daniel Radcliffe,Harry Potter,Rupert Grint,Ron Weasley,,150,building/castle/station (building),wikidata:Q1376987,film_line_on_existing,wp_mention;needs_scene;not_a_spot(organization),https://www.wikidata.org/wiki/Q102225#P915 https://www.wikidata.org/wiki/Q1376987 https://en.wikipedia.org/wiki/New_College%2C_Oxford
wikidata,Q569978,Caesars Palace,36.1165,-115.174,Clark County,US,hotel; casino; music venue,Q192724,Iron Man,film,2008,tt0371746,84,228952,450.22,Robert Downey Jr.,Tony Stark,Terrence Howard,James Rhodes,,150,building/castle/station (hotel),,new_spot,wp_mention;needs_scene,https://www.wikidata.org/wiki/Q192724#P915 https://www.wikidata.org/wiki/Q569978 https://en.wikipedia.org/wiki/Caesars_Palace
wikidata,Q1420500,Swansea University,51.609722,-3.980556,Swansea,GB,charitable organization; open-access publisher; public research university,Q34316,Doctor Who,tv,1963,,99,34190,448.86,Sylvester McCoy,Seventh Doctor,Samuel Anderson,Danny Pink,,60,stairs/street/cafe/shop (pub),,new_spot,via_season_or_episode;no_wp_mention;needs_scene;large_cast(66);not_a_spot(organization),https://www.wikidata.org/wiki/Q34316#P915 https://www.wikidata.org/wiki/Q1420500 https://en.wikipedia.org/wiki/Swansea_University
wikidata,Q549206,Tudor City,40.748889,-73.970833,New York City,US,building complex,Q34316,Doctor Who,tv,1963,,99,34136,448.79,Sylvester McCoy,Seventh Doctor,Samuel Anderson,Danny Pink,,150,building/castle/station (building),,new_spot,via_season_or_episode;no_wp_mention;needs_scene;large_cast(66),https://www.wikidata.org/wiki/Q34316#P915 https://www.wikidata.org/wiki/Q549206 https://en.wikipedia.org/wiki/Tudor_City
wikidata,Q3699365,Culver Studios,34.023894,-118.392475,,US,film studio; film production company,Q2875,Gone with the Wind,film,1939,tt0031381,97,39120,445.46,Clark Gable,Rhett Butler,Vivien Leigh,Scarlett O'Hara,,300,beach/park/ranch/set (studio),wikidata:Q3699365,film_line_on_existing,wp_mention;needs_scene;not_a_spot(film production company);studio_backlot(film studio);no_city,https://www.wikidata.org/wiki/Q2875#P915 https://www.wikidata.org/wiki/Q3699365 https://en.wikipedia.org/wiki/Culver_Studios
wikidata,Q99236,Millau Viaduct,44.080278,3.0225,Millau,FR,cable-stayed bridge; road bridge; steel bridge,Q484020,Mr. Bean,tv,1990,tt0096657,84,198542,445.02,Rowan Atkinson,Mr. Bean,,,,120,square/bridge/viaduct (bridge),,new_spot,via_season_or_episode;no_wp_mention;needs_scene;needs_roles,https://www.wikidata.org/wiki/Q484020#P915 https://www.wikidata.org/wiki/Q99236 https://en.wikipedia.org/wiki/Millau_Viaduct
wikidata,Q1071445,Cheyenne Mountain,38.737194,-104.881,Colorado,US,mountain,Q13417189,Interstellar,film,2014,tt0816692,98,34122,444.24,Matthew McConaughey,Joseph Cooper,Anne Hathaway,Amelia Brand,,500,mountain/natural site (mountain),,new_spot,wp_mention;needs_scene;large_area_centroid,https://www.wikidata.org/wiki/Q13417189#P915 https://www.wikidata.org/wiki/Q1071445 https://en.wikipedia.org/wiki/Cheyenne_Mountain
wikidata,Q32378156,Cementerio de Sad Hill,41.990506,-3.40845,Santo Domingo de Silos,ES,filming location,Q41483,"The Good, the Bad and the Ugly",film,1966,tt0060196,95,45980,442.94,Clint Eastwood,Man with No Name,Lee Van Cleef,Angel Eyes,,150,building/castle/station (default),,new_spot,wp_mention;needs_scene,https://www.wikidata.org/wiki/Q41483#P915 https://www.wikidata.org/wiki/Q32378156 https://en.wikipedia.org/wiki/Sad_Hill_Cemetery
wikidata,Q1043983,Carnegie Museum of Natural History,40.443611,-79.95,Pittsburgh,US,natural history museum,Q133654,The Silence of the Lambs,film,1991,tt0102926,102,21902,442.73,Jodie Foster,Clarice Starling,Scott Glenn,Jack Crawford,,500,mountain/natural site (natural),wikidata:Q2263119,film_line_on_existing,no_wp_mention;needs_scene,https://www.wikidata.org/wiki/Q133654#P915 https://www.wikidata.org/wiki/Q1043983 https://en.wikipedia.org/wiki/Carnegie_Museum_of_Natural_History
wikidata,Q19835,"Warner Bros. Studios, Leavesden",51.693333,-0.419722,Abbots Langley,GB,film studio; film set,Q165713,Star Wars: Episode I – The Phantom Menace,film,1999,tt0120915,91,65379,438.21,Liam Neeson,Qui-Gon Jinn,Ewan McGregor,Obi-Wan Kenobi,,300,beach/park/ranch/set (film set),,new_spot,wp_mention;needs_scene;possible_dup:near_stamp(icon:Q27924395|339m),https://www.wikidata.org/wiki/Q165713#P915 https://www.wikidata.org/wiki/Q19835 https://en.wikipedia.org/wiki/Warner_Bros._Studios_Leavesden
wikidata,Q800754,Farringdon station,51.520556,-0.105,London,GB,railway station; London Underground station; underground station; station located in a cut,Q5890,V for Vendetta,film,2005,tt0434409,98,29048,437.39,Hugo Weaving,V,Natalie Portman,Evey Hammond,,150,building/castle/station (station),,new_spot,no_wp_mention;needs_scene,https://www.wikidata.org/wiki/Q5890#P915 https://www.wikidata.org/wiki/Q800754 https://en.wikipedia.org/wiki/Farringdon_station
wikidata,Q1702652,Joliet Correctional Center,41.546944,-88.074167,Will County,US,prison,Q80044,Prison Break,tv,2005,tt0455275,89,79579,436.17,Wentworth Miller,Michael Scofield,Dominic Purcell,Lincoln Burrows,,150,building/castle/station (prison),,new_spot,"wp_mention;needs_scene;not_a_spot(prison, no visitor class)",https://www.wikidata.org/wiki/Q80044#P915 https://www.wikidata.org/wiki/Q1702652 https://en.wikipedia.org/wiki/Joliet_Correctional_Center
wikidata,Q18438,Long Island,40.78886,-73.23349,New York,US,island; moraine,Q1392744,The Wolf of Wall Street,film,2013,tt0993846,75,646835,435.81,Leonardo DiCaprio,Jordan Belfort,Jonah Hill,Donnie Azoff,,500,mountain/natural site (island),,new_spot,wp_mention;needs_scene;large_area_centroid;area_too_large(3566km2),https://www.wikidata.org/wiki/Q1392744#P915 https://www.wikidata.org/wiki/Q18438 https://en.wikipedia.org/wiki/Long_Island
wikidata,Q4918900,Mentmore Towers,51.868221,-0.690619,Mentmore,GB,English country house,Q166262,Batman Begins,film,2005,tt0372784,85,133248,435.6,Christian Bale,Bruce Wayne,Michael Caine,Alfred Pennyworth,,150,building/castle/station (house),,new_spot,wp_mention;needs_scene,https://www.wikidata.org/wiki/Q166262#P915 https://www.wikidata.org/wiki/Q4918900 https://en.wikipedia.org/wiki/Mentmore_Towers
wikidata,Q661896,Pinewood Studios,51.548611,-0.535,Iver,GB,film studio,Q161678,Harry Potter and the Deathly Hallows – Part 1,film,2010,tt0926084,83,162271,432.45,Daniel Radcliffe,Harry Potter,Ralph Fiennes,Lord Voldemort,,300,beach/park/ranch/set (studio),,new_spot,no_wp_mention;needs_scene;studio_backlot(film studio),https://www.wikidata.org/wiki/Q161678#P915 https://www.wikidata.org/wiki/Q661896 https://en.wikipedia.org/wiki/Pinewood_Studios
wikidata,Q2078595,Walt Disney Studios,34.1571,-118.3257,Burbank,US,film studio; corporate headquarters,Q161087,Pirates of the Caribbean: Dead Man's Chest,film,2006,tt0383574,84,130510,429.71,Orlando Bloom,Will Turner,Keira Knightley,Elizabeth Swann,,300,beach/park/ranch/set (studio),,new_spot,wp_mention;needs_scene;studio_backlot(film studio);class_ban(corporate headquarters);reuses_unstamped_row(wikidata:Q2078595),https://www.wikidata.org/wiki/Q161087#P915 https://www.wikidata.org/wiki/Q2078595 https://en.wikipedia.org/wiki/Walt_Disney_Studios_%28Burbank%29
wikidata,Q262500,Gloucester Cathedral,51.8673,-2.24654,Gloucester,GB,Anglican or Episcopal cathedral,Q161687,Harry Potter and the Half-Blood Prince,film,2009,tt0417741,89,67019,429.53,Rupert Grint,Ron Weasley,Emma Watson,Hermione Granger,,150,building/castle/station (cathedral),wikidata:Q262500,film_line_on_existing,wp_mention;needs_scene,https://www.wikidata.org/wiki/Q161687#P915 https://www.wikidata.org/wiki/Q262500 https://en.wikipedia.org/wiki/Gloucester_Cathedral
curated,Q849143,Chott el Djerid,33.7,8.433333,Kebili Governorate,TN,natural,Q17738,Star Wars: Episode IV – A New Hope,film,1977,tt0076759,96,29170,428.64,Harrison Ford,Han Solo,Alec Guinness,Obi-Wan Kenobi,Principal photography began on the salt flat in March 1976.,500,mountain/natural site (curated class natural),,new_spot,large_area_centroid,https://www.wikidata.org/wiki/Q849143 https://en.wikipedia.org/wiki/Chott_el_Djerid https://en.wikipedia.org/wiki/Star_Wars_%28film%29
wikidata,Q10285,Colosseum,41.890278,12.492222,Roma Capitale,IT,stadium; archaeological site; Italian national museum; Roman amphitheatre,Q18602670,Spectre,film,2015,tt2379713,70,1238996,426.51,Daniel Craig,James Bond,Christoph Waltz,Ernst Stavro Blofeld / Franz Oberhauser,,120,square/bridge/viaduct (arch),icon:Q10285,film_line_on_existing,no_wp_mention;needs_scene,https://www.wikidata.org/wiki/Q18602670#P915 https://www.wikidata.org/wiki/Q10285 https://en.wikipedia.org/wiki/Colosseum
wikidata,Q474326,Walt Disney Concert Hall,34.055278,-118.25,Los Angeles,US,concert hall,Q192724,Iron Man,film,2008,tt0371746,84,116462,425.56,Robert Downey Jr.,Tony Stark,Terrence Howard,James Rhodes,,150,building/castle/station (hall),curated:united-states-los-angeles-walt-disney-concert-hall,film_line_on_existing,wp_mention;needs_scene,https://www.wikidata.org/wiki/Q192724#P915 https://www.wikidata.org/wiki/Q474326 https://en.wikipedia.org/wiki/Walt_Disney_Concert_Hall
wikidata,Q2134416,Normandy American Cemetery and Memorial,49.36,-0.8575,Colleville-sur-Mer,FR,war cemetery,Q165817,Saving Private Ryan,film,1998,tt0120815,86,84275,423.61,Tom Hanks,Captain John H. Miller,Matt Damon,Private First Class James Francis Ryan,,300,beach/park/ranch/set (cemetery),wikidata:Q2134416,film_line_on_existing,wp_mention;needs_scene,https://www.wikidata.org/wiki/Q165817#P915 https://www.wikidata.org/wiki/Q2134416 https://en.wikipedia.org/wiki/Normandy_American_Cemetery_and_Memorial
wikidata,Q8691,London Heathrow Airport,51.4775,-0.461389,London,GB,international airport; commercial traffic aerodrome,Q105702,Dr. Strangelove,film,1964,tt0057012,72,737882,422.5,Peter Sellers,Merkin Muffley / Dr. Strangelove,,,,150,building/castle/station (default),,new_spot,no_wp_mention;needs_scene;needs_roles;class_ban(airport),https://www.wikidata.org/wiki/Q105702#P915 https://www.wikidata.org/wiki/Q8691 https://en.wikipedia.org/wiki/Heathrow_Airport
wikidata,Q1122196,Harris,57.921389,-6.829444,Outer Hebrides,GB,peninsula,Q103474,2001: A Space Odyssey,film,1968,tt0062622,90,49392,422.43,Keir Dullea,David Bowman,Gary Lockwood,Frank Poole,,500,mountain/natural site (peninsula),,new_spot,wp_mention;needs_scene;large_area_centroid;area_too_large(401km2),https://www.wikidata.org/wiki/Q103474#P915 https://www.wikidata.org/wiki/Q1122196 https://en.wikipedia.org/wiki/Harris%2C_Outer_Hebrides
curated,Q2670896,Ksar Ouled Soltane,32.788533,10.514567,Tataouine Governorate,TN,castle,Q165713,Star Wars: Episode I – The Phantom Menace,film,1999,tt0120915,91,39557,418.35,Liam Neeson,Qui-Gon Jinn,Ewan McGregor,Obi-Wan Kenobi,"Stood in for the slave quarters of Mos Espa, where young Anakin lived.",150,building/castle/station (curated class castle),wikidata:Q2670896,film_line_on_existing,,https://www.wikidata.org/wiki/Q2670896 https://en.wikipedia.org/wiki/Ksar_Ouled_Soltane
wikidata,Q285468,Hashima Island,32.627778,129.738333,Nagasaki,JP,island; mine; uninhabited island,Q4941,Skyfall,film,2012,tt1074638,78,229012,418.07,Daniel Craig,James Bond,Javier Bardem,Raoul Silva,,500,mountain/natural site (island),wikidata:Q285468,film_line_on_existing,wp_mention;needs_scene;large_area_centroid,https://www.wikidata.org/wiki/Q4941#P915 https://www.wikidata.org/wiki/Q285468 https://en.wikipedia.org/wiki/Hashima_Island
wikidata,Q49148,Martha's Vineyard,41.4,-70.616667,Dukes County,US,island,Q189505,Jaws,film,1975,tt0073195,72,638016,417.95,Roy Scheider,Martin Brody,Richard Dreyfuss,Matt Hooper,,500,mountain/natural site (island),wikidata:Q49148,film_line_on_existing,wp_mention;needs_scene;cast_skips_unroled(Robert Shaw);large_area_centroid,https://www.wikidata.org/wiki/Q189505#P915 https://www.wikidata.org/wiki/Q49148 https://en.wikipedia.org/wiki/Martha%27s_Vineyard
wikidata,Q290355,pont de Bir-Hakeim,48.855556,2.287778,Paris,FR,metro bridge,Q25188,Inception,film,2010,tt1375666,97,19953,417.1,Leonardo DiCaprio,Dominick Cobb,Ken Watanabe,Saito,,120,square/bridge/viaduct (bridge),wikidata:Q290355,film_line_on_existing,wp_mention;needs_scene,https://www.wikidata.org/wiki/Q25188#P915 https://www.wikidata.org/wiki/Q290355 https://en.wikipedia.org/wiki/Pont_de_Bir-Hakeim
wikidata,Q810953,Battersea Power Station,51.4811,-0.144444,London,GB,coal-fired power station,Q160060,The King's Speech,film,2010,tt1504320,78,221927,417.0,Colin Firth,George VI,Geoffrey Rush,Lionel Logue,,150,building/castle/station (station),,new_spot,"wp_mention;needs_scene;not_a_spot(power station, no visitor class);reuses_unstamped_row(wikidata:Q810953)",https://www.wikidata.org/wiki/Q160060#P915 https://www.wikidata.org/wiki/Q810953 https://en.wikipedia.org/wiki/Battersea_Power_Station
wikidata,Q2748848,South Bimini Airport,25.7,-79.263333,The Bahamas,BS,airport; commercial traffic aerodrome,Q133654,The Silence of the Lambs,film,1991,tt0102926,102,11753,415.16,Jodie Foster,Clarice Starling,Scott Glenn,Jack Crawford,,150,building/castle/station (default),,new_spot,no_wp_mention;needs_scene;class_ban(airport),https://www.wikidata.org/wiki/Q133654#P915 https://www.wikidata.org/wiki/Q2748848 https://en.wikipedia.org/wiki/South_Bimini_Airport
wikidata,Q5463,Rocky Mountains,44.15,-113.8,Utah,US,mountain range; non-geologically related mountain range,Q105702,Dr. Strangelove,film,1964,tt0057012,72,522760,411.72,Peter Sellers,Merkin Muffley / Dr. Strangelove,,,,500,mountain/natural site (mountain),,new_spot,no_wp_mention;needs_scene;needs_roles;not_a_spot(mountain range);large_area_centroid,https://www.wikidata.org/wiki/Q105702#P915 https://www.wikidata.org/wiki/Q5463 https://en.wikipedia.org/wiki/Rocky_Mountains
wikidata,Q19675,Louvre Museum,48.861111,2.335833,Paris,FR,art museum; archaeological museum,Q160560,The Da Vinci Code,film,2006,tt0382625,70,733553,410.58,Tom Hanks,Robert Langdon,Audrey Tautou,Sophie Neveu,,120,square/bridge/viaduct (arch),icon:Q19675,film_line_on_existing,wp_mention;needs_scene,https://www.wikidata.org/wiki/Q160560#P915 https://www.wikidata.org/wiki/Q19675 https://en.wikipedia.org/wiki/Louvre
wikidata,Q7837467,Tredegar House,51.5616,-3.02814,Newport,GB,nonprofit organization; country house,Q34316,Doctor Who,tv,1963,,99,13804,409.86,Sylvester McCoy,Seventh Doctor,Samuel Anderson,Danny Pink,,150,building/castle/station (house),,new_spot,via_season_or_episode;wp_mention;needs_scene;large_cast(66);not_a_spot(country);reuses_unstamped_row(wikidata:Q7837467),https://www.wikidata.org/wiki/Q34316#P915 https://www.wikidata.org/wiki/Q7837467 https://en.wikipedia.org/wiki/Tredegar_House
wikidata,Q1759446,Villa Balbianello,45.965056,9.202473,Tremezzina,IT,villa; architectural ensemble; historic house museum; trophy property,Q42051,Star Wars: Episode III – Revenge of the Sith,film,2005,tt0121766,86,54746,407.5,Natalie Portman,Padmé Amidala,Ewan McGregor,Obi-Wan Kenobi,,120,square/bridge/viaduct (arch),wikidata:Q1759446,film_line_on_existing,no_wp_mention;needs_scene,https://www.wikidata.org/wiki/Q42051#P915 https://www.wikidata.org/wiki/Q1759446 https://en.wikipedia.org/wiki/Villa_del_Balbianello
wikidata,Q661896,Pinewood Studios,51.548611,-0.535,Iver,GB,film studio,Q4941,Skyfall,film,2012,tt1074638,78,162271,406.4,Daniel Craig,James Bond,Javier Bardem,Raoul Silva,,300,beach/park/ranch/set (studio),,new_spot,wp_mention;needs_scene;studio_backlot(film studio),https://www.wikidata.org/wiki/Q4941#P915 https://www.wikidata.org/wiki/Q661896 https://en.wikipedia.org/wiki/Pinewood_Studios
wikidata,Q5933,Westminster Abbey,51.4994,-0.127367,London,GB,abbey church; collegiate church; Royal Peculiar; Anglican church building,Q18602670,Spectre,film,2015,tt2379713,70,627116,405.81,Daniel Craig,James Bond,Christoph Waltz,Ernst Stavro Blofeld / Franz Oberhauser,,150,building/castle/station (building),icon:Q5933,film_line_on_existing,no_wp_mention;needs_scene,https://www.wikidata.org/wiki/Q18602670#P915 https://www.wikidata.org/wiki/Q5933 https://en.wikipedia.org/wiki/Westminster_Abbey
wikidata,Q590259,Company's Garden,-33.927778,18.416944,City of Cape Town,ZA,park; garden,Q34316,Doctor Who,tv,1963,,99,12504,405.61,Sylvester McCoy,Seventh Doctor,Samuel Anderson,Danny Pink,,300,beach/park/ranch/set (park),,new_spot,via_season_or_episode;no_wp_mention;needs_scene;large_cast(66),https://www.wikidata.org/wiki/Q34316#P915 https://www.wikidata.org/wiki/Q590259 https://en.wikipedia.org/wiki/Company%27s_Garden
wikidata,Q1202039,"Royal Holloway, University of London",51.4248,-0.566731,Surrey,GB,university; higher education institution; organization; college,Q14171368,Avengers: Age of Ultron,film,2015,tt2395427,82,87084,405.08,Robert Downey Jr.,Tony Stark,Chris Hemsworth,Thor,,150,building/castle/station (college),,new_spot,no_wp_mention;needs_scene;not_a_spot(organization),https://www.wikidata.org/wiki/Q14171368#P915 https://www.wikidata.org/wiki/Q1202039 https://en.wikipedia.org/wiki/Royal_Holloway%2C_University_of_London
wikidata,Q8691,London Heathrow Airport,51.4775,-0.461389,London,GB,international airport; commercial traffic aerodrome,Q190588,Love Actually,film,2003,tt0314331,69,737882,404.89,Hugh Grant,David,Liam Neeson,Daniel,,150,building/castle/station (default),,new_spot,wp_mention;needs_scene;class_ban(airport),https://www.wikidata.org/wiki/Q190588#P915 https://www.wikidata.org/wiki/Q8691 https://en.wikipedia.org/wiki/Heathrow_Airport
curated,Q131315947,Hotel Sidi Driss,33.542714,9.967273,Matmata,TN,building,Q17738,Star Wars: Episode IV – A New Hope,film,1977,tt0076759,96,16438,404.72,Harrison Ford,Han Solo,Alec Guinness,Obi-Wan Kenobi,The scenes of Luke Skywalker's Tatooine home were filmed at the hotel.,150,building/castle/station (curated class building),,new_spot,"pageviews_proxy(Matmata, Tunisia);reuses_unstamped_row(wikidata:Q338512)",https://www.wikidata.org/wiki/Q131315947 https://en.wikipedia.org/wiki/Matmata%2C_Tunisia https://en.wikipedia.org/wiki/Star_Wars_%28film%29
wikidata,Q5575368,Goathland railway station,54.4007,-0.712124,Goathland,GB,railway station,Q102438,Harry Potter and the Philosopher's Stone,film,2001,tt0241527,99,11918,403.55,Daniel Radcliffe,Harry Potter,Rupert Grint,Ron Weasley,,150,building/castle/station (station),,new_spot,wp_mention;needs_scene;reuses_unstamped_row(wikidata:Q5575368),https://www.wikidata.org/wiki/Q102438#P915 https://www.wikidata.org/wiki/Q5575368 https://en.wikipedia.org/wiki/Goathland_railway_station
wikidata,Q11690,Wall Street,40.706185,-74.009107,New York City,US,street,Q484675,Léon: The Professional,film,1994,tt0110413,73,333997,403.23,Gary Oldman,Norman Stansfield,,,,60,stairs/street/cafe/shop (street),wikidata:Q11690,film_line_on_existing,no_wp_mention;needs_scene;needs_roles;lead_without_role;cast_skips_unroled(Natalie Portman),https://www.wikidata.org/wiki/Q484675#P915 https://www.wikidata.org/wiki/Q11690 https://en.wikipedia.org/wiki/Wall_Street
curated,Q309436,Aït Benhaddou,31.05,-7.133333,Ait Zineb,MA,castle,Q228186,Lawrence of Arabia,film,1962,tt0056172,79,122769,402.04,Jack Hawkins,"Edmund Allenby, 1st Viscount Allenby",Anthony Quinn,Auda ibu Tayi,One of the many films shot at the ksar.,150,building/castle/station (curated class castle),icon:Q309436,film_line_on_existing,scene_generic,https://www.wikidata.org/wiki/Q309436 https://en.wikipedia.org/wiki/A%C3%AFt_Benhaddou
wikidata,Q595439,Santa Monica Pier,34.008611,-118.498611,Santa Monica,US,amusement park; pier,Q192724,Iron Man,film,2008,tt0371746,84,60304,401.55,Robert Downey Jr.,Tony Stark,Terrence Howard,James Rhodes,,120,square/bridge/viaduct (pier),curated:united-states-los-angeles-santa-monica-pier,film_line_on_existing,wp_mention;needs_scene,https://www.wikidata.org/wiki/Q192724#P915 https://www.wikidata.org/wiki/Q595439 https://en.wikipedia.org/wiki/Santa_Monica_Pier
wikidata,Q19835,"Warner Bros. Studios, Leavesden",51.693333,-0.419722,Abbots Langley,GB,film studio; film set,Q161678,Harry Potter and the Deathly Hallows – Part 1,film,2010,tt0926084,83,65379,399.68,Daniel Radcliffe,Harry Potter,Ralph Fiennes,Lord Voldemort,,300,beach/park/ranch/set (film set),,new_spot,no_wp_mention;needs_scene;possible_dup:near_stamp(icon:Q27924395|339m),https://www.wikidata.org/wiki/Q161678#P915 https://www.wikidata.org/wiki/Q19835 https://en.wikipedia.org/wiki/Warner_Bros._Studios_Leavesden
wikidata,Q1505269,Alabama Hills,36.61,-118.1,Inyo County,US,mountain range,Q192724,Iron Man,film,2008,tt0371746,84,56131,398.93,Robert Downey Jr.,Tony Stark,Terrence Howard,James Rhodes,,500,mountain/natural site (mountain),wikidata:Q1505269,film_line_on_existing,wp_mention;needs_scene;not_a_spot(mountain range);large_area_centroid,https://www.wikidata.org/wiki/Q192724#P915 https://www.wikidata.org/wiki/Q1505269 https://en.wikipedia.org/wiki/Alabama_Hills
curated,Q40729,Wadi Rum,29.5765,35.419928,Aqaba Governorate,JO,natural,Q228186,Lawrence of Arabia,film,1962,tt0056172,79,111132,398.62,Jack Hawkins,"Edmund Allenby, 1st Viscount Allenby",Anthony Quinn,Auda ibu Tayi,David Lean filmed much of the film's desert on location here.,500,mountain/natural site (curated class natural),icon:Q40729,film_line_on_existing,large_area_centroid,https://www.wikidata.org/wiki/Q40729 https://en.wikipedia.org/wiki/Lawrence_of_Arabia_%28film%29 https://en.wikipedia.org/wiki/Wadi_Rum
wikidata,Q19813,Hatfield House,51.7606,-0.2092,Hatfield,GB,English country house; historic house museum; country house,Q160060,The King's Speech,film,2010,tt1504320,78,124135,397.32,Colin Firth,George VI,Geoffrey Rush,Lionel Logue,,150,building/castle/station (museum),wikidata:Q19813,film_line_on_existing,wp_mention;needs_scene,https://www.wikidata.org/wiki/Q160060#P915 https://www.wikidata.org/wiki/Q19813 https://en.wikipedia.org/wiki/Hatfield_House
wikidata,Q180788,National Gallery,51.508889,-0.128333,London,GB,national museum,Q4941,Skyfall,film,2012,tt1074638,78,124056,397.3,Daniel Craig,James Bond,Javier Bardem,Raoul Silva,,150,building/castle/station (museum),curated:united-kingdom-london-the-national-gallery,film_line_on_existing,wp_mention;needs_scene,https://www.wikidata.org/wiki/Q4941#P915 https://www.wikidata.org/wiki/Q180788 https://en.wikipedia.org/wiki/National_Gallery
wikidata,Q619505,Elland Road,53.777778,-1.572222,Leeds,GB,association football venue; rugby union venue; rugby league venue,Q160060,The King's Speech,film,2010,tt1504320,78,123691,397.2,Colin Firth,George VI,Geoffrey Rush,Lionel Logue,,150,building/castle/station (default),,new_spot,wp_mention;needs_scene,https://www.wikidata.org/wiki/Q160060#P915 https://www.wikidata.org/wiki/Q619505 https://en.wikipedia.org/wiki/Elland_Road
wikidata,Q25322,Arctic,89.9997,0.0,,,part of the world,Q105702,Dr. Strangelove,film,1964,tt0057012,72,322203,396.59,Peter Sellers,Merkin Muffley / Dr. Strangelove,,,,150,building/castle/station (default),,new_spot,no_wp_mention;needs_scene;needs_roles;not_a_spot(part of the world);area_too_large(27000000km2);no_city;no_country,https://www.wikidata.org/wiki/Q105702#P915 https://www.wikidata.org/wiki/Q25322 https://en.wikipedia.org/wiki/Arctic
wikidata,Q205666,Hampton Court Palace,51.4034,-0.337499,London,GB,palace; theatre building; historic house museum; independent museum,Q183555,Pirates of the Caribbean: On Stranger Tides,film,2011,tt1298650,74,227523,396.42,Penélope Cruz,Angelica,Ian McShane,Blackbeard,,150,building/castle/station (building),wikidata:Q205666,film_line_on_existing,wp_mention;needs_scene,https://www.wikidata.org/wiki/Q183555#P915 https://www.wikidata.org/wiki/Q205666 https://en.wikipedia.org/wiki/Hampton_Court_Palace
wikidata,Q179734,Vatnajökull,64.4,-16.8,Southern Region,IS,ice cap,Q166262,Batman Begins,film,2005,tt0372784,85,45725,396.11,Christian Bale,Bruce Wayne,Michael Caine,Alfred Pennyworth,,150,building/castle/station (default),,new_spot,wp_mention;needs_scene;area_too_large(7700km2),https://www.wikidata.org/wiki/Q166262#P915 https://www.wikidata.org/wiki/Q179734 https://en.wikipedia.org/wiki/Vatnaj%C3%B6kull
wikidata,Q201026,Kauaʻi,22.07,-159.4975,Kauai County,US,island; volcanic island,Q183555,Pirates of the Caribbean: On Stranger Tides,film,2011,tt1298650,74,224836,396.04,Penélope Cruz,Angelica,Ian McShane,Blackbeard,,500,mountain/natural site (island),,new_spot,wp_mention;needs_scene;large_area_centroid;area_too_large(1435km2),https://www.wikidata.org/wiki/Q183555#P915 https://www.wikidata.org/wiki/Q201026 https://en.wikipedia.org/wiki/Kaua%CA%BBi
wikidata,Q661896,Pinewood Studios,51.548611,-0.535,Iver,GB,film studio,Q102754,Dr. No,film,1962,tt0055928,76,162271,395.98,Sean Connery,James Bond,Ursula Andress,Honey Rider,,300,beach/park/ranch/set (studio),,new_spot,wp_mention;needs_scene;studio_backlot(film studio),https://www.wikidata.org/wiki/Q102754#P915 https://www.wikidata.org/wiki/Q661896 https://en.wikipedia.org/wiki/Pinewood_Studios
wikidata,Q208181,Blenheim Palace,51.841363,-1.360948,Blenheim,GB,garden; English country house; historic house museum,Q18602670,Spectre,film,2015,tt2379713,70,448141,395.6,Daniel Craig,James Bond,Christoph Waltz,Ernst Stavro Blofeld / Franz Oberhauser,,300,beach/park/ranch/set (garden),wikidata:Q208181,film_line_on_existing,wp_mention;needs_scene,https://www.wikidata.org/wiki/Q18602670#P915 https://www.wikidata.org/wiki/Q208181 https://en.wikipedia.org/wiki/Blenheim_Palace
wikidata,Q16668873,Paramount Pictures Studios,34.085313,-118.318969,,US,film studio,Q134773,Forrest Gump,film,1994,tt0109830,137,762,394.91,Tom Hanks,Forrest Gump,Gary Sinise,Lieutenant Dan Taylor,,300,beach/park/ranch/set (studio),,new_spot,wp_mention;needs_scene;studio_backlot(film studio);no_city,https://www.wikidata.org/wiki/Q134773#P915 https://www.wikidata.org/wiki/Q16668873 https://en.wikipedia.org/wiki/Paramount_Pictures_Studios
wikidata,Q579004,Ely Cathedral,52.398611,0.263889,Ely,GB,Anglican or Episcopal cathedral,Q160060,The King's Speech,film,2010,tt1504320,78,111632,393.73,Colin Firth,George VI,Geoffrey Rush,Lionel Logue,,150,building/castle/station (cathedral),wikidata:Q579004,film_line_on_existing,wp_mention;needs_scene,https://www.wikidata.org/wiki/Q160060#P915 https://www.wikidata.org/wiki/Q579004 https://en.wikipedia.org/wiki/Ely_Cathedral
wikidata,Q15523,Lake Como,46.0,9.266667,Lombardy,IT,glacial lake,Q151904,Casino Royale,film,2006,tt0381061,71,345247,393.21,Daniel Craig,James Bond,Mads Mikkelsen,Le Chiffre,,500,mountain/natural site (lake),icon:Q15523,film_line_on_existing,wp_mention;needs_scene;large_area_centroid,https://www.wikidata.org/wiki/Q151904#P915 https://www.wikidata.org/wiki/Q15523 https://en.wikipedia.org/wiki/Lake_Como
curated,Q505954,Grand Bazaar,41.010581,28.967933,Fatih,TR,building,Q4941,Skyfall,film,2012,tt1074638,78,108856,392.87,Daniel Craig,James Bond,Javier Bardem,Raoul Silva,The bazaar was closed for filming during the film's Istanbul shoot.,150,building/castle/station (curated class building),icon:Q505954,film_line_on_existing,scene_generic,https://www.wikidata.org/wiki/Q505954 https://en.wikipedia.org/wiki/Skyfall
wikidata,Q19686,River Thames,51.694444,-2.029722,Oxfordshire,GB,river,Q18602670,Spectre,film,2015,tt2379713,70,390685,391.43,Daniel Craig,James Bond,Christoph Waltz,Ernst Stavro Blofeld / Franz Oberhauser,,500,mountain/natural site (river),wikidata:Q19686,film_line_on_existing,wp_mention;needs_scene;not_a_spot(river);large_area_centroid,https://www.wikidata.org/wiki/Q18602670#P915 https://www.wikidata.org/wiki/Q19686 https://en.wikipedia.org/wiki/River_Thames
wikidata,Q661896,Pinewood Studios,51.548611,-0.535,Iver,GB,film studio,Q6074,Star Wars: Episode VII – The Force Awakens,film,2015,tt2488496,75,162271,390.77,Harrison Ford,Han Solo,Mark Hamill,Luke Skywalker,,300,beach/park/ranch/set (studio),,new_spot,wp_mention;needs_scene;studio_backlot(film studio),https://www.wikidata.org/wiki/Q6074#P915 https://www.wikidata.org/wiki/Q661896 https://en.wikipedia.org/wiki/Pinewood_Studios
wikidata,Q661896,Pinewood Studios,51.548611,-0.535,Iver,GB,film studio,Q186341,The Shining,film,1980,tt0081505,75,162271,390.77,Jack Nicholson,Jack Torrance,Shelley Duvall,Wendy Torrance,,300,beach/park/ranch/set (studio),,new_spot,no_wp_mention;needs_scene;studio_backlot(film studio),https://www.wikidata.org/wiki/Q186341#P915 https://www.wikidata.org/wiki/Q661896 https://en.wikipedia.org/wiki/Pinewood_Studios
wikidata,Q4731292,Old Allegheny County Jail,40.438472,-79.995528,Pittsburgh,US,prison,Q133654,The Silence of the Lambs,film,1991,tt0102926,102,6732,390.48,Jodie Foster,Clarice Starling,Scott Glenn,Jack Crawford,,150,building/castle/station (prison),,new_spot,"wp_mention;needs_scene;not_a_spot(prison, no visitor class);reuses_unstamped_row(wikidata:Q4731291)",https://www.wikidata.org/wiki/Q133654#P915 https://www.wikidata.org/wiki/Q4731292 https://en.wikipedia.org/wiki/Allegheny_County_Jail
wikidata,Q168383,Universal Pictures,34.137069,-118.353292,,US,film studio; film production company,Q106428,Apollo 13,film,1995,tt0112384,64,1254909,390.31,Tom Hanks,Jim Lovell,Bill Paxton,Fred Haise,,300,beach/park/ranch/set (studio),,new_spot,wp_mention;needs_scene;not_a_spot(film production company);studio_backlot(film studio);no_city;possible_dup:near_stamp_distinct_item(Universal Studios Hollywood|146m),https://www.wikidata.org/wiki/Q106428#P915 https://www.wikidata.org/wiki/Q168383 https://en.wikipedia.org/wiki/Universal_Pictures
wikidata,Q18438,Long Island,40.78886,-73.23349,New York,US,island; moraine,Q208269,Eternal Sunshine of the Spotless Mind,film,2004,tt0338013,67,646835,389.32,Jim Carrey,Joel Barish,Kate Winslet,Clementine Kruczynski,,500,mountain/natural site (island),,new_spot,no_wp_mention;needs_scene;large_area_centroid;area_too_large(3566km2),https://www.wikidata.org/wiki/Q208269#P915 https://www.wikidata.org/wiki/Q18438 https://en.wikipedia.org/wiki/Long_Island
wikidata,Q1759446,Villa Balbianello,45.965056,9.202473,Tremezzina,IT,villa; architectural ensemble; historic house museum; trophy property,Q181069,Star Wars: Episode II – Attack of the Clones,film,2002,tt0121765,82,54746,388.55,Natalie Portman,Padmé Amidala,Ewan McGregor,Obi-Wan Kenobi,,120,square/bridge/viaduct (arch),wikidata:Q1759446,film_line_on_existing,wp_mention;needs_scene,https://www.wikidata.org/wiki/Q181069#P915 https://www.wikidata.org/wiki/Q1759446 https://en.wikipedia.org/wiki/Villa_del_Balbianello
wikidata,Q3108687,Glen Nevis,56.770556,-5.035556,Highland,GB,glen,Q102438,Harry Potter and the Philosopher's Stone,film,2001,tt0241527,99,8324,388.12,Daniel Radcliffe,Harry Potter,Rupert Grint,Ron Weasley,,150,building/castle/station (default),,new_spot,no_wp_mention;needs_scene;reuses_unstamped_row(wikidata:Q3108687),https://www.wikidata.org/wiki/Q102438#P915 https://www.wikidata.org/wiki/Q3108687 https://en.wikipedia.org/wiki/Glen_Nevis
wikidata,Q240711,Hotel Chelsea,40.744444,-73.996944,New York City,US,hotel,Q484675,Léon: The Professional,film,1994,tt0110413,73,206968,388.06,Gary Oldman,Norman Stansfield,,,,150,building/castle/station (hotel),,new_spot,wp_mention;needs_scene;needs_roles;lead_without_role;cast_skips_unroled(Natalie Portman),https://www.wikidata.org/wiki/Q484675#P915 https://www.wikidata.org/wiki/Q240711 https://en.wikipedia.org/wiki/Hotel_Chelsea
wikidata,Q866345,Grand Bahama,26.65,-78.316667,The Bahamas,BS,island,Q161087,Pirates of the Caribbean: Dead Man's Chest,film,2006,tt0383574,84,40286,386.83,Orlando Bloom,Will Turner,Keira Knightley,Elizabeth Swann,,500,mountain/natural site (island),,new_spot,wp_mention;needs_scene;large_area_centroid;area_too_large(1096km2),https://www.wikidata.org/wiki/Q161087#P915 https://www.wikidata.org/wiki/Q866345 https://en.wikipedia.org/wiki/Grand_Bahama
curated,Q12506,Hagia Sophia,41.008333,28.98,Istanbul,TR,building,Q106571,From Russia with Love,film,1963,tt0057076,64,1071497,385.92,Sean Connery,James Bond,Pedro Armendáriz,Ali Kerim Bey,One of the film's Istanbul locations.,150,building/castle/station (curated class building),curated:turkey-istanbul-hagia-sophia,film_line_on_existing,scene_generic,https://www.wikidata.org/wiki/Q12506 https://en.wikipedia.org/wiki/From_Russia_with_Love_%28film%29
wikidata,Q661896,Pinewood Studios,51.548611,-0.535,Iver,GB,film studio,Q183555,Pirates of the Caribbean: On Stranger Tides,film,2011,tt1298650,74,162271,385.56,Penélope Cruz,Angelica,Ian McShane,Blackbeard,,300,beach/park/ranch/set (studio),,new_spot,wp_mention;needs_scene;studio_backlot(film studio),https://www.wikidata.org/wiki/Q183555#P915 https://www.wikidata.org/wiki/Q661896 https://en.wikipedia.org/wiki/Pinewood_Studios
wikidata,Q723336,Ascot Racecourse,51.4161,-0.676944,Sunninghill and Ascot,GB,horse racing venue,Q4941,Skyfall,film,2012,tt1074638,78,85631,384.75,Daniel Craig,James Bond,Javier Bardem,Raoul Silva,,150,building/castle/station (default),wikidata:Q723336,film_line_on_existing,wp_mention;needs_scene,https://www.wikidata.org/wiki/Q4941#P915 https://www.wikidata.org/wiki/Q723336 https://en.wikipedia.org/wiki/Ascot_Racecourse
wikidata,Q16974828,Englefield House,51.4431,-1.10603,Englefield,GB,country house,Q160060,The King's Speech,film,2010,tt1504320,78,84916,384.46,Colin Firth,George VI,Geoffrey Rush,Lionel Logue,,150,building/castle/station (house),,new_spot,wp_mention;needs_scene;not_a_spot(country),https://www.wikidata.org/wiki/Q160060#P915 https://www.wikidata.org/wiki/Q16974828 https://en.wikipedia.org/wiki/Englefield_House
curated,Q7801881,Tikal Temple IV,17.2237,-89.6299,Petén Department,GT,building,Q17738,Star Wars: Episode IV – A New Hope,film,1977,tt0076759,96,10109,384.46,Harrison Ford,Han Solo,Alec Guinness,Obi-Wan Kenobi,A scene for the moon Yavin 4 was shot at the temple.,150,building/castle/station (curated class building),wikidata:Q7801881,film_line_on_existing,,https://www.wikidata.org/wiki/Q7801881 https://en.wikipedia.org/wiki/Star_Wars_%28film%29 https://en.wikipedia.org/wiki/Tikal_Temple_IV
wikidata,Q379656,Saint Vincent,13.25,-61.2,,VC,island,Q161087,Pirates of the Caribbean: Dead Man's Chest,film,2006,tt0383574,84,37620,384.34,Orlando Bloom,Will Turner,Keira Knightley,Elizabeth Swann,,500,mountain/natural site (island),icon:Q379656,film_line_on_existing,wp_mention;needs_scene;large_area_centroid;no_city,https://www.wikidata.org/wiki/Q161087#P915 https://www.wikidata.org/wiki/Q379656 https://en.wikipedia.org/wiki/Saint_Vincent_%28Saint_Vincent_and_the_Grenadines%29
wikidata,Q18438,Long Island,40.78886,-73.23349,New York,US,island; moraine,Q4254026,The Amazing Spider-Man 2,film,2014,tt1872181,66,646835,383.51,Andrew Garfield,Peter Parker,Emma Stone,Gwen Stacy,,500,mountain/natural site (island),,new_spot,no_wp_mention;needs_scene;large_area_centroid;area_too_large(3566km2),https://www.wikidata.org/wiki/Q4254026#P915 https://www.wikidata.org/wiki/Q18438 https://en.wikipedia.org/wiki/Long_Island
wikidata,Q5038370,Cardiff Bay Barrage,51.44812,-3.1647,,GB,tidal barrage,Q34316,Doctor Who,tv,1963,,99,7386,382.98,Sylvester McCoy,Seventh Doctor,Samuel Anderson,Danny Pink,,60,stairs/street/cafe/shop (bar),,new_spot,"via_season_or_episode;no_wp_mention;needs_scene;large_cast(66);not_a_spot(power station, no visitor class);no_city",https://www.wikidata.org/wiki/Q34316#P915 https://www.wikidata.org/wiki/Q5038370 https://en.wikipedia.org/wiki/Cardiff_Bay_Barrage
wikidata,Q575901,Griffith Observatory,34.118561,-118.300369,Los Angeles,US,organization; astronomical observatory,Q20856802,La La Land,film,2016,tt3783958,75,125520,382.4,Emma Stone,Mia Dolan,Ryan Gosling,Seb Wilder,,150,building/castle/station (default),curated:united-states-los-angeles-griffith-observatory,film_line_on_existing,wp_mention;needs_scene;cast_skips_unroled(J. K. Simmons);not_a_spot(organization),https://www.wikidata.org/wiki/Q20856802#P915 https://www.wikidata.org/wiki/Q575901 https://en.wikipedia.org/wiki/Griffith_Observatory
wikidata,Q129143,Trafalgar Square,51.508056,-0.128056,London,GB,square,Q18602670,Spectre,film,2015,tt2379713,70,290327,382.4,Daniel Craig,James Bond,Christoph Waltz,Ernst Stavro Blofeld / Franz Oberhauser,,120,square/bridge/viaduct (square),wikidata:Q129143,film_line_on_existing,no_wp_mention;needs_scene,https://www.wikidata.org/wiki/Q18602670#P915 https://www.wikidata.org/wiki/Q129143 https://en.wikipedia.org/wiki/Trafalgar_Square
wikidata,Q15523,Lake Como,46.0,9.266667,Lombardy,IT,glacial lake,Q181540,Quantum of Solace,film,2008,tt0830515,69,345247,382.13,Daniel Craig,James Bond,Olga Kurylenko,Camille Montes,,500,mountain/natural site (lake),icon:Q15523,film_line_on_existing,no_wp_mention;needs_scene;large_area_centroid,https://www.wikidata.org/wiki/Q181540#P915 https://www.wikidata.org/wiki/Q15523 https://en.wikipedia.org/wiki/Lake_Como
wikidata,Q245247,King's College London,51.511944,-0.116111,London,GB,educational organization; public research university; constituent college; academic publisher,Q160560,The Da Vinci Code,film,2006,tt0382625,70,284427,381.78,Tom Hanks,Robert Langdon,Audrey Tautou,Sophie Neveu,,60,stairs/street/cafe/shop (pub),,new_spot,wp_mention;needs_scene;not_a_spot(organization);possible_dup:near_stamp_distinct_item(Aldwych station|25m);possible_dup:near_stamp_distinct_item(St Mary le Strand|61m),https://www.wikidata.org/wiki/Q160560#P915 https://www.wikidata.org/wiki/Q245247 https://en.wikipedia.org/wiki/King%27s_College_London
wikidata,Q456685,Ambassador Hotel,34.059722,-118.297222,Los Angeles,US,hotel building,Q208108,Catch Me If You Can,film,2002,tt0264464,76,101932,380.63,Leonardo DiCaprio,"Frank Abagnale, Jr.",Tom Hanks,Joseph Shea,,150,building/castle/station (building),,new_spot,wp_mention;needs_scene;demolished_or_closed(2006),https://www.wikidata.org/wiki/Q208108#P915 https://www.wikidata.org/wiki/Q456685 https://en.wikipedia.org/wiki/Ambassador_Hotel_%28Los_Angeles%29
wikidata,Q661896,Pinewood Studios,51.548611,-0.535,Iver,GB,film studio,Q18406872,Doctor Strange,film,2016,tt1211837,73,162271,380.35,Benedict Cumberbatch,Stephen Strange,Chiwetel Ejiofor,Karl Mordo,,300,beach/park/ranch/set (studio),,new_spot,no_wp_mention;needs_scene;studio_backlot(film studio),https://www.wikidata.org/wiki/Q18406872#P915 https://www.wikidata.org/wiki/Q661896 https://en.wikipedia.org/wiki/Pinewood_Studios
wikidata,Q1632912,Palais Galliera,48.865556,2.296667,Paris,FR,museum,Q25188,Inception,film,2010,tt1375666,97,8319,380.25,Leonardo DiCaprio,Dominick Cobb,Ken Watanabe,Saito,,150,building/castle/station (museum),,new_spot,no_wp_mention;needs_scene,https://www.wikidata.org/wiki/Q25188#P915 https://www.wikidata.org/wiki/Q1632912 https://en.wikipedia.org/wiki/Palais_Galliera
curated,Q2124779,Spitzkoppe,-21.825627,15.195108,,NA,mountain,Q103474,2001: A Space Odyssey,film,1968,tt0062622,90,16350,379.22,Keir Dullea,David Bowman,Gary Lockwood,Frank Poole,"Still photographs of the peaks became the backgrounds of the ""Dawn of Man"" sequence.",500,mountain/natural site (curated class mountain),,new_spot,evidence_weak;no_city;reuses_unstamped_row(icon:Q2124779),https://www.wikidata.org/wiki/Q2124779 https://en.wikipedia.org/wiki/2001%3A_A_Space_Odyssey https://en.wikipedia.org/wiki/Spitzkoppe
wikidata,Q1747631,Skippers Canyon,-44.8789,168.626,Otago Region,NZ,canyon,Q127367,The Lord of the Rings: The Fellowship of the Ring,film,2001,tt0120737,97,8017,378.69,Elijah Wood,Frodo Baggins,Ian McKellen,Gandalf,,500,mountain/natural site (canyon),,new_spot,no_wp_mention;needs_scene;large_area_centroid,https://www.wikidata.org/wiki/Q127367#P915 https://www.wikidata.org/wiki/Q1747631 https://en.wikipedia.org/wiki/Skippers_Canyon
wikidata,Q18438,Long Island,40.78886,-73.23349,New York,US,island; moraine,Q233464,Annie Hall,film,1977,tt0075686,65,646835,377.7,,,,,,500,mountain/natural site (island),,new_spot,wp_mention;needs_scene;needs_roles;lead_without_role;large_area_centroid;area_too_large(3566km2),https://www.wikidata.org/wiki/Q233464#P915 https://www.wikidata.org/wiki/Q18438 https://en.wikipedia.org/wiki/Long_Island
wikidata,Q129143,Trafalgar Square,51.508056,-0.128056,London,GB,square,Q190588,Love Actually,film,2003,tt0314331,69,290327,376.94,Hugh Grant,David,Liam Neeson,Daniel,,120,square/bridge/viaduct (square),wikidata:Q129143,film_line_on_existing,wp_mention;needs_scene,https://www.wikidata.org/wiki/Q190588#P915 https://www.wikidata.org/wiki/Q129143 https://en.wikipedia.org/wiki/Trafalgar_Square
wikidata,Q1920322,Fox Plaza,34.055282,-118.412804,Los Angeles,US,skyscraper,Q105598,Die Hard,film,1988,tt0095016,78,67355,376.61,Bruce Willis,John McClane,Alexander Godunov,Karl,,150,building/castle/station (skyscraper),,new_spot,wp_mention;needs_scene;reuses_unstamped_row(wikidata:Q1920322),https://www.wikidata.org/wiki/Q105598#P915 https://www.wikidata.org/wiki/Q1920322 https://en.wikipedia.org/wiki/2121_Avenue_of_the_Stars
wikidata,Q198536,SIS Building,51.487222,-0.124167,London,GB,building of public administration,Q18602670,Spectre,film,2015,tt2379713,70,239938,376.61,Daniel Craig,James Bond,Christoph Waltz,Ernst Stavro Blofeld / Franz Oberhauser,,60,stairs/street/cafe/shop (pub),,new_spot,wp_mention;needs_scene,https://www.wikidata.org/wiki/Q18602670#P915 https://www.wikidata.org/wiki/Q198536 https://en.wikipedia.org/wiki/SIS_Building
wikidata,Q6759081,Margam Country Park,51.5628,-3.72556,Margam,GB,country park,Q34316,Doctor Who,tv,1963,,99,6264,375.9,Sylvester McCoy,Seventh Doctor,Samuel Anderson,Danny Pink,,300,beach/park/ranch/set (park),,new_spot,via_season_or_episode;wp_mention;needs_scene;large_cast(66);not_a_spot(country),https://www.wikidata.org/wiki/Q34316#P915 https://www.wikidata.org/wiki/Q6759081 https://en.wikipedia.org/wiki/Margam_Country_Park
wikidata,Q2946,Palace of Versailles,48.804722,2.120278,Versailles,FR,palace; art museum; château; royal palace,Q206124,Midnight in Paris,film,2011,tt1605783,64,744083,375.78,Owen Wilson,Gil Pender,Rachel McAdams,Inez,,150,building/castle/station (palace),icon:Q2946,film_line_on_existing,wp_mention;needs_scene,https://www.wikidata.org/wiki/Q206124#P915 https://www.wikidata.org/wiki/Q2946 https://en.wikipedia.org/wiki/Palace_of_Versailles
wikidata,Q661896,Pinewood Studios,51.548611,-0.535,Iver,GB,film studio,Q181086,A Clockwork Orange,film,1971,tt0066921,72,162271,375.14,Malcolm McDowell,Alex,,,,300,beach/park/ranch/set (studio),,new_spot,no_wp_mention;needs_scene;needs_roles;lead_without_role;cast_skips_unroled(Patrick Magee);studio_backlot(film studio),https://www.wikidata.org/wiki/Q181086#P915 https://www.wikidata.org/wiki/Q661896 https://en.wikipedia.org/wiki/Pinewood_Studios
wikidata,Q390169,Lincoln Cathedral,53.234444,-0.536111,Lincoln,GB,Anglican or Episcopal cathedral,Q160560,The Da Vinci Code,film,2006,tt0382625,70,226673,374.88,Tom Hanks,Robert Langdon,Audrey Tautou,Sophie Neveu,,150,building/castle/station (cathedral),wikidata:Q390169,film_line_on_existing,wp_mention;needs_scene,https://www.wikidata.org/wiki/Q160560#P915 https://www.wikidata.org/wiki/Q390169 https://en.wikipedia.org/wiki/Lincoln_Cathedral
wikidata,Q83101,Taipei 101,25.033611,121.564722,Xicun Village,TW,skyscraper,Q15624215,Lucy,film,2014,tt2872732,62,1087560,374.26,Morgan Freeman,Professor Norman,Choi Min-sik,Mr. Jang,,150,building/castle/station (skyscraper),icon:Q83101,film_line_on_existing,wp_mention;needs_scene,https://www.wikidata.org/wiki/Q15624215#P915 https://www.wikidata.org/wiki/Q83101 https://en.wikipedia.org/wiki/Taipei_101
wikidata,Q19841,Knebworth House,51.8728,-0.2148,Knebworth,GB,English country house; historic house museum; country house,Q160060,The King's Speech,film,2010,tt1504320,78,62305,373.97,Colin Firth,George VI,Geoffrey Rush,Lionel Logue,,150,building/castle/station (museum),wikidata:Q19841,film_line_on_existing,wp_mention;needs_scene,https://www.wikidata.org/wiki/Q160060#P915 https://www.wikidata.org/wiki/Q19841 https://en.wikipedia.org/wiki/Knebworth_House
wikidata,Q745296,Flushing Meadows–Corona Park,40.743746,-73.84479,New York City,US,urban park,Q205028,Iron Man 2,film,2010,tt1228705,74,112232,373.71,Robert Downey Jr.,Tony Stark,Gwyneth Paltrow,Pepper Potts,,300,beach/park/ranch/set (park),wikidata:Q745296,film_line_on_existing,wp_mention;needs_scene,https://www.wikidata.org/wiki/Q205028#P915 https://www.wikidata.org/wiki/Q745296 https://en.wikipedia.org/wiki/Flushing_Meadows%E2%80%93Corona_Park
wikidata,Q1146311,Lancaster House,51.503889,-0.139167,London,GB,building,Q160060,The King's Speech,film,2010,tt1504320,78,60844,373.17,Colin Firth,George VI,Geoffrey Rush,Lionel Logue,,150,building/castle/station (building),,new_spot,wp_mention;needs_scene;possible_dup:near_stamp_distinct_item(St James's Palace|125m),https://www.wikidata.org/wiki/Q160060#P915 https://www.wikidata.org/wiki/Q1146311 https://en.wikipedia.org/wiki/Lancaster_House
curated,Q80290,Forbidden City,39.915833,116.390833,Beijing,CN,castle,Q212775,The Last Emperor,film,1987,tt0093389,64,659028,372.41,John Lone,Puyi,Joan Chen,Empress Wanrong,The first Western feature allowed to film inside: the toddler Puyi is summoned here to become emperor.,150,building/castle/station (curated class castle),icon:Q80290,film_line_on_existing,,https://www.wikidata.org/wiki/Q80290 https://en.wikipedia.org/wiki/Forbidden_City https://en.wikipedia.org/wiki/The_Last_Emperor
wikidata,Q164946,St Bartholomew's Hospital,51.5177,-0.100519,City of London,GB,medical school; building complex; hospital building,Q4941,Skyfall,film,2012,tt1074638,78,56817,370.85,Daniel Craig,James Bond,Javier Bardem,Raoul Silva,,150,building/castle/station (building),wikidata:Q1093271,film_line_on_existing,wp_mention;needs_scene,https://www.wikidata.org/wiki/Q4941#P915 https://www.wikidata.org/wiki/Q164946 https://en.wikipedia.org/wiki/St_Bartholomew%27s_Hospital
wikidata,Q661896,Pinewood Studios,51.548611,-0.535,Iver,GB,film studio,Q151904,Casino Royale,film,2006,tt0381061,71,162271,369.93,Daniel Craig,James Bond,Mads Mikkelsen,Le Chiffre,,300,beach/park/ranch/set (studio),,new_spot,wp_mention;needs_scene;studio_backlot(film studio),https://www.wikidata.org/wiki/Q151904#P915 https://www.wikidata.org/wiki/Q661896 https://en.wikipedia.org/wiki/Pinewood_Studios
wikidata,Q22001022,Elstree Studios,51.6587,-0.2758,Borehamwood,GB,film studio,Q174284,Raiders of the Lost Ark,film,1981,tt0082971,80,40836,368.88,John Rhys-Davies,Sallah,Harrison Ford,Indiana Jones,,300,beach/park/ranch/set (studio),,new_spot,wp_mention;needs_scene;studio_backlot(film studio),https://www.wikidata.org/wiki/Q174284#P915 https://www.wikidata.org/wiki/Q22001022 https://en.wikipedia.org/wiki/Elstree_Studios_%28Shenley_Road%29
wikidata,Q42291482,BBC Wales headquarters building,51.476667,-3.179444,Cardiff,GB,building,Q34316,Doctor Who,tv,1963,,99,5237,368.2,Sylvester McCoy,Seventh Doctor,Samuel Anderson,Danny Pink,,150,building/castle/station (building),,new_spot,via_season_or_episode;no_wp_mention;needs_scene;large_cast(66),https://www.wikidata.org/wiki/Q34316#P915 https://www.wikidata.org/wiki/Q42291482 https://en.wikipedia.org/wiki/BBC_Cymru_Wales_New_Broadcasting_House
wikidata,Q1670879,San Blas Islands,9.495833,-78.648889,Guna Yala,PA,island; archipelago,Q29647346,Money Heist,tv,2017,tt6468322,75,80867,368.08,Álvaro Morte,Professor,Pedro Alonso,Berlin,,120,square/bridge/viaduct (arch),icon:Q1670879,film_line_on_existing,no_wp_mention;needs_scene;not_a_spot(archipelago);large_area_centroid,https://www.wikidata.org/wiki/Q29647346#P915 https://www.wikidata.org/wiki/Q1670879 https://en.wikipedia.org/wiki/San_Blas_Islands
wikidata,Q7048038,Peacock Theater,34.044444,-118.2675,Los Angeles,US,theatre building; music venue,Q205028,Iron Man 2,film,2010,tt1228705,74,92931,367.64,Robert Downey Jr.,Tony Stark,Gwyneth Paltrow,Pepper Potts,,150,building/castle/station (building),,new_spot,no_wp_mention;needs_scene;reuses_unstamped_row(wikidata:Q7048038),https://www.wikidata.org/wiki/Q205028#P915 https://www.wikidata.org/wiki/Q7048038 https://en.wikipedia.org/wiki/Peacock_Theater
wikidata,Q1814818,Lloyd's building,51.513056,-0.0825,City of London,GB,tower block; administrative building,Q5887360,Guardians of the Galaxy,film,2014,tt2015381,72,123858,366.69,Chris Pratt,Peter Quill,Zoe Saldaña,Gamora,,150,building/castle/station (building),wikidata:Q1814818,film_line_on_existing,no_wp_mention;needs_scene,https://www.wikidata.org/wiki/Q5887360#P915 https://www.wikidata.org/wiki/Q1814818 https://en.wikipedia.org/wiki/Lloyd%27s_building
wikidata,Q7012089,New Theatre,51.4837,-3.17553,Cardiff,GB,theatre building,Q34316,Doctor Who,tv,1963,,99,5030,366.46,Sylvester McCoy,Seventh Doctor,Samuel Anderson,Danny Pink,,150,building/castle/station (building),,new_spot,via_season_or_episode;no_wp_mention;needs_scene;large_cast(66);reuses_unstamped_row(wikidata:Q7012089),https://www.wikidata.org/wiki/Q34316#P915 https://www.wikidata.org/wiki/Q7012089 https://en.wikipedia.org/wiki/New_Theatre%2C_Cardiff
wikidata,Q99172,Václav Havel Airport Prague,50.100833,14.26,Prague,CZ,international airport; commercial traffic aerodrome,Q151904,Casino Royale,film,2006,tt0381061,71,144615,366.38,Daniel Craig,James Bond,Mads Mikkelsen,Le Chiffre,,150,building/castle/station (default),,new_spot,wp_mention;needs_scene;class_ban(airport),https://www.wikidata.org/wiki/Q151904#P915 https://www.wikidata.org/wiki/Q99172 https://en.wikipedia.org/wiki/V%C3%A1clav_Havel_Airport_Prague
wikidata,Q1753590,Old Royal Naval College,51.483667,-0.005944,London,GB,heritage site; museum; archaeological site,Q4941,Skyfall,film,2012,tt1074638,78,48231,365.3,Daniel Craig,James Bond,Javier Bardem,Raoul Silva,,120,square/bridge/viaduct (arch),,new_spot,wp_mention;needs_scene;possible_dup:near_stamp_distinct_item(Palace of Placentia|117m),https://www.wikidata.org/wiki/Q4941#P915 https://www.wikidata.org/wiki/Q1753590 https://en.wikipedia.org/wiki/Old_Royal_Naval_College
wikidata,Q1753590,Old Royal Naval College,51.483667,-0.005944,London,GB,heritage site; museum; archaeological site,Q160060,The King's Speech,film,2010,tt1504320,78,48231,365.3,Colin Firth,George VI,Geoffrey Rush,Lionel Logue,,120,square/bridge/viaduct (arch),,new_spot,wp_mention;needs_scene;possible_dup:near_stamp_distinct_item(Palace of Placentia|117m),https://www.wikidata.org/wiki/Q160060#P915 https://www.wikidata.org/wiki/Q1753590 https://en.wikipedia.org/wiki/Old_Royal_Naval_College
wikidata,Q661896,Pinewood Studios,51.548611,-0.535,Iver,GB,film studio,Q104814,Aliens,film,1986,tt0090605,70,162271,364.72,William Hope,Scott Gorman,Paul Reiser,Carter Burke,,300,beach/park/ranch/set (studio),,new_spot,wp_mention;needs_scene;studio_backlot(film studio),https://www.wikidata.org/wiki/Q104814#P915 https://www.wikidata.org/wiki/Q661896 https://en.wikipedia.org/wiki/Pinewood_Studios
wikidata,Q661896,Pinewood Studios,51.548611,-0.535,Iver,GB,film studio,Q18602670,Spectre,film,2015,tt2379713,70,162271,364.72,Daniel Craig,James Bond,Christoph Waltz,Ernst Stavro Blofeld / Franz Oberhauser,,300,beach/park/ranch/set (studio),,new_spot,wp_mention;needs_scene;studio_backlot(film studio),https://www.wikidata.org/wiki/Q18602670#P915 https://www.wikidata.org/wiki/Q661896 https://en.wikipedia.org/wiki/Pinewood_Studios
wikidata,Q1124584,Sierra Madre Occidental,26.745722,-108.057861,,MX,mountain range,Q18002795,The Revenant,film,2015,tt1663202,73,98855,364.64,Leonardo DiCaprio,Hugh Glass,Tom Hardy,John Fitzgerald,,500,mountain/natural site (mountain),,new_spot,no_wp_mention;needs_scene;not_a_spot(mountain range);large_area_centroid;area_too_large(289000km2);no_city,https://www.wikidata.org/wiki/Q18002795#P915 https://www.wikidata.org/wiki/Q1124584 https://en.wikipedia.org/wiki/Sierra_Madre_Occidental
curated,Q21083961,Shibuya scramble crossing,35.659503,139.700544,Tokyo,JP,square,Q107270,Lost in Translation,film,2003,tt0335266,69,192542,364.63,Bill Murray,Bob Harris,Scarlett Johansson,Charlotte,"Filmed at the crossing, including the ""walking dinosaur"" video screen scene.",120,square/bridge/viaduct (curated class square),icon:Q21083961,film_line_on_existing,,https://www.wikidata.org/wiki/Q21083961 https://en.wikipedia.org/wiki/Lost_in_Translation https://en.wikipedia.org/wiki/Shibuya_Crossing
wikidata,Q1093944,San Francisco City Hall,37.779278,-122.419278,San Francisco,US,Rathaus; city hall,Q174284,Raiders of the Lost Ark,film,1981,tt0082971,80,35418,363.94,John Rhys-Davies,Sallah,Harrison Ford,Indiana Jones,,150,building/castle/station (hall),,new_spot,wp_mention;needs_scene;city_level_suspect;reuses_unstamped_row(wikidata:Q1093944),https://www.wikidata.org/wiki/Q174284#P915 https://www.wikidata.org/wiki/Q1093944 https://en.wikipedia.org/wiki/San_Francisco_City_Hall
wikidata,Q28113,Bourne Wood,51.191,-0.778,Farnham,GB,woodland,Q14171368,Avengers: Age of Ultron,film,2015,tt2395427,82,27238,363.69,Robert Downey Jr.,Tony Stark,Chris Hemsworth,Thor,,150,building/castle/station (default),,new_spot,no_wp_mention;needs_scene,https://www.wikidata.org/wiki/Q14171368#P915 https://www.wikidata.org/wiki/Q28113 https://en.wikipedia.org/wiki/Bourne_Wood
curated,Q40729,Wadi Rum,29.5765,35.419928,Aqaba Governorate,JO,natural,Q18547944,The Martian,film,2015,tt3659388,72,111132,363.3,Matt Damon,Mark Watney,Frederik Pleitgen,CNN Reporter,The valley stood in for the surface of Mars.,500,mountain/natural site (curated class natural),icon:Q40729,film_line_on_existing,large_area_centroid;also_in_wikidata;cast_skips_unroled(Jessica Chastain),https://www.wikidata.org/wiki/Q40729 https://en.wikipedia.org/wiki/The_Martian_%28film%29 https://en.wikipedia.org/wiki/Wadi_Rum
wikidata,Q1081023,Bonneville Salt Flats,40.8,-113.8,Tooele County,US,plain; salt pan,Q105387,Independence Day,film,1996,tt0116629,71,120355,360.71,Will Smith,Steven Hiller,Jeff Goldblum,David Levinson,,500,mountain/natural site (salt),wikidata:Q1081023,film_line_on_existing,wp_mention;needs_scene,https://www.wikidata.org/wiki/Q105387#P915 https://www.wikidata.org/wiki/Q1081023 https://en.wikipedia.org/wiki/Bonneville_Salt_Flats
curated,Q1139488,Rocky Steps,39.9649,-75.1802,Pennsylvania,US,stairs,Q188652,Rocky,film,1976,tt0075148,72,101184,360.37,Talia Shire,Adrian Pennino,Carl Weathers,Apollo Creed,Rocky runs up the 72 steps of the Philadelphia Museum of Art in training.,60,stairs/street/cafe/shop (curated class stairs),,new_spot,possible_dup:near_stamp_distinct_item(Philadelphia Museum of Art|138m),https://www.wikidata.org/wiki/Q1139488 https://en.wikipedia.org/wiki/Rocky https://en.wikipedia.org/wiki/Rocky_Steps
wikidata,Q9141,Taj Mahal,27.175,78.041944,Agra,IN,mausoleum; tomb,Q208344,Armageddon,film,1998,tt0120591,58,1628329,360.28,Bruce Willis,Harry S. Stamper,Steve Buscemi,Rockhound,,150,building/castle/station (default),icon:Q9141,film_line_on_existing,wp_mention;needs_scene,https://www.wikidata.org/wiki/Q208344#P915 https://www.wikidata.org/wiki/Q9141 https://en.wikipedia.org/wiki/Taj_Mahal
wikidata,Q229269,Rub' al Khali,20.0,50.0,,AE,desert,Q60834962,Dune,film,2021,tt1160419,70,139812,360.19,Timothée Chalamet,Paul Atreides,Rebecca Ferguson,Lady Jessica,,500,mountain/natural site (desert),,new_spot,wp_mention;needs_scene;large_area_centroid;area_too_large(680000km2);no_city,https://www.wikidata.org/wiki/Q60834962#P915 https://www.wikidata.org/wiki/Q229269 https://en.wikipedia.org/wiki/Rub%27_al_Khali
wikidata,Q476529,Winchester Cathedral,51.060722,-1.313333,Winchester,GB,Anglican or Episcopal cathedral,Q160560,The Da Vinci Code,film,2006,tt0382625,70,138162,359.83,Tom Hanks,Robert Langdon,Audrey Tautou,Sophie Neveu,,150,building/castle/station (cathedral),wikidata:Q476529,film_line_on_existing,wp_mention;needs_scene,https://www.wikidata.org/wiki/Q160560#P915 https://www.wikidata.org/wiki/Q476529 https://en.wikipedia.org/wiki/Winchester_Cathedral
wikidata,Q661896,Pinewood Studios,51.548611,-0.535,Iver,GB,film studio,Q181540,Quantum of Solace,film,2008,tt0830515,69,162271,359.51,Daniel Craig,James Bond,Olga Kurylenko,Camille Montes,,300,beach/park/ranch/set (studio),,new_spot,wp_mention;needs_scene;studio_backlot(film studio),https://www.wikidata.org/wiki/Q181540#P915 https://www.wikidata.org/wiki/Q661896 https://en.wikipedia.org/wiki/Pinewood_Studios
wikidata,Q5604316,Greenmarket Square,-33.9228,18.42,Western Cape,ZA,square,Q34316,Doctor Who,tv,1963,,99,4257,359.29,Sylvester McCoy,Seventh Doctor,Samuel Anderson,Danny Pink,,120,square/bridge/viaduct (square),,new_spot,via_season_or_episode;no_wp_mention;needs_scene;large_cast(66),https://www.wikidata.org/wiki/Q34316#P915 https://www.wikidata.org/wiki/Q5604316 https://en.wikipedia.org/wiki/Greenmarket_Square
wikidata,Q1143701,Cumberland Lodge,51.4339,-0.6079,Old Windsor,GB,English country house,Q160060,The King's Speech,film,2010,tt1504320,78,39429,358.47,Colin Firth,George VI,Geoffrey Rush,Lionel Logue,,150,building/castle/station (house),,new_spot,wp_mention;needs_scene,https://www.wikidata.org/wiki/Q160060#P915 https://www.wikidata.org/wiki/Q1143701 https://en.wikipedia.org/wiki/Cumberland_Lodge
curated,Q615949,Liwa Oasis,23.133333,53.783333,Emirate of Abu Dhabi,AE,natural,Q6074,Star Wars: Episode VII – The Force Awakens,film,2015,tt2488496,75,56809,356.58,Harrison Ford,Han Solo,Mark Hamill,Luke Skywalker,The desert east of the oasis stood in for the desert planet Jakku.,500,mountain/natural site (curated class natural),,new_spot,large_area_centroid,https://www.wikidata.org/wiki/Q615949 https://en.wikipedia.org/wiki/Liwa_Oasis https://en.wikipedia.org/wiki/Star_Wars%3A_The_Force_Awakens
wikidata,Q192017,Monument Valley,36.983333,-110.1,San Juan County,US,valley; structural basin,Q230552,Back to the Future Part III,film,1990,tt0099088,66,251520,356.44,Michael J. Fox,Marty McFly / Seamus McFly,Christopher Lloyd,Emmett Brown,,500,mountain/natural site (valley),icon:Q192017,film_line_on_existing,wp_mention;needs_scene;large_area_centroid,https://www.wikidata.org/wiki/Q230552#P915 https://www.wikidata.org/wiki/Q192017 https://en.wikipedia.org/wiki/Monument_Valley
wikidata,Q31683747,Mount Sunday,-43.548,170.893,Ashburton District,NZ,hill; roche moutonnée; filming location,Q164963,The Lord of the Rings: The Two Towers,film,2002,tt0167261,88,11184,356.28,Ian McKellen,Gandalf,Sean Astin,Samwise Gamgee,,500,mountain/natural site (hill),,new_spot,no_wp_mention;needs_scene,https://www.wikidata.org/wiki/Q164963#P915 https://www.wikidata.org/wiki/Q31683747 https://en.wikipedia.org/wiki/Mount_Sunday
wikidata,Q2499130,Sony Pictures Studios,34.017222,-118.401667,Culver City,US,film studio; recording studio,Q205028,Iron Man 2,film,2010,tt1228705,74,64464,355.89,Robert Downey Jr.,Tony Stark,Gwyneth Paltrow,Pepper Potts,,300,beach/park/ranch/set (studio),wikidata:Q2499130,film_line_on_existing,no_wp_mention;needs_scene;studio_backlot(film studio),https://www.wikidata.org/wiki/Q205028#P915 https://www.wikidata.org/wiki/Q2499130 https://en.wikipedia.org/wiki/Sony_Pictures_Studios
wikidata,Q5049457,Cassiobury Park,51.6597,-0.416667,Watford,GB,park,Q165713,Star Wars: Episode I – The Phantom Menace,film,1999,tt0120915,91,8135,355.85,Liam Neeson,Qui-Gon Jinn,Ewan McGregor,Obi-Wan Kenobi,,300,beach/park/ranch/set (park),,new_spot,wp_mention;needs_scene,https://www.wikidata.org/wiki/Q165713#P915 https://www.wikidata.org/wiki/Q5049457 https://en.wikipedia.org/wiki/Cassiobury_Park
wikidata,Q160409,Central Park,40.7825,-73.966111,New York City,US,urban park,Q212689,I Am Legend,film,2007,tt0480249,62,535577,355.19,,,,,,300,beach/park/ranch/set (park),icon:Q160409,film_line_on_existing,no_wp_mention;needs_scene;needs_roles;lead_without_role,https://www.wikidata.org/wiki/Q212689#P915 https://www.wikidata.org/wiki/Q160409 https://en.wikipedia.org/wiki/Central_Park
wikidata,Q44057,Millennium Bridge,51.510173,-0.098438,City of London,GB,suspension bridge; footbridge,Q5887360,Guardians of the Galaxy,film,2014,tt2015381,72,85459,355.09,Chris Pratt,Peter Quill,Zoe Saldaña,Gamora,,120,square/bridge/viaduct (bridge),wikidata:Q44057,film_line_on_existing,wp_mention;needs_scene,https://www.wikidata.org/wiki/Q5887360#P915 https://www.wikidata.org/wiki/Q44057 https://en.wikipedia.org/wiki/Millennium_Bridge%2C_London
wikidata,Q2984238,Colonial Street,34.1391,-118.345,Los Angeles County,US,backlot,Q131758,Desperate Housewives,tv,2004,tt0410975,76,46940,355.04,Teri Hatcher,Susan Mayer,Felicity Huffman,Lynette Scavo,,150,building/castle/station (default),,new_spot,wp_mention;needs_scene;large_cast(209);studio_backlot(backlot),https://www.wikidata.org/wiki/Q131758#P915 https://www.wikidata.org/wiki/Q2984238 https://en.wikipedia.org/wiki/Colonial_Street
wikidata,Q3115714,Odsal Stadium,53.765,-1.756944,Bradford,GB,stadium; motorsport racing track; rugby league venue,Q160060,The King's Speech,film,2010,tt1504320,78,35419,354.84,Colin Firth,George VI,Geoffrey Rush,Lionel Logue,,300,beach/park/ranch/set (stadium),,new_spot,wp_mention;needs_scene,https://www.wikidata.org/wiki/Q160060#P915 https://www.wikidata.org/wiki/Q3115714 https://en.wikipedia.org/wiki/Odsal_Stadium
wikidata,Q1587852,Lukiškės Prison,54.691389,25.266389,Vilnius,LT,prison; building complex,Q19798734,Stranger Things,tv,2016,tt4574334,78,34803,354.25,Winona Ryder,Joyce Byers,David Harbour,Jim Hopper,,150,building/castle/station (building),,new_spot,"via_season_or_episode;wp_mention;needs_scene;demolished_or_closed(2019);not_a_spot(prison, no visitor class)",https://www.wikidata.org/wiki/Q19798734#P915 https://www.wikidata.org/wiki/Q1587852 https://en.wikipedia.org/wiki/Luki%C5%A1k%C4%97s_Prison
wikidata,Q1015079,Burghley House,52.6425,-0.453056,Barnack,GB,historic house museum; prodigy house; country house,Q160560,The Da Vinci Code,film,2006,tt0382625,70,112566,353.6,Tom Hanks,Robert Langdon,Audrey Tautou,Sophie Neveu,,150,building/castle/station (museum),wikidata:Q1015079,film_line_on_existing,wp_mention;needs_scene,https://www.wikidata.org/wiki/Q160560#P915 https://www.wikidata.org/wiki/Q1015079 https://en.wikipedia.org/wiki/Burghley_House
wikidata,Q40729,Wadi Rum,29.5765,35.419928,Aqaba Governorate,JO,wadi; protected area,Q60834962,Dune,film,2021,tt1160419,70,111132,353.21,Timothée Chalamet,Paul Atreides,Rebecca Ferguson,Lady Jessica,,500,mountain/natural site (protected area),icon:Q40729,film_line_on_existing,wp_mention;needs_scene;large_area_centroid,https://www.wikidata.org/wiki/Q60834962#P915 https://www.wikidata.org/wiki/Q40729 https://en.wikipedia.org/wiki/Wadi_Rum
curated,Q1483099,Mehrangarh Fort,26.298056,73.018889,Jodhpur,IN,castle,Q189330,The Dark Knight Rises,film,2012,tt1345836,71,92790,352.69,Christian Bale,Bruce Wayne,Michael Caine,Alfred Pennyworth,Principal photography for the film began at the fort in May 2011.,150,building/castle/station (curated class castle),wikidata:Q1483099,film_line_on_existing,,https://www.wikidata.org/wiki/Q1483099 https://en.wikipedia.org/wiki/Mehrangarh https://en.wikipedia.org/wiki/The_Dark_Knight_Rises
wikidata,Q125006,Brooklyn Bridge,40.705667,-73.996333,New York City,US,suspension bridge; cable-stayed bridge; road bridge; railway bridge,Q212689,I Am Legend,film,2007,tt0480249,62,480916,352.29,,,,,,120,square/bridge/viaduct (bridge),curated:united-states-new-york-city-brooklyn-bridge,film_line_on_existing,wp_mention;needs_scene;needs_roles;lead_without_role,https://www.wikidata.org/wiki/Q212689#P915 https://www.wikidata.org/wiki/Q125006 https://en.wikipedia.org/wiki/Brooklyn_Bridge
wikidata,Q48821,Kennedy Space Center,28.524722,-80.648611,Brevard County,US,research institute; spaceport; NASA facility; Moonport,Q106428,Apollo 13,film,1995,tt0112384,64,316349,352.01,Tom Hanks,Jim Lovell,Bill Paxton,Fred Haise,,150,building/castle/station (default),wikidata:Q48821,film_line_on_existing,wp_mention;needs_scene,https://www.wikidata.org/wiki/Q106428#P915 https://www.wikidata.org/wiki/Q48821 https://en.wikipedia.org/wiki/Kennedy_Space_Center
wikidata,Q2916209,County Hall,51.501944,-0.118889,London,GB,city hall,Q192837,Sherlock,tv,2010,tt1475582,77,36936,351.69,Rupert Graves,Inspector Lestrade,Mark Gatiss,Mycroft Holmes,,150,building/castle/station (hall),,new_spot,via_season_or_episode;no_wp_mention;needs_scene;cast_skips_unroled(Louise Brealey);city_level_suspect;reuses_unstamped_row(wikidata:Q5177802),https://www.wikidata.org/wiki/Q192837#P915 https://www.wikidata.org/wiki/Q2916209 https://en.wikipedia.org/wiki/County_Hall%2C_London
wikidata,Q795322,Charing Cross tube station,51.508056,-0.124722,London,GB,underground railway station; London Underground station,Q4941,Skyfall,film,2012,tt1074638,78,32132,351.54,Daniel Craig,James Bond,Javier Bardem,Raoul Silva,,150,building/castle/station (station),wikidata:Q216185,film_line_on_existing,wp_mention;needs_scene,https://www.wikidata.org/wiki/Q4941#P915 https://www.wikidata.org/wiki/Q795322 https://en.wikipedia.org/wiki/Charing_Cross_tube_station
wikidata,Q3501089,Elstree Studios,51.6587,-0.2758,Hertsmere,GB,film studio; television studio; film production company,Q160060,The King's Speech,film,2010,tt1504320,78,31886,351.28,Colin Firth,George VI,Geoffrey Rush,Lionel Logue,,300,beach/park/ranch/set (studio),,new_spot,no_wp_mention;needs_scene;not_a_spot(film production company);studio_backlot(film studio),https://www.wikidata.org/wiki/Q160060#P915 https://www.wikidata.org/wiki/Q3501089 https://en.wikipedia.org/wiki/Elstree_Studios
curated,Q74077989,Joker stairs,40.835833,-73.923889,New York City,US,stairs,Q42759035,Joker,film,2019,tt7286456,76,40806,350.42,Joaquin Phoenix,The Joker / Arthur Fleck,Zazie Beetz,Sophie Dumond,Arthur Fleck climbs the stairs daily - and dances down them in his Joker attire.,60,stairs/street/cafe/shop (curated class stairs),,new_spot,also_in_wikidata;reuses_unstamped_row(curated:united-states-new-york-joker-stairs),https://www.wikidata.org/wiki/Q74077989 https://en.wikipedia.org/wiki/Joker_%282019_film%29 https://en.wikipedia.org/wiki/Joker_Stairs
wikidata,Q1779905,Monte Carlo Casino,43.73917,7.42796,Monte Carlo,MC,building,Q19089,GoldenEye,film,1995,tt0113189,68,141693,350.29,Pierce Brosnan,James Bond,Sean Bean,Alec Trevelyan,,150,building/castle/station (building),icon:Q1779905,film_line_on_existing,no_wp_mention;needs_scene,https://www.wikidata.org/wiki/Q19089#P915 https://www.wikidata.org/wiki/Q1779905 https://en.wikipedia.org/wiki/Monte_Carlo_Casino
wikidata,Q11290,Grand Central Terminal,40.752778,-73.977222,New York City,US,dead-end railway station; underground railway station; station building; union station,Q51416,Men in Black,film,1997,tt0119654,64,296510,350.21,Tommy Lee Jones,Agent K,Linda Fiorentino,Agent L,,150,building/castle/station (building),curated:united-states-new-york-city-grand-central-terminal,film_line_on_existing,no_wp_mention;needs_scene,https://www.wikidata.org/wiki/Q51416#P915 https://www.wikidata.org/wiki/Q11290 https://en.wikipedia.org/wiki/Grand_Central_Terminal
wikidata,Q81173,Exeter College,51.754167,-1.256111,Oxford,GB,charitable organization; college of the University of Oxford; university building,Q18406872,Doctor Strange,film,2016,tt1211837,73,62390,350.04,Benedict Cumberbatch,Stephen Strange,Chiwetel Ejiofor,Karl Mordo,,150,building/castle/station (building),,new_spot,wp_mention;needs_scene;not_a_spot(organization);possible_dup:near_stamp_distinct_item(Museum of the History of Science|45m);possible_dup:near_stamp_distinct_item(Bodleian Library|70m);possible_dup:near_stamp_distinct_item(Sheldonian Theatre|81m),https://www.wikidata.org/wiki/Q18406872#P915 https://www.wikidata.org/wiki/Q81173 https://en.wikipedia.org/wiki/Exeter_College%2C_Oxford
wikidata,Q386707,HM Prison Wandsworth,51.45015,-0.17765,London,GB,HM Prison,Q181086,A Clockwork Orange,film,1971,tt0066921,72,72290,349.85,Malcolm McDowell,Alex,,,,150,building/castle/station (prison),,new_spot,"wp_mention;needs_scene;needs_roles;lead_without_role;cast_skips_unroled(Patrick Magee);not_a_spot(prison, no visitor class)",https://www.wikidata.org/wiki/Q181086#P915 https://www.wikidata.org/wiki/Q386707 https://en.wikipedia.org/wiki/HM_Prison_Wandsworth
wikidata,Q49642,"Rosslyn Chapel, Roslin",55.8554,-3.1599,Midlothian,GB,Anglican church building,Q160560,The Da Vinci Code,film,2006,tt0382625,70,98106,349.42,Tom Hanks,Robert Langdon,Audrey Tautou,Sophie Neveu,,150,building/castle/station (building),wikidata:Q49642,film_line_on_existing,wp_mention;needs_scene,https://www.wikidata.org/wiki/Q160560#P915 https://www.wikidata.org/wiki/Q49642 https://en.wikipedia.org/wiki/Rosslyn_Chapel
wikidata,Q15523,Lake Como,46.0,9.266667,Lombardy,IT,glacial lake,Q206388,Once Upon a Time in America,film,1984,tt0087843,63,345247,348.9,Robert De Niro,"David ""Noodles"" Aaronson",,,,500,mountain/natural site (lake),icon:Q15523,film_line_on_existing,no_wp_mention;needs_scene;needs_roles;large_area_centroid,https://www.wikidata.org/wiki/Q206388#P915 https://www.wikidata.org/wiki/Q15523 https://en.wikipedia.org/wiki/Lake_Como
wikidata,Q5555209,Halton House,51.781367,-0.726406,Halton,GB,English country house,Q160060,The King's Speech,film,2010,tt1504320,78,29634,348.8,Colin Firth,George VI,Geoffrey Rush,Lionel Logue,,150,building/castle/station (house),,new_spot,wp_mention;needs_scene,https://www.wikidata.org/wiki/Q160060#P915 https://www.wikidata.org/wiki/Q5555209 https://en.wikipedia.org/wiki/Halton_House
wikidata,Q18438,Long Island,40.78886,-73.23349,New York,US,island; moraine,Q223139,North by Northwest,film,1959,tt0053125,60,646835,348.65,Eva Marie Saint,Eve Kendall,Cary Grant,Roger Thornhill,,500,mountain/natural site (island),,new_spot,no_wp_mention;needs_scene;cast_skips_unroled(James Mason);large_area_centroid;area_too_large(3566km2),https://www.wikidata.org/wiki/Q223139#P915 https://www.wikidata.org/wiki/Q18438 https://en.wikipedia.org/wiki/Long_Island
wikidata,Q919514,Disney Studios Australia,-33.892,151.229,New South Wales,AU,film studio,Q181069,Star Wars: Episode II – Attack of the Clones,film,2002,tt0121765,82,17804,348.54,Natalie Portman,Padmé Amidala,Ewan McGregor,Obi-Wan Kenobi,,300,beach/park/ranch/set (studio),,new_spot,no_wp_mention;needs_scene;studio_backlot(film studio),https://www.wikidata.org/wiki/Q181069#P915 https://www.wikidata.org/wiki/Q919514 https://en.wikipedia.org/wiki/Disney_Studios_Australia
wikidata,Q168579,Joe Louis Arena,42.325278,-83.051389,Detroit,US,arena; indoor ice rink,Q19347291,Deadpool,film,2016,tt1431045,72,69090,348.44,Ryan Reynolds,Wade Wilson,Morena Baccarin,Copycat,,150,building/castle/station (default),,new_spot,no_wp_mention;needs_scene;demolished_or_closed(2019);reuses_unstamped_row(wikidata:Q168579),https://www.wikidata.org/wiki/Q19347291#P915 https://www.wikidata.org/wiki/Q168579 https://en.wikipedia.org/wiki/Joe_Louis_Arena
wikidata,Q205666,Hampton Court Palace,51.4034,-0.337499,London,GB,palace; theatre building; historic house museum; independent museum,Q15079318,The Theory of Everything,film,2014,tt2980516,65,227523,348.21,David Thewlis,Dennis W. Sciama,Eddie Redmayne,Stephen Hawking,,150,building/castle/station (building),wikidata:Q205666,film_line_on_existing,wp_mention;needs_scene,https://www.wikidata.org/wiki/Q15079318#P915 https://www.wikidata.org/wiki/Q205666 https://en.wikipedia.org/wiki/Hampton_Court_Palace
wikidata,Q185382,Trevi Fountain,41.900932,12.483313,Rome,IT,fountain; sculpture,Q18407,La Dolce Vita,film,1960,tt0053779,61,496279,347.44,,,,,,120,square/bridge/viaduct (fountain),icon:Q185382,film_line_on_existing,wp_mention;needs_scene;needs_roles;lead_without_role,https://www.wikidata.org/wiki/Q18407#P915 https://www.wikidata.org/wiki/Q185382 https://en.wikipedia.org/wiki/Trevi_Fountain
curated,Q1259626,Al Khazneh,30.32206,35.45145,Al-Betrā',JO,building,Q185658,Indiana Jones and the Last Crusade,film,1989,tt0097576,68,128000,347.29,Sean Connery,Henry Jones,John Rhys-Davies,Sallah,The Treasury's facade stands in for the temple housing the Holy Grail.,150,building/castle/station (curated class building),wikidata:Q1259626,film_line_on_existing,,https://www.wikidata.org/wiki/Q1259626 https://en.wikipedia.org/wiki/Al-Khazneh https://en.wikipedia.org/wiki/Indiana_Jones_and_the_Last_Crusade
wikidata,Q160236,Metropolitan Museum of Art,40.779444,-73.963333,New York City,US,museum; nonprofit organization; art museum; publishing house,Q212689,I Am Legend,film,2007,tt0480249,62,398701,347.24,,,,,,60,stairs/street/cafe/shop (pub),icon:Q160236,film_line_on_existing,no_wp_mention;needs_scene;needs_roles;lead_without_role,https://www.wikidata.org/wiki/Q212689#P915 https://www.wikidata.org/wiki/Q160236 https://en.wikipedia.org/wiki/Metropolitan_Museum_of_Art
curated,Q1348507,Zócalo,19.432778,-99.133333,Mexico City,MX,square,Q18602670,Spectre,film,2015,tt2379713,70,91074,347.16,Daniel Craig,James Bond,Christoph Waltz,Ernst Stavro Blofeld / Franz Oberhauser,The pre-title sequence: Bond takes over a helicopter above the Day of the Dead crowds in the square.,120,square/bridge/viaduct (curated class square),icon:Q1348507,film_line_on_existing,also_in_wikidata,https://www.wikidata.org/wiki/Q1348507 https://en.wikipedia.org/wiki/Spectre_%282015_film%29 https://en.wikipedia.org/wiki/Z%C3%B3calo
wikidata,Q80541,Sultan Ahmed Mosque,41.005385,28.976825,Fatih,TR,mosque; historic building,Q106571,From Russia with Love,film,1963,tt0057076,64,262262,346.8,Sean Connery,James Bond,Pedro Armendáriz,Ali Kerim Bey,,150,building/castle/station (building),icon:Q80541,film_line_on_existing,no_wp_mention;needs_scene,https://www.wikidata.org/wiki/Q106571#P915 https://www.wikidata.org/wiki/Q80541 https://en.wikipedia.org/wiki/Blue_Mosque%2C_Istanbul
wikidata,Q1247373,Harrow School,51.5725,-0.335,London,GB,nonprofit organization; boarding school; boys' school; public school,Q15079318,The Theory of Everything,film,2014,tt2980516,65,215696,346.7,David Thewlis,Dennis W. Sciama,Eddie Redmayne,Stephen Hawking,,60,stairs/street/cafe/shop (pub),,new_spot,no_wp_mention;needs_scene;not_a_spot(organization);reuses_unstamped_row(wikidata:Q1247373),https://www.wikidata.org/wiki/Q15079318#P915 https://www.wikidata.org/wiki/Q1247373 https://en.wikipedia.org/wiki/Harrow_School
wikidata,Q1753590,Old Royal Naval College,51.483667,-0.005944,London,GB,heritage site; museum; archaeological site,Q183555,Pirates of the Caribbean: On Stranger Tides,film,2011,tt1298650,74,48231,346.57,Penélope Cruz,Angelica,Ian McShane,Blackbeard,,120,square/bridge/viaduct (arch),,new_spot,wp_mention;needs_scene;possible_dup:near_stamp_distinct_item(Palace of Placentia|117m),https://www.wikidata.org/wiki/Q183555#P915 https://www.wikidata.org/wiki/Q1753590 https://en.wikipedia.org/wiki/Old_Royal_Naval_College
wikidata,Q624409,Mapo Bridge,37.533611,126.936389,Seoul,KR,road bridge,Q14171368,Avengers: Age of Ultron,film,2015,tt2395427,82,16524,345.89,Robert Downey Jr.,Tony Stark,Chris Hemsworth,Thor,,120,square/bridge/viaduct (bridge),,new_spot,wp_mention;needs_scene,https://www.wikidata.org/wiki/Q14171368#P915 https://www.wikidata.org/wiki/Q624409 https://en.wikipedia.org/wiki/Mapo_Bridge
wikidata,Q4972142,Broadcasting House,51.4976,-3.2273,Cardiff,GB,broadcasting house,Q34316,Doctor Who,tv,1963,,99,3099,345.64,Sylvester McCoy,Seventh Doctor,Samuel Anderson,Danny Pink,,150,building/castle/station (house),,new_spot,via_season_or_episode;wp_mention;needs_scene;large_cast(66),https://www.wikidata.org/wiki/Q34316#P915 https://www.wikidata.org/wiki/Q4972142 https://en.wikipedia.org/wiki/Broadcasting_House%2C_Cardiff
wikidata,Q170495,Topkapı Palace,41.013,28.984,Istanbul,TR,palace; museum; building or structure under construction,Q106571,From Russia with Love,film,1963,tt0057076,64,251407,345.62,Sean Connery,James Bond,Pedro Armendáriz,Ali Kerim Bey,,150,building/castle/station (building),icon:Q170495,film_line_on_existing,no_wp_mention;needs_scene,https://www.wikidata.org/wiki/Q106571#P915 https://www.wikidata.org/wiki/Q170495 https://en.wikipedia.org/wiki/Topkap%C4%B1_Palace
wikidata,Q201469,Solomon R. Guggenheim Museum,40.783056,-73.958889,New York City,US,art museum; museum building,Q51416,Men in Black,film,1997,tt0119654,64,250843,345.56,Tommy Lee Jones,Agent K,Linda Fiorentino,Agent L,,150,building/castle/station (building),wikidata:Q201469,film_line_on_existing,no_wp_mention;needs_scene,https://www.wikidata.org/wiki/Q51416#P915 https://www.wikidata.org/wiki/Q201469 https://en.wikipedia.org/wiki/Solomon_R._Guggenheim_Museum
wikidata,Q48335,Newfoundland,48.541667,-56.125,Newfoundland and Labrador,CA,island,Q22998395,Aquaman,film,2018,tt1477834,63,300127,345.07,Jason Momoa,Aquaman,Amber Heard,Mera,,500,mountain/natural site (island),,new_spot,wp_mention;needs_scene;large_area_centroid;area_too_large(108860km2),https://www.wikidata.org/wiki/Q22998395#P915 https://www.wikidata.org/wiki/Q48335 https://en.wikipedia.org/wiki/Newfoundland_%28island%29
wikidata,Q180865,University of Toronto,43.662917,-79.395746,Toronto,CA,collegiate university; public research university; university in Ontario,Q189889,Chicago,film,2002,tt0299658,64,233547,343.58,Renée Zellweger,Roxie Hart,Catherine Zeta-Jones,Velma Kelly,,60,stairs/street/cafe/shop (pub),,new_spot,no_wp_mention;needs_scene;reuses_unstamped_row(wikidata:Q3551334),https://www.wikidata.org/wiki/Q189889#P915 https://www.wikidata.org/wiki/Q180865 https://en.wikipedia.org/wiki/University_of_Toronto
wikidata,Q6519563,Leigh Court,51.469722,-2.659167,Abbots Leigh,GB,English country house; hospital building,Q34316,Doctor Who,tv,1963,,99,2953,343.57,Sylvester McCoy,Seventh Doctor,Samuel Anderson,Danny Pink,,150,building/castle/station (building),,new_spot,via_season_or_episode;no_wp_mention;needs_scene;large_cast(66),https://www.wikidata.org/wiki/Q34316#P915 https://www.wikidata.org/wiki/Q6519563 https://en.wikipedia.org/wiki/Leigh_Court
wikidata,Q2924156,Bray Studios,51.492881,-0.676111,Bray,GB,film studio; recording studio,Q103569,Alien,film,1979,tt0078748,83,13704,343.36,Yaphet Kotto,Dennis Monroe Parker,Veronica Cartwright,Joan Lambert,,300,beach/park/ranch/set (studio),,new_spot,wp_mention;needs_scene;studio_backlot(film studio),https://www.wikidata.org/wiki/Q103569#P915 https://www.wikidata.org/wiki/Q2924156 https://en.wikipedia.org/wiki/Bray_Film_Studios
wikidata,Q1056326,Shea Stadium,40.755556,-73.848056,New York City,US,defunct sports venue,Q51416,Men in Black,film,1997,tt0119654,64,229323,343.07,Tommy Lee Jones,Agent K,Linda Fiorentino,Agent L,,150,building/castle/station (default),,new_spot,wp_mention;needs_scene;demolished_or_closed(2008),https://www.wikidata.org/wiki/Q51416#P915 https://www.wikidata.org/wiki/Q1056326 https://en.wikipedia.org/wiki/Shea_Stadium
curated,Q668641,Spice Bazaar,41.016389,28.970556,Fatih,TR,building,Q4941,Skyfall,film,2012,tt1074638,78,24917,342.93,Daniel Craig,James Bond,Javier Bardem,Raoul Silva,The bazaar was closed for filming during the film's Istanbul shoot.,150,building/castle/station (curated class building),curated:turkey-istanbul-spice-bazaar,film_line_on_existing,scene_generic,https://www.wikidata.org/wiki/Q668641 https://en.wikipedia.org/wiki/Skyfall
wikidata,Q7101361,Oregon State Hospital,44.9398,-123.003,Salem,US,hospital,Q171669,One Flew Over the Cuckoo's Nest,film,1975,tt0073486,78,24151,341.87,Jack Nicholson,Randle McMurphy,Louise Fletcher,Nurse Ratched,,150,building/castle/station (default),,new_spot,"wp_mention;needs_scene;not_a_spot(hospital, no visitor class)",https://www.wikidata.org/wiki/Q171669#P915 https://www.wikidata.org/wiki/Q7101361 https://en.wikipedia.org/wiki/Oregon_State_Hospital
wikidata,Q2130840,Randy's Donuts,33.961773,-118.370355,California,US,restaurant chain,Q205028,Iron Man 2,film,2010,tt1228705,74,41656,341.86,Robert Downey Jr.,Tony Stark,Gwyneth Paltrow,Pepper Potts,,60,stairs/street/cafe/shop (restaurant),,new_spot,wp_mention;needs_scene,https://www.wikidata.org/wiki/Q205028#P915 https://www.wikidata.org/wiki/Q2130840 https://en.wikipedia.org/wiki/Randy%27s_Donuts
wikidata,Q5153249,Commodore Schuyler F. Heim Bridge,33.766111,-118.239722,Los Angeles,US,road bridge; vertical-lift bridge,Q25188,Inception,film,2010,tt1375666,97,3289,341.17,Leonardo DiCaprio,Dominick Cobb,Ken Watanabe,Saito,,120,square/bridge/viaduct (bridge),,new_spot,wp_mention;needs_scene;demolished_or_closed(date unknown),https://www.wikidata.org/wiki/Q25188#P915 https://www.wikidata.org/wiki/Q5153249 https://en.wikipedia.org/wiki/Commodore_Schuyler_F._Heim_Bridge
curated,Q216511,Basilica Cistern,41.008404,28.977921,Fatih,TR,building,Q106571,From Russia with Love,film,1963,tt0057076,64,209706,340.58,Sean Connery,James Bond,Pedro Armendáriz,Ali Kerim Bey,The cistern was a location for the 1963 Bond film.,150,building/castle/station (curated class building),icon:Q216511,film_line_on_existing,scene_generic,https://www.wikidata.org/wiki/Q216511 https://en.wikipedia.org/wiki/Basilica_Cistern https://en.wikipedia.org/wiki/From_Russia_with_Love_%28film%29
wikidata,Q4664040,Abbey Mills Pumping Station,51.5307,-0.000835,London,GB,sewerage pumping station,Q166262,Batman Begins,film,2005,tt0372784,85,9835,339.39,Christian Bale,Bruce Wayne,Michael Caine,Alfred Pennyworth,,150,building/castle/station (station),,new_spot,no_wp_mention;needs_scene,https://www.wikidata.org/wiki/Q166262#P915 https://www.wikidata.org/wiki/Q4664040 https://en.wikipedia.org/wiki/Abbey_Mills_Pumping_Station
curated,Q979167,Ajim,33.724868,10.748642,delegation of Djerba - Ajim,TN,village,Q17738,Star Wars: Episode IV – A New Hope,film,1977,tt0076759,96,3424,339.33,Harrison Ford,Han Solo,Alec Guinness,Obi-Wan Kenobi,The town and its surroundings were used as filming locations.,300,beach/park/ranch/set (curated class village),,new_spot,city_level_suspect;scene_generic,https://www.wikidata.org/wiki/Q979167 https://en.wikipedia.org/wiki/Ajim
wikidata,Q11290,Grand Central Terminal,40.752778,-73.977222,New York City,US,dead-end railway station; underground railway station; station building; union station,Q212689,I Am Legend,film,2007,tt0480249,62,296510,339.27,,,,,,150,building/castle/station (building),curated:united-states-new-york-city-grand-central-terminal,film_line_on_existing,no_wp_mention;needs_scene;needs_roles;lead_without_role,https://www.wikidata.org/wiki/Q212689#P915 https://www.wikidata.org/wiki/Q11290 https://en.wikipedia.org/wiki/Grand_Central_Terminal
wikidata,Q932411,Brunel University London,51.532778,-0.472778,London,GB,higher education institution; educational organization; public research university,Q181086,A Clockwork Orange,film,1971,tt0066921,72,51369,339.17,Malcolm McDowell,Alex,,,,60,stairs/street/cafe/shop (pub),,new_spot,wp_mention;needs_scene;needs_roles;lead_without_role;cast_skips_unroled(Patrick Magee);not_a_spot(organization),https://www.wikidata.org/wiki/Q181086#P915 https://www.wikidata.org/wiki/Q932411 https://en.wikipedia.org/wiki/Brunel_University_of_London
wikidata,Q208181,Blenheim Palace,51.841363,-1.360948,Blenheim,GB,garden; English country house; historic house museum,Q471716,Barry Lyndon,film,1975,tt0072684,60,448141,339.08,Hardy Krüger,Captain Potzdorf,Ryan O'Neal,Redmond Barry,,300,beach/park/ranch/set (garden),wikidata:Q208181,film_line_on_existing,wp_mention;needs_scene,https://www.wikidata.org/wiki/Q471716#P915 https://www.wikidata.org/wiki/Q208181 https://en.wikipedia.org/wiki/Blenheim_Palace
wikidata,Q247420,Dodger Stadium,34.073611,-118.24,Los Angeles,US,stadium; baseball venue,Q213081,Star Trek,film,2009,tt0796366,61,361419,339.04,Zachary Quinto,Spock,Chris Pine,James T. Kirk,,300,beach/park/ranch/set (stadium),icon:Q247420,film_line_on_existing,wp_mention;needs_scene,https://www.wikidata.org/wiki/Q213081#P915 https://www.wikidata.org/wiki/Q247420 https://en.wikipedia.org/wiki/Dodger_Stadium
wikidata,Q661896,Pinewood Studios,51.548611,-0.535,Iver,GB,film studio,Q106440,Goldfinger,film,1964,tt0058150,65,162271,338.67,Sean Connery,James Bond,Honor Blackman,Pussy Galore,,300,beach/park/ranch/set (studio),,new_spot,wp_mention;needs_scene;studio_backlot(film studio),https://www.wikidata.org/wiki/Q106440#P915 https://www.wikidata.org/wiki/Q661896 https://en.wikipedia.org/wiki/Pinewood_Studios
wikidata,Q661896,Pinewood Studios,51.548611,-0.535,Iver,GB,film studio,Q116852,Batman,film,1989,tt0096895,65,162271,338.67,Jack Palance,Carl Grissom,Michael Gough,Alfred Pennyworth,,300,beach/park/ranch/set (studio),,new_spot,wp_mention;needs_scene;studio_backlot(film studio),https://www.wikidata.org/wiki/Q116852#P915 https://www.wikidata.org/wiki/Q661896 https://en.wikipedia.org/wiki/Pinewood_Studios
wikidata,Q661896,Pinewood Studios,51.548611,-0.535,Iver,GB,film studio,Q192686,Prometheus,film,2012,tt1446714,65,162271,338.67,Noomi Rapace,Elizabeth Shaw,Michael Fassbender,David 8,,300,beach/park/ranch/set (studio),,new_spot,wp_mention;needs_scene;studio_backlot(film studio),https://www.wikidata.org/wiki/Q192686#P915 https://www.wikidata.org/wiki/Q661896 https://en.wikipedia.org/wiki/Pinewood_Studios
wikidata,Q1326261,plaza de España,40.423392,-3.712233,Madrid,ES,square,Q181069,Star Wars: Episode II – Attack of the Clones,film,2002,tt0121765,82,13490,338.66,Natalie Portman,Padmé Amidala,Ewan McGregor,Obi-Wan Kenobi,,120,square/bridge/viaduct (square),icon:Q956018,film_line_on_existing,no_wp_mention;needs_scene;possible_dup:same_name_far(391km),https://www.wikidata.org/wiki/Q181069#P915 https://www.wikidata.org/wiki/Q1326261 https://en.wikipedia.org/wiki/Plaza_de_Espa%C3%B1a%2C_Madrid
wikidata,Q184355,Mojave Desert,35.008333,-115.475,California,US,desert; WWF ecoregion,Q644987,Chinatown,film,1974,tt0071315,61,351416,338.3,Jack Nicholson,J. J. Gittes,John Huston,Noah Cross,,500,mountain/natural site (desert),wikidata:Q184355,film_line_on_existing,no_wp_mention;needs_scene;large_area_centroid,https://www.wikidata.org/wiki/Q644987#P915 https://www.wikidata.org/wiki/Q184355 https://en.wikipedia.org/wiki/Mojave_Desert
wikidata,Q44547,Arecibo Radio Telescope,18.344167,-66.752778,Arecibo,US,radio telescope; Gregorian telescope,Q19089,GoldenEye,film,1995,tt0113189,68,94267,338.26,Pierce Brosnan,James Bond,Sean Bean,Alec Trevelyan,,150,building/castle/station (default),,new_spot,wp_mention;needs_scene;demolished_or_closed(2020),https://www.wikidata.org/wiki/Q19089#P915 https://www.wikidata.org/wiki/Q44547 https://en.wikipedia.org/wiki/Arecibo_Telescope
wikidata,Q180865,University of Toronto,43.662917,-79.395746,Toronto,CA,collegiate university; public research university; university in Ontario,Q466611,The Incredible Hulk,film,2008,tt0800080,63,233547,338.21,Edward Norton,Bruce Banner,Liv Tyler,Betty Ross,,60,stairs/street/cafe/shop (pub),,new_spot,wp_mention;needs_scene;reuses_unstamped_row(wikidata:Q3551334),https://www.wikidata.org/wiki/Q466611#P915 https://www.wikidata.org/wiki/Q180865 https://en.wikipedia.org/wiki/University_of_Toronto
wikidata,Q5713579,Hendon Police College,51.593,-0.242,London,GB,police college,Q14171368,Avengers: Age of Ultron,film,2015,tt2395427,82,13296,338.15,Robert Downey Jr.,Tony Stark,Chris Hemsworth,Thor,,150,building/castle/station (college),,new_spot,wp_mention;needs_scene,https://www.wikidata.org/wiki/Q14171368#P915 https://www.wikidata.org/wiki/Q5713579 https://en.wikipedia.org/wiki/Hendon_Police_College
wikidata,Q201026,Kauaʻi,22.07,-159.4975,Kauai County,US,island; volcanic island,Q3512046,Jurassic World,film,2015,tt0369610,63,224836,337.17,Chris Pratt,Owen Grady,Bryce Dallas Howard,Claire Dearing,,500,mountain/natural site (island),,new_spot,wp_mention;needs_scene;large_area_centroid;area_too_large(1435km2),https://www.wikidata.org/wiki/Q3512046#P915 https://www.wikidata.org/wiki/Q201026 https://en.wikipedia.org/wiki/Kaua%CA%BBi
wikidata,Q18438,Long Island,40.78886,-73.23349,New York,US,island; moraine,Q286868,Noah,film,2014,tt1959490,58,646835,337.03,Russell Crowe,Noah,Jennifer Connelly,Naamah,,500,mountain/natural site (island),,new_spot,wp_mention;needs_scene;large_area_centroid;area_too_large(3566km2),https://www.wikidata.org/wiki/Q286868#P915 https://www.wikidata.org/wiki/Q18438 https://en.wikipedia.org/wiki/Long_Island
curated,Q12495,Burj Khalifa,25.197222,55.274167,Dubai,AE,building,Q628154,Mission: Impossible – Ghost Protocol,film,2011,tt1229238,54,1719104,336.71,Tom Cruise,Ethan Hunt,Jeremy Renner,William Brandt,"Ethan Hunt climbs the outside of the tower - Cruise was really on the building, secured by cables.",150,building/castle/station (curated class building),icon:Q12495,film_line_on_existing,,https://www.wikidata.org/wiki/Q12495 https://en.wikipedia.org/wiki/Mission%3A_Impossible_%E2%80%93_Ghost_Protocol
wikidata,Q1759446,Villa Balbianello,45.965056,9.202473,Tremezzina,IT,villa; architectural ensemble; historic house museum; trophy property,Q151904,Casino Royale,film,2006,tt0381061,71,54746,336.42,Daniel Craig,James Bond,Mads Mikkelsen,Le Chiffre,,120,square/bridge/viaduct (arch),wikidata:Q1759446,film_line_on_existing,wp_mention;needs_scene,https://www.wikidata.org/wiki/Q151904#P915 https://www.wikidata.org/wiki/Q1759446 https://en.wikipedia.org/wiki/Villa_del_Balbianello
wikidata,Q44856,Taoyuan International Airport,25.076389,121.223889,Taoyuan,TW,international airport; airport; commercial traffic aerodrome,Q15624215,Lucy,film,2014,tt2872732,62,250969,334.78,Morgan Freeman,Professor Norman,Choi Min-sik,Mr. Jang,,150,building/castle/station (default),,new_spot,no_wp_mention;needs_scene;class_ban(airport),https://www.wikidata.org/wiki/Q15624215#P915 https://www.wikidata.org/wiki/Q44856 https://en.wikipedia.org/wiki/Taoyuan_International_Airport
wikidata,Q1048696,Waiau River,-46.194567,167.614861,Southland District,NZ,river,Q127367,The Lord of the Rings: The Fellowship of the Ring,film,2001,tt0120737,97,2809,334.52,Elijah Wood,Frodo Baggins,Ian McKellen,Gandalf,,500,mountain/natural site (river),,new_spot,no_wp_mention;needs_scene;not_a_spot(river);large_area_centroid,https://www.wikidata.org/wiki/Q127367#P915 https://www.wikidata.org/wiki/Q1048696 https://en.wikipedia.org/wiki/Waiau_River_%28Southland%29
wikidata,Q661896,Pinewood Studios,51.548611,-0.535,Iver,GB,film studio,Q106506,The Fifth Element,film,1997,tt0119116,64,162271,333.46,Bruce Willis,Korben Dallas,Gary Oldman,Zorg,,300,beach/park/ranch/set (studio),,new_spot,wp_mention;needs_scene;studio_backlot(film studio),https://www.wikidata.org/wiki/Q106506#P915 https://www.wikidata.org/wiki/Q661896 https://en.wikipedia.org/wiki/Pinewood_Studios
wikidata,Q661896,Pinewood Studios,51.548611,-0.535,Iver,GB,film studio,Q106571,From Russia with Love,film,1963,tt0057076,64,162271,333.46,Sean Connery,James Bond,Pedro Armendáriz,Ali Kerim Bey,,300,beach/park/ranch/set (studio),,new_spot,wp_mention;needs_scene;studio_backlot(film studio),https://www.wikidata.org/wiki/Q106571#P915 https://www.wikidata.org/wiki/Q661896 https://en.wikipedia.org/wiki/Pinewood_Studios
wikidata,Q615949,Liwa Oasis,23.133333,53.783333,Emirate of Abu Dhabi,AE,oasis,Q60834962,Dune,film,2021,tt1160419,70,56809,332.81,Timothée Chalamet,Paul Atreides,Rebecca Ferguson,Lady Jessica,,500,mountain/natural site (oasis),,new_spot,wp_mention;needs_scene,https://www.wikidata.org/wiki/Q60834962#P915 https://www.wikidata.org/wiki/Q615949 https://en.wikipedia.org/wiki/Liwa_Oasis
wikidata,Q7231999,Portland Place,51.520231,-0.144989,London,GB,street,Q160060,The King's Speech,film,2010,tt1504320,78,18357,332.58,Colin Firth,George VI,Geoffrey Rush,Lionel Logue,,60,stairs/street/cafe/shop (street),,new_spot,wp_mention;needs_scene,https://www.wikidata.org/wiki/Q160060#P915 https://www.wikidata.org/wiki/Q7231999 https://en.wikipedia.org/wiki/Portland_Place
wikidata,Q15523,Lake Como,46.0,9.266667,Lombardy,IT,glacial lake,Q205447,Ocean's Eleven,film,2001,tt0240772,60,345247,332.29,George Clooney,Danny Ocean,Brad Pitt,Rusty Ryan,,500,mountain/natural site (lake),icon:Q15523,film_line_on_existing,no_wp_mention;needs_scene;large_area_centroid,https://www.wikidata.org/wiki/Q205447#P915 https://www.wikidata.org/wiki/Q15523 https://en.wikipedia.org/wiki/Lake_Como
wikidata,Q19835,"Warner Bros. Studios, Leavesden",51.693333,-0.419722,Abbots Langley,GB,film studio; film set,Q55436290,Barbie,film,2023,tt1517268,69,65379,332.27,Ryan Gosling,Ken Carson,America Ferrera,Gloria,,300,beach/park/ranch/set (film set),,new_spot,no_wp_mention;needs_scene;possible_dup:near_stamp(icon:Q27924395|339m),https://www.wikidata.org/wiki/Q55436290#P915 https://www.wikidata.org/wiki/Q19835 https://en.wikipedia.org/wiki/Warner_Bros._Studios_Leavesden
wikidata,Q205666,Hampton Court Palace,51.4034,-0.337499,London,GB,palace; theatre building; historic house museum; independent museum,Q243643,Sherlock Holmes: A Game of Shadows,film,2011,tt1515091,62,227523,332.14,Robert Downey Jr.,Sherlock Holmes,Jude Law,Dr. Watson,,150,building/castle/station (building),wikidata:Q205666,film_line_on_existing,wp_mention;needs_scene,https://www.wikidata.org/wiki/Q243643#P915 https://www.wikidata.org/wiki/Q205666 https://en.wikipedia.org/wiki/Hampton_Court_Palace
wikidata,Q2660872,Jedediah Smith Redwoods State Park,41.7817,-124.101,Del Norte County,US,California state park,Q181803,Star Wars: Episode VI – Return of the Jedi,film,1983,tt0086190,83,10009,332.04,Harrison Ford,Han Solo,Carrie Fisher,Princess Leia,,300,beach/park/ranch/set (park),,new_spot,no_wp_mention;needs_scene;large_area_centroid;area_too_large(42km2),https://www.wikidata.org/wiki/Q181803#P915 https://www.wikidata.org/wiki/Q2660872 https://en.wikipedia.org/wiki/Jedediah_Smith_Redwoods_State_Park
wikidata,Q867913,Snowdonia,52.9,-3.85,Gwynedd,GB,mountain range; Site of Special Scientific Interest; massif,Q106571,From Russia with Love,film,1963,tt0057076,64,150629,331.39,Sean Connery,James Bond,Pedro Armendáriz,Ali Kerim Bey,,500,mountain/natural site (mountain),icon:Q867913,film_line_on_existing,no_wp_mention;needs_scene;not_a_spot(mountain range);large_area_centroid,https://www.wikidata.org/wiki/Q106571#P915 https://www.wikidata.org/wiki/Q867913 https://en.wikipedia.org/wiki/Snowdonia
curated,Q188754,Himeji Castle,34.839444,134.693611,Himeji,JP,castle,Q107761,You Only Live Twice,film,1967,tt0062512,61,268176,331.13,Sean Connery,James Bond,Mie Hama,Kissy Suzuki,The castle was depicted as Tanaka's ninja training camp.,150,building/castle/station (curated class castle),icon:Q188754,film_line_on_existing,,https://www.wikidata.org/wiki/Q188754 https://en.wikipedia.org/wiki/Himeji_Castle https://en.wikipedia.org/wiki/You_Only_Live_Twice_%28film%29
wikidata,Q19813,Hatfield House,51.7606,-0.2092,Hatfield,GB,English country house; historic house museum; country house,Q116852,Batman,film,1989,tt0096895,65,124135,331.1,Jack Palance,Carl Grissom,Michael Gough,Alfred Pennyworth,,150,building/castle/station (museum),wikidata:Q19813,film_line_on_existing,wp_mention;needs_scene,https://www.wikidata.org/wiki/Q116852#P915 https://www.wikidata.org/wiki/Q19813 https://en.wikipedia.org/wiki/Hatfield_House
wikidata,Q17742126,St Mary's Church,51.548,-2.9488,Nash,GB,church building,Q34316,Doctor Who,tv,1963,,99,2183,330.59,Sylvester McCoy,Seventh Doctor,Samuel Anderson,Danny Pink,,150,building/castle/station (building),wikidata:Q634961,film_line_on_existing,via_season_or_episode;no_wp_mention;needs_scene;large_cast(66);possible_dup:same_name_far(233km),https://www.wikidata.org/wiki/Q34316#P915 https://www.wikidata.org/wiki/Q17742126 https://en.wikipedia.org/wiki/St_Mary%27s_Church%2C_Nash
wikidata,Q456685,Ambassador Hotel,34.059722,-118.297222,Los Angeles,US,hotel building,Q219421,The Mask,film,1994,tt0110475,66,101932,330.55,Jim Carrey,Stanley Ipkiss,Peter Greene,Dorian Tyrell,,150,building/castle/station (building),,new_spot,no_wp_mention;needs_scene;cast_skips_unroled(Peter Riegert);demolished_or_closed(2006),https://www.wikidata.org/wiki/Q219421#P915 https://www.wikidata.org/wiki/Q456685 https://en.wikipedia.org/wiki/Ambassador_Hotel_%28Los_Angeles%29
curated,Q1858111,Monuriki,-17.608889,177.033889,Ba,FJ,natural,Q213411,Cast Away,film,2000,tt0162222,68,69082,329.08,Tom Hanks,Chuck Noland,Helen Hunt,Kelly Frears,The uninhabited island plays the film's anonymous desert island.,500,mountain/natural site (curated class natural),,new_spot,also_in_wikidata,https://www.wikidata.org/wiki/Q1858111 https://en.wikipedia.org/wiki/Cast_Away https://en.wikipedia.org/wiki/Monuriki
wikidata,Q49117,University of Pennsylvania,39.951944,-75.193611,Philadelphia,US,private university; colonial colleges; research university; private not-for-profit educational institution,Q204057,Philadelphia,film,1993,tt0107818,56,729763,328.34,Julius Erving,Julius Erving,Dennis Radesky,Santa Claus,,150,building/castle/station (college),,new_spot,"wp_mention;needs_scene;lead_without_role;cast_skips_unroled(Tom Hanks, Denzel Washington)",https://www.wikidata.org/wiki/Q204057#P915 https://www.wikidata.org/wiki/Q49117 https://en.wikipedia.org/wiki/University_of_Pennsylvania
wikidata,Q661896,Pinewood Studios,51.548611,-0.535,Iver,GB,film studio,Q209481,Eyes Wide Shut,film,1999,tt0120663,63,162271,328.25,,,,,,300,beach/park/ranch/set (studio),,new_spot,wp_mention;needs_scene;needs_roles;lead_without_role;studio_backlot(film studio),https://www.wikidata.org/wiki/Q209481#P915 https://www.wikidata.org/wiki/Q661896 https://en.wikipedia.org/wiki/Pinewood_Studios
wikidata,Q661896,Pinewood Studios,51.548611,-0.535,Iver,GB,film studio,Q243439,Full Metal Jacket,film,1987,tt0093058,63,162271,328.25,Adam Baldwin,Animal Mother,Matthew Modine,"Private/Sergeant J. T. ""Joker"" Davis",,300,beach/park/ranch/set (studio),,new_spot,wp_mention;needs_scene;studio_backlot(film studio),https://www.wikidata.org/wiki/Q243439#P915 https://www.wikidata.org/wiki/Q661896 https://en.wikipedia.org/wiki/Pinewood_Studios
curated,Q40729,Wadi Rum,29.5765,35.419928,Aqaba Governorate,JO,natural,Q192686,Prometheus,film,2012,tt1446714,65,111132,327.98,Noomi Rapace,Elizabeth Shaw,Michael Fassbender,David 8,Scenes for the alien planet were filmed in the valley.,500,mountain/natural site (curated class natural),icon:Q40729,film_line_on_existing,large_area_centroid,https://www.wikidata.org/wiki/Q40729 https://en.wikipedia.org/wiki/Prometheus_%282012_film%29 https://en.wikipedia.org/wiki/Wadi_Rum
curated,Q3038022,Ksar Hadada,33.09928,10.312673,Tataouine Governorate,TN,castle,Q165713,Star Wars: Episode I – The Phantom Menace,film,1999,tt0120915,91,3974,327.54,Liam Neeson,Qui-Gon Jinn,Ewan McGregor,Obi-Wan Kenobi,"Used to represent Mos Espa on Tatooine, Anakin Skywalker's birthplace.",150,building/castle/station (curated class castle),,new_spot,,https://www.wikidata.org/wiki/Q3038022 https://en.wikipedia.org/wiki/Ksar_Hadada
wikidata,Q1046446,Casa Loma,43.678117,-79.409342,Toronto,CA,villa; historic house museum,Q106182,X-Men,film,2000,tt0120903,64,130874,327.48,Patrick Stewart,Charles Xavier,Ian McKellen,Magneto,,150,building/castle/station (museum),wikidata:Q1046446,film_line_on_existing,wp_mention;needs_scene,https://www.wikidata.org/wiki/Q106182#P915 https://www.wikidata.org/wiki/Q1046446 https://en.wikipedia.org/wiki/Casa_Loma
wikidata,Q847613,Wenceslas Square,50.082308,14.426141,New Town,CZ,square,Q151904,Casino Royale,film,2006,tt0381061,71,40764,327.33,Daniel Craig,James Bond,Mads Mikkelsen,Le Chiffre,,120,square/bridge/viaduct (square),curated:czech-republic-prague-wenceslas-square,film_line_on_existing,no_wp_mention;needs_scene,https://www.wikidata.org/wiki/Q151904#P915 https://www.wikidata.org/wiki/Q847613 https://en.wikipedia.org/wiki/Wenceslas_Square
wikidata,Q456960,Westminster Bridge,51.500833,-0.121944,London,GB,arch bridge; road bridge; tram bridge,Q18602670,Spectre,film,2015,tt2379713,70,47024,327.06,Daniel Craig,James Bond,Christoph Waltz,Ernst Stavro Blofeld / Franz Oberhauser,,120,square/bridge/viaduct (bridge),,new_spot,wp_mention;needs_scene,https://www.wikidata.org/wiki/Q18602670#P915 https://www.wikidata.org/wiki/Q456960 https://en.wikipedia.org/wiki/Westminster_Bridge
wikidata,Q3649486,Cadogan Square,51.4953,-0.160556,London,GB,square,Q4941,Skyfall,film,2012,tt1074638,78,15554,326.97,Daniel Craig,James Bond,Javier Bardem,Raoul Silva,,120,square/bridge/viaduct (square),,new_spot,wp_mention;needs_scene,https://www.wikidata.org/wiki/Q4941#P915 https://www.wikidata.org/wiki/Q3649486 https://en.wikipedia.org/wiki/Cadogan_Square
wikidata,Q691283,St John's College,52.208056,0.116667,Cambridge,GB,charitable organization; college of the University of Cambridge; university building,Q15079318,The Theory of Everything,film,2014,tt2980516,65,106314,326.73,David Thewlis,Dennis W. Sciama,Eddie Redmayne,Stephen Hawking,,150,building/castle/station (building),wikidata:Q691283,film_line_on_existing,wp_mention;needs_scene;not_a_spot(organization),https://www.wikidata.org/wiki/Q15079318#P915 https://www.wikidata.org/wiki/Q691283 https://en.wikipedia.org/wiki/St_John%27s_College%2C_Cambridge
wikidata,Q7400532,Sainsbury Centre,52.6203,1.2347,Norwich,GB,art museum; university museum; university building,Q14171368,Avengers: Age of Ultron,film,2015,tt2395427,82,9543,326.34,Robert Downey Jr.,Tony Stark,Chris Hemsworth,Thor,,150,building/castle/station (building),wikidata:Q7400532,film_line_on_existing,wp_mention;needs_scene,https://www.wikidata.org/wiki/Q14171368#P915 https://www.wikidata.org/wiki/Q7400532 https://en.wikipedia.org/wiki/Sainsbury_Centre_for_Visual_Arts
wikidata,Q1814818,Lloyd's building,51.513056,-0.0825,City of London,GB,tower block; administrative building,Q109135,Trainspotting,film,1996,tt0117951,64,123858,325.95,Ewen Bremner,Spud,Jonny Lee Miller,Sick Boy,,150,building/castle/station (building),wikidata:Q1814818,film_line_on_existing,no_wp_mention;needs_scene,https://www.wikidata.org/wiki/Q109135#P915 https://www.wikidata.org/wiki/Q1814818 https://en.wikipedia.org/wiki/Lloyd%27s_building
curated,Q76122,Salar de Uyuni,-20.33333,-67.7,Potosí Department,BO,natural,Q18486021,Star Wars: Episode VIII – The Last Jedi,film,2017,tt2527336,62,180043,325.83,Daisy Ridley,Rey,John Boyega,Finn,The salt flat was the location for the battle on the planet Crait.,500,mountain/natural site (curated class natural),icon:Q76122,film_line_on_existing,large_area_centroid;also_in_wikidata,https://www.wikidata.org/wiki/Q76122 https://en.wikipedia.org/wiki/Salar_de_Uyuni https://en.wikipedia.org/wiki/Star_Wars%3A_The_Last_Jedi
wikidata,Q219867,London King's Cross railway station,51.530972,-0.123333,London,GB,dead-end railway station; railway station; station located on surface,Q14918344,The Imitation Game,film,2014,tt2084970,64,122492,325.64,Benedict Cumberbatch,Alan Turing,Volker Busch,Joan Clarke,,150,building/castle/station (station),wikidata:Q219867,film_line_on_existing,no_wp_mention;needs_scene,https://www.wikidata.org/wiki/Q14918344#P915 https://www.wikidata.org/wiki/Q219867 https://en.wikipedia.org/wiki/London_King%27s_Cross_railway_station
wikidata,Q728399,Cinecittà,41.85,12.566667,Rome,IT,film studio,Q154581,Gangs of New York,film,2002,tt0217505,68,60611,325.21,Leonardo DiCaprio,Amsterdam Vallon,Daniel Day-Lewis,William Poole,,300,beach/park/ranch/set (studio),,new_spot,wp_mention;needs_scene;studio_backlot(film studio),https://www.wikidata.org/wiki/Q154581#P915 https://www.wikidata.org/wiki/Q728399 https://en.wikipedia.org/wiki/Cinecitt%C3%A0
wikidata,Q190210,Mykonos,37.445959,25.328619,Mykonos Municipality,GR,island,Q105624,The Bourne Identity,film,2002,tt0258463,62,171054,324.45,Matt Damon,Jason Bourne,Franka Potente,Marie Kreutz,,500,mountain/natural site (island),icon:Q190210,film_line_on_existing,wp_mention;needs_scene;large_area_centroid,https://www.wikidata.org/wiki/Q105624#P915 https://www.wikidata.org/wiki/Q190210 https://en.wikipedia.org/wiki/Mykonos
wikidata,Q745460,Cathedral of Our Lady of Strasbourg,48.58189,7.751056,Strasbourg,FR,Catholic cathedral,Q243643,Sherlock Holmes: A Game of Shadows,film,2011,tt1515091,62,162493,323.07,Robert Downey Jr.,Sherlock Holmes,Jude Law,Dr. Watson,,150,building/castle/station (cathedral),wikidata:Q745460,film_line_on_existing,wp_mention;needs_scene,https://www.wikidata.org/wiki/Q243643#P915 https://www.wikidata.org/wiki/Q745460 https://en.wikipedia.org/wiki/Strasbourg_Cathedral
wikidata,Q661896,Pinewood Studios,51.548611,-0.535,Iver,GB,film studio,Q30931,Die Another Day,film,2002,tt0246460,62,162271,323.04,Pierce Brosnan,James Bond,Halle Berry,Jinx Johnson,,300,beach/park/ranch/set (studio),,new_spot,wp_mention;needs_scene;studio_backlot(film studio),https://www.wikidata.org/wiki/Q30931#P915 https://www.wikidata.org/wiki/Q661896 https://en.wikipedia.org/wiki/Pinewood_Studios
wikidata,Q661896,Pinewood Studios,51.548611,-0.535,Iver,GB,film studio,Q107226,The Bourne Ultimatum,film,2007,tt0440963,62,162271,323.04,Julia Stiles,Nicky Parsons,David Strathairn,Noah Vosen,,300,beach/park/ranch/set (studio),,new_spot,wp_mention;needs_scene;studio_backlot(film studio),https://www.wikidata.org/wiki/Q107226#P915 https://www.wikidata.org/wiki/Q661896 https://en.wikipedia.org/wiki/Pinewood_Studios
wikidata,Q661896,Pinewood Studios,51.548611,-0.535,Iver,GB,film studio,Q18486021,Star Wars: Episode VIII – The Last Jedi,film,2017,tt2527336,62,162271,323.04,Daisy Ridley,Rey,John Boyega,Finn,,300,beach/park/ranch/set (studio),,new_spot,wp_mention;needs_scene;studio_backlot(film studio),https://www.wikidata.org/wiki/Q18486021#P915 https://www.wikidata.org/wiki/Q661896 https://en.wikipedia.org/wiki/Pinewood_Studios
wikidata,Q505954,Grand Bazaar,41.010581,28.967933,Fatih,TR,bazaar; market hall,Q106571,From Russia with Love,film,1963,tt0057076,64,108856,322.36,Sean Connery,James Bond,Pedro Armendáriz,Ali Kerim Bey,,150,building/castle/station (hall),icon:Q505954,film_line_on_existing,no_wp_mention;needs_scene,https://www.wikidata.org/wiki/Q106571#P915 https://www.wikidata.org/wiki/Q505954 https://en.wikipedia.org/wiki/Grand_Bazaar%2C_Istanbul
wikidata,Q2499130,Sony Pictures Studios,34.017222,-118.401667,Culver City,US,film studio; recording studio,Q193695,The Wizard of Oz,film,1939,tt0032138,67,64464,322.22,Judy Garland,Dorothy Gale,Margaret Hamilton,Wicked Witch of the West / Elmira Gulch,,300,beach/park/ranch/set (studio),wikidata:Q2499130,film_line_on_existing,wp_mention;needs_scene;cast_skips_unroled(Frank Morgan);studio_backlot(film studio),https://www.wikidata.org/wiki/Q193695#P915 https://www.wikidata.org/wiki/Q2499130 https://en.wikipedia.org/wiki/Sony_Pictures_Studios
wikidata,Q5729651,Midtown High School,33.7806,-84.3716,Georgia,US,high school,Q23010088,Spider-Man: Homecoming,film,2017,tt2250912,75,19640,321.99,Tom Holland,Peter Parker,Michael Keaton,Adrian Toomes,,150,building/castle/station (school),,new_spot,wp_mention;needs_scene,https://www.wikidata.org/wiki/Q23010088#P915 https://www.wikidata.org/wiki/Q5729651 https://en.wikipedia.org/wiki/Midtown_High_School_%28Atlanta%29
curated,Q2593762,Café des 2 Moulins,48.884931,2.333611,Paris,FR,cafe,Q484048,Amélie,film,2001,tt0211915,78,13366,321.83,Audrey Tautou,Amélie Poulain,,,The Montmartre cafe where Amélie works as a waitress.,60,stairs/street/cafe/shop (curated class cafe),,new_spot,needs_roles;possible_dup:near_stamp_distinct_item(Le Moulin Rouge|132m),https://www.wikidata.org/wiki/Q2593762 https://en.wikipedia.org/wiki/Am%C3%A9lie https://en.wikipedia.org/wiki/Caf%C3%A9_des_2_Moulins
wikidata,Q29014,Millennium Dome,51.502817,0.003117,London,GB,movie theater; built structure; event venue,Q212145,The World Is Not Enough,film,1999,tt0143145,62,154929,321.79,Pierce Brosnan,James Bond,Sophie Marceau,Elektra King,,150,building/castle/station (theater),,new_spot,wp_mention;needs_scene;possible_dup:near_stamp_distinct_item(The O2 Arena|64m),https://www.wikidata.org/wiki/Q212145#P915 https://www.wikidata.org/wiki/Q29014 https://en.wikipedia.org/wiki/Millennium_Dome
wikidata,Q217142,Snowdon,53.068864,-4.075589,Gwynedd,GB,mountain; summit,Q212145,The World Is Not Enough,film,1999,tt0143145,62,154235,321.67,Pierce Brosnan,James Bond,Sophie Marceau,Elektra King,,500,mountain/natural site (mountain),,new_spot,no_wp_mention;needs_scene;large_area_centroid,https://www.wikidata.org/wiki/Q212145#P915 https://www.wikidata.org/wiki/Q217142 https://en.wikipedia.org/wiki/Snowdon
wikidata,Q5648547,Hankley Common,51.1646,-0.7357,Surrey,GB,common land,Q4941,Skyfall,film,2012,tt1074638,78,13287,321.63,Daniel Craig,James Bond,Javier Bardem,Raoul Silva,,150,building/castle/station (default),,new_spot,wp_mention;needs_scene,https://www.wikidata.org/wiki/Q4941#P915 https://www.wikidata.org/wiki/Q5648547 https://en.wikipedia.org/wiki/Hankley_Common
wikidata,Q1461076,Louis Armstrong New Orleans International Airport,29.993333,-90.258056,Jefferson Parish,US,international airport; airport; commercial traffic aerodrome,Q3512046,Jurassic World,film,2015,tt0369610,63,126502,321.43,Chris Pratt,Owen Grady,Bryce Dallas Howard,Claire Dearing,,150,building/castle/station (default),,new_spot,no_wp_mention;needs_scene;class_ban(airport),https://www.wikidata.org/wiki/Q3512046#P915 https://www.wikidata.org/wiki/Q1461076 https://en.wikipedia.org/wiki/Louis_Armstrong_New_Orleans_International_Airport
wikidata,Q2704516,Mount Owen,-41.552,172.541,Tasman District,NZ,mountain,Q127367,The Lord of the Rings: The Fellowship of the Ring,film,2001,tt0120737,97,2058,321.42,Elijah Wood,Frodo Baggins,Ian McKellen,Gandalf,,500,mountain/natural site (mountain),,new_spot,no_wp_mention;needs_scene;large_area_centroid,https://www.wikidata.org/wiki/Q127367#P915 https://www.wikidata.org/wiki/Q2704516 https://en.wikipedia.org/wiki/Mount_Owen_%28New_Zealand%29
wikidata,Q3364063,Harriman State Park,41.2431,-74.1006,New York,US,New York state park,Q23628,The Sopranos,tv,1999,tt0141842,75,18932,320.79,James Gandolfini,Tony Soprano,Lorraine Bracco,Jennifer Melfi,,300,beach/park/ranch/set (park),,new_spot,via_season_or_episode;no_wp_mention;needs_scene;large_area_centroid;reuses_unstamped_row(wikidata:Q3364063),https://www.wikidata.org/wiki/Q23628#P915 https://www.wikidata.org/wiki/Q3364063 https://en.wikipedia.org/wiki/Harriman_State_Park_%28New_York%29
wikidata,Q1266226,Dunn's River Falls,18.418359,-77.139902,Saint Ann Parish,JM,coastal waterfall,Q102754,Dr. No,film,1962,tt0055928,76,16627,320.78,Sean Connery,James Bond,Ursula Andress,Honey Rider,,500,mountain/natural site (waterfall),icon:Q1266226,film_line_on_existing,coord_from_qualifier;no_wp_mention;needs_scene,https://www.wikidata.org/wiki/Q102754#P915 https://www.wikidata.org/wiki/Q1266226 https://en.wikipedia.org/wiki/Dunn%27s_River_Falls
wikidata,Q208371,Lyndon B. Johnson Space Center,29.558333,-95.088889,Houston,US,research institute; space center; research center; NASA facility,Q106428,Apollo 13,film,1995,tt0112384,64,102749,320.75,Tom Hanks,Jim Lovell,Bill Paxton,Fred Haise,,150,building/castle/station (default),wikidata:Q208371,film_line_on_existing,no_wp_mention;needs_scene,https://www.wikidata.org/wiki/Q106428#P915 https://www.wikidata.org/wiki/Q208371 https://en.wikipedia.org/wiki/Johnson_Space_Center
wikidata,Q456685,Ambassador Hotel,34.059722,-118.297222,Los Angeles,US,hotel building,Q106428,Apollo 13,film,1995,tt0112384,64,101932,320.53,Tom Hanks,Jim Lovell,Bill Paxton,Fred Haise,,150,building/castle/station (building),,new_spot,wp_mention;needs_scene;demolished_or_closed(2006),https://www.wikidata.org/wiki/Q106428#P915 https://www.wikidata.org/wiki/Q456685 https://en.wikipedia.org/wiki/Ambassador_Hotel_%28Los_Angeles%29
wikidata,Q18438,Long Island,40.78886,-73.23349,New York,US,island; moraine,Q270351,American Gangster,film,2007,tt0765429,55,646835,319.59,Russell Crowe,Richie Roberts,Chiwetel Ejiofor,Huey Lucas,,500,mountain/natural site (island),,new_spot,no_wp_mention;needs_scene;large_area_centroid;area_too_large(3566km2),https://www.wikidata.org/wiki/Q270351#P915 https://www.wikidata.org/wiki/Q18438 https://en.wikipedia.org/wiki/Long_Island
wikidata,Q1453586,Freemasons' Hall,51.5151,-0.121,London,GB,building,Q18602670,Spectre,film,2015,tt2379713,70,36460,319.33,Daniel Craig,James Bond,Christoph Waltz,Ernst Stavro Blofeld / Franz Oberhauser,,150,building/castle/station (building),,new_spot,no_wp_mention;needs_scene,https://www.wikidata.org/wiki/Q18602670#P915 https://www.wikidata.org/wiki/Q1453586 https://en.wikipedia.org/wiki/Freemasons%27_Hall%2C_London
wikidata,Q3373468,Kananaskis Country,50.9,-114.9,Kananaskis Improvement District,CA,region; protected area,Q18002795,The Revenant,film,2015,tt1663202,73,22584,317.83,Leonardo DiCaprio,Hugh Glass,Tom Hardy,John Fitzgerald,,500,mountain/natural site (protected area),,new_spot,no_wp_mention;needs_scene;not_a_spot(region);large_area_centroid,https://www.wikidata.org/wiki/Q18002795#P915 https://www.wikidata.org/wiki/Q3373468 https://en.wikipedia.org/wiki/Kananaskis_Country
wikidata,Q661896,Pinewood Studios,51.548611,-0.535,Iver,GB,film studio,Q107761,You Only Live Twice,film,1967,tt0062512,61,162271,317.82,Sean Connery,James Bond,Mie Hama,Kissy Suzuki,,300,beach/park/ranch/set (studio),,new_spot,wp_mention;needs_scene;studio_backlot(film studio),https://www.wikidata.org/wiki/Q107761#P915 https://www.wikidata.org/wiki/Q661896 https://en.wikipedia.org/wiki/Pinewood_Studios
wikidata,Q661896,Pinewood Studios,51.548611,-0.535,Iver,GB,film studio,Q21534241,No Time to Die,film,2021,tt2382320,61,162271,317.82,Daniel Craig,James Bond,Ralph Fiennes,Gareth Mallory,,300,beach/park/ranch/set (studio),,new_spot,wp_mention;needs_scene;studio_backlot(film studio),https://www.wikidata.org/wiki/Q21534241#P915 https://www.wikidata.org/wiki/Q661896 https://en.wikipedia.org/wiki/Pinewood_Studios
wikidata,Q661896,Pinewood Studios,51.548611,-0.535,Iver,GB,film studio,Q207916,Tomorrow Never Dies,film,1997,tt0120347,61,162271,317.82,Pierce Brosnan,James Bond,Teri Hatcher,Paris Carver,,300,beach/park/ranch/set (studio),,new_spot,wp_mention;needs_scene;studio_backlot(film studio),https://www.wikidata.org/wiki/Q207916#P915 https://www.wikidata.org/wiki/Q661896 https://en.wikipedia.org/wiki/Pinewood_Studios
wikidata,Q19835,"Warner Bros. Studios, Leavesden",51.693333,-0.419722,Abbots Langley,GB,film studio; film set,Q18199330,Fantastic Beasts and Where to Find Them,film,2016,tt3183660,66,65379,317.82,Eddie Redmayne,Newt Scamander,Katherine Waterston,Porpentina Goldstein,,300,beach/park/ranch/set (film set),,new_spot,no_wp_mention;needs_scene;possible_dup:near_stamp(icon:Q27924395|339m),https://www.wikidata.org/wiki/Q18199330#P915 https://www.wikidata.org/wiki/Q19835 https://en.wikipedia.org/wiki/Warner_Bros._Studios_Leavesden
wikidata,Q52517,Bridge of Sighs,45.434056,12.340861,Venice,IT,footbridge,Q106571,From Russia with Love,film,1963,tt0057076,64,91970,317.67,Sean Connery,James Bond,Pedro Armendáriz,Ali Kerim Bey,,150,building/castle/station (default),,new_spot,no_wp_mention;needs_scene;possible_dup:near_stamp_distinct_item(Doge's Palace|53m);possible_dup:near_stamp_distinct_item(St. Mark's Square & Basilica|98m);possible_dup:near_stamp_distinct_item(Campanile di San Marco|143m),https://www.wikidata.org/wiki/Q106571#P915 https://www.wikidata.org/wiki/Q52517 https://en.wikipedia.org/wiki/Bridge_of_Sighs
wikidata,Q180865,University of Toronto,43.662917,-79.395746,Toronto,CA,collegiate university; public research university; university in Ontario,Q631103,Mean Girls,film,2004,tt0377092,59,233547,316.73,Lindsay Lohan,Cady Heron,Rachel McAdams,Regina George,,60,stairs/street/cafe/shop (pub),,new_spot,no_wp_mention;needs_scene;reuses_unstamped_row(wikidata:Q3551334),https://www.wikidata.org/wiki/Q631103#P915 https://www.wikidata.org/wiki/Q180865 https://en.wikipedia.org/wiki/University_of_Toronto
wikidata,Q359256,Admiralty Arch,51.506758,-0.128692,London,GB,triumphal arch,Q18602670,Spectre,film,2015,tt2379713,70,32226,315.58,Daniel Craig,James Bond,Christoph Waltz,Ernst Stavro Blofeld / Franz Oberhauser,,120,square/bridge/viaduct (arch),curated:united-kingdom-london-admiralty-arch,film_line_on_existing,no_wp_mention;needs_scene,https://www.wikidata.org/wiki/Q18602670#P915 https://www.wikidata.org/wiki/Q359256 https://en.wikipedia.org/wiki/Admiralty_Arch
wikidata,Q30632606,Universal Studios Lot,34.141395,-118.34978,Los Angeles County,US,film studio; media studio facility; motion picture studio,Q131547207,The Odyssey,film,2026,tt33764258,66,60473,315.58,Matt Damon,Odysseus,Anne Hathaway,Penelope,,300,beach/park/ranch/set (studio),,new_spot,wp_mention;needs_scene;studio_backlot(film studio),https://www.wikidata.org/wiki/Q131547207#P915 https://www.wikidata.org/wiki/Q30632606 https://en.wikipedia.org/wiki/Universal_Studios_Lot
wikidata,Q207193,Skellig Michael,51.771111,-10.540556,County Kerry,IE,island,Q18486021,Star Wars: Episode VIII – The Last Jedi,film,2017,tt2527336,62,122883,315.55,Daisy Ridley,Rey,John Boyega,Finn,,500,mountain/natural site (island),icon:Q207193,film_line_on_existing,wp_mention;needs_scene;large_area_centroid,https://www.wikidata.org/wiki/Q18486021#P915 https://www.wikidata.org/wiki/Q207193 https://en.wikipedia.org/wiki/Skellig_Michael
wikidata,Q1283,Dolomites,46.613056,12.163056,Trentino-South Tyrol,IT,mountain range; massif,Q27038847,Solo: A Star Wars Story,film,2018,tt3778644,55,544338,315.47,Emilia Clarke,Qi'ra,Alden Ehrenreich,Han Solo,,500,mountain/natural site (mountain),icon:Q1257207,film_line_on_existing,wp_mention;needs_scene;not_a_spot(mountain range);large_area_centroid;possible_dup:same_name_far(10km),https://www.wikidata.org/wiki/Q27038847#P915 https://www.wikidata.org/wiki/Q1283 https://en.wikipedia.org/wiki/Dolomites
wikidata,Q1435790,Fontainebleau Miami Beach,25.817837,-80.122712,Miami Beach,US,hotel; resort; convention center; landmark,Q106440,Goldfinger,film,1964,tt0058150,65,70392,315.09,Sean Connery,James Bond,Honor Blackman,Pussy Galore,,300,beach/park/ranch/set (resort),,new_spot,wp_mention;needs_scene,https://www.wikidata.org/wiki/Q106440#P915 https://www.wikidata.org/wiki/Q1435790 https://en.wikipedia.org/wiki/Fontainebleau_Miami_Beach
wikidata,Q1081023,Bonneville Salt Flats,40.8,-113.8,Tooele County,US,plain; salt pan,Q18486021,Star Wars: Episode VIII – The Last Jedi,film,2017,tt2527336,62,120355,314.99,Daisy Ridley,Rey,John Boyega,Finn,,500,mountain/natural site (salt),wikidata:Q1081023,film_line_on_existing,no_wp_mention;needs_scene,https://www.wikidata.org/wiki/Q18486021#P915 https://www.wikidata.org/wiki/Q1081023 https://en.wikipedia.org/wiki/Bonneville_Salt_Flats
curated,Q43473,Angkor Wat,13.4125,103.866667,Siem Reap Province,KH,building,Q1056853,In the Mood for Love,film,2000,tt0118694,53,850821,314.28,,,,,"The final sequence: Chow, now a journalist in Cambodia, visits Angkor Wat.",150,building/castle/station (curated class building),icon:Q43473,film_line_on_existing,needs_roles;lead_without_role,https://www.wikidata.org/wiki/Q43473 https://en.wikipedia.org/wiki/In_the_Mood_for_Love
wikidata,Q7374460,Royal Masonic School for Girls,51.6478,-0.473333,Hertfordshire,GB,boarding school; charitable organization; independent school; girls' school,Q174284,Raiders of the Lost Ark,film,1981,tt0082971,80,8441,314.12,John Rhys-Davies,Sallah,Harrison Ford,Indiana Jones,,150,building/castle/station (school),,new_spot,wp_mention;needs_scene;not_a_spot(organization),https://www.wikidata.org/wiki/Q174284#P915 https://www.wikidata.org/wiki/Q7374460 https://en.wikipedia.org/wiki/The_Royal_Masonic_School_for_Girls
wikidata,Q4468442,White Mountains,33.9061,-109.563,Apache County,US,mountain range,Q18002795,The Revenant,film,2015,tt1663202,73,19838,313.72,Leonardo DiCaprio,Hugh Glass,Tom Hardy,John Fitzgerald,,500,mountain/natural site (mountain),,new_spot,no_wp_mention;needs_scene;not_a_spot(mountain range);large_area_centroid,https://www.wikidata.org/wiki/Q18002795#P915 https://www.wikidata.org/wiki/Q4468442 https://en.wikipedia.org/wiki/White_Mountains_%28Arizona%29
wikidata,Q7452396,Sepulveda Dam,34.1665,-118.473,Los Angeles County,US,dam; flood control dam,Q205028,Iron Man 2,film,2010,tt1228705,74,17238,313.5,Robert Downey Jr.,Tony Stark,Gwyneth Paltrow,Pepper Potts,,150,building/castle/station (default),,new_spot,wp_mention;needs_scene,https://www.wikidata.org/wiki/Q205028#P915 https://www.wikidata.org/wiki/Q7452396 https://en.wikipedia.org/wiki/Sepulveda_Dam
wikidata,Q2278254,Sherborne School,50.947,-2.518,Sherborne,GB,boarding school; charitable organization; boys' school; independent school,Q14918344,The Imitation Game,film,2014,tt2084970,64,77589,312.95,Benedict Cumberbatch,Alan Turing,Volker Busch,Joan Clarke,,150,building/castle/station (school),wikidata:Q1262119,film_line_on_existing,wp_mention;needs_scene;not_a_spot(organization),https://www.wikidata.org/wiki/Q14918344#P915 https://www.wikidata.org/wiki/Q2278254 https://en.wikipedia.org/wiki/Sherborne_School
wikidata,Q648192,Six Flags New Orleans,30.051111,-89.934417,New Orleans,US,amusement park,Q3512046,Jurassic World,film,2015,tt0369610,63,92602,312.9,Chris Pratt,Owen Grady,Bryce Dallas Howard,Claire Dearing,,300,beach/park/ranch/set (park),,new_spot,wp_mention;needs_scene,https://www.wikidata.org/wiki/Q3512046#P915 https://www.wikidata.org/wiki/Q648192 https://en.wikipedia.org/wiki/Six_Flags_New_Orleans
wikidata,Q40729,Wadi Rum,29.5765,35.419928,Aqaba Governorate,JO,wadi; protected area,Q27188178,Aladdin,film,2019,tt6139732,62,111132,312.84,Mena Massoud,Aladdin,Naomi Scott,Jasmine,,500,mountain/natural site (protected area),icon:Q40729,film_line_on_existing,wp_mention;needs_scene;large_area_centroid,https://www.wikidata.org/wiki/Q27188178#P915 https://www.wikidata.org/wiki/Q40729 https://en.wikipedia.org/wiki/Wadi_Rum
wikidata,Q20725,Yonge Street,43.67026,-79.38677,Toronto,CA,street,Q466611,The Incredible Hulk,film,2008,tt0800080,63,92304,312.81,Edward Norton,Bruce Banner,Liv Tyler,Betty Ross,,60,stairs/street/cafe/shop (street),,new_spot,wp_mention;needs_scene;reuses_unstamped_row(wikidata:Q20725),https://www.wikidata.org/wiki/Q466611#P915 https://www.wikidata.org/wiki/Q20725 https://en.wikipedia.org/wiki/Yonge_Street
wikidata,Q9688,Berlin-Tegel Airport,52.559722,13.287778,Berlin,DE,commercial traffic aerodrome; former aerodrome,Q15624215,Lucy,film,2014,tt2872732,62,110687,312.73,Morgan Freeman,Professor Norman,Choi Min-sik,Mr. Jang,,150,building/castle/station (default),,new_spot,no_wp_mention;needs_scene,https://www.wikidata.org/wiki/Q15624215#P915 https://www.wikidata.org/wiki/Q9688 https://en.wikipedia.org/wiki/Berlin_Tegel_Airport
wikidata,Q661896,Pinewood Studios,51.548611,-0.535,Iver,GB,film studio,Q23894626,Black Widow,film,2021,tt3480822,60,162271,312.61,Scarlett Johansson,Natasha Romanoff,David Harbour,Alexei Shostakov,,300,beach/park/ranch/set (studio),,new_spot,no_wp_mention;needs_scene;studio_backlot(film studio),https://www.wikidata.org/wiki/Q23894626#P915 https://www.wikidata.org/wiki/Q661896 https://en.wikipedia.org/wiki/Pinewood_Studios
wikidata,Q661896,Pinewood Studios,51.548611,-0.535,Iver,GB,film studio,Q107724,Thunderball,film,1965,tt0059800,60,162271,312.61,Sean Connery,James Bond,Claudine Auger,Domino Vitali,,300,beach/park/ranch/set (studio),,new_spot,wp_mention;needs_scene;studio_backlot(film studio),https://www.wikidata.org/wiki/Q107724#P915 https://www.wikidata.org/wiki/Q661896 https://en.wikipedia.org/wiki/Pinewood_Studios
wikidata,Q661896,Pinewood Studios,51.548611,-0.535,Iver,GB,film studio,Q107914,Diamonds Are Forever,film,1971,tt0066995,60,162271,312.61,Sean Connery,James Bond,Jill St. John,Tiffany Case,,300,beach/park/ranch/set (studio),,new_spot,wp_mention;needs_scene;studio_backlot(film studio),https://www.wikidata.org/wiki/Q107914#P915 https://www.wikidata.org/wiki/Q661896 https://en.wikipedia.org/wiki/Pinewood_Studios
wikidata,Q1046446,Casa Loma,43.678117,-79.409342,Toronto,CA,villa; historic house museum,Q219776,X2,film,2003,tt0290334,61,130874,312.13,Patrick Stewart,Charles Xavier,Ian McKellen,Magneto,,150,building/castle/station (museum),wikidata:Q1046446,film_line_on_existing,no_wp_mention;needs_scene,https://www.wikidata.org/wiki/Q219776#P915 https://www.wikidata.org/wiki/Q1046446 https://en.wikipedia.org/wiki/Casa_Loma
curated,Q1032254,Pangong Tso,33.704722,78.75,Ladakh,IN,natural,Q229633,3 Idiots,film,2009,tt1187043,65,62903,311.91,,,,,The film's climax was shot at the lake.,500,mountain/natural site (curated class natural),,new_spot,large_area_centroid;multi_country;needs_roles;lead_without_role,https://www.wikidata.org/wiki/Q1032254 https://en.wikipedia.org/wiki/3_Idiots
wikidata,Q85740583,Albuquerque Studios,34.986667,-106.608611,Albuquerque,US,film studio,Q19798734,Stranger Things,tv,2016,tt4574334,78,9948,311.83,Winona Ryder,Joyce Byers,David Harbour,Jim Hopper,,300,beach/park/ranch/set (studio),,new_spot,via_season_or_episode;wp_mention;needs_scene;studio_backlot(film studio),https://www.wikidata.org/wiki/Q19798734#P915 https://www.wikidata.org/wiki/Q85740583 https://en.wikipedia.org/wiki/Netflix_Albuquerque_Studios
wikidata,Q19841,Knebworth House,51.8728,-0.2148,Knebworth,GB,English country house; historic house museum; country house,Q116852,Batman,film,1989,tt0096895,65,62305,311.64,Jack Palance,Carl Grissom,Michael Gough,Alfred Pennyworth,,150,building/castle/station (museum),wikidata:Q19841,film_line_on_existing,wp_mention;needs_scene,https://www.wikidata.org/wiki/Q116852#P915 https://www.wikidata.org/wiki/Q19841 https://en.wikipedia.org/wiki/Knebworth_House
wikidata,Q1049514,Castle Howard,54.121389,-0.905833,Yorkshire,GB,château; garden; historic house museum,Q471716,Barry Lyndon,film,1975,tt0072684,60,155290,311.47,Hardy Krüger,Captain Potzdorf,Ryan O'Neal,Redmond Barry,,300,beach/park/ranch/set (garden),,new_spot,wp_mention;needs_scene,https://www.wikidata.org/wiki/Q471716#P915 https://www.wikidata.org/wiki/Q1049514 https://en.wikipedia.org/wiki/Castle_Howard
wikidata,Q83125,Tower Bridge,51.505556,-0.075278,London,GB,suspension bridge; road bridge; bascule bridge; steel bridge,Q1741232,Mission: Impossible,film,1996,tt0117060,56,360728,311.2,Tom Cruise,Ethan Hunt,Jon Voight,Jim Phelps,,120,square/bridge/viaduct (bridge),icon:Q83125,film_line_on_existing,no_wp_mention;needs_scene,https://www.wikidata.org/wiki/Q1741232#P915 https://www.wikidata.org/wiki/Q83125 https://en.wikipedia.org/wiki/Tower_Bridge
wikidata,Q212862,East River,40.786944,-73.9175,New York City,US,strait; estuary,Q212689,I Am Legend,film,2007,tt0480249,62,100778,310.21,,,,,,150,building/castle/station (default),,new_spot,no_wp_mention;needs_scene;needs_roles;lead_without_role,https://www.wikidata.org/wiki/Q212689#P915 https://www.wikidata.org/wiki/Q212862 https://en.wikipedia.org/wiki/East_River
wikidata,Q25007,Bellagio Hotel & Casino,36.11201,-115.17534,Clark County,US,skyscraper; hotel; casino,Q205447,Ocean's Eleven,film,2001,tt0240772,60,146756,310.0,George Clooney,Danny Ocean,Brad Pitt,Rusty Ryan,,150,building/castle/station (hotel),,new_spot,wp_mention;needs_scene,https://www.wikidata.org/wiki/Q205447#P915 https://www.wikidata.org/wiki/Q25007 https://en.wikipedia.org/wiki/Bellagio_%28resort%29
curated,Q130958,The Great Sphinx,29.97527,31.13768,Giza,EG,building,Q320423,The Spy Who Loved Me,film,1977,tt0076752,55,430680,309.88,Roger Moore,James Bond,Bernard Lee,M,The Sphinx was shot on location; the pyramids behind it were replaced with miniatures.,150,building/castle/station (curated class building),icon:Q130958,film_line_on_existing,,https://www.wikidata.org/wiki/Q130958 https://en.wikipedia.org/wiki/The_Spy_Who_Loved_Me_%28film%29
wikidata,Q1093950,Old City Hall,51.504722,-0.078333,London,GB,Rathaus; city hall,Q18602670,Spectre,film,2015,tt2379713,70,26495,309.62,Daniel Craig,James Bond,Christoph Waltz,Ernst Stavro Blofeld / Franz Oberhauser,,150,building/castle/station (hall),,new_spot,wp_mention;needs_scene;city_level_suspect;reuses_unstamped_row(wikidata:Q1093950),https://www.wikidata.org/wiki/Q18602670#P915 https://www.wikidata.org/wiki/Q1093950 https://en.wikipedia.org/wiki/110_The_Queen%27s_Walk
wikidata,Q7993723,Whippendell Wood,51.67,-0.445,Sarratt,GB,ancient woodland,Q165713,Star Wars: Episode I – The Phantom Menace,film,1999,tt0120915,91,2501,309.24,Liam Neeson,Qui-Gon Jinn,Ewan McGregor,Obi-Wan Kenobi,,150,building/castle/station (default),,new_spot,no_wp_mention;needs_scene,https://www.wikidata.org/wiki/Q165713#P915 https://www.wikidata.org/wiki/Q7993723 https://en.wikipedia.org/wiki/Whippendell_Wood
wikidata,Q1050074,28 Liberty Street,40.707778,-74.008889,New York City,US,skyscraper,Q182212,Spider-Man 3,film,2007,tt0413300,68,35088,309.07,Tobey Maguire,Peter Parker,Kirsten Dunst,Mary Jane Watson,,150,building/castle/station (skyscraper),,new_spot,no_wp_mention;needs_scene;possible_dup:near_stamp_distinct_item(40 Wall Street|116m);possible_dup:near_stamp_distinct_item(Federal Hall|135m);possible_dup:near_stamp(wikidata:Q2815111|168m),https://www.wikidata.org/wiki/Q182212#P915 https://www.wikidata.org/wiki/Q1050074 https://en.wikipedia.org/wiki/28_Liberty_Street
wikidata,Q127091,Pearl Harbor,21.361944,-157.953611,Honolulu County,US,lagoon; harbor,Q194413,Pearl Harbor,film,2001,tt0213149,57,260003,308.65,Ben Affleck,Rafe McCawley,Josh Hartnett,First Lieutenant / Captain Danny Walker,,150,building/castle/station (default),wikidata:Q127091,film_line_on_existing,wp_mention;needs_scene,https://www.wikidata.org/wiki/Q194413#P915 https://www.wikidata.org/wiki/Q127091 https://en.wikipedia.org/wiki/Pearl_Harbor
wikidata,Q519826,Lawrence Livermore National Laboratory,37.686,-121.7095,California,US,research institute; science park; United States national laboratory,Q171711,Star Trek Into Darkness,film,2013,tt1408101,59,167258,308.18,Zoe Saldaña,Nyota Uhura,John Cho,Hikaru Sulu,,300,beach/park/ranch/set (park),wikidata:Q519826,film_line_on_existing,wp_mention;needs_scene,https://www.wikidata.org/wiki/Q171711#P915 https://www.wikidata.org/wiki/Q519826 https://en.wikipedia.org/wiki/Lawrence_Livermore_National_Laboratory
wikidata,Q18438,Long Island,40.78886,-73.23349,New York,US,island; moraine,Q156597,Men in Black II,film,2002,tt0120912,53,646835,307.97,Will Smith,Agent J,Lara Flynn Boyle,Serleena,,500,mountain/natural site (island),,new_spot,no_wp_mention;needs_scene;large_area_centroid;area_too_large(3566km2),https://www.wikidata.org/wiki/Q156597#P915 https://www.wikidata.org/wiki/Q18438 https://en.wikipedia.org/wiki/Long_Island
wikidata,Q661896,Pinewood Studios,51.548611,-0.535,Iver,GB,film studio,Q27204,Live and Let Die,film,1973,tt0070328,59,162271,307.4,Roger Moore,James Bond,Yaphet Kotto,Dr. Kananga,,300,beach/park/ranch/set (studio),,new_spot,wp_mention;needs_scene;studio_backlot(film studio),https://www.wikidata.org/wiki/Q27204#P915 https://www.wikidata.org/wiki/Q661896 https://en.wikipedia.org/wiki/Pinewood_Studios
wikidata,Q661896,Pinewood Studios,51.548611,-0.535,Iver,GB,film studio,Q162277,Alexander,film,2004,tt0346491,59,162271,307.4,Colin Farrell,Alexander the Great,Angelina Jolie,Olympias,,300,beach/park/ranch/set (studio),,new_spot,no_wp_mention;needs_scene;studio_backlot(film studio),https://www.wikidata.org/wiki/Q162277#P915 https://www.wikidata.org/wiki/Q661896 https://en.wikipedia.org/wiki/Pinewood_Studios
wikidata,Q661896,Pinewood Studios,51.548611,-0.535,Iver,GB,film studio,Q189054,Batman Returns,film,1992,tt0103776,59,162271,307.4,Michael Keaton,Bruce Wayne,Danny DeVito,Oswald Cobblepot,,300,beach/park/ranch/set (studio),,new_spot,wp_mention;needs_scene;studio_backlot(film studio),https://www.wikidata.org/wiki/Q189054#P915 https://www.wikidata.org/wiki/Q661896 https://en.wikipedia.org/wiki/Pinewood_Studios
wikidata,Q1726158,Longleat,51.18568,-2.27435,Horningsham,GB,English country house; stately home; prodigy house,Q471716,Barry Lyndon,film,1975,tt0072684,60,130394,306.92,Hardy Krüger,Captain Potzdorf,Ryan O'Neal,Redmond Barry,,150,building/castle/station (house),wikidata:Q1726158,film_line_on_existing,wp_mention;needs_scene,https://www.wikidata.org/wiki/Q471716#P915 https://www.wikidata.org/wiki/Q1726158 https://en.wikipedia.org/wiki/Longleat
wikidata,Q890802,Voidokilia beach,36.96385,21.6628,Municipality of Pylos-Nestor,GR,sand beach,Q131547207,The Odyssey,film,2026,tt33764258,66,43606,306.21,Matt Damon,Odysseus,Anne Hathaway,Penelope,,300,beach/park/ranch/set (beach),,new_spot,wp_mention;needs_scene;reuses_unstamped_row(wv:voidokilia-voidokilia-beach),https://www.wikidata.org/wiki/Q131547207#P915 https://www.wikidata.org/wiki/Q890802 https://en.wikipedia.org/wiki/Voidokilia_beach
wikidata,Q392189,Université de Montréal,45.50414,-73.61433,Montreal,CA,charitable organization; university in Quebec; public research university,Q20382729,Arrival,film,2016,tt2543164,65,51222,306.12,Amy Adams,Dr. Louise Banks,Jeremy Renner,Ian Donnelly,,60,stairs/street/cafe/shop (pub),,new_spot,wp_mention;needs_scene;not_a_spot(organization);reuses_unstamped_row(wikidata:Q392189),https://www.wikidata.org/wiki/Q20382729#P915 https://www.wikidata.org/wiki/Q392189 https://en.wikipedia.org/wiki/Universit%C3%A9_de_Montr%C3%A9al
curated,Q1275945,ESO Hotel,-24.640278,-70.388333,Antofagasta,CL,building,Q181540,Quantum of Solace,film,2008,tt0830515,69,27236,306.03,Daniel Craig,James Bond,Olga Kurylenko,Camille Montes,"The hotel's exterior plays the ""Perla de las Dunas"" eco-hotel where Bond confronts Greene.",150,building/castle/station (curated class building),,new_spot,,https://www.wikidata.org/wiki/Q1275945 https://en.wikipedia.org/wiki/ESO_Hotel https://en.wikipedia.org/wiki/Quantum_of_Solace
wikidata,Q456685,Ambassador Hotel,34.059722,-118.297222,Los Angeles,US,hotel building,Q207954,Pretty Woman,film,1990,tt0100405,61,101932,305.51,,,,,,150,building/castle/station (building),,new_spot,wp_mention;needs_scene;needs_roles;lead_without_role;demolished_or_closed(2006),https://www.wikidata.org/wiki/Q207954#P915 https://www.wikidata.org/wiki/Q456685 https://en.wikipedia.org/wiki/Ambassador_Hotel_%28Los_Angeles%29
wikidata,Q97,Atlantic Ocean,0.0,-30.0,international waters,,ocean,Q62730,Das Boot,film,1981,tt0082096,52,749772,305.5,Jürgen Prochnow,Kapitänleutnant,Klaus Wennemann,Chief Engineer,,150,building/castle/station (default),,new_spot,wp_mention;needs_scene;not_a_spot(ocean);area_too_large(106460000km2);no_country,https://www.wikidata.org/wiki/Q62730#P915 https://www.wikidata.org/wiki/Q97 https://en.wikipedia.org/wiki/Atlantic_Ocean
wikidata,Q1032842,Canary Wharf,51.503611,-0.018611,London,GB,London Underground station; underground station,Q190588,Love Actually,film,2003,tt0314331,69,26746,305.48,Hugh Grant,David,Liam Neeson,Daniel,,150,building/castle/station (station),wikidata:Q124377,film_line_on_existing,wp_mention;needs_scene,https://www.wikidata.org/wiki/Q190588#P915 https://www.wikidata.org/wiki/Q1032842 https://en.wikipedia.org/wiki/Canary_Wharf_tube_station
wikidata,Q1812844,Ponte City Apartments,-26.190556,28.057083,Johannesburg,ZA,skyscraper,Q201819,District 9,film,2009,tt1136608,59,147529,304.96,Sharlto Copley,Wikus van der Merwe,,,,150,building/castle/station (skyscraper),wikidata:Q1812844,film_line_on_existing,wp_mention;needs_scene;needs_roles,https://www.wikidata.org/wiki/Q201819#P915 https://www.wikidata.org/wiki/Q1812844 https://en.wikipedia.org/wiki/Ponte_City
wikidata,Q207323,Vulcano,38.4042,14.9658,Lipari,IT,mountain; stratovolcano; volcanic island; complex volcano,Q131547207,The Odyssey,film,2026,tt33764258,66,41633,304.88,Matt Damon,Odysseus,Anne Hathaway,Penelope,,500,mountain/natural site (mountain),,new_spot,wp_mention;needs_scene;large_area_centroid,https://www.wikidata.org/wiki/Q131547207#P915 https://www.wikidata.org/wiki/Q207323 https://en.wikipedia.org/wiki/Vulcano
wikidata,Q990658,Aldwych tube station,51.51215,-0.11595,London,GB,underground railway station; filming location; station building; former railway station,Q14918344,The Imitation Game,film,2014,tt2084970,64,56875,304.32,Benedict Cumberbatch,Alan Turing,Volker Busch,Joan Clarke,,150,building/castle/station (building),wikidata:Q990658,film_line_on_existing,no_wp_mention;needs_scene,https://www.wikidata.org/wiki/Q14918344#P915 https://www.wikidata.org/wiki/Q990658 https://en.wikipedia.org/wiki/Aldwych_tube_station
wikidata,Q160409,Central Park,40.7825,-73.966111,New York City,US,urban park,Q328695,Superman Returns,film,2006,tt0348150,53,535577,303.63,Brandon Routh,Superman,Kate Bosworth,Lois Lane,,300,beach/park/ranch/set (park),icon:Q160409,film_line_on_existing,no_wp_mention;needs_scene,https://www.wikidata.org/wiki/Q328695#P915 https://www.wikidata.org/wiki/Q160409 https://en.wikipedia.org/wiki/Central_Park
wikidata,Q19835,"Warner Bros. Studios, Leavesden",51.693333,-0.419722,Abbots Langley,GB,film studio; film set,Q61117344,The Batman,film,2022,tt1877830,63,65379,303.37,Robert Pattinson,Batman,Zoë Kravitz,Catwoman,,300,beach/park/ranch/set (film set),,new_spot,no_wp_mention;needs_scene;possible_dup:near_stamp(icon:Q27924395|339m),https://www.wikidata.org/wiki/Q61117344#P915 https://www.wikidata.org/wiki/Q19835 https://en.wikipedia.org/wiki/Warner_Bros._Studios_Leavesden
wikidata,Q795691,London Waterloo station,51.5031,-0.1132,London,GB,dead-end railway station; central station,Q107226,The Bourne Ultimatum,film,2007,tt0440963,62,78095,303.34,Julia Stiles,Nicky Parsons,David Strathairn,Noah Vosen,,150,building/castle/station (station),wikidata:Q795691,film_line_on_existing,wp_mention;needs_scene,https://www.wikidata.org/wiki/Q107226#P915 https://www.wikidata.org/wiki/Q795691 https://en.wikipedia.org/wiki/London_Waterloo_station
wikidata,Q952270,"Intrepid Sea, Air & Space Museum",40.764611,-73.999611,New York City,US,nonprofit organization; maritime museum; military museum; cultural institution,Q212689,I Am Legend,film,2007,tt0480249,62,77241,303.05,,,,,,150,building/castle/station (museum),,new_spot,wp_mention;needs_scene;needs_roles;lead_without_role;possible_dup:near_stamp_distinct_item(USS Intrepid|118m);reuses_unstamped_row(curated:united-states-new-york-intrepid-sea-air-space-museum),https://www.wikidata.org/wiki/Q212689#P915 https://www.wikidata.org/wiki/Q952270 https://en.wikipedia.org/wiki/Intrepid_Museum
wikidata,Q909592,Washington Square Park,40.730833,-73.997778,New York City,US,urban park,Q212689,I Am Legend,film,2007,tt0480249,62,76547,302.8,,,,,,300,beach/park/ranch/set (park),,new_spot,wp_mention;needs_scene;needs_roles;lead_without_role;possible_dup:near_stamp(curated:united-states-new-york-washington-square-arch|171m);reuses_unstamped_row(curated:united-states-new-york-washington-square-park),https://www.wikidata.org/wiki/Q212689#P915 https://www.wikidata.org/wiki/Q909592 https://en.wikipedia.org/wiki/Washington_Square_Park
curated,Q36332,Iguaçu Falls,-25.695278,-54.436667,Paraná,BR,natural,Q334780,Moonraker,film,1979,tt0079574,55,314058,302.34,Roger Moore,James Bond,Michael Lonsdale,Hugo Drax,The falls feature in the film.,500,mountain/natural site (curated class natural),icon:Q36332,film_line_on_existing,large_area_centroid;scene_generic;multi_country,https://www.wikidata.org/wiki/Q36332 https://en.wikipedia.org/wiki/Iguazu_Falls
wikidata,Q109711,Park Avenue,40.7786,-73.9584,New York City,US,street; north-south avenue in Manhattan,Q212689,I Am Legend,film,2007,tt0480249,62,75042,302.27,,,,,,60,stairs/street/cafe/shop (street),wikidata:Q109711,film_line_on_existing,no_wp_mention;needs_scene;needs_roles;lead_without_role,https://www.wikidata.org/wiki/Q212689#P915 https://www.wikidata.org/wiki/Q109711 https://en.wikipedia.org/wiki/Park_Avenue
wikidata,Q661896,Pinewood Studios,51.548611,-0.535,Iver,GB,film studio,Q19590955,Rogue One: A Star Wars Story,film,2016,tt3748528,58,162271,302.19,Felicity Jones,Jyn Erso,Diego Luna,Cassian Andor,,300,beach/park/ranch/set (studio),,new_spot,wp_mention;needs_scene;studio_backlot(film studio),https://www.wikidata.org/wiki/Q19590955#P915 https://www.wikidata.org/wiki/Q661896 https://en.wikipedia.org/wiki/Pinewood_Studios
wikidata,Q661896,Pinewood Studios,51.548611,-0.535,Iver,GB,film studio,Q272064,The Living Daylights,film,1987,tt0093428,58,162271,302.19,Timothy Dalton,James Bond,Maryam d'Abo,Kara Milovy,,300,beach/park/ranch/set (studio),,new_spot,wp_mention;needs_scene;studio_backlot(film studio),https://www.wikidata.org/wiki/Q272064#P915 https://www.wikidata.org/wiki/Q661896 https://en.wikipedia.org/wiki/Pinewood_Studios
wikidata,Q661896,Pinewood Studios,51.548611,-0.535,Iver,GB,film studio,Q320461,The Mummy Returns,film,2001,tt0209163,58,162271,302.19,Brendan Fraser,Rick O'Connell,Arnold Vosloo,Imhotep,,300,beach/park/ranch/set (studio),,new_spot,no_wp_mention;needs_scene;studio_backlot(film studio),https://www.wikidata.org/wiki/Q320461#P915 https://www.wikidata.org/wiki/Q661896 https://en.wikipedia.org/wiki/Pinewood_Studios
wikidata,Q6673670,Longcross Studios,51.3817,-0.592833,Surrey,GB,film studio,Q18406872,Doctor Strange,film,2016,tt1211837,73,13786,302.18,Benedict Cumberbatch,Stephen Strange,Chiwetel Ejiofor,Karl Mordo,,300,beach/park/ranch/set (studio),,new_spot,wp_mention;needs_scene;studio_backlot(film studio),https://www.wikidata.org/wiki/Q18406872#P915 https://www.wikidata.org/wiki/Q6673670 https://en.wikipedia.org/wiki/Longcross_Studios
wikidata,Q4545538,007 Stage,51.55,-0.535,Iver,GB,sound stage,Q160560,The Da Vinci Code,film,2006,tt0382625,70,20737,302.17,Tom Hanks,Robert Langdon,Audrey Tautou,Sophie Neveu,,150,building/castle/station (default),,new_spot,wp_mention;needs_scene;studio_backlot(sound stage),https://www.wikidata.org/wiki/Q160560#P915 https://www.wikidata.org/wiki/Q4545538 https://en.wikipedia.org/wiki/007_Stage
wikidata,Q18438,Long Island,40.78886,-73.23349,New York,US,island; moraine,Q499851,Now You See Me,film,2013,tt1670345,52,646835,302.16,,,,,,500,mountain/natural site (island),,new_spot,wp_mention;needs_scene;needs_roles;lead_without_role;large_area_centroid;area_too_large(3566km2),https://www.wikidata.org/wiki/Q499851#P915 https://www.wikidata.org/wiki/Q18438 https://en.wikipedia.org/wiki/Long_Island
wikidata,Q728399,Cinecittà,41.85,12.566667,Rome,IT,film studio,Q168154,Once Upon a Time in the West,film,1968,tt0064116,63,60611,301.3,Charles Bronson,Harmonica,Henry Fonda,Frank,,300,beach/park/ranch/set (studio),,new_spot,wp_mention;needs_scene;studio_backlot(film studio),https://www.wikidata.org/wiki/Q168154#P915 https://www.wikidata.org/wiki/Q728399 https://en.wikipedia.org/wiki/Cinecitt%C3%A0
wikidata,Q1508450,Highclere Castle,51.3267,-1.36139,Burghclere,GB,garden; English country house; historic house museum,Q83071,Downton Abbey,tv,2010,tt1606375,54,379694,301.29,Michelle Dockery,Lady Mary Talbot,Hugh Bonneville,"Robert Crawley, The Earl of Grantham",,300,beach/park/ranch/set (garden),wikidata:Q1508450,film_line_on_existing,wp_mention;needs_scene;large_cast(166),https://www.wikidata.org/wiki/Q83071#P915 https://www.wikidata.org/wiki/Q1508450 https://en.wikipedia.org/wiki/Highclere_Castle
wikidata,Q7653703,Swansea Marina,51.6158,-3.93833,Swansea,GB,marina,Q34316,Doctor Who,tv,1963,,99,1085,300.55,Sylvester McCoy,Seventh Doctor,Samuel Anderson,Danny Pink,,150,building/castle/station (default),,new_spot,via_season_or_episode;no_wp_mention;needs_scene;large_cast(66);reuses_unstamped_row(wikidata:Q7653703),https://www.wikidata.org/wiki/Q34316#P915 https://www.wikidata.org/wiki/Q7653703 https://en.wikipedia.org/wiki/Swansea_Marina
wikidata,Q7596482,Stadium High School,47.2662,-122.448,Tacoma,US,high school,Q169082,10 Things I Hate About You,film,1999,tt0147800,62,69612,300.25,Heath Ledger,Patrick Verona,Julia Stiles,Katarina Stratford,,150,building/castle/station (school),,new_spot,wp_mention;needs_scene,https://www.wikidata.org/wiki/Q169082#P915 https://www.wikidata.org/wiki/Q7596482 https://en.wikipedia.org/wiki/Stadium_High_School
wikidata,Q521155,Estates Theatre,50.086111,14.423889,Prague,CZ,theatre building; opera house,Q190956,Amadeus,film,1984,tt0086879,72,14503,299.63,Tom Hulce,Wolfgang Amadeus Mozart,Elizabeth Berridge,Constanze Mozart,,150,building/castle/station (building),wikidata:Q521155,film_line_on_existing,wp_mention;needs_scene,https://www.wikidata.org/wiki/Q190956#P915 https://www.wikidata.org/wiki/Q521155 https://en.wikipedia.org/wiki/Estates_Theatre
wikidata,Q208181,Blenheim Palace,51.841363,-1.360948,Blenheim,GB,garden; English country house; historic house museum,Q17548046,Mission: Impossible – Rogue Nation,film,2015,tt2381249,53,448141,299.53,Tom Cruise,Ethan Hunt,Jeremy Renner,William Brandt,,300,beach/park/ranch/set (garden),wikidata:Q208181,film_line_on_existing,no_wp_mention;needs_scene,https://www.wikidata.org/wiki/Q17548046#P915 https://www.wikidata.org/wiki/Q208181 https://en.wikipedia.org/wiki/Blenheim_Palace
wikidata,Q2802728,Contra Dam,46.1966,8.84824,Canton of Ticino,CH,arch dam,Q19089,GoldenEye,film,1995,tt0113189,68,25338,299.46,Pierce Brosnan,James Bond,Sean Bean,Alec Trevelyan,,120,square/bridge/viaduct (arch),wikidata:Q2802728,film_line_on_existing,wp_mention;needs_scene,https://www.wikidata.org/wiki/Q19089#P915 https://www.wikidata.org/wiki/Q2802728 https://en.wikipedia.org/wiki/Contra_Dam
wikidata,Q790756,Barrandov Studios,50.029616,14.387155,,CZ,film studio; business; enterprise; production company,Q151904,Casino Royale,film,2006,tt0381061,71,16432,299.32,Daniel Craig,James Bond,Mads Mikkelsen,Le Chiffre,,300,beach/park/ranch/set (studio),,new_spot,wp_mention;needs_scene;not_a_spot(enterprise);studio_backlot(film studio);no_city,https://www.wikidata.org/wiki/Q151904#P915 https://www.wikidata.org/wiki/Q790756 https://en.wikipedia.org/wiki/Barrandov_Studios
wikidata,Q1227891,Dirk Hartog Island,-25.8,113.05,Shire of Shark Bay,AU,island,Q22665878,Thor: Ragnarok,film,2017,tt3501632,71,16328,299.12,Chris Hemsworth,Thor,Tom Hiddleston,Loki,,500,mountain/natural site (island),wikidata:Q1227891,film_line_on_existing,wp_mention;needs_scene;large_area_centroid,https://www.wikidata.org/wiki/Q22665878#P915 https://www.wikidata.org/wiki/Q1227891 https://en.wikipedia.org/wiki/Dirk_Hartog_Island
wikidata,Q12858813,Lincoln Heights Jail,34.0775,-118.225,Los Angeles,US,fixed construction,Q205028,Iron Man 2,film,2010,tt1228705,74,10891,298.75,Robert Downey Jr.,Tony Stark,Gwyneth Paltrow,Pepper Potts,,150,building/castle/station (default),,new_spot,wp_mention;needs_scene,https://www.wikidata.org/wiki/Q205028#P915 https://www.wikidata.org/wiki/Q12858813 https://en.wikipedia.org/wiki/Lincoln_Heights_Jail
wikidata,Q25233,Gotthard Pass,46.559167,8.561667,Canton of Uri,CH,mountain pass,Q106440,Goldfinger,film,1964,tt0058150,65,39036,298.45,Sean Connery,James Bond,Honor Blackman,Pussy Galore,,500,mountain/natural site (mountain),,new_spot,no_wp_mention;needs_scene;large_area_centroid,https://www.wikidata.org/wiki/Q106440#P915 https://www.wikidata.org/wiki/Q25233 https://en.wikipedia.org/wiki/Gotthard_Pass
wikidata,Q569877,Wallenstein Palace,50.09,14.406667,Prague,CZ,palace; parliament building,Q190956,Amadeus,film,1984,tt0086879,72,13945,298.4,Tom Hulce,Wolfgang Amadeus Mozart,Elizabeth Berridge,Constanze Mozart,,150,building/castle/station (building),wikidata:Q569877,film_line_on_existing,coord_from_qualifier;no_wp_mention;needs_scene,https://www.wikidata.org/wiki/Q190956#P915 https://www.wikidata.org/wiki/Q569877 https://en.wikipedia.org/wiki/Wallenstein_Palace
wikidata,Q1967618,National Radio Astronomy Observatory,38.036806,-78.518068,,US,astronomical observatory,Q105387,Independence Day,film,1996,tt0116629,71,15805,298.12,Will Smith,Steven Hiller,Jeff Goldblum,David Levinson,,150,building/castle/station (default),,new_spot,no_wp_mention;needs_scene;no_city,https://www.wikidata.org/wiki/Q105387#P915 https://www.wikidata.org/wiki/Q1967618 https://en.wikipedia.org/wiki/National_Radio_Astronomy_Observatory
wikidata,Q6673670,Longcross Studios,51.3817,-0.592833,Surrey,GB,film studio,Q5887360,Guardians of the Galaxy,film,2014,tt2015381,72,13786,298.04,Chris Pratt,Peter Quill,Zoe Saldaña,Gamora,,300,beach/park/ranch/set (studio),,new_spot,wp_mention;needs_scene;studio_backlot(film studio),https://www.wikidata.org/wiki/Q5887360#P915 https://www.wikidata.org/wiki/Q6673670 https://en.wikipedia.org/wiki/Longcross_Studios
wikidata,Q5365721,Elliott School,51.4548,-0.2259,London,GB,school; building,Q190588,Love Actually,film,2003,tt0314331,69,20352,297.3,Hugh Grant,David,Liam Neeson,Daniel,,150,building/castle/station (building),,new_spot,wp_mention;needs_scene,https://www.wikidata.org/wiki/Q190588#P915 https://www.wikidata.org/wiki/Q5365721 https://en.wikipedia.org/wiki/Elliott_School%2C_Putney
wikidata,Q661896,Pinewood Studios,51.548611,-0.535,Iver,GB,film studio,Q107894,On Her Majesty's Secret Service,film,1969,tt0064757,57,162271,296.98,George Lazenby,James Bond,Diana Rigg,Tracy Bond,,300,beach/park/ranch/set (studio),,new_spot,wp_mention;needs_scene;studio_backlot(film studio),https://www.wikidata.org/wiki/Q107894#P915 https://www.wikidata.org/wiki/Q661896 https://en.wikipedia.org/wiki/Pinewood_Studios
wikidata,Q661896,Pinewood Studios,51.548611,-0.535,Iver,GB,film studio,Q157044,The Hours,film,2002,tt0274558,57,162271,296.98,,,,,,300,beach/park/ranch/set (studio),,new_spot,no_wp_mention;needs_scene;needs_roles;lead_without_role;studio_backlot(film studio),https://www.wikidata.org/wiki/Q157044#P915 https://www.wikidata.org/wiki/Q661896 https://en.wikipedia.org/wiki/Pinewood_Studios
wikidata,Q661896,Pinewood Studios,51.548611,-0.535,Iver,GB,film studio,Q204398,Octopussy,film,1983,tt0086034,57,162271,296.98,Roger Moore,James Bond,Maud Adams,Octopussy,,300,beach/park/ranch/set (studio),,new_spot,wp_mention;needs_scene;studio_backlot(film studio),https://www.wikidata.org/wiki/Q204398#P915 https://www.wikidata.org/wiki/Q661896 https://en.wikipedia.org/wiki/Pinewood_Studios
wikidata,Q661896,Pinewood Studios,51.548611,-0.535,Iver,GB,film studio,Q212041,Sweeney Todd: The Demon Barber of Fleet Street,film,2007,tt0408236,57,162271,296.98,Johnny Depp,Sweeney Todd,Helena Bonham Carter,Mrs. Lovett,,300,beach/park/ranch/set (studio),,new_spot,wp_mention;needs_scene;studio_backlot(film studio),https://www.wikidata.org/wiki/Q212041#P915 https://www.wikidata.org/wiki/Q661896 https://en.wikipedia.org/wiki/Pinewood_Studios
wikidata,Q661896,Pinewood Studios,51.548611,-0.535,Iver,GB,film studio,Q221090,Children of Men,film,2006,tt0206634,57,162271,296.98,,,,,,300,beach/park/ranch/set (studio),,new_spot,no_wp_mention;needs_scene;needs_roles;lead_without_role;studio_backlot(film studio),https://www.wikidata.org/wiki/Q221090#P915 https://www.wikidata.org/wiki/Q661896 https://en.wikipedia.org/wiki/Pinewood_Studios
curated,Q134140,Abu Simbel,22.336944,31.625556,Aswan Governorate,EG,building,Q320423,The Spy Who Loved Me,film,1977,tt0076752,55,247516,296.65,Roger Moore,James Bond,Bernard Lee,M,One of the Egyptian sites where the film was shot.,150,building/castle/station (curated class building),icon:Q134140,film_line_on_existing,scene_generic,https://www.wikidata.org/wiki/Q134140 https://en.wikipedia.org/wiki/The_Spy_Who_Loved_Me_%28film%29
wikidata,Q731126,J. Paul Getty Museum,34.0775,-118.475,Los Angeles,US,art museum,Q171711,Star Trek Into Darkness,film,2013,tt1408101,59,103020,295.76,Zoe Saldaña,Nyota Uhura,John Cho,Hikaru Sulu,,150,building/castle/station (museum),,new_spot,no_wp_mention;needs_scene;possible_dup:near_stamp_distinct_item(Getty Center|99m),https://www.wikidata.org/wiki/Q171711#P915 https://www.wikidata.org/wiki/Q731126 https://en.wikipedia.org/wiki/J._Paul_Getty_Museum
wikidata,Q501003,Waterloo Bridge,51.508611,-0.116944,London,GB,road bridge; girder bridge; box girder bridge; Zone 3 A road,Q109135,Trainspotting,film,1996,tt0117951,64,41492,295.55,Ewen Bremner,Spud,Jonny Lee Miller,Sick Boy,,120,square/bridge/viaduct (bridge),,new_spot,wp_mention;needs_scene,https://www.wikidata.org/wiki/Q109135#P915 https://www.wikidata.org/wiki/Q501003 https://en.wikipedia.org/wiki/Waterloo_Bridge
wikidata,Q16683162,"Warner Bros. Studios, Burbank",34.148697,-118.337561,Burbank,US,film studio,Q204228,The Mentalist,tv,2008,tt1196946,59,102132,295.54,Simon Baker,Patrick Jane,Robin Tunneyio,Teresa Lisbon,,300,beach/park/ranch/set (studio),wikidata:Q16683162,film_line_on_existing,no_wp_mention;needs_scene;large_cast(160);studio_backlot(film studio),https://www.wikidata.org/wiki/Q204228#P915 https://www.wikidata.org/wiki/Q16683162 https://en.wikipedia.org/wiki/Warner_Bros._Studios_Burbank
wikidata,Q1331574,Tower 42,51.515278,-0.083889,City of London,GB,skyscraper,Q109135,Trainspotting,film,1996,tt0117951,64,41434,295.51,Ewen Bremner,Spud,Jonny Lee Miller,Sick Boy,,150,building/castle/station (skyscraper),,new_spot,no_wp_mention;needs_scene,https://www.wikidata.org/wiki/Q109135#P915 https://www.wikidata.org/wiki/Q1331574 https://en.wikipedia.org/wiki/Tower_42
wikidata,Q29247,Getty Center,34.0775,-118.475,Los Angeles,US,museum; architectural ensemble,Q171711,Star Trek Into Darkness,film,2013,tt1408101,59,100949,295.24,Zoe Saldaña,Nyota Uhura,John Cho,Hikaru Sulu,,120,square/bridge/viaduct (arch),curated:united-states-los-angeles-getty-center,film_line_on_existing,no_wp_mention;needs_scene,https://www.wikidata.org/wiki/Q171711#P915 https://www.wikidata.org/wiki/Q29247 https://en.wikipedia.org/wiki/Getty_Center
curated,Q848397,Maiden's Tower,41.021111,29.004167,Üsküdar,TR,building,Q212145,The World Is Not Enough,film,1999,tt0143145,62,57128,294.93,Pierce Brosnan,James Bond,Sophie Marceau,Elektra King,"Renard's hideout in Turkey, where Bond traces the locator card.",150,building/castle/station (curated class building),wikidata:Q848397,film_line_on_existing,,https://www.wikidata.org/wiki/Q848397 https://en.wikipedia.org/wiki/Maiden%27s_Tower https://en.wikipedia.org/wiki/The_World_Is_Not_Enough
wikidata,Q7930680,Village Roadshow Studios,-27.911027,153.311248,Gold Coast,AU,film studio,Q22665878,Thor: Ragnarok,film,2017,tt3501632,71,14200,294.81,Chris Hemsworth,Thor,Tom Hiddleston,Loki,,300,beach/park/ranch/set (studio),,new_spot,wp_mention;needs_scene;studio_backlot(film studio),https://www.wikidata.org/wiki/Q22665878#P915 https://www.wikidata.org/wiki/Q7930680 https://en.wikipedia.org/wiki/Village_Roadshow_Studios
wikidata,Q1340614,Griffith Park,34.124154,-118.31447,Los Angeles,US,park,Q2085,Twin Peaks,tv,1990,tt0098936,61,67155,294.45,Kyle MacLachlan,Dale Cooper,Michael Ontkean,Harry S. Truman,,300,beach/park/ranch/set (park),wikidata:Q1340614,film_line_on_existing,coord_from_qualifier;no_wp_mention;needs_scene;large_cast(125),https://www.wikidata.org/wiki/Q2085#P915 https://www.wikidata.org/wiki/Q1340614 https://en.wikipedia.org/wiki/Griffith_Park
wikidata,Q1626991,San Bernardino International Airport,34.095278,-117.235,California,US,international airport; commercial traffic aerodrome,Q201924,The Aviator,film,2004,tt0338751,65,33378,294.03,Leonardo DiCaprio,Howard Hughes,Cate Blanchett,Katharine Hepburn,,150,building/castle/station (default),,new_spot,wp_mention;needs_scene;class_ban(airport),https://www.wikidata.org/wiki/Q201924#P915 https://www.wikidata.org/wiki/Q1626991 https://en.wikipedia.org/wiki/San_Bernardino_International_Airport
wikidata,Q19835,"Warner Bros. Studios, Leavesden",51.693333,-0.419722,Abbots Langley,GB,film studio; film set,Q72930269,House of the Dragon,tv,2022,tt11198330,61,65379,293.74,Paddy Considine,Viserys I Targaryen,Matt Smith,Daemon Targaryen,,300,beach/park/ranch/set (film set),,new_spot,wp_mention;needs_scene;large_cast(100);possible_dup:near_stamp(icon:Q27924395|339m),https://www.wikidata.org/wiki/Q72930269#P915 https://www.wikidata.org/wiki/Q19835 https://en.wikipedia.org/wiki/Warner_Bros._Studios_Leavesden
wikidata,Q190348,Central Eastern Alps,47.0,13.0,Lombardy,AT,alpine major sector,Q18602670,Spectre,film,2015,tt2379713,70,15663,293.64,Daniel Craig,James Bond,Christoph Waltz,Ernst Stavro Blofeld / Franz Oberhauser,,150,building/castle/station (default),,new_spot,no_wp_mention;needs_scene,https://www.wikidata.org/wiki/Q18602670#P915 https://www.wikidata.org/wiki/Q190348 https://en.wikipedia.org/wiki/Central_Eastern_Alps
curated,Q1522793,Varda Viaduct,37.2434,34.97678,Karaisalı district,TR,viaduct,Q4941,Skyfall,film,2012,tt1074638,78,5753,293.28,Daniel Craig,James Bond,Javier Bardem,Raoul Silva,The opening train chase crosses the viaduct; a stunt double dived backwards off the 300-foot drop.,120,square/bridge/viaduct (curated class viaduct),,new_spot,,https://www.wikidata.org/wiki/Q1522793 https://en.wikipedia.org/wiki/Skyfall https://en.wikipedia.org/wiki/Varda_Viaduct
wikidata,Q1015079,Burghley House,52.6425,-0.453056,Barnack,GB,historic house museum; prodigy house; country house,Q270385,Pride & Prejudice,film,2005,tt0414387,58,112566,292.98,Keira Knightley,Elizabeth Bennet,Matthew Macfadyen,Mr. Darcy,,150,building/castle/station (museum),wikidata:Q1015079,film_line_on_existing,wp_mention;needs_scene,https://www.wikidata.org/wiki/Q270385#P915 https://www.wikidata.org/wiki/Q1015079 https://en.wikipedia.org/wiki/Burghley_House
wikidata,Q210280,Dettifoss,65.8143,-16.384611,Northeastern Region,IS,waterfall,Q192686,Prometheus,film,2012,tt1446714,65,32026,292.86,Noomi Rapace,Elizabeth Shaw,Michael Fassbender,David 8,,500,mountain/natural site (waterfall),wikidata:Q210280,film_line_on_existing,wp_mention;needs_scene,https://www.wikidata.org/wiki/Q192686#P915 https://www.wikidata.org/wiki/Q210280 https://en.wikipedia.org/wiki/Dettifoss
wikidata,Q5608502,Greystone Mansion,34.091944,-118.401667,Beverly Hills,US,single-family detached home,Q204228,The Mentalist,tv,2008,tt1196946,59,91388,292.69,Simon Baker,Patrick Jane,Robin Tunneyio,Teresa Lisbon,,150,building/castle/station (default),,new_spot,via_season_or_episode;no_wp_mention;needs_scene;large_cast(160);reuses_unstamped_row(wikidata:Q5608502),https://www.wikidata.org/wiki/Q204228#P915 https://www.wikidata.org/wiki/Q5608502 https://en.wikipedia.org/wiki/Greystone_Mansion
curated,Q40729,Wadi Rum,29.5765,35.419928,Aqaba Governorate,JO,natural,Q19590955,Rogue One: A Star Wars Story,film,2016,tt3748528,58,111132,292.66,Felicity Jones,Jyn Erso,Diego Luna,Cassian Andor,Used for scenes set on Jedha.,500,mountain/natural site (curated class natural),icon:Q40729,film_line_on_existing,large_area_centroid;also_in_wikidata,https://www.wikidata.org/wiki/Q40729 https://en.wikipedia.org/wiki/Rogue_One https://en.wikipedia.org/wiki/Wadi_Rum
wikidata,Q533697,Highgate Cemetery,51.567,-0.147,London,GB,burial gallery,Q18199331,Fantastic Beasts: The Crimes of Grindelwald,film,2018,tt4123430,56,167738,292.58,Eddie Redmayne,Newt Scamander,Jude Law,Albus Dumbledore,,150,building/castle/station (default),wikidata:Q533697,film_line_on_existing,no_wp_mention;needs_scene,https://www.wikidata.org/wiki/Q18199331#P915 https://www.wikidata.org/wiki/Q533697 https://en.wikipedia.org/wiki/Highgate_Cemetery
wikidata,Q526804,Wellington Arch,51.5025,-0.150833,London,GB,triumphal arch,Q109135,Trainspotting,film,1996,tt0117951,64,36665,292.11,Ewen Bremner,Spud,Jonny Lee Miller,Sick Boy,,120,square/bridge/viaduct (arch),wikidata:Q526804,film_line_on_existing,no_wp_mention;needs_scene,https://www.wikidata.org/wiki/Q109135#P915 https://www.wikidata.org/wiki/Q526804 https://en.wikipedia.org/wiki/Wellington_Arch
wikidata,Q661896,Pinewood Studios,51.548611,-0.535,Iver,GB,film studio,Q14786561,Fury,film,2014,tt2713180,56,162271,291.77,Brad Pitt,"First Sergeant Donald ""Don"" ""Wardaddy"" Collier",Shia LaBeouf,"Technician Fifth Grade Boyd ""Bible"" Swan",,300,beach/park/ranch/set (studio),,new_spot,wp_mention;needs_scene;studio_backlot(film studio),https://www.wikidata.org/wiki/Q14786561#P915 https://www.wikidata.org/wiki/Q661896 https://en.wikipedia.org/wiki/Pinewood_Studios
wikidata,Q661896,Pinewood Studios,51.548611,-0.535,Iver,GB,film studio,Q309289,The Man with the Golden Gun,film,1974,tt0071807,56,162271,291.77,Roger Moore,James Bond,Britt Ekland,Mary Goodnight,,300,beach/park/ranch/set (studio),,new_spot,wp_mention;needs_scene;studio_backlot(film studio),https://www.wikidata.org/wiki/Q309289#P915 https://www.wikidata.org/wiki/Q661896 https://en.wikipedia.org/wiki/Pinewood_Studios
wikidata,Q661896,Pinewood Studios,51.548611,-0.535,Iver,GB,film studio,Q318910,Interview with the Vampire,film,1994,tt0110148,56,162271,291.77,Tom Cruise,Lestat de Lioncourt,Brad Pitt,Louis de Pointe du Lac,,300,beach/park/ranch/set (studio),,new_spot,wp_mention;needs_scene;studio_backlot(film studio),https://www.wikidata.org/wiki/Q318910#P915 https://www.wikidata.org/wiki/Q661896 https://en.wikipedia.org/wiki/Pinewood_Studios
wikidata,Q661896,Pinewood Studios,51.548611,-0.535,Iver,GB,film studio,Q332368,A View to a Kill,film,1985,tt0090264,56,162271,291.77,Roger Moore,James Bond,Tanya Roberts,Stacey Sutton,,300,beach/park/ranch/set (studio),,new_spot,wp_mention;needs_scene;studio_backlot(film studio),https://www.wikidata.org/wiki/Q332368#P915 https://www.wikidata.org/wiki/Q661896 https://en.wikipedia.org/wiki/Pinewood_Studios
wikidata,Q661896,Pinewood Studios,51.548611,-0.535,Iver,GB,film studio,Q1741232,Mission: Impossible,film,1996,tt0117060,56,162271,291.77,Tom Cruise,Ethan Hunt,Jon Voight,Jim Phelps,,300,beach/park/ranch/set (studio),,new_spot,wp_mention;needs_scene;studio_backlot(film studio),https://www.wikidata.org/wiki/Q1741232#P915 https://www.wikidata.org/wiki/Q661896 https://en.wikipedia.org/wiki/Pinewood_Studios
wikidata,Q661896,Pinewood Studios,51.548611,-0.535,Iver,GB,film studio,Q223596,X-Men: First Class,film,2011,tt1270798,56,162271,291.77,James McAvoy,Charles Xavier,Michael Fassbender,Magneto,,300,beach/park/ranch/set (studio),,new_spot,wp_mention;needs_scene;studio_backlot(film studio),https://www.wikidata.org/wiki/Q223596#P915 https://www.wikidata.org/wiki/Q661896 https://en.wikipedia.org/wiki/Pinewood_Studios
wikidata,Q11277,Rockefeller Center,40.758611,-73.979194,New York City,US,shopping center; tower block; building complex; mixed-use development,Q21451640,John Wick: Chapter 2,film,2017,tt4425200,54,250434,291.53,Keanu Reeves,John Wick,Common,Cassian,,60,stairs/street/cafe/shop (shop),,new_spot,no_wp_mention;needs_scene;possible_dup:near_stamp_distinct_item(Top of the Rock Observation Deck|43m);possible_dup:near_stamp_distinct_item(Radio City Music Hall|123m);reuses_unstamped_row(curated:united-states-new-york-city-rockefeller-center),https://www.wikidata.org/wiki/Q21451640#P915 https://www.wikidata.org/wiki/Q11277 https://en.wikipedia.org/wiki/Rockefeller_Center
curated,Q36332,Iguaçu Falls,-25.695278,-54.436667,Paraná,BR,natural,Q302490,The Mission,film,1986,tt0091530,53,314058,291.34,Robert De Niro,Captain Rodrigo Mendoza,Jeremy Irons,Father Gabriel,The film is set around the falls; a missionary priest is thrown to his death from them.,500,mountain/natural site (curated class natural),icon:Q36332,film_line_on_existing,large_area_centroid;multi_country,https://www.wikidata.org/wiki/Q36332 https://en.wikipedia.org/wiki/Iguazu_Falls https://en.wikipedia.org/wiki/The_Mission_%281986_film%29
wikidata,Q593025,Snæfellsnes,64.869176,-23.050516,Western Region,IS,peninsula,Q131547207,The Odyssey,film,2026,tt33764258,66,25835,291.21,Matt Damon,Odysseus,Anne Hathaway,Penelope,,500,mountain/natural site (peninsula),,new_spot,wp_mention;needs_scene;large_area_centroid;area_too_large(1468km2),https://www.wikidata.org/wiki/Q131547207#P915 https://www.wikidata.org/wiki/Q593025 https://en.wikipedia.org/wiki/Sn%C3%A6fellsnes
wikidata,Q7448348,Selfridges,51.514344,-0.152704,London,GB,department store,Q190588,Love Actually,film,2003,tt0314331,69,16432,290.88,Hugh Grant,David,Liam Neeson,Daniel,,60,stairs/street/cafe/shop (store),,new_spot,wp_mention;needs_scene;inside_stamp_footprint(wikidata:Q932992|326m),https://www.wikidata.org/wiki/Q190588#P915 https://www.wikidata.org/wiki/Q7448348 https://en.wikipedia.org/wiki/Selfridges_flagship_store
wikidata,Q585521,Biltmore Estate,35.54,-82.551944,Asheville,US,residential building; estate; NRHP district,Q722682,Hannibal,film,2001,tt0212985,51,501231,290.7,Anthony Hopkins,Hannibal Lecter,Julianne Moore,Clarice Starling,,300,beach/park/ranch/set (estate),wikidata:Q585521,film_line_on_existing,wp_mention;needs_scene;city_level_suspect,https://www.wikidata.org/wiki/Q722682#P915 https://www.wikidata.org/wiki/Q585521 https://en.wikipedia.org/wiki/Biltmore_Estate
wikidata,Q18438,Long Island,40.78886,-73.23349,New York,US,island; moraine,Q327713,Men in Black 3,film,2012,tt1409024,50,646835,290.54,Tommy Lee Jones,Agent K,Josh Brolin,Agent K,,500,mountain/natural site (island),,new_spot,no_wp_mention;needs_scene;large_area_centroid;area_too_large(3566km2),https://www.wikidata.org/wiki/Q327713#P915 https://www.wikidata.org/wiki/Q18438 https://en.wikipedia.org/wiki/Long_Island
wikidata,Q456685,Ambassador Hotel,34.059722,-118.297222,Los Angeles,US,hotel building,Q217627,The Graduate,film,1967,tt0061722,58,101932,290.48,,,,,,150,building/castle/station (building),,new_spot,no_wp_mention;needs_scene;needs_roles;lead_without_role;demolished_or_closed(2006),https://www.wikidata.org/wiki/Q217627#P915 https://www.wikidata.org/wiki/Q456685 https://en.wikipedia.org/wiki/Ambassador_Hotel_%28Los_Angeles%29
wikidata,Q1814818,Lloyd's building,51.513056,-0.0825,City of London,GB,tower block; administrative building,Q188850,Mamma Mia!,film,2008,tt0795421,57,123858,290.3,Meryl Streep,Donna Sheridan,Amanda Seyfried,Sophie Sheridan,,150,building/castle/station (building),wikidata:Q1814818,film_line_on_existing,wp_mention;needs_scene,https://www.wikidata.org/wiki/Q188850#P915 https://www.wikidata.org/wiki/Q1814818 https://en.wikipedia.org/wiki/Lloyd%27s_building
wikidata,Q192534,Fuerteventura,28.4,-14.0,Las Palmas,ES,island,Q27038847,Solo: A Star Wars Story,film,2018,tt3778644,55,189702,290.29,Emilia Clarke,Qi'ra,Alden Ehrenreich,Han Solo,,500,mountain/natural site (island),,new_spot,no_wp_mention;needs_scene;large_area_centroid;area_too_large(1633km2),https://www.wikidata.org/wiki/Q27038847#P915 https://www.wikidata.org/wiki/Q192534 https://en.wikipedia.org/wiki/Fuerteventura
wikidata,Q2628510,Badminton House,51.5455,-2.28045,Badminton,GB,English country house,Q194413,Pearl Harbor,film,2001,tt0213149,57,121434,289.81,Ben Affleck,Rafe McCawley,Josh Hartnett,First Lieutenant / Captain Danny Walker,,150,building/castle/station (house),,new_spot,wp_mention;needs_scene,https://www.wikidata.org/wiki/Q194413#P915 https://www.wikidata.org/wiki/Q2628510 https://en.wikipedia.org/wiki/Badminton_House
wikidata,Q1051217,Crystal Cathedral,33.787396,-117.898933,Garden Grove,US,cathedral; Catholic cathedral,Q171711,Star Trek Into Darkness,film,2013,tt1408101,59,81563,289.78,Zoe Saldaña,Nyota Uhura,John Cho,Hikaru Sulu,,150,building/castle/station (cathedral),wikidata:Q1051217,film_line_on_existing,wp_mention;needs_scene,https://www.wikidata.org/wiki/Q171711#P915 https://www.wikidata.org/wiki/Q1051217 https://en.wikipedia.org/wiki/Christ_Cathedral_%28Garden_Grove%2C_California%29
wikidata,Q550,avenue des Champs-Élysées,48.86967,2.30786,Paris,FR,boulevard; avenue,Q86427,Breathless,film,1960,tt0053472,53,292313,289.69,Jean-Paul Belmondo,Michel Poiccard alias Laszlo Kovacs,,,,150,building/castle/station (default),curated:france-paris-champs-elysees,film_line_on_existing,no_wp_mention;needs_scene;needs_roles,https://www.wikidata.org/wiki/Q86427#P915 https://www.wikidata.org/wiki/Q550 https://en.wikipedia.org/wiki/Champs-%C3%89lys%C3%A9es
wikidata,Q1340614,Griffith Park,34.1333,-118.3,Los Angeles,US,park,Q223139,North by Northwest,film,1959,tt0053125,60,67155,289.63,Eva Marie Saint,Eve Kendall,Cary Grant,Roger Thornhill,,300,beach/park/ranch/set (park),wikidata:Q1340614,film_line_on_existing,no_wp_mention;needs_scene;cast_skips_unroled(James Mason),https://www.wikidata.org/wiki/Q223139#P915 https://www.wikidata.org/wiki/Q1340614 https://en.wikipedia.org/wiki/Griffith_Park
wikidata,Q131347,Oahu,21.485,-157.965,Honolulu County,US,island; volcanic island,Q21877685,Jurassic World: Fallen Kingdom,film,2018,tt4881806,54,228561,289.39,Chris Pratt,Owen Grady,Bryce Dallas Howard,Claire Dearing,,500,mountain/natural site (island),,new_spot,wp_mention;needs_scene;large_area_centroid;area_too_large(1545km2),https://www.wikidata.org/wiki/Q21877685#P915 https://www.wikidata.org/wiki/Q131347 https://en.wikipedia.org/wiki/O%CA%BBahu
wikidata,Q1419068,Firhill Stadium,55.881556,-4.269639,Glasgow City,GB,stadium; association football venue,Q109135,Trainspotting,film,1996,tt0117951,64,33223,289.37,Ewen Bremner,Spud,Jonny Lee Miller,Sick Boy,,300,beach/park/ranch/set (stadium),,new_spot,no_wp_mention;needs_scene,https://www.wikidata.org/wiki/Q109135#P915 https://www.wikidata.org/wiki/Q1419068 https://en.wikipedia.org/wiki/Firhill_Stadium
wikidata,Q205666,Hampton Court Palace,51.4034,-0.337499,London,GB,palace; theatre building; historic house museum; independent museum,Q15046091,Cinderella,film,2015,tt1661199,54,227523,289.28,Lily James,Cinderella,Richard Madden,Prince,,150,building/castle/station (building),wikidata:Q205666,film_line_on_existing,wp_mention;needs_scene,https://www.wikidata.org/wiki/Q15046091#P915 https://www.wikidata.org/wiki/Q205666 https://en.wikipedia.org/wiki/Hampton_Court_Palace
curated,Q522862,Karnak Temple Complex,25.718333,32.658333,Karnak,EG,building,Q320423,The Spy Who Loved Me,film,1977,tt0076752,55,176149,288.52,Roger Moore,James Bond,Bernard Lee,M,One of the Egyptian sites where the film was shot.,150,building/castle/station (curated class building),icon:Q522862,film_line_on_existing,scene_generic,https://www.wikidata.org/wiki/Q522862 https://en.wikipedia.org/wiki/The_Spy_Who_Loved_Me_%28film%29
wikidata,Q6878725,Mission San Juan Bautista,36.8451,-121.536,San Juan Bautista,US,museum; Spanish missions in California,Q202548,Vertigo,film,1958,tt0052357,66,23495,288.49,,,,,,150,building/castle/station (museum),,new_spot,wp_mention;needs_scene;needs_roles;lead_without_role;reuses_unstamped_row(wikidata:Q6878725),https://www.wikidata.org/wiki/Q202548#P915 https://www.wikidata.org/wiki/Q6878725 https://en.wikipedia.org/wiki/Mission_San_Juan_Bautista
wikidata,Q204871,Charles Bridge,50.086389,14.411944,Prague,CZ,street; arch bridge; footbridge; stone bridge,Q1741232,Mission: Impossible,film,1996,tt0117060,56,140961,288.35,Tom Cruise,Ethan Hunt,Jon Voight,Jim Phelps,,60,stairs/street/cafe/shop (street),icon:Q204871,film_line_on_existing,wp_mention;needs_scene,https://www.wikidata.org/wiki/Q1741232#P915 https://www.wikidata.org/wiki/Q204871 https://en.wikipedia.org/wiki/Charles_Bridge
wikidata,Q1535845,Riviera Hotel and Casino,36.135,-115.162,Nevada,US,skyscraper; hotel; casino,Q107914,Diamonds Are Forever,film,1971,tt0066995,60,63724,288.26,Sean Connery,James Bond,Jill St. John,Tiffany Case,,150,building/castle/station (hotel),,new_spot,no_wp_mention;needs_scene;demolished_or_closed(2016),https://www.wikidata.org/wiki/Q107914#P915 https://www.wikidata.org/wiki/Q1535845 https://en.wikipedia.org/wiki/Riviera_%28hotel_and_casino%29
wikidata,Q944225,Waddesdon Manor,51.84243,-0.93727,Waddesdon,GB,English country house; historic house museum; history museum,Q20707362,The Crown,tv,2016,tt4786824,57,113375,288.11,Claire Foy,Elizabeth II,Matt Smith,"Prince Philip, Duke of Edinburgh",,150,building/castle/station (museum),wikidata:Q944225,film_line_on_existing,wp_mention;needs_scene;large_cast(384),https://www.wikidata.org/wiki/Q20707362#P915 https://www.wikidata.org/wiki/Q944225 https://en.wikipedia.org/wiki/Waddesdon_Manor
wikidata,Q7013887,New York Public Library Main Branch,40.753333,-73.982222,New York City,US,public library; library building; research library; library branch,Q108745,Ghostbusters,film,1984,tt0087332,60,62749,287.86,Bill Murray,Peter Venkman,Sigourney Weaver,Dana Barrett,,60,stairs/street/cafe/shop (pub),wikidata:Q7013887,film_line_on_existing,no_wp_mention;needs_scene,https://www.wikidata.org/wiki/Q108745#P915 https://www.wikidata.org/wiki/Q7013887 https://en.wikipedia.org/wiki/New_York_Public_Library_Main_Branch
wikidata,Q579004,Ely Cathedral,52.398611,0.263889,Ely,GB,Anglican or Episcopal cathedral,Q20707362,The Crown,tv,2016,tt4786824,57,111632,287.72,Claire Foy,Elizabeth II,Matt Smith,"Prince Philip, Duke of Edinburgh",,150,building/castle/station (cathedral),wikidata:Q579004,film_line_on_existing,wp_mention;needs_scene;large_cast(384),https://www.wikidata.org/wiki/Q20707362#P915 https://www.wikidata.org/wiki/Q579004 https://en.wikipedia.org/wiki/Ely_Cathedral
wikidata,Q1693,North Sea,56.459,3.6825,,BE,sea,Q62730,Das Boot,film,1981,tt0082096,52,340341,287.66,Jürgen Prochnow,Kapitänleutnant,Klaus Wennemann,Chief Engineer,,150,building/castle/station (default),,new_spot,no_wp_mention;needs_scene;not_a_spot(sea);large_area_centroid;area_too_large(570000km2);no_city,https://www.wikidata.org/wiki/Q62730#P915 https://www.wikidata.org/wiki/Q1693 https://en.wikipedia.org/wiki/North_Sea
wikidata,Q2859435,Aragon Ballroom,41.9695,-87.6581,Chicago,US,ballroom; music venue,Q14772351,Batman v Superman: Dawn of Justice,film,2016,tt2975590,65,26518,287.53,Ben Affleck,Batman,Henry Cavill,Superman,,150,building/castle/station (default),,new_spot,wp_mention;needs_scene;reuses_unstamped_row(wikidata:Q2859435),https://www.wikidata.org/wiki/Q14772351#P915 https://www.wikidata.org/wiki/Q2859435 https://en.wikipedia.org/wiki/Aragon_Ballroom_%28Chicago%29
wikidata,Q666628,Furka Pass,46.572778,8.416667,Canton of Valais,CH,mountain pass; rail mountain pass,Q106440,Goldfinger,film,1964,tt0058150,65,26433,287.44,Sean Connery,James Bond,Honor Blackman,Pussy Galore,,500,mountain/natural site (mountain),,new_spot,wp_mention;needs_scene;large_area_centroid,https://www.wikidata.org/wiki/Q106440#P915 https://www.wikidata.org/wiki/Q666628 https://en.wikipedia.org/wiki/Furka_Pass
wikidata,Q4022491,Tavern on the Green,40.7723,-73.9778,New York City,US,restaurant,Q108745,Ghostbusters,film,1984,tt0087332,60,61621,287.38,Bill Murray,Peter Venkman,Sigourney Weaver,Dana Barrett,,60,stairs/street/cafe/shop (restaurant),,new_spot,wp_mention;needs_scene,https://www.wikidata.org/wiki/Q108745#P915 https://www.wikidata.org/wiki/Q4022491 https://en.wikipedia.org/wiki/Tavern_on_the_Green
curated,Q2914326,Roman amphitheatre of El Jem,35.296389,10.706944,El Djem,TN,building,Q24953,Monty Python’s Life of Brian,film,1979,tt0079470,60,60528,286.92,Graham Chapman,Brian Cohen,Kenneth Colley,Jesus Christ,The amphitheatre features in the film.,150,building/castle/station (curated class building),icon:Q2914326,film_line_on_existing,scene_generic;cast_skips_unroled(John Cleese),https://www.wikidata.org/wiki/Q2914326 https://en.wikipedia.org/wiki/Amphitheatre_of_El_Jem
wikidata,Q1472049,Salisbury Plain,51.155,-1.809,Wiltshire,GB,calcareous grassland,Q62721520,1917,film,2019,tt8579674,61,50457,286.88,George MacKay,Lance Corporal William Will Schofield / Lance Corporal Schofield,Dean-Charles Chapman,Lance Corporal Thomas Tom Blake / Lance Corporal Blake,,150,building/castle/station (default),,new_spot,wp_mention;needs_scene,https://www.wikidata.org/wiki/Q62721520#P915 https://www.wikidata.org/wiki/Q1472049 https://en.wikipedia.org/wiki/Salisbury_Plain
wikidata,Q2616330,Bedford Park Boulevard,40.8725,-73.8879,New York City,US,metro station; underground station,Q42759035,Joker,film,2019,tt7286456,76,5939,286.81,Joaquin Phoenix,The Joker / Arthur Fleck,Zazie Beetz,Sophie Dumond,,150,building/castle/station (station),,new_spot,wp_mention;needs_scene,https://www.wikidata.org/wiki/Q42759035#P915 https://www.wikidata.org/wiki/Q2616330 https://en.wikipedia.org/wiki/Bedford_Park_Boulevard_station
wikidata,Q661896,Pinewood Studios,51.548611,-0.535,Iver,GB,film studio,Q27038847,Solo: A Star Wars Story,film,2018,tt3778644,55,162271,286.56,Emilia Clarke,Qi'ra,Alden Ehrenreich,Han Solo,,300,beach/park/ranch/set (studio),,new_spot,wp_mention;needs_scene;studio_backlot(film studio),https://www.wikidata.org/wiki/Q27038847#P915 https://www.wikidata.org/wiki/Q661896 https://en.wikipedia.org/wiki/Pinewood_Studios
wikidata,Q661896,Pinewood Studios,51.548611,-0.535,Iver,GB,film studio,Q320423,The Spy Who Loved Me,film,1977,tt0076752,55,162271,286.56,Roger Moore,James Bond,Bernard Lee,M,,300,beach/park/ranch/set (studio),,new_spot,wp_mention;needs_scene;studio_backlot(film studio),https://www.wikidata.org/wiki/Q320423#P915 https://www.wikidata.org/wiki/Q661896 https://en.wikipedia.org/wiki/Pinewood_Studios
wikidata,Q661896,Pinewood Studios,51.548611,-0.535,Iver,GB,film studio,Q334780,Moonraker,film,1979,tt0079574,55,162271,286.56,Roger Moore,James Bond,Michael Lonsdale,Hugo Drax,,300,beach/park/ranch/set (studio),,new_spot,wp_mention;needs_scene;studio_backlot(film studio),https://www.wikidata.org/wiki/Q334780#P915 https://www.wikidata.org/wiki/Q661896 https://en.wikipedia.org/wiki/Pinewood_Studios
wikidata,Q160409,Central Park,40.7825,-73.966111,New York City,US,urban park,Q490464,Enchanted,film,2007,tt0461770,50,535577,286.44,Amy Adams,Giselle,Jodi Benson,Sam,,300,beach/park/ranch/set (park),icon:Q160409,film_line_on_existing,wp_mention;needs_scene;cast_skips_unroled(Patrick Dempsey),https://www.wikidata.org/wiki/Q490464#P915 https://www.wikidata.org/wiki/Q160409 https://en.wikipedia.org/wiki/Central_Park
wikidata,Q7641261,Sunset Gower Studios,34.096111,-118.321111,Los Angeles,US,film studio; film production company,Q23577,Dexter,tv,2007,tt0773262,67,18487,285.88,Michael C. Hall,Dexter Morgan,Jennifer Carpenter,Debra Morgan,,300,beach/park/ranch/set (studio),,new_spot,wp_mention;needs_scene;not_a_spot(film production company);studio_backlot(film studio),https://www.wikidata.org/wiki/Q23577#P915 https://www.wikidata.org/wiki/Q7641261 https://en.wikipedia.org/wiki/Sunset_Gower_Studios
wikidata,Q1130666,Lambeth Bridge,51.494636,-0.123877,London,GB,arch bridge; road bridge,Q18602670,Spectre,film,2015,tt2379713,70,11885,285.25,Daniel Craig,James Bond,Christoph Waltz,Ernst Stavro Blofeld / Franz Oberhauser,,120,square/bridge/viaduct (bridge),,new_spot,no_wp_mention;needs_scene;possible_dup:near_stamp(wikidata:Q1130266|305m);inside_stamp_footprint(wikidata:Q1130266|305m),https://www.wikidata.org/wiki/Q18602670#P915 https://www.wikidata.org/wiki/Q1130666 https://en.wikipedia.org/wiki/Lambeth_Bridge
wikidata,Q1429120,Wilton House,51.07802,-1.85959,Wilton,GB,manor house; English country house; historic house; art collection,Q471716,Barry Lyndon,film,1975,tt0072684,60,56165,284.97,Hardy Krüger,Captain Potzdorf,Ryan O'Neal,Redmond Barry,,150,building/castle/station (house),,new_spot,wp_mention;needs_scene;not_a_spot(country),https://www.wikidata.org/wiki/Q471716#P915 https://www.wikidata.org/wiki/Q1429120 https://en.wikipedia.org/wiki/Wilton_House
wikidata,Q1431014,National Ignition Facility,37.690833,-121.700556,California,US,research institute,Q171711,Star Trek Into Darkness,film,2013,tt1408101,59,67231,284.83,Zoe Saldaña,Nyota Uhura,John Cho,Hikaru Sulu,,150,building/castle/station (default),,new_spot,wp_mention;needs_scene,https://www.wikidata.org/wiki/Q171711#P915 https://www.wikidata.org/wiki/Q1431014 https://en.wikipedia.org/wiki/National_Ignition_Facility
wikidata,Q18438,Long Island,40.78886,-73.23349,New York,US,island; moraine,Q1125442,The Age of Innocence,film,1993,tt0106226,49,646835,284.73,,,,,,500,mountain/natural site (island),,new_spot,no_wp_mention;needs_scene;needs_roles;lead_without_role;large_area_centroid;area_too_large(3566km2),https://www.wikidata.org/wiki/Q1125442#P915 https://www.wikidata.org/wiki/Q18438 https://en.wikipedia.org/wiki/Long_Island
wikidata,Q18438,Long Island,40.78886,-73.23349,New York,US,island; moraine,Q2907178,Blue Jasmine,film,2013,tt2334873,49,646835,284.73,,,,,,500,mountain/natural site (island),,new_spot,no_wp_mention;needs_scene;needs_roles;lead_without_role;large_area_centroid;area_too_large(3566km2),https://www.wikidata.org/wiki/Q2907178#P915 https://www.wikidata.org/wiki/Q18438 https://en.wikipedia.org/wiki/Long_Island
wikidata,Q21712009,"Firehouse, Hook & Ladder Company 8",40.7196,-74.0066,New York City,US,fire station,Q108745,Ghostbusters,film,1984,tt0087332,60,55004,284.42,Bill Murray,Peter Venkman,Sigourney Weaver,Dana Barrett,,150,building/castle/station (station),,new_spot,wp_mention;needs_scene;reuses_unstamped_row(wikidata:Q21712009),https://www.wikidata.org/wiki/Q108745#P915 https://www.wikidata.org/wiki/Q21712009 https://en.wikipedia.org/wiki/Firehouse%2C_Hook_%26_Ladder_Company_8
wikidata,Q125006,Brooklyn Bridge,40.705667,-73.996333,New York City,US,suspension bridge; cable-stayed bridge; road bridge; railway bridge,Q490464,Enchanted,film,2007,tt0461770,50,480916,284.1,Amy Adams,Giselle,Jodi Benson,Sam,,120,square/bridge/viaduct (bridge),curated:united-states-new-york-city-brooklyn-bridge,film_line_on_existing,wp_mention;needs_scene;cast_skips_unroled(Patrick Dempsey),https://www.wikidata.org/wiki/Q490464#P915 https://www.wikidata.org/wiki/Q125006 https://en.wikipedia.org/wiki/Brooklyn_Bridge
wikidata,Q368489,Los Angeles City Hall,34.0536,-118.243,Los Angeles,US,skyscraper; city hall,Q644987,Chinatown,film,1974,tt0071315,61,44687,283.66,Jack Nicholson,J. J. Gittes,John Huston,Noah Cross,,150,building/castle/station (skyscraper),,new_spot,no_wp_mention;needs_scene;city_level_suspect;reuses_unstamped_row(wikidata:Q368489),https://www.wikidata.org/wiki/Q644987#P915 https://www.wikidata.org/wiki/Q368489 https://en.wikipedia.org/wiki/Los_Angeles_City_Hall
wikidata,Q7754924,The Old Vic Tunnels,51.5022,-0.1096,London,GB,venue,Q4941,Skyfall,film,2012,tt1074638,78,4328,283.64,Daniel Craig,James Bond,Javier Bardem,Raoul Silva,,150,building/castle/station (default),wikidata:Q868806,film_line_on_existing,no_wp_mention;needs_scene,https://www.wikidata.org/wiki/Q4941#P915 https://www.wikidata.org/wiki/Q7754924 https://en.wikipedia.org/wiki/The_Old_Vic_Tunnels
wikidata,Q3194285,Kaufman Astoria Studios,40.756667,-73.924722,New York City,US,film studio,Q107226,The Bourne Ultimatum,film,2007,tt0440963,62,37282,283.43,Julia Stiles,Nicky Parsons,David Strathairn,Noah Vosen,,300,beach/park/ranch/set (studio),,new_spot,wp_mention;needs_scene;studio_backlot(film studio),https://www.wikidata.org/wiki/Q107226#P915 https://www.wikidata.org/wiki/Q3194285 https://en.wikipedia.org/wiki/Kaufman_Astoria_Studios
wikidata,Q1900452,Corrour railway station,56.7602,-4.6907,Highland,GB,railway station,Q109135,Trainspotting,film,1996,tt0117951,64,26614,283.21,Ewen Bremner,Spud,Jonny Lee Miller,Sick Boy,,150,building/castle/station (station),,new_spot,wp_mention;needs_scene,https://www.wikidata.org/wiki/Q109135#P915 https://www.wikidata.org/wiki/Q1900452 https://en.wikipedia.org/wiki/Corrour_railway_station
wikidata,Q40729,Wadi Rum,29.5765,35.419928,Aqaba Governorate,JO,wadi; protected area,Q20977110,Star Wars: Episode IX – The Rise of Skywalker,film,2019,tt2527338,56,111132,282.57,Daisy Ridley,Rey,Adam Driver,Kylo Ren,,500,mountain/natural site (protected area),icon:Q40729,film_line_on_existing,wp_mention;needs_scene;large_area_centroid,https://www.wikidata.org/wiki/Q20977110#P915 https://www.wikidata.org/wiki/Q40729 https://en.wikipedia.org/wiki/Wadi_Rum
wikidata,Q5580261,Goldney Hall,51.4523,-2.6154,City of Bristol,GB,university dormitory,Q192837,Sherlock,tv,2010,tt1475582,77,4658,282.46,Rupert Graves,Inspector Lestrade,Mark Gatiss,Mycroft Holmes,,150,building/castle/station (default),,new_spot,via_season_or_episode;wp_mention;needs_scene;cast_skips_unroled(Louise Brealey),https://www.wikidata.org/wiki/Q192837#P915 https://www.wikidata.org/wiki/Q5580261 https://en.wikipedia.org/wiki/Goldney_Hall
wikidata,Q15523,Lake Como,46.0,9.266667,Lombardy,IT,glacial lake,Q504053,Ocean's Twelve,film,2004,tt0349903,51,345247,282.44,George Clooney,Danny Ocean,Brad Pitt,Rusty Ryan,,500,mountain/natural site (lake),icon:Q15523,film_line_on_existing,wp_mention;needs_scene;large_area_centroid,https://www.wikidata.org/wiki/Q504053#P915 https://www.wikidata.org/wiki/Q15523 https://en.wikipedia.org/wiki/Lake_Como
wikidata,Q7927014,"Victoria Rooms, Bristol",51.45843,-2.60969,City of Bristol,GB,concert hall; music venue; event venue; university building,Q192837,Sherlock,tv,2010,tt1475582,77,4641,282.34,Rupert Graves,Inspector Lestrade,Mark Gatiss,Mycroft Holmes,,150,building/castle/station (building),,new_spot,via_season_or_episode;no_wp_mention;needs_scene;cast_skips_unroled(Louise Brealey),https://www.wikidata.org/wiki/Q192837#P915 https://www.wikidata.org/wiki/Q7927014 https://en.wikipedia.org/wiki/Victoria_Rooms%2C_Bristol
wikidata,Q1138183,Philadelphia City Hall,39.952247,-75.163894,Philadelphia,US,skyscraper; Rathaus; city hall,Q204057,Philadelphia,film,1993,tt0107818,56,108269,281.93,Julius Erving,Julius Erving,Dennis Radesky,Santa Claus,,150,building/castle/station (skyscraper),wikidata:Q1138183,film_line_on_existing,"wp_mention;needs_scene;lead_without_role;cast_skips_unroled(Tom Hanks, Denzel Washington);city_level_suspect",https://www.wikidata.org/wiki/Q204057#P915 https://www.wikidata.org/wiki/Q1138183 https://en.wikipedia.org/wiki/Philadelphia_City_Hall
wikidata,Q2919276,Nuevos Ministerios,40.443964,-3.693464,Madrid,ES,building complex,Q29647346,Money Heist,tv,2017,tt6468322,75,5739,281.92,Álvaro Morte,Professor,Pedro Alonso,Berlin,,150,building/castle/station (building),,new_spot,wp_mention;needs_scene;reuses_unstamped_row(wikidata:Q2919276),https://www.wikidata.org/wiki/Q29647346#P915 https://www.wikidata.org/wiki/Q2919276 https://en.wikipedia.org/wiki/Nuevos_Ministerios
wikidata,Q8691,London Heathrow Airport,51.4775,-0.461389,London,GB,international airport; commercial traffic aerodrome,Q466186,A Fish Called Wanda,film,1988,tt0095159,48,737882,281.66,Jamie Lee Curtis,Wanda Gershwitz,Kevin Kline,Otto West,,150,building/castle/station (default),,new_spot,no_wp_mention;needs_scene;class_ban(airport),https://www.wikidata.org/wiki/Q466186#P915 https://www.wikidata.org/wiki/Q8691 https://en.wikipedia.org/wiki/Heathrow_Airport
wikidata,Q152783,Alexanderplatz,52.521667,13.413611,Berlin,DE,square,Q156608,The Bourne Supremacy,film,2004,tt0372183,59,59197,281.57,Franka Potente,Marie Kreutz,Brian Cox,Ward Abbott,,120,square/bridge/viaduct (square),,new_spot,no_wp_mention;needs_scene;possible_dup:near_stamp_distinct_item(Weltzeituhr|59m),https://www.wikidata.org/wiki/Q156608#P915 https://www.wikidata.org/wiki/Q152783 https://en.wikipedia.org/wiki/Alexanderplatz
wikidata,Q668641,Spice Bazaar,41.016389,28.970556,Fatih,TR,bazaar,Q106571,From Russia with Love,film,1963,tt0057076,64,24917,281.38,Sean Connery,James Bond,Pedro Armendáriz,Ali Kerim Bey,,150,building/castle/station (default),curated:turkey-istanbul-spice-bazaar,film_line_on_existing,no_wp_mention;needs_scene,https://www.wikidata.org/wiki/Q106571#P915 https://www.wikidata.org/wiki/Q668641 https://en.wikipedia.org/wiki/Spice_Bazaar
wikidata,Q661896,Pinewood Studios,51.548611,-0.535,Iver,GB,film studio,Q113244935,Spider-Man: Brand New Day,film,2026,tt22084616,54,162271,281.35,Tom Holland,Peter Parker,Zendaya,Michelle Jones,,300,beach/park/ranch/set (studio),,new_spot,wp_mention;needs_scene;studio_backlot(film studio),https://www.wikidata.org/wiki/Q113244935#P915 https://www.wikidata.org/wiki/Q661896 https://en.wikipedia.org/wiki/Pinewood_Studios
wikidata,Q661896,Pinewood Studios,51.548611,-0.535,Iver,GB,film studio,Q55178974,Jurassic World Dominion,film,2022,tt8041270,54,162271,281.35,Bryce Dallas Howard,Claire Dearing,Chris Pratt,Owen Grady,,300,beach/park/ranch/set (studio),,new_spot,wp_mention;needs_scene;studio_backlot(film studio),https://www.wikidata.org/wiki/Q55178974#P915 https://www.wikidata.org/wiki/Q661896 https://en.wikipedia.org/wiki/Pinewood_Studios
wikidata,Q661896,Pinewood Studios,51.548611,-0.535,Iver,GB,film studio,Q15046091,Cinderella,film,2015,tt1661199,54,162271,281.35,Lily James,Cinderella,Richard Madden,Prince,,300,beach/park/ranch/set (studio),,new_spot,wp_mention;needs_scene;studio_backlot(film studio),https://www.wikidata.org/wiki/Q15046091#P915 https://www.wikidata.org/wiki/Q661896 https://en.wikipedia.org/wiki/Pinewood_Studios
wikidata,Q661896,Pinewood Studios,51.548611,-0.535,Iver,GB,film studio,Q20962283,Passengers,film,2016,tt1355644,54,162271,281.35,Jennifer Lawrence,Aurora Lane,Chris Pratt,Jim Preston,,300,beach/park/ranch/set (studio),,new_spot,no_wp_mention;needs_scene;studio_backlot(film studio),https://www.wikidata.org/wiki/Q20962283#P915 https://www.wikidata.org/wiki/Q661896 https://en.wikipedia.org/wiki/Pinewood_Studios
wikidata,Q661896,Pinewood Studios,51.548611,-0.535,Iver,GB,film studio,Q21877685,Jurassic World: Fallen Kingdom,film,2018,tt4881806,54,162271,281.35,Chris Pratt,Owen Grady,Bryce Dallas Howard,Claire Dearing,,300,beach/park/ranch/set (studio),,new_spot,wp_mention;needs_scene;studio_backlot(film studio),https://www.wikidata.org/wiki/Q21877685#P915 https://www.wikidata.org/wiki/Q661896 https://en.wikipedia.org/wiki/Pinewood_Studios
wikidata,Q661896,Pinewood Studios,51.548611,-0.535,Iver,GB,film studio,Q213053,Superman,film,1978,tt0078346,54,162271,281.35,Marlon Brando,Jor-El,Gene Hackman,Lex Luthor,,300,beach/park/ranch/set (studio),,new_spot,wp_mention;needs_scene;studio_backlot(film studio),https://www.wikidata.org/wiki/Q213053#P915 https://www.wikidata.org/wiki/Q661896 https://en.wikipedia.org/wiki/Pinewood_Studios
wikidata,Q109576,Aegadian Islands,37.966667,12.2,Province of Trapani,IT,island group,Q131547207,The Odyssey,film,2026,tt33764258,66,18017,280.88,Matt Damon,Odysseus,Anne Hathaway,Penelope,,500,mountain/natural site (island),,new_spot,wp_mention;needs_scene;large_area_centroid;area_too_large(37km2),https://www.wikidata.org/wiki/Q131547207#P915 https://www.wikidata.org/wiki/Q109576 https://en.wikipedia.org/wiki/Aegadian_Islands
wikidata,Q583251,Saint-Étienne-du-Mont,48.84653,2.34803,Paris,FR,church building,Q206124,Midnight in Paris,film,2011,tt1605783,64,24393,280.79,Owen Wilson,Gil Pender,Rachel McAdams,Inez,,150,building/castle/station (building),wikidata:Q583251,film_line_on_existing,no_wp_mention;needs_scene,https://www.wikidata.org/wiki/Q206124#P915 https://www.wikidata.org/wiki/Q583251 https://en.wikipedia.org/wiki/Saint-%C3%89tienne-du-Mont
wikidata,Q178543,Baja California peninsula,28.0,-113.5,,MX,peninsula,Q194413,Pearl Harbor,film,2001,tt0213149,57,82519,280.24,Ben Affleck,Rafe McCawley,Josh Hartnett,First Lieutenant / Captain Danny Walker,,500,mountain/natural site (peninsula),,new_spot,no_wp_mention;needs_scene;large_area_centroid;area_too_large(143381km2);no_city,https://www.wikidata.org/wiki/Q194413#P915 https://www.wikidata.org/wiki/Q178543 https://en.wikipedia.org/wiki/Baja_California_peninsula
wikidata,Q25840,Powerscourt Estate,53.184722,-6.186944,Enniskerry,IE,estate,Q471716,Barry Lyndon,film,1975,tt0072684,60,45201,279.31,Hardy Krüger,Captain Potzdorf,Ryan O'Neal,Redmond Barry,,300,beach/park/ranch/set (estate),wikidata:Q25840,film_line_on_existing,wp_mention;needs_scene,https://www.wikidata.org/wiki/Q471716#P915 https://www.wikidata.org/wiki/Q25840 https://en.wikipedia.org/wiki/Powerscourt_Estate
curated,Q2723521,"City Palace, Udaipur",24.576,73.683,Udaipur,IN,castle,Q204398,Octopussy,film,1983,tt0086034,57,79271,279.25,Roger Moore,James Bond,Maud Adams,Octopussy,Bond's hotel in Udaipur: the palace appears as the hotel where he stays.,150,building/castle/station (curated class castle),,new_spot,possible_dup:near_stamp(icon:Q2187746|299m);reuses_unstamped_row(wikidata:Q2723521),https://www.wikidata.org/wiki/Q2723521 https://en.wikipedia.org/wiki/City_Palace%2C_Udaipur https://en.wikipedia.org/wiki/Octopussy
wikidata,Q125138,Queens–Midtown Tunnel,40.745556,-73.964722,New York City,US,road tunnel,Q51416,Men in Black,film,1997,tt0119654,64,22927,279.06,Tommy Lee Jones,Agent K,Linda Fiorentino,Agent L,,150,building/castle/station (default),,new_spot,wp_mention;needs_scene,https://www.wikidata.org/wiki/Q51416#P915 https://www.wikidata.org/wiki/Q125138 https://en.wikipedia.org/wiki/Queens%E2%80%93Midtown_Tunnel
wikidata,Q81523,Galata Bridge,41.02,28.973056,Istanbul,TR,road bridge; bascule bridge,Q106571,From Russia with Love,film,1963,tt0057076,64,22806,278.92,Sean Connery,James Bond,Pedro Armendáriz,Ali Kerim Bey,,120,square/bridge/viaduct (bridge),,new_spot,no_wp_mention;needs_scene,https://www.wikidata.org/wiki/Q106571#P915 https://www.wikidata.org/wiki/Q81523 https://en.wikipedia.org/wiki/Galata_Bridge
wikidata,Q18438,Long Island,40.78886,-73.23349,New York,US,island; moraine,Q943338,Hitch,film,2005,tt0386588,48,646835,278.92,,,,,,500,mountain/natural site (island),,new_spot,no_wp_mention;needs_scene;needs_roles;lead_without_role;large_area_centroid;area_too_large(3566km2),https://www.wikidata.org/wiki/Q943338#P915 https://www.wikidata.org/wiki/Q18438 https://en.wikipedia.org/wiki/Long_Island
wikidata,Q925942,Middle Temple,51.511922,-0.11134,City of London,GB,Inns of Court; educational organization; university building,Q208592,Sleepy Hollow,film,1999,tt0162661,54,146155,278.9,Johnny Depp,Ichabod Crane,Christina Ricci,Katrina Van Tassel,,150,building/castle/station (building),,new_spot,no_wp_mention;needs_scene;not_a_spot(organization),https://www.wikidata.org/wiki/Q208592#P915 https://www.wikidata.org/wiki/Q925942 https://en.wikipedia.org/wiki/Middle_Temple
wikidata,Q49088,Columbia University,40.8075,-73.961944,New York City,US,private university; colonial colleges; research university; private not-for-profit educational institution,Q30203425,The Post,film,2017,tt6294822,47,855208,278.81,Tom Hanks,Ben Bradlee,Meryl Streep,Katharine Graham,,150,building/castle/station (college),,new_spot,no_wp_mention;needs_scene;reuses_unstamped_row(wikidata:Q49088),https://www.wikidata.org/wiki/Q30203425#P915 https://www.wikidata.org/wiki/Q49088 https://en.wikipedia.org/wiki/Columbia_University
wikidata,Q1063180,Stad,62.12,5.263889,Selje,NO,peninsula,Q60834962,Dune,film,2021,tt1160419,70,9535,278.56,Timothée Chalamet,Paul Atreides,Rebecca Ferguson,Lady Jessica,,500,mountain/natural site (peninsula),,new_spot,no_wp_mention;needs_scene;large_area_centroid,https://www.wikidata.org/wiki/Q60834962#P915 https://www.wikidata.org/wiki/Q1063180 https://en.wikipedia.org/wiki/Stad_%28peninsula%29
wikidata,Q12066704,Queen Street Mill,53.81,-2.2,Briercliffe,GB,silk mill,Q160060,The King's Speech,film,2010,tt1504320,78,3702,278.35,Colin Firth,George VI,Geoffrey Rush,Lionel Logue,,150,building/castle/station (default),,new_spot,wp_mention;needs_scene;reuses_unstamped_row(wikidata:Q12066704),https://www.wikidata.org/wiki/Q160060#P915 https://www.wikidata.org/wiki/Q12066704 https://en.wikipedia.org/wiki/Queen_Street_Mill
wikidata,Q46634839,Gainsborough Studios,40.767194,-73.980472,New York City,US,studio; apartment building,Q484020,Mr. Bean,tv,1990,tt0096657,84,2050,278.21,Rowan Atkinson,Mr. Bean,,,,300,beach/park/ranch/set (studio),,new_spot,via_season_or_episode;no_wp_mention;needs_scene;needs_roles;studio_backlot(name);possible_dup:near_stamp_distinct_item(Columbus Circle|84m),https://www.wikidata.org/wiki/Q484020#P915 https://www.wikidata.org/wiki/Q46634839 https://en.wikipedia.org/wiki/Gainsborough_Studios_%28Manhattan%29
wikidata,Q29997039,Villa La Gaeta,46.040649,9.250898,San Siro,IT,villa; botanical garden; architectural ensemble,Q151904,Casino Royale,film,2006,tt0381061,71,8268,278.14,Daniel Craig,James Bond,Mads Mikkelsen,Le Chiffre,,120,square/bridge/viaduct (arch),,new_spot,wp_mention;needs_scene,https://www.wikidata.org/wiki/Q151904#P915 https://www.wikidata.org/wiki/Q29997039 https://en.wikipedia.org/wiki/Villa_La_Gaeta
wikidata,Q706761,Bangka Lungshan Temple,25.037223,121.499898,Fumin Village,TW,Taoist temple; Buddhist temple; cultural heritage monument in Taipei; Miao,Q15624215,Lucy,film,2014,tt2872732,62,30510,278.04,Morgan Freeman,Professor Norman,Choi Min-sik,Mr. Jang,,120,square/bridge/viaduct (monument),curated:taiwan-taipei-longshan-temple,film_line_on_existing,no_wp_mention;needs_scene,https://www.wikidata.org/wiki/Q15624215#P915 https://www.wikidata.org/wiki/Q706761 https://en.wikipedia.org/wiki/Longshan_Temple_%28Taipei%29
wikidata,Q801124,Liverpool Street station,51.5186,-0.0813,City of London,GB,dead-end railway station; railway station; underground station; station located on surface,Q1741232,Mission: Impossible,film,1996,tt0117060,56,91670,277.88,Tom Cruise,Ethan Hunt,Jon Voight,Jim Phelps,,150,building/castle/station (station),,new_spot,wp_mention;needs_scene,https://www.wikidata.org/wiki/Q1741232#P915 https://www.wikidata.org/wiki/Q801124 https://en.wikipedia.org/wiki/Liverpool_Street_station
wikidata,Q720102,St Pancras railway station,51.53,-0.125278,London,GB,dead-end railway station; railway station; border train station; transport hub,Q17548046,Mission: Impossible – Rogue Nation,film,2015,tt2381249,53,174683,277.84,Tom Cruise,Ethan Hunt,Jeremy Renner,William Brandt,,150,building/castle/station (station),wikidata:Q720102,film_line_on_existing,no_wp_mention;needs_scene,https://www.wikidata.org/wiki/Q17548046#P915 https://www.wikidata.org/wiki/Q720102 https://en.wikipedia.org/wiki/St_Pancras_railway_station
wikidata,Q17570947,Ardverikie House,56.9551,-4.45514,Highland,GB,mansion,Q21534241,No Time to Die,film,2021,tt2382320,61,35474,277.55,Daniel Craig,James Bond,Ralph Fiennes,Gareth Mallory,,150,building/castle/station (mansion),,new_spot,wp_mention;needs_scene,https://www.wikidata.org/wiki/Q21534241#P915 https://www.wikidata.org/wiki/Q17570947 https://en.wikipedia.org/wiki/Ardverikie_House
wikidata,Q7415223,San Rafael Swell,38.813,-110.855,Emery County,US,mountain range,Q213081,Star Trek,film,2009,tt0796366,61,35449,277.53,Zachary Quinto,Spock,Chris Pine,James T. Kirk,,500,mountain/natural site (mountain),,new_spot,wp_mention;needs_scene;not_a_spot(mountain range);large_area_centroid,https://www.wikidata.org/wiki/Q213081#P915 https://www.wikidata.org/wiki/Q7415223 https://en.wikipedia.org/wiki/San_Rafael_Swell
wikidata,Q60159,Isla Palominos,18.348564,-65.567939,Fajardo,US,island,Q183555,Pirates of the Caribbean: On Stranger Tides,film,2011,tt1298650,74,5603,277.39,Penélope Cruz,Angelica,Ian McShane,Blackbeard,,500,mountain/natural site (island),,new_spot,no_wp_mention;needs_scene;large_area_centroid,https://www.wikidata.org/wiki/Q183555#P915 https://www.wikidata.org/wiki/Q60159 https://en.wikipedia.org/wiki/Palominos_Island
wikidata,Q18749113,Neir's Tavern,40.6898,-73.8634,New York City,US,restaurant,Q42047,Goodfellas,film,1990,tt0099685,73,6268,277.2,Joe Pesci,Tommy DeVito,Robert De Niro,Jimmy Conway,,60,stairs/street/cafe/shop (restaurant),,new_spot,wp_mention;needs_scene,https://www.wikidata.org/wiki/Q42047#P915 https://www.wikidata.org/wiki/Q18749113 https://en.wikipedia.org/wiki/Neir%27s_Tavern
wikidata,Q109982,Herald Square,40.750122,-73.987744,New York City,US,square,Q212689,I Am Legend,film,2007,tt0480249,62,29556,277.18,,,,,,120,square/bridge/viaduct (square),,new_spot,no_wp_mention;needs_scene;needs_roles;lead_without_role,https://www.wikidata.org/wiki/Q212689#P915 https://www.wikidata.org/wiki/Q109982 https://en.wikipedia.org/wiki/Herald_Square
wikidata,Q5303134,Downey Studios,33.922,-118.134,California,US,film studio,Q205028,Iron Man 2,film,2010,tt1228705,74,5543,277.04,Robert Downey Jr.,Tony Stark,Gwyneth Paltrow,Pepper Potts,,300,beach/park/ranch/set (studio),,new_spot,wp_mention;needs_scene;studio_backlot(film studio),https://www.wikidata.org/wiki/Q205028#P915 https://www.wikidata.org/wiki/Q5303134 https://en.wikipedia.org/wiki/Downey_Studios
wikidata,Q152207,Nürburgring,50.335556,6.9475,Rhineland-Palatinate,DE,motorsport racing track,Q1768437,Rush,film,2013,tt1979320,48,580096,276.65,Chris Hemsworth,James Hunt,Daniel Brühl,Niki Lauda,,150,building/castle/station (default),wikidata:Q152207,film_line_on_existing,wp_mention;needs_scene,https://www.wikidata.org/wiki/Q1768437#P915 https://www.wikidata.org/wiki/Q152207 https://en.wikipedia.org/wiki/N%C3%BCrburgring
wikidata,Q661896,Pinewood Studios,51.548611,-0.535,Iver,GB,film studio,Q2201,Kick-Ass,film,2010,tt1250777,53,162271,276.14,Mark Strong,Frank d'Amico,Nicolas Cage,Damon Macready,,300,beach/park/ranch/set (studio),,new_spot,no_wp_mention;needs_scene;lead_without_role;cast_skips_unroled(Christopher Mintz-Plasse);studio_backlot(film studio),https://www.wikidata.org/wiki/Q2201#P915 https://www.wikidata.org/wiki/Q661896 https://en.wikipedia.org/wiki/Pinewood_Studios
wikidata,Q661896,Pinewood Studios,51.548611,-0.535,Iver,GB,film studio,Q469624,Planet of the Apes,film,2001,tt0133152,53,162271,276.14,Tim Roth,General Thade,,,,300,beach/park/ranch/set (studio),,new_spot,no_wp_mention;needs_scene;needs_roles;lead_without_role;cast_skips_unroled(Mark Wahlberg);studio_backlot(film studio),https://www.wikidata.org/wiki/Q469624#P915 https://www.wikidata.org/wiki/Q661896 https://en.wikipedia.org/wiki/Pinewood_Studios
wikidata,Q661896,Pinewood Studios,51.548611,-0.535,Iver,GB,film studio,Q208204,Finding Neverland,film,2004,tt0308644,53,162271,276.14,Johnny Depp,J. M. Barrie,Kate Winslet,Sylvia Llewelyn Davies,,300,beach/park/ranch/set (studio),,new_spot,wp_mention;needs_scene;studio_backlot(film studio),https://www.wikidata.org/wiki/Q208204#P915 https://www.wikidata.org/wiki/Q661896 https://en.wikipedia.org/wiki/Pinewood_Studios
wikidata,Q661896,Pinewood Studios,51.548611,-0.535,Iver,GB,film studio,Q64349029,Loki,tv,2021,tt9140554,53,162271,276.14,Tom Hiddleston,Loki,Owen Wilson,Mobius M. Mobius,,300,beach/park/ranch/set (studio),,new_spot,wp_mention;needs_scene;studio_backlot(film studio),https://www.wikidata.org/wiki/Q64349029#P915 https://www.wikidata.org/wiki/Q661896 https://en.wikipedia.org/wiki/Pinewood_Studios
curated,Q12976928,Kelani River at Kitulgala,6.59,80.25,Sabaragamuwa Province,LK,natural,Q188718,The Bridge on the River Kwai,film,1957,tt0050212,71,7707,275.97,Jack Hawkins,Major Warden,William Holden,Commander Shears,The film's bridge stood on the Kelani River near here; only its concrete foundations remain.,500,mountain/natural site (curated class natural),,new_spot,city_level_suspect,https://www.wikidata.org/wiki/Q12976928 https://en.wikipedia.org/wiki/Kitulgala https://en.wikipedia.org/wiki/The_Bridge_on_the_River_Kwai
wikidata,Q3125051,Meteora,39.7125,21.626667,Meteora Municipality,GR,rock formation; monastic community,Q332330,For Your Eyes Only,film,1981,tt0082398,52,201734,275.85,Roger Moore,James Bond,Julian Glover,Aristotle Kristatos,,500,mountain/natural site (rock formation),icon:Q3125051,film_line_on_existing,wp_mention;needs_scene,https://www.wikidata.org/wiki/Q332330#P915 https://www.wikidata.org/wiki/Q3125051 https://en.wikipedia.org/wiki/Meteora
curated,Q1337845,Emirates Palace,24.461944,54.316667,Abu Dhabi,AE,building,Q14650496,Furious 7,film,2015,tt2820852,61,33059,275.68,Paul Walker,Brian O'Conner,Dwayne Johnson,Luke Hobbs,The hotel served as a filming location for the film.,150,building/castle/station (curated class building),,new_spot,scene_generic,https://www.wikidata.org/wiki/Q1337845 https://en.wikipedia.org/wiki/Emirates_Palace_Mandarin_Oriental%2C_Abu_Dhabi
wikidata,Q2085822,Spectrum,39.904167,-75.171111,Philadelphia,US,ice hockey rink; indoor arena,Q204057,Philadelphia,film,1993,tt0107818,56,83712,275.68,Julius Erving,Julius Erving,Dennis Radesky,Santa Claus,,150,building/castle/station (default),,new_spot,"wp_mention;needs_scene;lead_without_role;cast_skips_unroled(Tom Hanks, Denzel Washington);demolished_or_closed(2010)",https://www.wikidata.org/wiki/Q204057#P915 https://www.wikidata.org/wiki/Q2085822 https://en.wikipedia.org/wiki/Spectrum_%28arena%29
wikidata,Q756561,Atlantic Ocean Road,63.0167,7.3545,Møre og Romsdal,NO,road,Q21534241,No Time to Die,film,2021,tt2382320,61,32858,275.52,Daniel Craig,James Bond,Ralph Fiennes,Gareth Mallory,,150,building/castle/station (default),,new_spot,wp_mention;needs_scene;reuses_unstamped_row(wikidata:Q756561),https://www.wikidata.org/wiki/Q21534241#P915 https://www.wikidata.org/wiki/Q756561 https://en.wikipedia.org/wiki/Atlantic_Ocean_Road
wikidata,Q926350,The Beaufort Arms Hotel,51.812,-2.71496,Monmouth,GB,hotel; pub; historic building,Q34316,Doctor Who,tv,1963,,99,601,275.18,Sylvester McCoy,Seventh Doctor,Samuel Anderson,Danny Pink,,60,stairs/street/cafe/shop (pub),,new_spot,via_season_or_episode;wp_mention;needs_scene;large_cast(66),https://www.wikidata.org/wiki/Q34316#P915 https://www.wikidata.org/wiki/Q926350 https://en.wikipedia.org/wiki/Beaufort_Arms_Hotel%2C_Monmouth
wikidata,Q19813,Hatfield House,51.7606,-0.2092,Hatfield,GB,English country house; historic house museum; country house,Q208592,Sleepy Hollow,film,1999,tt0162661,54,124135,275.07,Johnny Depp,Ichabod Crane,Christina Ricci,Katrina Van Tassel,,150,building/castle/station (museum),wikidata:Q19813,film_line_on_existing,no_wp_mention;needs_scene,https://www.wikidata.org/wiki/Q208592#P915 https://www.wikidata.org/wiki/Q19813 https://en.wikipedia.org/wiki/Hatfield_House
wikidata,Q521527,Bardenas Reales,42.19,-1.5,Navarre,ES,natural park,Q212145,The World Is Not Enough,film,1999,tt0143145,62,27246,274.99,Pierce Brosnan,James Bond,Sophie Marceau,Elektra King,,500,mountain/natural site (natural),,new_spot,wp_mention;needs_scene;area_too_large(414km2),https://www.wikidata.org/wiki/Q212145#P915 https://www.wikidata.org/wiki/Q521527 https://en.wikipedia.org/wiki/Bardenas_Reales
wikidata,Q2081335,Petworth House,50.9881,-0.611,Petworth,GB,art museum; mansion; historic house museum,Q471716,Barry Lyndon,film,1975,tt0072684,60,37916,274.73,Hardy Krüger,Captain Potzdorf,Ryan O'Neal,Redmond Barry,,150,building/castle/station (museum),,new_spot,wp_mention;needs_scene,https://www.wikidata.org/wiki/Q471716#P915 https://www.wikidata.org/wiki/Q2081335 https://en.wikipedia.org/wiki/Petworth_House
wikidata,Q7259437,Pullens buildings,51.4894,-0.1005,London,GB,building,Q160060,The King's Speech,film,2010,tt1504320,78,3316,274.62,Colin Firth,George VI,Geoffrey Rush,Lionel Logue,,150,building/castle/station (building),,new_spot,wp_mention;needs_scene,https://www.wikidata.org/wiki/Q160060#P915 https://www.wikidata.org/wiki/Q7259437 https://en.wikipedia.org/wiki/Pullens_buildings
wikidata,Q3363986,Liberty State Park,40.70399,-74.05375,New Jersey,US,New Jersey state park,Q51416,Men in Black,film,1997,tt0119654,64,19010,273.86,Tommy Lee Jones,Agent K,Linda Fiorentino,Agent L,,300,beach/park/ranch/set (park),wikidata:Q3363986,film_line_on_existing,wp_mention;needs_scene;large_area_centroid,https://www.wikidata.org/wiki/Q51416#P915 https://www.wikidata.org/wiki/Q3363986 https://en.wikipedia.org/wiki/Liberty_State_Park
wikidata,Q2180049,Chelsea Embankment,51.484,-0.162,London,GB,road; walkway,Q181086,A Clockwork Orange,film,1971,tt0066921,72,6356,273.83,Malcolm McDowell,Alex,,,,150,building/castle/station (default),,new_spot,no_wp_mention;needs_scene;needs_roles;lead_without_role;cast_skips_unroled(Patrick Magee);possible_dup:near_stamp_distinct_item(Chelsea Physic Garden|123m);inside_stamp_footprint(wikidata:Q1069148|123m),https://www.wikidata.org/wiki/Q181086#P915 https://www.wikidata.org/wiki/Q2180049 https://en.wikipedia.org/wiki/Chelsea_Embankment
wikidata,Q925942,Middle Temple,51.511922,-0.11134,City of London,GB,Inns of Court; educational organization; university building,Q17548046,Mission: Impossible – Rogue Nation,film,2015,tt2381249,53,146155,273.74,Tom Cruise,Ethan Hunt,Jeremy Renner,William Brandt,,150,building/castle/station (building),,new_spot,no_wp_mention;needs_scene;not_a_spot(organization),https://www.wikidata.org/wiki/Q17548046#P915 https://www.wikidata.org/wiki/Q925942 https://en.wikipedia.org/wiki/Middle_Temple
curated,Q757166,Atlas Corporation Studios,30.941667,-6.966667,,MA,set,Q207698,Kingdom of Heaven,film,2005,tt0320661,67,12156,273.68,Eva Green,Sibylla,Jeremy Irons,Raymond III of Tripoli,The studio outside Ouarzazate is where many of the area's films were made.,300,beach/park/ranch/set (curated class set),wikidata:Q757166,film_line_on_existing,evidence_weak;scene_generic;coord_from_wikipedia_geodata;no_city,https://www.wikidata.org/wiki/Q757166 https://en.wikipedia.org/wiki/Atlas_Corporation_Studios https://en.wikipedia.org/wiki/Ouarzazate
wikidata,Q3501079,Studios de la Victorine,43.6739,7.21753,Nice,FR,film studio,Q484020,Mr. Bean,tv,1990,tt0096657,84,1802,273.5,Rowan Atkinson,Mr. Bean,,,,300,beach/park/ranch/set (studio),,new_spot,via_season_or_episode;no_wp_mention;needs_scene;needs_roles;studio_backlot(film studio),https://www.wikidata.org/wiki/Q484020#P915 https://www.wikidata.org/wiki/Q3501079 https://en.wikipedia.org/wiki/Victorine_Studios
wikidata,Q934,North Pole,90.0,0.0,,,geographical pole,Q33162,Top Gear,tv,2002,tt1628033,47,652863,273.3,,,,,,150,building/castle/station (default),,new_spot,via_season_or_episode;no_wp_mention;needs_scene;needs_roles;not_a_spot(geographical pole);no_city;no_country,https://www.wikidata.org/wiki/Q33162#P915 https://www.wikidata.org/wiki/Q934 https://en.wikipedia.org/wiki/North_Pole
wikidata,Q5328880,East Los Angeles College,34.0416,-118.15,California,US,community college; public educational institution of the United States,Q14772351,Batman v Superman: Dawn of Justice,film,2016,tt2975590,65,15990,273.25,Ben Affleck,Batman,Henry Cavill,Superman,,60,stairs/street/cafe/shop (pub),,new_spot,wp_mention;needs_scene,https://www.wikidata.org/wiki/Q14772351#P915 https://www.wikidata.org/wiki/Q5328880 https://en.wikipedia.org/wiki/East_Los_Angeles_College
wikidata,Q129143,Trafalgar Square,51.508056,-0.128056,London,GB,square,Q221075,28 Days Later,film,2002,tt0289043,50,290327,273.14,Cillian Murphy,Jim,,,,120,square/bridge/viaduct (square),wikidata:Q129143,film_line_on_existing,no_wp_mention;needs_scene;needs_roles,https://www.wikidata.org/wiki/Q221075#P915 https://www.wikidata.org/wiki/Q129143 https://en.wikipedia.org/wiki/Trafalgar_Square
wikidata,Q3857987,The Biltmore Los Angeles,34.0499,-118.25402,Los Angeles,US,hotel,Q108745,Ghostbusters,film,1984,tt0087332,60,35414,272.95,Bill Murray,Peter Venkman,Sigourney Weaver,Dana Barrett,,150,building/castle/station (hotel),,new_spot,wp_mention;needs_scene;possible_dup:near_stamp_distinct_item(U.S. Bank Tower|121m),https://www.wikidata.org/wiki/Q108745#P915 https://www.wikidata.org/wiki/Q3857987 https://en.wikipedia.org/wiki/The_Biltmore_Los_Angeles
wikidata,Q1146311,Lancaster House,51.503889,-0.139167,London,GB,building,Q20707362,The Crown,tv,2016,tt4786824,57,60844,272.7,Claire Foy,Elizabeth II,Matt Smith,"Prince Philip, Duke of Edinburgh",,150,building/castle/station (building),,new_spot,wp_mention;needs_scene;large_cast(384);possible_dup:near_stamp_distinct_item(St James's Palace|125m),https://www.wikidata.org/wiki/Q20707362#P915 https://www.wikidata.org/wiki/Q1146311 https://en.wikipedia.org/wiki/Lancaster_House
wikidata,Q694708,Glienicke Bridge,52.413333,13.090278,Berlin,DE,truss bridge; road bridge; self-anchored suspension bridge; steel bridge,Q18067135,Bridge of Spies,film,2015,tt3682448,58,49825,272.45,Tom Hanks,James B. Donovan,Mark Rylance,Rudolf Abel,,120,square/bridge/viaduct (bridge),wikidata:Q694708,film_line_on_existing,wp_mention;needs_scene,https://www.wikidata.org/wiki/Q18067135#P915 https://www.wikidata.org/wiki/Q694708 https://en.wikipedia.org/wiki/Glienicke_Bridge
curated,Q4008,Hongcun,30.003611,117.981667,Hongcun,CN,village,Q273978,"Crouching Tiger, Hidden Dragon",film,2000,tt0190332,66,13231,272.03,Chow Yun-fat,Li Mu Bai / 李慕白,Michelle Yeoh,Yu Shu Lien / 俞秀蓮,Scenes of the film were filmed on location in the village.,300,beach/park/ranch/set (curated class village),,new_spot,city_level_suspect;scene_generic,https://www.wikidata.org/wiki/Q4008 https://en.wikipedia.org/wiki/Hongcun
curated,Q210722,Sugarloaf Mountain,-22.949444,-43.156667,Rio de Janeiro,BR,mountain,Q334780,Moonraker,film,1979,tt0079574,55,88211,272.0,Roger Moore,James Bond,Michael Lonsdale,Hugo Drax,Bond and Goodhead are attacked by Jaws on the Sugarloaf cable car.,500,mountain/natural site (curated class mountain),icon:Q210722,film_line_on_existing,,https://www.wikidata.org/wiki/Q210722 https://en.wikipedia.org/wiki/Moonraker_%28film%29
wikidata,Q1631981,John F. Kennedy Center for the Performing Arts,38.895834,-77.055463,"Washington, D.C.",US,nonprofit organization; performing arts center; music venue,Q3577037,The West Wing,tv,1999,tt0200276,47,607928,271.84,Martin Sheen,Josiah Bartlet,Richard Schiff,Toby Ziegler,,150,building/castle/station (default),wikidata:Q1631981,film_line_on_existing,via_season_or_episode;no_wp_mention;needs_scene;not_a_spot(organization),https://www.wikidata.org/wiki/Q3577037#P915 https://www.wikidata.org/wiki/Q1631981 https://en.wikipedia.org/wiki/Kennedy_Center
wikidata,Q457318,Grand Palais,48.866111,2.3125,Paris,FR,convention center; event venue,Q29261993,Mission: Impossible – Fallout,film,2018,tt4912910,55,87194,271.73,Rebecca Ferguson,Ilsa Faust,Henry Cavill,August Walker,,150,building/castle/station (default),,new_spot,no_wp_mention;needs_scene;reuses_unstamped_row(curated:france-paris-grand-palais),https://www.wikidata.org/wiki/Q29261993#P915 https://www.wikidata.org/wiki/Q457318 https://en.wikipedia.org/wiki/Grand_Palais
curated,Q1195730,Khao Phing Kan (James Bond Island),8.275378,98.500561,Krasom,TH,natural,Q309289,The Man with the Golden Gun,film,1974,tt0071807,56,70562,271.52,Roger Moore,James Bond,Britt Ekland,Mary Goodnight,Scaramanga's island hideout - the reason Khao Phing Kan and Ko Tapu are called James Bond Island.,500,mountain/natural site (curated class natural),,new_spot,,https://www.wikidata.org/wiki/Q1195730 https://en.wikipedia.org/wiki/Khao_Phing_Kan https://en.wikipedia.org/wiki/The_Man_with_the_Golden_Gun_%28film%29
curated,Q216511,Basilica Cistern,41.008404,28.977921,Fatih,TR,building,Q18192306,Inferno,film,2016,tt3062096,51,209706,271.4,Tom Hanks,Robert Langdon,,,The hidden weapon is traced to a bag underwater in the cistern.,150,building/castle/station (curated class building),icon:Q216511,film_line_on_existing,needs_roles,https://www.wikidata.org/wiki/Q216511 https://en.wikipedia.org/wiki/Basilica_Cistern https://en.wikipedia.org/wiki/Inferno_%282016_film%29
wikidata,Q502098,Baths of Caracalla,41.880264,12.492764,Roma Capitale,IT,museum; archaeological site; archaeological park; Italian national museum,Q21451640,John Wick: Chapter 2,film,2017,tt4425200,54,105956,271.36,Keanu Reeves,John Wick,Common,Cassian,,120,square/bridge/viaduct (arch),wikidata:Q502098,film_line_on_existing,wp_mention;needs_scene,https://www.wikidata.org/wiki/Q21451640#P915 https://www.wikidata.org/wiki/Q502098 https://en.wikipedia.org/wiki/Baths_of_Caracalla
curated,Q800974,Sirkeci railway station,41.014967,28.976457,Fatih,TR,station,Q106571,From Russia with Love,film,1963,tt0057076,64,17127,270.96,Sean Connery,James Bond,Pedro Armendáriz,Ali Kerim Bey,The station also played the film's Belgrade and Zagreb stations.,150,building/castle/station (curated class station),,new_spot,also_in_wikidata,https://www.wikidata.org/wiki/Q800974 https://en.wikipedia.org/wiki/From_Russia_with_Love_%28film%29
wikidata,Q661896,Pinewood Studios,51.548611,-0.535,Iver,GB,film studio,Q332330,For Your Eyes Only,film,1981,tt0082398,52,162271,270.93,Roger Moore,James Bond,Julian Glover,Aristotle Kristatos,,300,beach/park/ranch/set (studio),,new_spot,wp_mention;needs_scene;studio_backlot(film studio),https://www.wikidata.org/wiki/Q332330#P915 https://www.wikidata.org/wiki/Q661896 https://en.wikipedia.org/wiki/Pinewood_Studios
wikidata,Q7413623,Otay Mesa Detention Center,32.5844,-116.934,San Diego County,US,detention center,Q117085614,One Battle After Another,film,2025,tt30144839,53,128959,270.85,Leonardo DiCaprio,Bob Ferguson,Sean Penn,Col. Steven J. Lockjaw,,150,building/castle/station (default),,new_spot,"wp_mention;needs_scene;not_a_spot(prison, no visitor class)",https://www.wikidata.org/wiki/Q117085614#P915 https://www.wikidata.org/wiki/Q7413623 https://en.wikipedia.org/wiki/Otay_Mesa_Detention_Center
wikidata,Q390522,Mojave Air and Space Port at Rutan Field,35.0594,-118.152,California,US,spaceport; airport,Q108006,Speed,film,1994,tt0111257,59,38697,270.67,Sandra Bullock,Annie Porter,,,,150,building/castle/station (default),,new_spot,no_wp_mention;needs_scene;needs_roles;lead_without_role;cast_skips_unroled(Keanu Reeves);class_ban(airport),https://www.wikidata.org/wiki/Q108006#P915 https://www.wikidata.org/wiki/Q390522 https://en.wikipedia.org/wiki/Mojave_Air_and_Space_Port
curated,Q1348023,Park Hyatt Tokyo (Shinjuku Park Tower),35.685639,139.69095,Tokyo,JP,building,Q107270,Lost in Translation,film,2003,tt0335266,69,8351,270.6,Bill Murray,Bob Harris,Scarlett Johansson,Charlotte,"Bob stays at the hotel; its rooms, bar and pool were used for filming.",150,building/castle/station (curated class building),curated:japan-tokyo-shinjuku-park-tower,film_line_on_existing,,https://www.wikidata.org/wiki/Q1348023 https://en.wikipedia.org/wiki/Lost_in_Translation https://en.wikipedia.org/wiki/Shinjuku_Park_Tower
curated,Q6021427,Indian River,15.566667,-61.466667,Saint John Parish,DM,natural,Q161087,Pirates of the Caribbean: Dead Man's Chest,film,2006,tt0383574,84,1659,270.49,Orlando Bloom,Will Turner,Keira Knightley,Elizabeth Swann,Some of the film's scenes were shot on the river.,500,mountain/natural site (curated class natural),,new_spot,scene_generic,https://www.wikidata.org/wiki/Q6021427 https://en.wikipedia.org/wiki/Indian_River_%28Dominica%29
wikidata,Q8685,John F. Kennedy International Airport,40.64,-73.78,New York City,US,international airport; commercial traffic aerodrome,Q494048,The Bourne Legacy,film,2012,tt1194173,46,756291,270.42,Jeremy Renner,Aaron Cross,Rachel Weisz,Dr. Marta Shearing,,150,building/castle/station (default),,new_spot,no_wp_mention;needs_scene;class_ban(airport),https://www.wikidata.org/wiki/Q494048#P915 https://www.wikidata.org/wiki/Q8685 https://en.wikipedia.org/wiki/John_F._Kennedy_International_Airport
wikidata,Q1340614,Griffith Park,34.1333,-118.3,Los Angeles,US,park,Q16290,Star Trek: The Next Generation,tv,1987,tt0092455,56,67155,270.32,Patrick Stewart,Jean-Luc Picard,Jonathan Frakes,William Riker / Thomas Riker,,300,beach/park/ranch/set (park),wikidata:Q1340614,film_line_on_existing,via_season_or_episode;no_wp_mention;needs_scene,https://www.wikidata.org/wiki/Q16290#P915 https://www.wikidata.org/wiki/Q1340614 https://en.wikipedia.org/wiki/Griffith_Park
wikidata,Q1621375,Hjörleifshöfði,63.416667,-18.766667,Mýrdalshreppur,IS,mountain,Q131547207,The Odyssey,film,2026,tt33764258,66,12417,270.21,Matt Damon,Odysseus,Anne Hathaway,Penelope,,500,mountain/natural site (mountain),,new_spot,wp_mention;needs_scene;large_area_centroid,https://www.wikidata.org/wiki/Q131547207#P915 https://www.wikidata.org/wiki/Q1621375 https://en.wikipedia.org/wiki/Hj%C3%B6rleifsh%C3%B6f%C3%B0i
wikidata,Q4640603,55 Central Park West,40.772222,-73.978889,New York City,US,apartment building,Q108745,Ghostbusters,film,1984,tt0087332,60,31400,269.82,Bill Murray,Peter Venkman,Sigourney Weaver,Dana Barrett,,150,building/castle/station (building),,new_spot,wp_mention;needs_scene,https://www.wikidata.org/wiki/Q108745#P915 https://www.wikidata.org/wiki/Q4640603 https://en.wikipedia.org/wiki/55_Central_Park_West
wikidata,Q8731,Los Angeles International Airport,33.9425,-118.408056,Los Angeles,US,international airport; airport; commercial traffic aerodrome,Q3577037,The West Wing,tv,1999,tt0200276,47,550540,269.82,Martin Sheen,Josiah Bartlet,Richard Schiff,Toby Ziegler,,150,building/castle/station (default),,new_spot,via_season_or_episode;no_wp_mention;needs_scene;class_ban(airport),https://www.wikidata.org/wiki/Q3577037#P915 https://www.wikidata.org/wiki/Q8731 https://en.wikipedia.org/wiki/Los_Angeles_International_Airport
wikidata,Q19835,"Warner Bros. Studios, Leavesden",51.693333,-0.419722,Abbots Langley,GB,film studio; film set,Q20501835,Justice League,film,2017,tt0974015,56,65379,269.66,Henry Cavill,Superman,Ben Affleck,Batman,,300,beach/park/ranch/set (film set),,new_spot,no_wp_mention;needs_scene;possible_dup:near_stamp(icon:Q27924395|339m),https://www.wikidata.org/wiki/Q20501835#P915 https://www.wikidata.org/wiki/Q19835 https://en.wikipedia.org/wiki/Warner_Bros._Studios_Leavesden
wikidata,Q19835,"Warner Bros. Studios, Leavesden",51.693333,-0.419722,Abbots Langley,GB,film studio; film set,Q18199331,Fantastic Beasts: The Crimes of Grindelwald,film,2018,tt4123430,56,65379,269.66,Eddie Redmayne,Newt Scamander,Jude Law,Albus Dumbledore,,300,beach/park/ranch/set (film set),,new_spot,no_wp_mention;needs_scene;possible_dup:near_stamp(icon:Q27924395|339m),https://www.wikidata.org/wiki/Q18199331#P915 https://www.wikidata.org/wiki/Q19835 https://en.wikipedia.org/wiki/Warner_Bros._Studios_Leavesden
wikidata,Q141747,rue de Rivoli,48.856917,2.353672,Paris,FR,street,Q15624215,Lucy,film,2014,tt2872732,62,22316,269.62,Morgan Freeman,Professor Norman,Choi Min-sik,Mr. Jang,,60,stairs/street/cafe/shop (street),,new_spot,no_wp_mention;needs_scene;possible_dup:near_stamp_distinct_item(Hôtel de Ville|121m),https://www.wikidata.org/wiki/Q15624215#P915 https://www.wikidata.org/wiki/Q141747 https://en.wikipedia.org/wiki/Rue_de_Rivoli
wikidata,Q5209517,Daintree Rainforest,-16.2,145.4,Queensland,AU,forest,Q221491,The Thin Red Line,film,1998,tt0120863,56,64545,269.35,Sean Penn,1st Sgt. Edward Welsh,Jim Caviezel,Pvt. Robert E. Lee Witt,,500,mountain/natural site (forest),icon:Q5209517,film_line_on_existing,wp_mention;needs_scene;large_area_centroid,https://www.wikidata.org/wiki/Q221491#P915 https://www.wikidata.org/wiki/Q5209517 https://en.wikipedia.org/wiki/Daintree_Rainforest
wikidata,Q1548664,Princes Street,55.951314,-3.200878,City of Edinburgh,GB,street,Q109135,Trainspotting,film,1996,tt0117951,64,16094,269.23,Ewen Bremner,Spud,Jonny Lee Miller,Sick Boy,,60,stairs/street/cafe/shop (street),,new_spot,wp_mention;needs_scene;reuses_unstamped_row(wikidata:Q980646),https://www.wikidata.org/wiki/Q109135#P915 https://www.wikidata.org/wiki/Q1548664 https://en.wikipedia.org/wiki/Princes_Street
wikidata,Q192534,Fuerteventura,28.4,-14.0,Las Palmas,ES,island,Q33408623,Wonder Woman 1984,film,2020,tt7126948,51,189702,269.18,Gal Gadot,Wonder Woman,Kristen Wiig,Cheetah,,500,mountain/natural site (island),,new_spot,no_wp_mention;needs_scene;large_area_centroid;area_too_large(1633km2),https://www.wikidata.org/wiki/Q33408623#P915 https://www.wikidata.org/wiki/Q192534 https://en.wikipedia.org/wiki/Fuerteventura
wikidata,Q1535845,Riviera Hotel and Casino,36.135,-115.162,Nevada,US,skyscraper; hotel; casino,Q220910,Casino,film,1995,tt0112641,56,63724,269.04,Sharon Stone,Ginger McKenna,Robert De Niro,"Sam ""Ace"" Rothstein",,150,building/castle/station (hotel),,new_spot,wp_mention;needs_scene;demolished_or_closed(2016),https://www.wikidata.org/wiki/Q220910#P915 https://www.wikidata.org/wiki/Q1535845 https://en.wikipedia.org/wiki/Riviera_%28hotel_and_casino%29
wikidata,Q1400558,"The Huntington Library, Art Museum, and Botanical Gardens",34.129167,-118.1125,San Marino,US,library; nonprofit organization; botanical garden; art museum,Q16290,Star Trek: The Next Generation,tv,1987,tt0092455,56,62765,268.67,Patrick Stewart,Jean-Luc Picard,Jonathan Frakes,William Riker / Thomas Riker,,300,beach/park/ranch/set (garden),,new_spot,via_season_or_episode;no_wp_mention;needs_scene;reuses_unstamped_row(wv:san-marino-california-huntington-library-art-collection-and-botanical-gardens),https://www.wikidata.org/wiki/Q16290#P915 https://www.wikidata.org/wiki/Q1400558 https://en.wikipedia.org/wiki/Huntington_Library
wikidata,Q7894738,University High School,34.0456,-118.461,California,US,high school; public school,Q204228,The Mentalist,tv,2008,tt1196946,59,35316,268.33,Simon Baker,Patrick Jane,Robin Tunneyio,Teresa Lisbon,,60,stairs/street/cafe/shop (pub),,new_spot,wp_mention;needs_scene;large_cast(160),https://www.wikidata.org/wiki/Q204228#P915 https://www.wikidata.org/wiki/Q7894738 https://en.wikipedia.org/wiki/University_High_School_%28Los_Angeles%29
wikidata,Q329948,Palais-Royal,48.863333,2.336944,Paris,FR,royal palace,Q29261993,Mission: Impossible – Fallout,film,2018,tt4912910,55,74385,267.93,Rebecca Ferguson,Ilsa Faust,Henry Cavill,August Walker,,150,building/castle/station (palace),wikidata:Q329948,film_line_on_existing,wp_mention;needs_scene,https://www.wikidata.org/wiki/Q29261993#P915 https://www.wikidata.org/wiki/Q329948 https://en.wikipedia.org/wiki/Palais-Royal
wikidata,Q728399,Cinecittà,41.85,12.566667,Rome,IT,film studio,Q155018,The Name of the Rose,film,1986,tt0091605,56,60611,267.82,Sean Connery,William of Baskerville,F. Murray Abraham,Bernard Gui,,300,beach/park/ranch/set (studio),,new_spot,no_wp_mention;needs_scene;studio_backlot(film studio),https://www.wikidata.org/wiki/Q155018#P915 https://www.wikidata.org/wiki/Q728399 https://en.wikipedia.org/wiki/Cinecitt%C3%A0
wikidata,Q30632606,Universal Studios Lot,34.141395,-118.34978,Los Angeles County,US,film studio; media studio facility; motion picture studio,Q207816,Bruce Almighty,film,2003,tt0315327,56,60473,267.77,Morgan Freeman,God,Steve Carell,Evan Baxter,,300,beach/park/ranch/set (studio),,new_spot,wp_mention;needs_scene;cast_skips_unroled(Jennifer Aniston);studio_backlot(film studio),https://www.wikidata.org/wiki/Q207816#P915 https://www.wikidata.org/wiki/Q30632606 https://en.wikipedia.org/wiki/Universal_Studios_Lot
wikidata,Q7982558,Wendover Woods,51.7717,-0.71154,Halton,GB,woodland,Q160060,The King's Speech,film,2010,tt1504320,78,2701,267.67,Colin Firth,George VI,Geoffrey Rush,Lionel Logue,,150,building/castle/station (default),,new_spot,no_wp_mention;needs_scene;reuses_unstamped_row(wikidata:Q7982558),https://www.wikidata.org/wiki/Q160060#P915 https://www.wikidata.org/wiki/Q7982558 https://en.wikipedia.org/wiki/Wendover_Woods
wikidata,Q4545538,007 Stage,51.55,-0.535,Iver,GB,sound stage,Q30931,Die Another Day,film,2002,tt0246460,62,20737,267.64,Pierce Brosnan,James Bond,Halle Berry,Jinx Johnson,,150,building/castle/station (default),,new_spot,wp_mention;needs_scene;studio_backlot(sound stage),https://www.wikidata.org/wiki/Q30931#P915 https://www.wikidata.org/wiki/Q4545538 https://en.wikipedia.org/wiki/007_Stage
wikidata,Q4545538,007 Stage,51.55,-0.535,Iver,GB,sound stage,Q212145,The World Is Not Enough,film,1999,tt0143145,62,20737,267.64,Pierce Brosnan,James Bond,Sophie Marceau,Elektra King,,150,building/castle/station (default),,new_spot,wp_mention;needs_scene;studio_backlot(sound stage),https://www.wikidata.org/wiki/Q212145#P915 https://www.wikidata.org/wiki/Q4545538 https://en.wikipedia.org/wiki/007_Stage
wikidata,Q7826925,Torrance High School,33.82925,-118.321166,Torrance,US,high school; public school,Q183513,Buffy the Vampire Slayer,tv,1997,tt0118276,60,28882,267.64,Sarah Michelle Gellar,Buffy Summers,Nicholas Brendon,Xander Harris,,60,stairs/street/cafe/shop (pub),,new_spot,via_season_or_episode;wp_mention;needs_scene,https://www.wikidata.org/wiki/Q183513#P915 https://www.wikidata.org/wiki/Q7826925 https://en.wikipedia.org/wiki/Torrance_High_School
wikidata,Q5033525,Cantacuzino Castle,45.414042,25.542847,Bușteni,RO,château,Q105553568,Wednesday,tv,2022,tt13443470,61,24264,267.48,Jenna Ortega,Wednesday Addams,Catherine Zeta-Jones,Morticia Addams,,150,building/castle/station (default),,new_spot,wp_mention;needs_scene,https://www.wikidata.org/wiki/Q105553568#P915 https://www.wikidata.org/wiki/Q5033525 https://en.wikipedia.org/wiki/Cantacuzino_Castle
wikidata,Q211778,Lake District,54.5,-3.166667,Cumbria,GB,mountain range; region; lake area,Q221075,28 Days Later,film,2002,tt0289043,50,220414,267.16,Cillian Murphy,Jim,,,,500,mountain/natural site (mountain),icon:Q211778,film_line_on_existing,wp_mention;needs_scene;needs_roles;not_a_spot(mountain range);large_area_centroid,https://www.wikidata.org/wiki/Q221075#P915 https://www.wikidata.org/wiki/Q211778 https://en.wikipedia.org/wiki/Lake_District
wikidata,Q1753590,Old Royal Naval College,51.483667,-0.005944,London,GB,heritage site; museum; archaeological site,Q20707362,The Crown,tv,2016,tt4786824,57,48231,266.95,Claire Foy,Elizabeth II,Matt Smith,"Prince Philip, Duke of Edinburgh",,120,square/bridge/viaduct (arch),,new_spot,no_wp_mention;needs_scene;large_cast(384);possible_dup:near_stamp_distinct_item(Palace of Placentia|117m),https://www.wikidata.org/wiki/Q20707362#P915 https://www.wikidata.org/wiki/Q1753590 https://en.wikipedia.org/wiki/Old_Royal_Naval_College
wikidata,Q528578,Van Nuys Airport,34.209722,-118.49,Los Angeles,US,airport,Q194413,Pearl Harbor,film,2001,tt0213149,57,47260,266.45,Ben Affleck,Rafe McCawley,Josh Hartnett,First Lieutenant / Captain Danny Walker,,150,building/castle/station (default),,new_spot,no_wp_mention;needs_scene;class_ban(airport),https://www.wikidata.org/wiki/Q194413#P915 https://www.wikidata.org/wiki/Q528578 https://en.wikipedia.org/wiki/Van_Nuys_Airport
wikidata,Q123738,Hyde Park,51.508611,-0.163611,London,GB,park,Q696057,Around the World in 80 Days,film,1956,tt0048960,51,166785,266.33,,,,,,300,beach/park/ranch/set (park),curated:united-kingdom-london-hyde-park,film_line_on_existing,no_wp_mention;needs_scene;needs_roles;lead_without_role,https://www.wikidata.org/wiki/Q696057#P915 https://www.wikidata.org/wiki/Q123738 https://en.wikipedia.org/wiki/Hyde_Park%2C_London
wikidata,Q179199,Guggenheim Museum Bilbao,43.26883,-2.934099,Bilbao,ES,museum; museum building,Q12125299,Jupiter Ascending,film,2015,tt1617661,50,211116,266.23,Mila Kunis,Jupiter Jones,,,,150,building/castle/station (building),icon:Q179199,film_line_on_existing,no_wp_mention;needs_scene;needs_roles,https://www.wikidata.org/wiki/Q12125299#P915 https://www.wikidata.org/wiki/Q179199 https://en.wikipedia.org/wiki/Guggenheim_Museum_Bilbao
wikidata,Q661896,Pinewood Studios,51.548611,-0.535,Iver,GB,film studio,Q28234,Les Misérables,film,2012,tt1707386,51,162271,265.72,Hugh Jackman,Jean Valjean,Russell Crowe,Javert,,300,beach/park/ranch/set (studio),,new_spot,wp_mention;needs_scene;studio_backlot(film studio),https://www.wikidata.org/wiki/Q28234#P915 https://www.wikidata.org/wiki/Q661896 https://en.wikipedia.org/wiki/Pinewood_Studios
wikidata,Q661896,Pinewood Studios,51.548611,-0.535,Iver,GB,film studio,Q244398,Stardust,film,2007,tt0486655,51,162271,265.72,Charlie Cox,Tristan Thorn,,,,300,beach/park/ranch/set (studio),,new_spot,wp_mention;needs_scene;needs_roles;studio_backlot(film studio),https://www.wikidata.org/wiki/Q244398#P915 https://www.wikidata.org/wiki/Q661896 https://en.wikipedia.org/wiki/Pinewood_Studios
wikidata,Q170479,Vancouver Island,49.633333,-125.7,British Columbia,CA,island,Q748030,The 13th Warrior,film,1999,tt0120657,49,254181,264.85,Antonio Banderas,Ahmad ibn Fadlan,Diane Venora,Wealhþeow / Queen Weilew,,500,mountain/natural site (island),,new_spot,no_wp_mention;needs_scene;large_area_centroid;area_too_large(32134km2),https://www.wikidata.org/wiki/Q748030#P915 https://www.wikidata.org/wiki/Q170479 https://en.wikipedia.org/wiki/Vancouver_Island
curated,Q16888858,Yick Cheong Building,22.28423,114.21231,Hong Kong,HK,building,Q6151665,Transformers: Age of Extinction,film,2014,tt2109248,55,64562,264.55,,,,,The housing block inspired locations in the film.,150,building/castle/station (curated class building),,new_spot,evidence_weak;scene_generic;needs_roles;lead_without_role,https://www.wikidata.org/wiki/Q16888858 https://en.wikipedia.org/wiki/Monster_Building
wikidata,Q7982550,Wendover Airport,40.718611,-114.030833,Wendover,US,airport; commercial traffic aerodrome,Q105387,Independence Day,film,1996,tt0116629,71,5295,264.4,Will Smith,Steven Hiller,Jeff Goldblum,David Levinson,,150,building/castle/station (default),,new_spot,wp_mention;needs_scene;class_ban(airport),https://www.wikidata.org/wiki/Q105387#P915 https://www.wikidata.org/wiki/Q7982550 https://en.wikipedia.org/wiki/Wendover_Airport
curated,Q2187746,Lake Palace,24.57507,73.68022,Udaipur,IN,building,Q204398,Octopussy,film,1983,tt0086034,57,43339,264.3,Roger Moore,James Bond,Maud Adams,Octopussy,Octopussy's island palace home.,150,building/castle/station (curated class building),icon:Q2187746,film_line_on_existing,,https://www.wikidata.org/wiki/Q2187746 https://en.wikipedia.org/wiki/Lake_Palace https://en.wikipedia.org/wiki/Octopussy
wikidata,Q214788,London Paddington station,51.516667,-0.177222,London,GB,dead-end railway station; railway station; underground station; station located on surface,Q17548046,Mission: Impossible – Rogue Nation,film,2015,tt2381249,53,96938,264.28,Tom Cruise,Ethan Hunt,Jeremy Renner,William Brandt,,150,building/castle/station (station),,new_spot,no_wp_mention;needs_scene,https://www.wikidata.org/wiki/Q17548046#P915 https://www.wikidata.org/wiki/Q214788 https://en.wikipedia.org/wiki/London_Paddington_station
wikidata,Q335277,Pont Neuf,48.8575,2.341667,Paris,FR,arch bridge; stone bridge,Q29261993,Mission: Impossible – Fallout,film,2018,tt4912910,55,63620,264.2,Rebecca Ferguson,Ilsa Faust,Henry Cavill,August Walker,,120,square/bridge/viaduct (bridge),,new_spot,no_wp_mention;needs_scene;possible_dup:near_stamp_distinct_item(Île de la Cité|123m),https://www.wikidata.org/wiki/Q29261993#P915 https://www.wikidata.org/wiki/Q335277 https://en.wikipedia.org/wiki/Pont_Neuf
curated,Q190128,Ha Long Bay,20.9,107.2,,VN,natural,Q21203766,Kong: Skull Island,film,2017,tt3731562,51,151084,264.14,,,,,Location filming for the film took place in the bay.,500,mountain/natural site (curated class natural),icon:Q190128,film_line_on_existing,large_area_centroid;scene_generic;needs_roles;lead_without_role;no_city,https://www.wikidata.org/wiki/Q190128 https://en.wikipedia.org/wiki/Kong%3A_Skull_Island
wikidata,Q216344,Arlington National Cemetery,38.878087,-77.068769,Arlington County,US,cemetery; war memorial; war cemetery; United States national cemetery,Q3577037,The West Wing,tv,1999,tt0200276,47,412446,263.92,Martin Sheen,Josiah Bartlet,Richard Schiff,Toby Ziegler,,300,beach/park/ranch/set (cemetery),,new_spot,via_season_or_episode;no_wp_mention;needs_scene;reuses_unstamped_row(wikidata:Q216344),https://www.wikidata.org/wiki/Q3577037#P915 https://www.wikidata.org/wiki/Q216344 https://en.wikipedia.org/wiki/Arlington_National_Cemetery
wikidata,Q160409,Central Park,40.7825,-73.966111,New York City,US,urban park,Q615254,Crocodile Dundee,film,1986,tt0090555,46,535577,263.53,David Gulpilil,Neville Bell,,,,300,beach/park/ranch/set (park),icon:Q160409,film_line_on_existing,no_wp_mention;needs_scene;needs_roles;lead_without_role;cast_skips_unroled(Paul Hogan),https://www.wikidata.org/wiki/Q615254#P915 https://www.wikidata.org/wiki/Q160409 https://en.wikipedia.org/wiki/Central_Park
wikidata,Q14705631,Hudson County Courthouse,40.7317,-74.0573,New Jersey,US,county courthouse,Q42759035,Joker,film,2019,tt7286456,76,2897,263.12,Joaquin Phoenix,The Joker / Arthur Fleck,Zazie Beetz,Sophie Dumond,,150,building/castle/station (court),,new_spot,wp_mention;needs_scene;not_a_spot(county);reuses_unstamped_row(wikidata:Q14705631),https://www.wikidata.org/wiki/Q42759035#P915 https://www.wikidata.org/wiki/Q14705631 https://en.wikipedia.org/wiki/Hudson_County_Courthouse
wikidata,Q704831,Ludwigsburg Palace,48.899377,9.196065,Ludwigsburg,DE,palace; royal palace,Q471716,Barry Lyndon,film,1975,tt0072684,60,23639,262.42,Hardy Krüger,Captain Potzdorf,Ryan O'Neal,Redmond Barry,,150,building/castle/station (palace),wikidata:Q704831,film_line_on_existing,wp_mention;needs_scene,https://www.wikidata.org/wiki/Q471716#P915 https://www.wikidata.org/wiki/Q704831 https://en.wikipedia.org/wiki/Ludwigsburg_Palace
wikidata,Q229269,Rub' al Khali,20.0,50.0,,AE,desert,Q61876370,Mission: Impossible – Dead Reckoning Part One,film,2023,tt9603212,51,139812,262.42,Tom Cruise,Ethan Hunt,Ving Rhames,Luther Stickell,,500,mountain/natural site (desert),,new_spot,no_wp_mention;needs_scene;large_area_centroid;area_too_large(680000km2);no_city,https://www.wikidata.org/wiki/Q61876370#P915 https://www.wikidata.org/wiki/Q229269 https://en.wikipedia.org/wiki/Rub%27_al_Khali
wikidata,Q476529,Winchester Cathedral,51.060722,-1.313333,Winchester,GB,Anglican or Episcopal cathedral,Q28234,Les Misérables,film,2012,tt1707386,51,138162,262.16,Hugh Jackman,Jean Valjean,Russell Crowe,Javert,,150,building/castle/station (cathedral),wikidata:Q476529,film_line_on_existing,wp_mention;needs_scene,https://www.wikidata.org/wiki/Q28234#P915 https://www.wikidata.org/wiki/Q476529 https://en.wikipedia.org/wiki/Winchester_Cathedral
wikidata,Q677383,New Palace,52.401301,13.01603,Potsdam,DE,palace,Q471716,Barry Lyndon,film,1975,tt0072684,60,23363,262.11,Hardy Krüger,Captain Potzdorf,Ryan O'Neal,Redmond Barry,,150,building/castle/station (palace),wikidata:Q677383,film_line_on_existing,no_wp_mention;needs_scene,https://www.wikidata.org/wiki/Q471716#P915 https://www.wikidata.org/wiki/Q677383 https://en.wikipedia.org/wiki/New_Palace%2C_Potsdam
wikidata,Q10285,Colosseum,41.890278,12.492222,Roma Capitale,IT,stadium; archaeological site; Italian national museum; Roman amphitheatre,Q462409,Way of the Dragon,film,1972,tt0068935,43,1238996,262.0,Nora Miao,Chen Ching-hua,Bruce Lee,Tang Lung,,120,square/bridge/viaduct (arch),icon:Q10285,film_line_on_existing,wp_mention;needs_scene;cast_skips_unroled(Chuck Norris),https://www.wikidata.org/wiki/Q462409#P915 https://www.wikidata.org/wiki/Q10285 https://en.wikipedia.org/wiki/Colosseum
wikidata,Q7930680,Village Roadshow Studios,-27.911027,153.311248,Gold Coast,AU,film studio,Q10350033,Pirates of the Caribbean: Dead Men Tell no Tales,film,2017,tt1790809,63,14200,261.6,Johnny Depp,Captain Jack Sparrow,Geoffrey Rush,Hector Barbossa,,300,beach/park/ranch/set (studio),,new_spot,wp_mention;needs_scene;studio_backlot(film studio),https://www.wikidata.org/wiki/Q10350033#P915 https://www.wikidata.org/wiki/Q7930680 https://en.wikipedia.org/wiki/Village_Roadshow_Studios
wikidata,Q7930680,Village Roadshow Studios,-27.911027,153.311248,Gold Coast,AU,film studio,Q22998395,Aquaman,film,2018,tt1477834,63,14200,261.6,Jason Momoa,Aquaman,Amber Heard,Mera,,300,beach/park/ranch/set (studio),,new_spot,wp_mention;needs_scene;studio_backlot(film studio),https://www.wikidata.org/wiki/Q22998395#P915 https://www.wikidata.org/wiki/Q7930680 https://en.wikipedia.org/wiki/Village_Roadshow_Studios
wikidata,Q1118890,Korda Studios,47.440556,18.728517,Etyek,HU,film studio,Q18547944,The Martian,film,2015,tt3659388,72,4294,261.57,Matt Damon,Mark Watney,Frederik Pleitgen,CNN Reporter,,300,beach/park/ranch/set (studio),,new_spot,wp_mention;needs_scene;cast_skips_unroled(Jessica Chastain);studio_backlot(film studio),https://www.wikidata.org/wiki/Q18547944#P915 https://www.wikidata.org/wiki/Q1118890 https://en.wikipedia.org/wiki/Korda_Studios
wikidata,Q1059517,Winchester College,51.058056,-1.312778,Winchester,GB,boarding school; charitable organization; boys' school; independent school,Q28234,Les Misérables,film,2012,tt1707386,51,133911,261.47,Hugh Jackman,Jean Valjean,Russell Crowe,Javert,,150,building/castle/station (school),,new_spot,wp_mention;needs_scene;not_a_spot(organization);possible_dup:near_stamp(wikidata:Q476529|296m);inside_stamp_footprint(wikidata:Q8030602|256m);reuses_unstamped_row(wikidata:Q1059517),https://www.wikidata.org/wiki/Q28234#P915 https://www.wikidata.org/wiki/Q1059517 https://en.wikipedia.org/wiki/Winchester_College
wikidata,Q5610634,"Grosvenor Chapel, Mayfair",51.509,-0.1514,London,GB,church building,Q190588,Love Actually,film,2003,tt0314331,69,6115,261.27,Hugh Grant,David,Liam Neeson,Daniel,,150,building/castle/station (building),,new_spot,wp_mention;needs_scene;possible_dup:near_stamp(wikidata:Q932992|280m);inside_stamp_footprint(wikidata:Q932992|280m);reuses_unstamped_row(wikidata:Q5610634),https://www.wikidata.org/wiki/Q190588#P915 https://www.wikidata.org/wiki/Q5610634 https://en.wikipedia.org/wiki/Grosvenor_Chapel
wikidata,Q3501089,Elstree Studios,51.6587,-0.2758,Hertsmere,GB,film studio; television studio; film production company,Q19590955,Rogue One: A Star Wars Story,film,2016,tt3748528,58,31886,261.21,Felicity Jones,Jyn Erso,Diego Luna,Cassian Andor,,300,beach/park/ranch/set (studio),,new_spot,no_wp_mention;needs_scene;not_a_spot(film production company);studio_backlot(film studio),https://www.wikidata.org/wiki/Q19590955#P915 https://www.wikidata.org/wiki/Q3501089 https://en.wikipedia.org/wiki/Elstree_Studios
wikidata,Q1326219,Place des Arts,45.50841,-73.56611,Montreal,CA,building complex; performing arts center,Q20382729,Arrival,film,2016,tt2543164,65,10356,260.99,Amy Adams,Dr. Louise Banks,Jeremy Renner,Ian Donnelly,,150,building/castle/station (building),,new_spot,no_wp_mention;needs_scene,https://www.wikidata.org/wiki/Q20382729#P915 https://www.wikidata.org/wiki/Q1326219 https://en.wikipedia.org/wiki/Place_des_Arts
wikidata,Q661896,Pinewood Studios,51.548611,-0.535,Iver,GB,film studio,Q464014,Lara Croft: Tomb Raider,film,2001,tt0146316,50,162271,260.51,Angelina Jolie,Lara Croft,,,,300,beach/park/ranch/set (studio),,new_spot,wp_mention;needs_scene;needs_roles;studio_backlot(film studio),https://www.wikidata.org/wiki/Q464014#P915 https://www.wikidata.org/wiki/Q661896 https://en.wikipedia.org/wiki/Pinewood_Studios
wikidata,Q661896,Pinewood Studios,51.548611,-0.535,Iver,GB,film studio,Q337090,King Arthur,film,2004,tt0349683,50,162271,260.51,Clive Owen,King Arthur,Ioan Gruffudd,Lancelot,,300,beach/park/ranch/set (studio),,new_spot,no_wp_mention;needs_scene;studio_backlot(film studio),https://www.wikidata.org/wiki/Q337090#P915 https://www.wikidata.org/wiki/Q661896 https://en.wikipedia.org/wiki/Pinewood_Studios
wikidata,Q661896,Pinewood Studios,51.548611,-0.535,Iver,GB,film studio,Q221075,28 Days Later,film,2002,tt0289043,50,162271,260.51,Cillian Murphy,Jim,,,,300,beach/park/ranch/set (studio),,new_spot,no_wp_mention;needs_scene;needs_roles;studio_backlot(film studio),https://www.wikidata.org/wiki/Q221075#P915 https://www.wikidata.org/wiki/Q661896 https://en.wikipedia.org/wiki/Pinewood_Studios
wikidata,Q215255,Piccadilly Circus,51.51,-0.134444,London,GB,road junction,Q221075,28 Days Later,film,2002,tt0289043,50,162179,260.5,Cillian Murphy,Jim,,,,150,building/castle/station (default),wikidata:Q215255,film_line_on_existing,wp_mention;needs_scene;needs_roles,https://www.wikidata.org/wiki/Q221075#P915 https://www.wikidata.org/wiki/Q215255 https://en.wikipedia.org/wiki/Piccadilly_Circus
wikidata,Q16683162,"Warner Bros. Studios, Burbank",34.148697,-118.337561,Burbank,US,film studio,Q834165,Looney Tunes: Back in Action,film,2003,tt0318155,52,102132,260.48,Brendan Fraser,self,Jenna Elfman,Kate Houghton,,300,beach/park/ranch/set (studio),wikidata:Q16683162,film_line_on_existing,no_wp_mention;needs_scene;studio_backlot(film studio),https://www.wikidata.org/wiki/Q834165#P915 https://www.wikidata.org/wiki/Q16683162 https://en.wikipedia.org/wiki/Warner_Bros._Studios_Burbank
wikidata,Q822875,Church Street,51.8127,-2.7148,Monmouth,GB,pedestrian street,Q34316,Doctor Who,tv,1963,,99,424,260.21,Sylvester McCoy,Seventh Doctor,Samuel Anderson,Danny Pink,,60,stairs/street/cafe/shop (street),,new_spot,via_season_or_episode;no_wp_mention;needs_scene;large_cast(66),https://www.wikidata.org/wiki/Q34316#P915 https://www.wikidata.org/wiki/Q822875 https://en.wikipedia.org/wiki/Church_Street%2C_Monmouth
wikidata,Q19835,"Warner Bros. Studios, Leavesden",51.693333,-0.419722,Abbots Langley,GB,film studio; film set,Q1187607,Edge of Tomorrow,film,2014,tt1631867,54,65379,260.03,Tom Cruise,Major Bill Cage,Emily Blunt,Rita Vrataski,,300,beach/park/ranch/set (film set),,new_spot,wp_mention;needs_scene;cast_skips_unroled(Bill Paxton);possible_dup:near_stamp(icon:Q27924395|339m),https://www.wikidata.org/wiki/Q1187607#P915 https://www.wikidata.org/wiki/Q19835 https://en.wikipedia.org/wiki/Warner_Bros._Studios_Leavesden
wikidata,Q19835,"Warner Bros. Studios, Leavesden",51.693333,-0.419722,Abbots Langley,GB,film studio; film set,Q208592,Sleepy Hollow,film,1999,tt0162661,54,65379,260.03,Johnny Depp,Ichabod Crane,Christina Ricci,Katrina Van Tassel,,300,beach/park/ranch/set (film set),,new_spot,wp_mention;needs_scene;possible_dup:near_stamp(icon:Q27924395|339m),https://www.wikidata.org/wiki/Q208592#P915 https://www.wikidata.org/wiki/Q19835 https://en.wikipedia.org/wiki/Warner_Bros._Studios_Leavesden
wikidata,Q1339583,Val-de-Grâce,48.839167,2.344444,Paris,FR,hospital,Q15624215,Lucy,film,2014,tt2872732,62,14869,258.68,Morgan Freeman,Professor Norman,Choi Min-sik,Mr. Jang,,150,building/castle/station (default),wikidata:Q2601262,film_line_on_existing,"no_wp_mention;needs_scene;not_a_spot(hospital, no visitor class)",https://www.wikidata.org/wiki/Q15624215#P915 https://www.wikidata.org/wiki/Q1339583 https://en.wikipedia.org/wiki/Val-de-Gr%C3%A2ce
wikidata,Q192534,Fuerteventura,28.4,-14.0,Las Palmas,ES,island,Q14942871,Exodus: Gods and Kings,film,2014,tt1528100,49,189702,258.63,Christian Bale,Moses,Joel Edgerton,Ramesses II,,500,mountain/natural site (island),,new_spot,wp_mention;needs_scene;large_area_centroid;area_too_large(1633km2),https://www.wikidata.org/wiki/Q14942871#P915 https://www.wikidata.org/wiki/Q192534 https://en.wikipedia.org/wiki/Fuerteventura
wikidata,Q466786,Newark Liberty International Airport,40.6925,-74.1686,Newark,US,international airport; airport; commercial traffic aerodrome,Q615254,Crocodile Dundee,film,1986,tt0090555,46,412433,258.31,David Gulpilil,Neville Bell,,,,150,building/castle/station (default),,new_spot,wp_mention;needs_scene;needs_roles;lead_without_role;cast_skips_unroled(Paul Hogan);class_ban(airport),https://www.wikidata.org/wiki/Q615254#P915 https://www.wikidata.org/wiki/Q466786 https://en.wikipedia.org/wiki/Newark_Liberty_International_Airport
wikidata,Q198019,Los Angeles Union Station,34.0551,-118.235,Los Angeles,US,dead-end railway station; union station; station located on surface,Q221236,Star Trek: First Contact,film,1996,tt0117731,54,60614,258.26,Gates McFadden,Beverly Crusher,James Cromwell,Zefram Cochrane,,150,building/castle/station (station),wikidata:Q198019,film_line_on_existing,no_wp_mention;needs_scene,https://www.wikidata.org/wiki/Q221236#P915 https://www.wikidata.org/wiki/Q198019 https://en.wikipedia.org/wiki/Los_Angeles_Union_Station
wikidata,Q847613,Wenceslas Square,50.082308,14.426141,New Town,CZ,square,Q1741232,Mission: Impossible,film,1996,tt0117060,56,40764,258.18,Tom Cruise,Ethan Hunt,Jon Voight,Jim Phelps,,120,square/bridge/viaduct (square),curated:czech-republic-prague-wenceslas-square,film_line_on_existing,no_wp_mention;needs_scene,https://www.wikidata.org/wiki/Q1741232#P915 https://www.wikidata.org/wiki/Q847613 https://en.wikipedia.org/wiki/Wenceslas_Square
wikidata,Q6802081,McLaren Technology Centre,51.345833,-0.548333,Woking,GB,office building,Q56559254,Hobbs & Shaw,film,2019,tt6806448,53,73954,258.06,Dwayne Johnson,Luke Hobbs,Jason Statham,Deckard Shaw,,150,building/castle/station (building),,new_spot,no_wp_mention;needs_scene,https://www.wikidata.org/wiki/Q56559254#P915 https://www.wikidata.org/wiki/Q6802081 https://en.wikipedia.org/wiki/McLaren_Technology_Centre
curated,Q714828,Fushimi Inari-taisha,34.967202,135.773386,Yamashiro Province,JP,park,Q45839,Memoirs of a Geisha,film,2005,tt0397535,49,183924,257.97,,,,,Some scenes were shot at the shrine near the end of production.,300,beach/park/ranch/set (curated class park),icon:Q714828,film_line_on_existing,needs_roles;lead_without_role,https://www.wikidata.org/wiki/Q714828 https://en.wikipedia.org/wiki/Memoirs_of_a_Geisha_%28film%29
wikidata,Q2485027,Ford Island,21.363889,-157.960278,Honolulu County,US,island,Q194413,Pearl Harbor,film,2001,tt0213149,57,33058,257.6,Ben Affleck,Rafe McCawley,Josh Hartnett,First Lieutenant / Captain Danny Walker,,500,mountain/natural site (island),,new_spot,wp_mention;needs_scene;large_area_centroid,https://www.wikidata.org/wiki/Q194413#P915 https://www.wikidata.org/wiki/Q2485027 https://en.wikipedia.org/wiki/Ford_Island
wikidata,Q309388,Natural History Museum,51.496111,-0.176111,London,GB,organization; nonprofit organization; herbarium; natural history museum,Q12125299,Jupiter Ascending,film,2015,tt1617661,50,140569,257.39,Mila Kunis,Jupiter Jones,,,,60,stairs/street/cafe/shop (pub),wikidata:Q309388,film_line_on_existing,no_wp_mention;needs_scene;needs_roles,https://www.wikidata.org/wiki/Q12125299#P915 https://www.wikidata.org/wiki/Q309388 https://en.wikipedia.org/wiki/Natural_History_Museum%2C_London
wikidata,Q25004498,Studio 8H,40.759,-73.979,New York City,US,building,Q13979,Saturday Night Live,tv,1975,tt0072562,58,27099,257.11,,,,,,150,building/castle/station (building),,new_spot,wp_mention;needs_scene;needs_roles;lead_without_role;studio_backlot(name);possible_dup:near_stamp_distinct_item(Top of the Rock Observation Deck|32m);possible_dup:near_stamp_distinct_item(Radio City Music Hall|81m),https://www.wikidata.org/wiki/Q13979#P915 https://www.wikidata.org/wiki/Q25004498 https://en.wikipedia.org/wiki/Studio_8H
curated,Q13024284,Maya Bay,7.67688,98.76617,Ao Nang,TH,beach,Q470692,The Beach,film,2000,tt0163978,54,57059,256.84,Leonardo DiCaprio,Richard Fischer,Virginie Ledoyen,Françoise,"The film's hidden paradise beach; the crew landscaped the bay to look more ""paradise-like"".",300,beach/park/ranch/set (curated class beach),icon:Q612821,film_line_on_existing,pageviews_proxy(Ko Phi Phi Le),https://www.wikidata.org/wiki/Q13024284 https://en.wikipedia.org/wiki/Ko_Phi_Phi_Le
wikidata,Q2749189,Buena Vista Park,37.76826,-122.44192,San Francisco,US,park,Q5901134,Ant-Man,film,2015,tt0478970,69,5273,256.83,Paul Rudd,Scott Lang,Michael Douglas,Hank Pym,,300,beach/park/ranch/set (park),,new_spot,wp_mention;needs_scene;reuses_unstamped_row(auto:united-states-san-francisco-buena-vista-park),https://www.wikidata.org/wiki/Q5901134#P915 https://www.wikidata.org/wiki/Q2749189 https://en.wikipedia.org/wiki/Buena_Vista_Park
wikidata,Q13689,The Battery,40.703611,-74.016111,New York City,US,urban park,Q328695,Superman Returns,film,2006,tt0348150,53,70116,256.83,Brandon Routh,Superman,Kate Bosworth,Lois Lane,,300,beach/park/ranch/set (park),wikidata:Q13689,film_line_on_existing,no_wp_mention;needs_scene,https://www.wikidata.org/wiki/Q328695#P915 https://www.wikidata.org/wiki/Q13689 https://en.wikipedia.org/wiki/The_Battery_%28Manhattan%29
wikidata,Q1032842,Canary Wharf,51.503611,-0.018611,London,GB,London Underground station; underground station,Q19590955,Rogue One: A Star Wars Story,film,2016,tt3748528,58,26746,256.78,Felicity Jones,Jyn Erso,Diego Luna,Cassian Andor,,150,building/castle/station (station),wikidata:Q124377,film_line_on_existing,wp_mention;needs_scene,https://www.wikidata.org/wiki/Q19590955#P915 https://www.wikidata.org/wiki/Q1032842 https://en.wikipedia.org/wiki/Canary_Wharf_tube_station
wikidata,Q421678,Old Town Square,50.0875,14.421389,Prague,CZ,square,Q1741232,Mission: Impossible,film,1996,tt0117060,56,38453,256.76,Tom Cruise,Ethan Hunt,Jon Voight,Jim Phelps,,120,square/bridge/viaduct (square),curated:czech-republic-prague-old-town-square,film_line_on_existing,wp_mention;needs_scene,https://www.wikidata.org/wiki/Q1741232#P915 https://www.wikidata.org/wiki/Q421678 https://en.wikipedia.org/wiki/Old_Town_Square
wikidata,Q3501089,Elstree Studios,51.6587,-0.2758,Hertsmere,GB,film studio; television studio; film production company,Q20707362,The Crown,tv,2016,tt4786824,57,31886,256.71,Claire Foy,Elizabeth II,Matt Smith,"Prince Philip, Duke of Edinburgh",,300,beach/park/ranch/set (studio),,new_spot,wp_mention;needs_scene;large_cast(384);not_a_spot(film production company);studio_backlot(film studio),https://www.wikidata.org/wiki/Q20707362#P915 https://www.wikidata.org/wiki/Q3501089 https://en.wikipedia.org/wiki/Elstree_Studios
wikidata,Q6673670,Longcross Studios,51.3817,-0.592833,Surrey,GB,film studio,Q27188178,Aladdin,film,2019,tt6139732,62,13786,256.65,Mena Massoud,Aladdin,Naomi Scott,Jasmine,,300,beach/park/ranch/set (studio),,new_spot,wp_mention;needs_scene;studio_backlot(film studio),https://www.wikidata.org/wiki/Q27188178#P915 https://www.wikidata.org/wiki/Q6673670 https://en.wikipedia.org/wiki/Longcross_Studios
wikidata,Q788,Arctic Ocean,90.0,0.0,international waters,,ocean,Q33162,Top Gear,tv,2002,tt1628033,47,283655,256.28,,,,,,150,building/castle/station (default),,new_spot,via_season_or_episode;no_wp_mention;needs_scene;needs_roles;not_a_spot(ocean);area_too_large(14056000km2);no_country,https://www.wikidata.org/wiki/Q33162#P915 https://www.wikidata.org/wiki/Q788 https://en.wikipedia.org/wiki/Arctic_Ocean
wikidata,Q3031994,LaSalle Street Station,41.87553,-87.63239,Chicago,US,dead-end railway station; railway station; union station,Q223139,North by Northwest,film,1959,tt0053125,60,18220,255.63,Eva Marie Saint,Eve Kendall,Cary Grant,Roger Thornhill,,150,building/castle/station (station),,new_spot,wp_mention;needs_scene;cast_skips_unroled(James Mason),https://www.wikidata.org/wiki/Q223139#P915 https://www.wikidata.org/wiki/Q3031994 https://en.wikipedia.org/wiki/LaSalle_Street_Station
wikidata,Q3487981,St. Giles' Church,50.08501,14.4186,Prague,CZ,church building,Q190956,Amadeus,film,1984,tt0086879,72,3547,255.6,Tom Hulce,Wolfgang Amadeus Mozart,Elizabeth Berridge,Constanze Mozart,,150,building/castle/station (building),,new_spot,no_wp_mention;needs_scene,https://www.wikidata.org/wiki/Q190956#P915 https://www.wikidata.org/wiki/Q3487981 https://en.wikipedia.org/wiki/St._Giles%27_Church_%28Prague%29
wikidata,Q210559,Oslo Airport,60.202778,11.083889,Ullensaker Municipality,NO,international airport; airport; commercial traffic aerodrome,Q474093,The Girl with the Dragon Tattoo,film,2011,tt1568346,50,128763,255.49,Daniel Craig,Mikael Blomkvist,Rooney Mara,Lisbeth Salander,,150,building/castle/station (default),,new_spot,no_wp_mention;needs_scene;class_ban(airport),https://www.wikidata.org/wiki/Q474093#P915 https://www.wikidata.org/wiki/Q210559 https://en.wikipedia.org/wiki/Oslo_Airport%2C_Gardermoen
wikidata,Q3494229,Spring Gardens,51.5065,-0.1279,London,GB,road,Q18602670,Spectre,film,2015,tt2379713,70,4459,255.45,Daniel Craig,James Bond,Christoph Waltz,Ernst Stavro Blofeld / Franz Oberhauser,,150,building/castle/station (default),,new_spot,no_wp_mention;needs_scene;possible_dup:near_stamp_distinct_item(Trafalgar Studios|23m);possible_dup:near_stamp_distinct_item(Admiralty Arch|62m);possible_dup:near_stamp_distinct_item(Tower of London|84m);possible_dup:near_stamp_distinct_item(Nelson's Column|140m);inside_stamp_footprint(wikidata:Q129143|173m),https://www.wikidata.org/wiki/Q18602670#P915 https://www.wikidata.org/wiki/Q3494229 https://en.wikipedia.org/wiki/Spring_Gardens
wikidata,Q169101,10 Downing Street,51.503333,-0.127778,London,GB,terrace house; seat of government,Q591272,Casino Royale,film,1967,tt0061452,46,351887,255.13,David Niven,James Bond,Ursula Andress,Vesper Lynd,,150,building/castle/station (house),wikidata:Q192687,film_line_on_existing,wp_mention;needs_scene;cast_skips_unroled(Peter Sellers),https://www.wikidata.org/wiki/Q591272#P915 https://www.wikidata.org/wiki/Q169101 https://en.wikipedia.org/wiki/10_Downing_Street
wikidata,Q1431875,Lelystad Airport,52.455278,5.523056,Lelystad,NL,airport,Q21935651,Dunkirk,film,2017,tt5013056,64,9661,255.04,Kenneth Branagh,Commander Bolton,Aneurin Barnard,Gibson,,150,building/castle/station (default),,new_spot,wp_mention;needs_scene;cast_skips_unroled(Olivia Wilde);class_ban(airport),https://www.wikidata.org/wiki/Q21935651#P915 https://www.wikidata.org/wiki/Q1431875 https://en.wikipedia.org/wiki/Lelystad_Airport
wikidata,Q919514,Disney Studios Australia,-33.892,151.229,New South Wales,AU,film studio,Q21010856,Hacksaw Ridge,film,2016,tt2119532,60,17804,255.03,Andrew Garfield,Desmond Doss,Vince Vaughn,Sergeant Howell,,300,beach/park/ranch/set (studio),,new_spot,no_wp_mention;needs_scene;studio_backlot(film studio),https://www.wikidata.org/wiki/Q21010856#P915 https://www.wikidata.org/wiki/Q919514 https://en.wikipedia.org/wiki/Disney_Studios_Australia
wikidata,Q5367999,Elveden Hall,52.3852,0.6797,Elveden,GB,stately home,Q12125299,Jupiter Ascending,film,2015,tt1617661,50,124937,254.83,Mila Kunis,Jupiter Jones,,,,150,building/castle/station (default),,new_spot,no_wp_mention;needs_scene;needs_roles,https://www.wikidata.org/wiki/Q12125299#P915 https://www.wikidata.org/wiki/Q5367999 https://en.wikipedia.org/wiki/Elveden_Hall
wikidata,Q15523,Lake Como,46.0,9.266667,Lombardy,IT,glacial lake,Q258009,Man on Fire,film,2004,tt0328107,46,345247,254.75,,,,,,500,mountain/natural site (lake),icon:Q15523,film_line_on_existing,no_wp_mention;needs_scene;needs_roles;lead_without_role;large_area_centroid,https://www.wikidata.org/wiki/Q258009#P915 https://www.wikidata.org/wiki/Q15523 https://en.wikipedia.org/wiki/Lake_Como
wikidata,Q753529,Yankee Stadium,40.829569,-73.926392,New York City,US,baseball venue,Q492089,The Adjustment Bureau,film,2011,tt1385826,46,340862,254.5,Matt Damon,David Norris,Emily Blunt,Elise Sellas,,150,building/castle/station (default),wikidata:Q753529,film_line_on_existing,no_wp_mention;needs_scene,https://www.wikidata.org/wiki/Q492089#P915 https://www.wikidata.org/wiki/Q753529 https://en.wikipedia.org/wiki/Yankee_Stadium
wikidata,Q99236,Millau Viaduct,44.080278,3.0225,Millau,FR,cable-stayed bridge; road bridge; steel bridge,Q330332,Mr. Bean's Holiday,film,2007,tt0453451,48,198542,254.3,Rowan Atkinson,Mr. Bean,,,,120,square/bridge/viaduct (bridge),,new_spot,no_wp_mention;needs_scene;needs_roles,https://www.wikidata.org/wiki/Q330332#P915 https://www.wikidata.org/wiki/Q99236 https://en.wikipedia.org/wiki/Millau_Viaduct
wikidata,Q5192863,"Culbin Sands, Forest and Findhorn Bay",57.632,-3.726,Moray,GB,geographical area,Q131547207,The Odyssey,film,2026,tt33764258,66,7060,254.03,Matt Damon,Odysseus,Anne Hathaway,Penelope,,150,building/castle/station (default),,new_spot,no_wp_mention;needs_scene,https://www.wikidata.org/wiki/Q131547207#P915 https://www.wikidata.org/wiki/Q5192863 https://en.wikipedia.org/wiki/Culbin_Sands%2C_Forest_and_Findhorn_Bay
wikidata,Q953935,Lulworth Cove,50.6183,-2.2469,West Lulworth,GB,cove,Q28196,World War Z,film,2013,tt0816711,57,28369,253.81,,,,,,150,building/castle/station (default),wikidata:Q953935,film_line_on_existing,wp_mention;needs_scene;needs_roles;lead_without_role,https://www.wikidata.org/wiki/Q28196#P915 https://www.wikidata.org/wiki/Q953935 https://en.wikipedia.org/wiki/Lulworth_Cove
wikidata,Q860172,Canal Saint-Martin,48.847222,2.366667,Paris,FR,canal,Q29261993,Mission: Impossible – Fallout,film,2018,tt4912910,55,40572,253.45,Rebecca Ferguson,Ilsa Faust,Henry Cavill,August Walker,,150,building/castle/station (default),wikidata:Q860172,film_line_on_existing,wp_mention;needs_scene,https://www.wikidata.org/wiki/Q29261993#P915 https://www.wikidata.org/wiki/Q860172 https://en.wikipedia.org/wiki/Canal_Saint-Martin
wikidata,Q25007,Bellagio Hotel & Casino,36.11201,-115.17534,Clark County,US,skyscraper; hotel; casino,Q635632,Ocean's Thirteen,film,2007,tt0496806,49,146756,253.16,George Clooney,Danny Ocean,Brad Pitt,Rusty Ryan,,150,building/castle/station (hotel),,new_spot,wp_mention;needs_scene,https://www.wikidata.org/wiki/Q635632#P915 https://www.wikidata.org/wiki/Q25007 https://en.wikipedia.org/wiki/Bellagio_%28resort%29
wikidata,Q1066676,Plaza Hotel,40.764528,-73.974444,New York City,US,skyscraper; tower block; hotel; workplace,Q615254,Crocodile Dundee,film,1986,tt0090555,46,311230,252.68,David Gulpilil,Neville Bell,,,,150,building/castle/station (hotel),,new_spot,wp_mention;needs_scene;needs_roles;lead_without_role;cast_skips_unroled(Paul Hogan),https://www.wikidata.org/wiki/Q615254#P915 https://www.wikidata.org/wiki/Q1066676 https://en.wikipedia.org/wiki/Plaza_Hotel
wikidata,Q671774,Piz Gloria,46.557222,7.835278,Lauterbrunnen,CH,restaurant,Q107894,On Her Majesty's Secret Service,film,1969,tt0064757,57,26842,252.44,George Lazenby,James Bond,Diana Rigg,Tracy Bond,,60,stairs/street/cafe/shop (restaurant),,new_spot,wp_mention;needs_scene,https://www.wikidata.org/wiki/Q107894#P915 https://www.wikidata.org/wiki/Q671774 https://en.wikipedia.org/wiki/Piz_Gloria
wikidata,Q579004,Ely Cathedral,52.398611,0.263889,Ely,GB,Anglican or Episcopal cathedral,Q12125299,Jupiter Ascending,film,2015,tt1617661,50,111632,252.39,Mila Kunis,Jupiter Jones,,,,150,building/castle/station (cathedral),wikidata:Q579004,film_line_on_existing,wp_mention;needs_scene;needs_roles,https://www.wikidata.org/wiki/Q12125299#P915 https://www.wikidata.org/wiki/Q579004 https://en.wikipedia.org/wiki/Ely_Cathedral
wikidata,Q976172,Carlton Centre,-26.205556,28.046667,Johannesburg,ZA,skyscraper,Q201819,District 9,film,2009,tt1136608,59,18778,252.15,Sharlto Copley,Wikus van der Merwe,,,,150,building/castle/station (skyscraper),,new_spot,no_wp_mention;needs_scene;needs_roles,https://www.wikidata.org/wiki/Q201819#P915 https://www.wikidata.org/wiki/Q976172 https://en.wikipedia.org/wiki/Carlton_Centre
wikidata,Q1194829,Old Bailey,51.515833,-0.101944,City of London,GB,courthouse; tribunal,Q466186,A Fish Called Wanda,film,1988,tt0095159,48,179099,252.15,Jamie Lee Curtis,Wanda Gershwitz,Kevin Kline,Otto West,,150,building/castle/station (court),wikidata:Q1194829,film_line_on_existing,no_wp_mention;needs_scene,https://www.wikidata.org/wiki/Q466186#P915 https://www.wikidata.org/wiki/Q1194829 https://en.wikipedia.org/wiki/Old_Bailey
curated,Q3321537,Monsoon Palace,24.594,73.639,Udaipur,IN,building,Q204398,Octopussy,film,1983,tt0086034,57,26082,251.73,Roger Moore,James Bond,Maud Adams,Octopussy,The exterior of the villain Kamal Khan's palace.,150,building/castle/station (curated class building),,new_spot,,https://www.wikidata.org/wiki/Q3321537 https://en.wikipedia.org/wiki/Monsoon_Palace https://en.wikipedia.org/wiki/Octopussy
wikidata,Q11290,Grand Central Terminal,40.752778,-73.977222,New York City,US,dead-end railway station; underground railway station; station building; union station,Q629596,Friends with Benefits,film,2011,tt1632708,46,296510,251.71,,,,,,150,building/castle/station (building),curated:united-states-new-york-city-grand-central-terminal,film_line_on_existing,no_wp_mention;needs_scene;needs_roles;lead_without_role,https://www.wikidata.org/wiki/Q629596#P915 https://www.wikidata.org/wiki/Q11290 https://en.wikipedia.org/wiki/Grand_Central_Terminal
wikidata,Q5648547,Hankley Common,51.1646,-0.7357,Surrey,GB,common land,Q62721520,1917,film,2019,tt8579674,61,13287,251.53,George MacKay,Lance Corporal William Will Schofield / Lance Corporal Schofield,Dean-Charles Chapman,Lance Corporal Thomas Tom Blake / Lance Corporal Blake,,150,building/castle/station (default),,new_spot,wp_mention;needs_scene,https://www.wikidata.org/wiki/Q62721520#P915 https://www.wikidata.org/wiki/Q5648547 https://en.wikipedia.org/wiki/Hankley_Common
curated,Q221716,Kiyomizu-dera,34.994831,135.785003,Kyoto,JP,building,Q45839,Memoirs of a Geisha,film,2005,tt0397535,49,134581,251.32,,,,,One of the Kyoto temples where the film was shot on location.,150,building/castle/station (curated class building),icon:Q221716,film_line_on_existing,scene_generic;needs_roles;lead_without_role,https://www.wikidata.org/wiki/Q221716 https://en.wikipedia.org/wiki/Memoirs_of_a_Geisha_%28film%29
wikidata,Q2982877,Invalidovna,50.095,14.4617,Prague,CZ,hospital building,Q190956,Amadeus,film,1984,tt0086879,72,3074,251.12,Tom Hulce,Wolfgang Amadeus Mozart,Elizabeth Berridge,Constanze Mozart,,150,building/castle/station (building),wikidata:Q2982877,film_line_on_existing,wp_mention;needs_scene,https://www.wikidata.org/wiki/Q190956#P915 https://www.wikidata.org/wiki/Q2982877 https://en.wikipedia.org/wiki/Invalidovna
wikidata,Q661896,Pinewood Studios,51.548611,-0.535,Iver,GB,film studio,Q16635326,Ex Machina,film,2014,tt0470752,48,162271,250.09,Alicia Vikander,Ava,Domhnall Gleeson,Caleb Smith,,300,beach/park/ranch/set (studio),,new_spot,wp_mention;needs_scene;cast_skips_unroled(Corey Johnson);studio_backlot(film studio),https://www.wikidata.org/wiki/Q16635326#P915 https://www.wikidata.org/wiki/Q661896 https://en.wikipedia.org/wiki/Pinewood_Studios
wikidata,Q661896,Pinewood Studios,51.548611,-0.535,Iver,GB,film studio,Q267672,Superman II,film,1980,tt0081573,48,162271,250.09,Christopher Reeve,Superman,Margot Kidder,Lois Lane,,300,beach/park/ranch/set (studio),,new_spot,wp_mention;needs_scene;studio_backlot(film studio),https://www.wikidata.org/wiki/Q267672#P915 https://www.wikidata.org/wiki/Q661896 https://en.wikipedia.org/wiki/Pinewood_Studios
wikidata,Q661896,Pinewood Studios,51.548611,-0.535,Iver,GB,film studio,Q239296,Eragon,film,2006,tt0449010,48,162271,250.09,Ed Speleers,Eragon,Rachel Weisz,Saphira,,300,beach/park/ranch/set (studio),,new_spot,no_wp_mention;needs_scene;studio_backlot(film studio),https://www.wikidata.org/wiki/Q239296#P915 https://www.wikidata.org/wiki/Q661896 https://en.wikipedia.org/wiki/Pinewood_Studios
wikidata,Q14681732,Charlie Chaplin Studios,34.096389,-118.343056,Los Angeles,US,film studio; building complex; facility,Q374172,The Kid,film,1921,tt0012349,57,24317,250.0,,,,,,300,beach/park/ranch/set (studio),wikidata:Q24904690,film_line_on_existing,wp_mention;needs_scene;needs_roles;lead_without_role;studio_backlot(film studio),https://www.wikidata.org/wiki/Q374172#P915 https://www.wikidata.org/wiki/Q14681732 https://en.wikipedia.org/wiki/Chaplin_Studios
wikidata,Q1054203,Mill Colonnade,50.225278,12.881944,Karlovy Vary,CZ,colonnade,Q151904,Casino Royale,film,2006,tt0381061,71,3313,249.95,Daniel Craig,James Bond,Mads Mikkelsen,Le Chiffre,,150,building/castle/station (default),wikidata:Q1054203,film_line_on_existing,no_wp_mention;needs_scene,https://www.wikidata.org/wiki/Q151904#P915 https://www.wikidata.org/wiki/Q1054203 https://en.wikipedia.org/wiki/Mill_Colonnade
wikidata,Q1662947,Landeyjahöfn,63.5307,-20.1174,Rangárþing eystra,IS,harbor,Q131547207,The Odyssey,film,2026,tt33764258,66,6117,249.92,Matt Damon,Odysseus,Anne Hathaway,Penelope,,150,building/castle/station (default),,new_spot,wp_mention;needs_scene,https://www.wikidata.org/wiki/Q131547207#P915 https://www.wikidata.org/wiki/Q1662947 https://en.wikipedia.org/wiki/Landeyjah%C3%B6fn
wikidata,Q18438,Long Island,40.78886,-73.23349,New York,US,island; moraine,Q628139,Salt,film,2010,tt0944835,43,646835,249.86,Angelina Jolie,Evelyn Salt,,,,500,mountain/natural site (island),,new_spot,no_wp_mention;needs_scene;needs_roles;large_area_centroid;area_too_large(3566km2),https://www.wikidata.org/wiki/Q628139#P915 https://www.wikidata.org/wiki/Q18438 https://en.wikipedia.org/wiki/Long_Island
wikidata,Q18438,Long Island,40.78886,-73.23349,New York,US,island; moraine,Q64151,Cruel Intentions,film,1999,tt0139134,43,646835,249.86,Sarah Michelle Gellar,Kathryn Merteuil,,,,500,mountain/natural site (island),,new_spot,no_wp_mention;needs_scene;needs_roles;large_area_centroid;area_too_large(3566km2),https://www.wikidata.org/wiki/Q64151#P915 https://www.wikidata.org/wiki/Q18438 https://en.wikipedia.org/wiki/Long_Island
wikidata,Q668710,Washington National Cathedral,38.930611,-77.070556,"Washington, D.C.",US,Anglican or Episcopal cathedral,Q3577037,The West Wing,tv,1999,tt0200276,47,206878,249.84,Martin Sheen,Josiah Bartlet,Richard Schiff,Toby Ziegler,,150,building/castle/station (cathedral),wikidata:Q668710,film_line_on_existing,via_season_or_episode;wp_mention;needs_scene,https://www.wikidata.org/wiki/Q3577037#P915 https://www.wikidata.org/wiki/Q668710 https://en.wikipedia.org/wiki/Washington_National_Cathedral
wikidata,Q695840,Bendlerblock,52.5069,13.3614,Berlin,DE,building complex,Q159054,Valkyrie,film,2008,tt0985699,54,41970,249.64,Tom Cruise,Claus Schenk Graf von Stauffenberg,Kenneth Branagh,Henning von Tresckow,,150,building/castle/station (building),wikidata:Q695840,film_line_on_existing,wp_mention;needs_scene,https://www.wikidata.org/wiki/Q159054#P915 https://www.wikidata.org/wiki/Q695840 https://en.wikipedia.org/wiki/Bendlerblock
wikidata,Q19813,Hatfield House,51.7606,-0.2092,Hatfield,GB,English country house; historic house museum; country house,Q22001133,The Favourite,film,2018,tt5083738,49,124135,249.6,Emma Stone,"Abigail Masham, Baroness Masham",Olivia Colman,Anne of Great Britain,,150,building/castle/station (museum),wikidata:Q19813,film_line_on_existing,wp_mention;needs_scene,https://www.wikidata.org/wiki/Q22001133#P915 https://www.wikidata.org/wiki/Q19813 https://en.wikipedia.org/wiki/Hatfield_House
wikidata,Q2351129,Ashdown Forest,51.0725,0.043056,Sussex,GB,royal forest,Q208048,Band of Brothers,tv,2001,tt0185906,54,41722,249.5,Damian Lewis,Richard Winters,Ron Livingston,Lewis Nixon III,,500,mountain/natural site (forest),wikidata:Q2351129,film_line_on_existing,no_wp_mention;needs_scene;large_cast(70);large_area_centroid,https://www.wikidata.org/wiki/Q208048#P915 https://www.wikidata.org/wiki/Q2351129 https://en.wikipedia.org/wiki/Ashdown_Forest
wikidata,Q554146,Markarfljót,63.538889,-20.022222,Rangárþing ytra,IS,river,Q131547207,The Odyssey,film,2026,tt33764258,66,6028,249.5,Matt Damon,Odysseus,Anne Hathaway,Penelope,,500,mountain/natural site (river),,new_spot,wp_mention;needs_scene;not_a_spot(river);large_area_centroid,https://www.wikidata.org/wiki/Q131547207#P915 https://www.wikidata.org/wiki/Q554146 https://en.wikipedia.org/wiki/Markarflj%C3%B3t
wikidata,Q15523,Lake Como,46.0,9.266667,Lombardy,IT,glacial lake,Q593615,The Sea Inside,film,2004,tt0369702,45,345247,249.22,,,,,,500,mountain/natural site (lake),icon:Q15523,film_line_on_existing,no_wp_mention;needs_scene;needs_roles;lead_without_role;large_area_centroid,https://www.wikidata.org/wiki/Q593615#P915 https://www.wikidata.org/wiki/Q15523 https://en.wikipedia.org/wiki/Lake_Como
wikidata,Q790756,Barrandov Studios,50.029616,14.387155,,CZ,film studio; business; enterprise; production company,Q485803,"The Chronicles of Narnia: The Lion, the Witch and the Wardrobe",film,2005,tt0363771,59,16432,248.73,William Moseley,Peter Pevensie,Anna Popplewell,Susan Pevensie,,300,beach/park/ranch/set (studio),,new_spot,wp_mention;needs_scene;not_a_spot(enterprise);studio_backlot(film studio);no_city,https://www.wikidata.org/wiki/Q485803#P915 https://www.wikidata.org/wiki/Q790756 https://en.wikipedia.org/wiki/Barrandov_Studios
curated,Q3160448,Jag Mandir,24.5672,73.6781,Udaipur,IN,building,Q204398,Octopussy,film,1983,tt0086034,57,23100,248.73,Roger Moore,James Bond,Maud Adams,Octopussy,Scenes set at Octopussy's palace were filmed here and at the Lake Palace.,150,building/castle/station (curated class building),wikidata:Q3160448,film_line_on_existing,,https://www.wikidata.org/wiki/Q3160448 https://en.wikipedia.org/wiki/Jag_Mandir_Palace https://en.wikipedia.org/wiki/Octopussy
wikidata,Q7244520,Princess Alexandra Hospital NHS Trust,51.7712,0.0853,Harlow,GB,NHS trust,Q181086,A Clockwork Orange,film,1971,tt0066921,72,2815,248.37,Malcolm McDowell,Alex,,,,150,building/castle/station (default),,new_spot,no_wp_mention;needs_scene;needs_roles;lead_without_role;cast_skips_unroled(Patrick Magee),https://www.wikidata.org/wiki/Q181086#P915 https://www.wikidata.org/wiki/Q7244520 https://en.wikipedia.org/wiki/Princess_Alexandra_Hospital_NHS_Trust
wikidata,Q2103611,Maillé-Brézé,47.206667,-1.571667,Nantes,FR,destroyer; museum ship; preserved watercraft,Q21935651,Dunkirk,film,2017,tt5013056,64,7590,248.34,Kenneth Branagh,Commander Bolton,Aneurin Barnard,Gibson,,150,building/castle/station (museum),wikidata:Q2103611,film_line_on_existing,wp_mention;needs_scene;cast_skips_unroled(Olivia Wilde),https://www.wikidata.org/wiki/Q21935651#P915 https://www.wikidata.org/wiki/Q2103611 https://en.wikipedia.org/wiki/French_destroyer_Maill%C3%A9-Br%C3%A9z%C3%A9_%28D627%29
wikidata,Q3359372,Sgwd Henrhyd,51.796669,-3.663211,Powys,GB,waterfall,Q189330,The Dark Knight Rises,film,2012,tt1345836,71,3140,248.29,Christian Bale,Bruce Wayne,Michael Caine,Alfred Pennyworth,,500,mountain/natural site (waterfall),,new_spot,wp_mention;needs_scene,https://www.wikidata.org/wiki/Q189330#P915 https://www.wikidata.org/wiki/Q3359372 https://en.wikipedia.org/wiki/Henrhyd_Falls
wikidata,Q3570,Washington Union Station,38.89731,-77.00626,"Washington, D.C.",US,central station,Q722682,Hannibal,film,2001,tt0212985,51,73021,248.04,Anthony Hopkins,Hannibal Lecter,Julianne Moore,Clarice Starling,,150,building/castle/station (station),wikidata:Q3570,film_line_on_existing,wp_mention;needs_scene,https://www.wikidata.org/wiki/Q722682#P915 https://www.wikidata.org/wiki/Q3570 https://en.wikipedia.org/wiki/Washington_Union_Station
wikidata,Q72081,Ealing Studios,51.509167,-0.3075,London,GB,film studio; film production company,Q83071,Downton Abbey,tv,2010,tt1606375,54,38783,247.79,Michelle Dockery,Lady Mary Talbot,Hugh Bonneville,"Robert Crawley, The Earl of Grantham",,300,beach/park/ranch/set (studio),,new_spot,wp_mention;needs_scene;large_cast(166);not_a_spot(film production company);studio_backlot(film studio),https://www.wikidata.org/wiki/Q83071#P915 https://www.wikidata.org/wiki/Q72081 https://en.wikipedia.org/wiki/Ealing_Studios
wikidata,Q5648547,Hankley Common,51.1646,-0.7357,Surrey,GB,common land,Q23894626,Black Widow,film,2021,tt3480822,60,13287,247.41,Scarlett Johansson,Natasha Romanoff,David Harbour,Alexei Shostakov,,150,building/castle/station (default),,new_spot,wp_mention;needs_scene,https://www.wikidata.org/wiki/Q23894626#P915 https://www.wikidata.org/wiki/Q5648547 https://en.wikipedia.org/wiki/Hankley_Common
wikidata,Q6692918,Low Memorial Library,40.808333,-73.961944,New York City,US,university building,Q108745,Ghostbusters,film,1984,tt0087332,60,13207,247.25,Bill Murray,Peter Venkman,Sigourney Weaver,Dana Barrett,,150,building/castle/station (building),,new_spot,no_wp_mention;needs_scene,https://www.wikidata.org/wiki/Q108745#P915 https://www.wikidata.org/wiki/Q6692918 https://en.wikipedia.org/wiki/Low_Memorial_Library
wikidata,Q117284042,Echo Park Lake,34.075,-118.26,California,US,lake,Q644987,Chinatown,film,1974,tt0071315,61,11261,247.15,Jack Nicholson,J. J. Gittes,John Huston,Noah Cross,,500,mountain/natural site (lake),,new_spot,wp_mention;needs_scene;large_area_centroid;reuses_unstamped_row(wikidata:Q3047014),https://www.wikidata.org/wiki/Q644987#P915 https://www.wikidata.org/wiki/Q117284042 https://en.wikipedia.org/wiki/Echo_Park_Lake
wikidata,Q2296362,Musée Gustave Moreau,48.878,2.33436,Paris,FR,art museum; national museum,Q175038,12 Monkeys,film,1995,tt0114746,65,6242,246.7,Bruce Willis,James Cole,Brad Pitt,Jeffrey Goines,,150,building/castle/station (museum),wikidata:Q2296362,film_line_on_existing,no_wp_mention;needs_scene,https://www.wikidata.org/wiki/Q175038#P915 https://www.wikidata.org/wiki/Q2296362 https://en.wikipedia.org/wiki/Mus%C3%A9e_national_Gustave_Moreau
wikidata,Q148554,National Museum of Natural History,38.8913,-77.0259,"Washington, D.C.",US,natural history museum,Q33408623,Wonder Woman 1984,film,2020,tt7126948,51,67761,246.38,Gal Gadot,Wonder Woman,Kristen Wiig,Cheetah,,500,mountain/natural site (natural),wikidata:Q148554,film_line_on_existing,no_wp_mention;needs_scene,https://www.wikidata.org/wiki/Q33408623#P915 https://www.wikidata.org/wiki/Q148554 https://en.wikipedia.org/wiki/National_Museum_of_Natural_History
wikidata,Q1332478,Wye Valley,51.82858,-2.660761,,GB,valley; National Landscape; Site of Special Scientific Interest,Q55632932,Sex Education,tv,2019,tt7767422,57,20988,246.35,Gillian Anderson,Jean Milburn,Asa Butterfield,Otis Milburn,,500,mountain/natural site (valley),,new_spot,wp_mention;needs_scene;large_area_centroid;no_city,https://www.wikidata.org/wiki/Q55632932#P915 https://www.wikidata.org/wiki/Q1332478 https://en.wikipedia.org/wiki/Wye_Valley
wikidata,Q390243,place Charles-de-Gaulle,48.873889,2.294722,Paris,FR,square,Q29261993,Mission: Impossible – Fallout,film,2018,tt4912910,55,30086,246.31,Rebecca Ferguson,Ilsa Faust,Henry Cavill,August Walker,,120,square/bridge/viaduct (square),,new_spot,no_wp_mention;needs_scene;possible_dup:near_stamp_distinct_item(Arc de Triomphe|26m),https://www.wikidata.org/wiki/Q29261993#P915 https://www.wikidata.org/wiki/Q390243 https://en.wikipedia.org/wiki/Place_Charles_de_Gaulle
wikidata,Q7989130,Westminster Bridge Road,51.4984,-0.10819,London,GB,road,Q18602670,Spectre,film,2015,tt2379713,70,3265,245.98,Daniel Craig,James Bond,Christoph Waltz,Ernst Stavro Blofeld / Franz Oberhauser,,150,building/castle/station (default),,new_spot,no_wp_mention;needs_scene,https://www.wikidata.org/wiki/Q18602670#P915 https://www.wikidata.org/wiki/Q7989130 https://en.wikipedia.org/wiki/Westminster_Bridge_Road
curated,Q915413,Mosque of Ibn Tulun,30.02875,31.249528,Cairo,EG,building,Q320423,The Spy Who Loved Me,film,1977,tt0076752,55,29554,245.88,Roger Moore,James Bond,Bernard Lee,M,Parts of the film were shot at the mosque.,150,building/castle/station (curated class building),wikidata:Q915413,film_line_on_existing,scene_generic,https://www.wikidata.org/wiki/Q915413 https://en.wikipedia.org/wiki/Mosque_of_Ibn_Tulun https://en.wikipedia.org/wiki/The_Spy_Who_Loved_Me_%28film%29
wikidata,Q27676389,Los Angeles Central Library,34.050278,-118.255,Los Angeles,US,public library; library building; main library,Q108745,Ghostbusters,film,1984,tt0087332,60,12509,245.84,Bill Murray,Peter Venkman,Sigourney Weaver,Dana Barrett,,60,stairs/street/cafe/shop (pub),,new_spot,no_wp_mention;needs_scene;possible_dup:near_stamp_distinct_item(U.S. Bank Tower|96m);reuses_unstamped_row(wikidata:Q4817385),https://www.wikidata.org/wiki/Q108745#P915 https://www.wikidata.org/wiki/Q27676389 https://en.wikipedia.org/wiki/Los_Angeles_Central_Library
wikidata,Q1046446,Casa Loma,43.678117,-79.409342,Toronto,CA,villa; historic house museum,Q753899,Scott Pilgrim vs. the World,film,2010,tt0446029,48,130874,245.61,Michael Cera,Scott Pilgrim,Mary Elizabeth Winstead,Ramona Flowers,,150,building/castle/station (museum),wikidata:Q1046446,film_line_on_existing,wp_mention;needs_scene,https://www.wikidata.org/wiki/Q753899#P915 https://www.wikidata.org/wiki/Q1046446 https://en.wikipedia.org/wiki/Casa_Loma
wikidata,Q456685,Ambassador Hotel,34.059722,-118.297222,Los Angeles,US,hotel building,Q23395,Fear and Loathing in Las Vegas,film,1998,tt0120669,49,101932,245.41,Benicio del Toro,Oscar Zeta Acosta,Johnny Depp,Raoul Duke,,150,building/castle/station (building),,new_spot,no_wp_mention;needs_scene;demolished_or_closed(2006),https://www.wikidata.org/wiki/Q23395#P915 https://www.wikidata.org/wiki/Q456685 https://en.wikipedia.org/wiki/Ambassador_Hotel_%28Los_Angeles%29
wikidata,Q456685,Ambassador Hotel,34.059722,-118.297222,Los Angeles,US,hotel building,Q270599,Scream 2,film,1997,tt0120082,49,101932,245.41,Neve Campbell,Sidney Prescott,David Arquette,Dewey Riley,,150,building/castle/station (building),,new_spot,no_wp_mention;needs_scene;demolished_or_closed(2006),https://www.wikidata.org/wiki/Q270599#P915 https://www.wikidata.org/wiki/Q456685 https://en.wikipedia.org/wiki/Ambassador_Hotel_%28Los_Angeles%29
wikidata,Q456685,Ambassador Hotel,34.059722,-118.297222,Los Angeles,US,hotel building,Q117590,"Beverly Hills, 90210",tv,1990,tt0098749,49,101932,245.41,Noelle Parker,Tiffany Morgan,Jason Priestley,Brandon Walsh,,150,building/castle/station (building),,new_spot,wp_mention;needs_scene;large_cast(245);demolished_or_closed(2006),https://www.wikidata.org/wiki/Q117590#P915 https://www.wikidata.org/wiki/Q456685 https://en.wikipedia.org/wiki/Ambassador_Hotel_%28Los_Angeles%29
curated,Q7084756,Old Portal de Mercaderes,19.432642,-99.134381,,MX,building,Q18602670,Spectre,film,2015,tt2379713,70,3199,245.36,Daniel Craig,James Bond,Christoph Waltz,Ernst Stavro Blofeld / Franz Oberhauser,Day of the Dead festival scenes were filmed in and around the hotel.,150,building/castle/station (curated class building),,new_spot,no_city;possible_dup:near_stamp_distinct_item(Zócalo & Metropolitan Cathedral|110m),https://www.wikidata.org/wiki/Q7084756 https://en.wikipedia.org/wiki/Old_Portal_de_Mercaderes https://en.wikipedia.org/wiki/Spectre_%282015_film%29
wikidata,Q214855,Bank of China Tower,22.279167,114.161389,Hong Kong,HK,skyscraper; bank building,Q156329,Star Trek: Voyager,tv,1995,tt0112178,52,51381,244.96,Robert Picardo,Doctor,Kate Mulgrew,Kathryn Janeway,,150,building/castle/station (building),,new_spot,via_season_or_episode;wp_mention;needs_scene,https://www.wikidata.org/wiki/Q156329#P915 https://www.wikidata.org/wiki/Q214855 https://en.wikipedia.org/wiki/Bank_of_China_Tower_%28Hong_Kong%29
wikidata,Q17529210,Corsham Court,51.435,-2.18243,Corsham,GB,garden; English country house; historic house museum,Q471716,Barry Lyndon,film,1975,tt0072684,60,11982,244.71,Hardy Krüger,Captain Potzdorf,Ryan O'Neal,Redmond Barry,,300,beach/park/ranch/set (garden),,new_spot,wp_mention;needs_scene;reuses_unstamped_row(wikidata:Q17529210),https://www.wikidata.org/wiki/Q471716#P915 https://www.wikidata.org/wiki/Q17529210 https://en.wikipedia.org/wiki/Corsham_Court
wikidata,Q705551,Art Gallery of New South Wales,-33.868611,151.217222,Sydney,AU,art museum,Q328695,Superman Returns,film,2006,tt0348150,53,40930,244.44,Brandon Routh,Superman,Kate Bosworth,Lois Lane,,150,building/castle/station (museum),,new_spot,no_wp_mention;needs_scene;reuses_unstamped_row(curated:australia-sydney-art-gallery-of-new-south-wales),https://www.wikidata.org/wiki/Q328695#P915 https://www.wikidata.org/wiki/Q705551 https://en.wikipedia.org/wiki/Art_Gallery_of_New_South_Wales
wikidata,Q3891105,Heritage Park Historical Village,50.984,-114.106,Calgary,CA,open-air museum; historical park,Q87131973,The Last of Us,tv,2023,tt3581920,62,8701,244.26,Pedro Pascal,Joel,Bella Ramsey,Ellie,,300,beach/park/ranch/set (park),,new_spot,via_season_or_episode;no_wp_mention;needs_scene,https://www.wikidata.org/wiki/Q87131973#P915 https://www.wikidata.org/wiki/Q3891105 https://en.wikipedia.org/wiki/Heritage_Park_Historical_Village
wikidata,Q5009278,Radford Studio Center,34.144692,-118.391008,Los Angeles,US,built structure,Q208072,That '70s Show,tv,1998,tt0165598,53,39790,243.79,Topher Grace,Eric Forman,Mila Kunis,Jackie Burkhart,,150,building/castle/station (default),wikidata:Q5009278,film_line_on_existing,via_season_or_episode;no_wp_mention;needs_scene;studio_backlot(name),https://www.wikidata.org/wiki/Q208072#P915 https://www.wikidata.org/wiki/Q5009278 https://en.wikipedia.org/wiki/Radford_Studio_Center
wikidata,Q1754640,Seven Sisters,50.76,0.16,East Sussex,GB,cliffed coast; heptad,Q486822,Robin Hood: Prince of Thieves,film,1991,tt0102798,48,119859,243.78,Kevin Costner,Robin Hood,Morgan Freeman,Azeem Edin Bashir Al Bakir,,500,mountain/natural site (cliff),,new_spot,wp_mention;needs_scene,https://www.wikidata.org/wiki/Q486822#P915 https://www.wikidata.org/wiki/Q1754640 https://en.wikipedia.org/wiki/Seven_Sisters%2C_East_Sussex
wikidata,Q101546977,Trilith Studios,33.472408,-84.51321,,US,film studio; studio,Q64349029,Loki,tv,2021,tt9140554,53,39729,243.75,Tom Hiddleston,Loki,Owen Wilson,Mobius M. Mobius,,300,beach/park/ranch/set (studio),,new_spot,no_wp_mention;needs_scene;studio_backlot(film studio);no_city,https://www.wikidata.org/wiki/Q64349029#P915 https://www.wikidata.org/wiki/Q101546977 https://en.wikipedia.org/wiki/Trilith_Studios
wikidata,Q172880,Brands Hatch,51.356667,0.2625,Kent,GB,motorsport racing track,Q1768437,Rush,film,2013,tt1979320,48,116860,243.25,Chris Hemsworth,James Hunt,Daniel Brühl,Niki Lauda,,150,building/castle/station (default),,new_spot,wp_mention;needs_scene,https://www.wikidata.org/wiki/Q1768437#P915 https://www.wikidata.org/wiki/Q172880 https://en.wikipedia.org/wiki/Brands_Hatch
wikidata,Q5896736,Honolulu Zoo,21.2709,-157.819,Honolulu,US,research institute; zoo,Q3512046,Jurassic World,film,2015,tt0369610,63,7168,242.89,Chris Pratt,Owen Grady,Bryce Dallas Howard,Claire Dearing,,300,beach/park/ranch/set (zoo),,new_spot,no_wp_mention;needs_scene;reuses_unstamped_row(auto:united-states-honolulu-honolulu-zoo),https://www.wikidata.org/wiki/Q3512046#P915 https://www.wikidata.org/wiki/Q5896736 https://en.wikipedia.org/wiki/Honolulu_Zoo
curated,Q14220885,"Thunderball Grotto, Staniel Cay",24.17139,-76.43889,Exuma,BS,natural,Q107724,Thunderball,film,1965,tt0059800,60,11153,242.85,Sean Connery,James Bond,Claudine Auger,Domino Vitali,The grotto was a setting of the film - and is named after it.,500,mountain/natural site (curated class natural),,new_spot,coord_is_island_not_grotto,https://www.wikidata.org/wiki/Q14220885 https://en.wikipedia.org/wiki/Staniel_Cay
wikidata,Q131454,Library of Congress,38.888611,-77.004722,"Washington, D.C.",US,national library; United Nations Depository Library; parliamentary archives; legislative branch agency,Q309366,National Treasure,film,2004,tt0368891,44,327514,242.67,Nicolas Cage,Benjamin Gates,Diane Kruger,Abigail Chase,,120,square/bridge/viaduct (arch),wikidata:Q2615945,film_line_on_existing,no_wp_mention;needs_scene,https://www.wikidata.org/wiki/Q309366#P915 https://www.wikidata.org/wiki/Q131454 https://en.wikipedia.org/wiki/Library_of_Congress
wikidata,Q284013,1 Wall Street Court,40.70522,-74.00857,New York City,US,office building; apartment building,Q21451640,John Wick: Chapter 2,film,2017,tt4425200,54,30994,242.53,Keanu Reeves,John Wick,Common,Cassian,,150,building/castle/station (building),wikidata:Q11690,film_line_on_existing,no_wp_mention;needs_scene,https://www.wikidata.org/wiki/Q21451640#P915 https://www.wikidata.org/wiki/Q284013 https://en.wikipedia.org/wiki/1_Wall_Street_Court
wikidata,Q7191010,Pico House,34.056564,-118.239464,Los Angeles,US,hotel,Q204228,The Mentalist,tv,2008,tt1196946,59,12844,242.42,Simon Baker,Patrick Jane,Robin Tunneyio,Teresa Lisbon,,150,building/castle/station (hotel),,new_spot,wp_mention;needs_scene;large_cast(160),https://www.wikidata.org/wiki/Q204228#P915 https://www.wikidata.org/wiki/Q7191010 https://en.wikipedia.org/wiki/Pico_House
wikidata,Q4581969,Queen Victoria Street,51.512,-0.09993,City of London,GB,street,Q558112,Black Mirror,tv,2011,tt2085059,65,5364,242.42,,,,,,60,stairs/street/cafe/shop (street),,new_spot,via_season_or_episode;no_wp_mention;needs_scene;needs_roles;lead_without_role,https://www.wikidata.org/wiki/Q558112#P915 https://www.wikidata.org/wiki/Q4581969 https://en.wikipedia.org/wiki/Queen_Victoria_Street%2C_London
curated,Q926729,Paraty,-23.219444,-44.714722,Rio de Janeiro,BR,village,Q60506,The Twilight Saga: Breaking Dawn – Part 1,film,2011,tt1324999,54,30685,242.29,Kristen Stewart,Bella Swan,Robert Pattinson,Edward Cullen,The honeymoon scenes on Isle Esme were shot here.,300,beach/park/ranch/set (curated class village),,new_spot,city_level_suspect,https://www.wikidata.org/wiki/Q926729 https://en.wikipedia.org/wiki/Paraty https://en.wikipedia.org/wiki/The_Twilight_Saga%3A_Breaking_Dawn_%E2%80%93_Part_1
wikidata,Q919514,Disney Studios Australia,-33.892,151.229,New South Wales,AU,film studio,Q65768604,Thor: Love and Thunder,film,2022,tt10648342,57,17804,242.28,Chris Hemsworth,Thor,Tessa Thompson,Valkyrie,,300,beach/park/ranch/set (studio),,new_spot,no_wp_mention;needs_scene;studio_backlot(film studio),https://www.wikidata.org/wiki/Q65768604#P915 https://www.wikidata.org/wiki/Q919514 https://en.wikipedia.org/wiki/Disney_Studios_Australia
wikidata,Q4677677,Acton Lane Power Station,51.5305,-0.2559,London,GB,coal-fired power station,Q116852,Batman,film,1989,tt0096895,65,5334,242.26,Jack Palance,Carl Grissom,Michael Gough,Alfred Pennyworth,,150,building/castle/station (station),,new_spot,"wp_mention;needs_scene;not_a_spot(power station, no visitor class)",https://www.wikidata.org/wiki/Q116852#P915 https://www.wikidata.org/wiki/Q4677677 https://en.wikipedia.org/wiki/Acton_Lane_Power_Station
wikidata,Q7276882,40 Acres,34.0219,-118.382,California,US,backlot,Q1077,Star Trek: The Original Series,tv,1966,tt0060028,56,21162,242.23,Majel Barrett,Christine Chapel,William Shatner,James T. Kirk,,150,building/castle/station (default),,new_spot,via_season_or_episode;no_wp_mention;needs_scene;studio_backlot(backlot),https://www.wikidata.org/wiki/Q1077#P915 https://www.wikidata.org/wiki/Q7276882 https://en.wikipedia.org/wiki/RKO_Forty_Acres
wikidata,Q390508,Berlin-Hohenschönhausen Memorial,52.5417,13.5011,Berlin,DE,museum,Q18067135,Bridge of Spies,film,2015,tt3682448,58,14796,241.87,Tom Hanks,James B. Donovan,Mark Rylance,Rudolf Abel,,150,building/castle/station (museum),wikidata:Q390508,film_line_on_existing,wp_mention;needs_scene,https://www.wikidata.org/wiki/Q18067135#P915 https://www.wikidata.org/wiki/Q390508 https://en.wikipedia.org/wiki/Berlin-Hohensch%C3%B6nhausen_Memorial
curated,Q3054354,Engyō-ji Temple,34.891139,134.658139,Himeji,JP,building,Q207130,The Last Samurai,film,2003,tt0325710,65,5245,241.79,Tom Cruise,Captain Nathan Algren,Ken Watanabe,Saigō Takamori,The mountain temple was used as a filming location.,150,building/castle/station (curated class building),wikidata:Q3054354,film_line_on_existing,scene_generic;also_in_wikidata,https://www.wikidata.org/wiki/Q3054354 https://en.wikipedia.org/wiki/Engy%C5%8D-ji
wikidata,Q6373,British Museum,51.519444,-0.126944,London,GB,museum; art museum; charitable organization; non-departmental public body,Q901140,The Day of the Jackal,film,1973,tt0069947,43,419102,241.76,Edward Fox,Jackal,Jean Sorel,Jean-Marie Bastien-Thiry,,60,stairs/street/cafe/shop (pub),curated:united-kingdom-london-the-british-museum,film_line_on_existing,no_wp_mention;needs_scene;cast_skips_unroled(Michael Lonsdale),https://www.wikidata.org/wiki/Q901140#P915 https://www.wikidata.org/wiki/Q6373 https://en.wikipedia.org/wiki/British_Museum
wikidata,Q2926090,Bronson Canyon,34.1229,-118.315,California,US,park,Q1077,Star Trek: The Original Series,tv,1966,tt0060028,56,20673,241.66,Majel Barrett,Christine Chapel,William Shatner,James T. Kirk,,300,beach/park/ranch/set (park),,new_spot,via_season_or_episode;no_wp_mention;needs_scene;reuses_unstamped_row(wikidata:Q2926090),https://www.wikidata.org/wiki/Q1077#P915 https://www.wikidata.org/wiki/Q2926090 https://en.wikipedia.org/wiki/Bronson_Canyon
wikidata,Q129470,Dead Horse Point State Park,38.50582,-109.73317,Utah,US,Utah state park,Q505790,Mission: Impossible 2,film,2000,tt0120755,56,20511,241.47,Tom Cruise,Ethan Hunt,Ving Rhames,Luther Stickell,,300,beach/park/ranch/set (park),wikidata:Q129470,film_line_on_existing,wp_mention;needs_scene;cast_skips_unroled(Dougray Scott);large_area_centroid,https://www.wikidata.org/wiki/Q505790#P915 https://www.wikidata.org/wiki/Q129470 https://en.wikipedia.org/wiki/Dead_Horse_Point_State_Park
wikidata,Q680614,30 Rockefeller Plaza,40.758972,-73.979389,New York City,US,skyscraper,Q492089,The Adjustment Bureau,film,2011,tt1385826,46,175059,241.19,Matt Damon,David Norris,Emily Blunt,Elise Sellas,,150,building/castle/station (skyscraper),wikidata:Q680614,film_line_on_existing,wp_mention;needs_scene,https://www.wikidata.org/wiki/Q492089#P915 https://www.wikidata.org/wiki/Q680614 https://en.wikipedia.org/wiki/30_Rockefeller_Plaza
wikidata,Q17374602,Regent Taipei,25.05411,121.52421,Taipei,TW,hotel,Q15624215,Lucy,film,2014,tt2872732,62,7688,240.92,Morgan Freeman,Professor Norman,Choi Min-sik,Mr. Jang,,150,building/castle/station (hotel),,new_spot,wp_mention;needs_scene,https://www.wikidata.org/wiki/Q15624215#P915 https://www.wikidata.org/wiki/Q17374602 https://en.wikipedia.org/wiki/Regent_Taipei
wikidata,Q19835,"Warner Bros. Studios, Leavesden",51.693333,-0.419722,Abbots Langley,GB,film studio; film set,Q12125299,Jupiter Ascending,film,2015,tt1617661,50,65379,240.77,Mila Kunis,Jupiter Jones,,,,300,beach/park/ranch/set (film set),,new_spot,no_wp_mention;needs_scene;needs_roles;possible_dup:near_stamp(icon:Q27924395|339m),https://www.wikidata.org/wiki/Q12125299#P915 https://www.wikidata.org/wiki/Q19835 https://en.wikipedia.org/wiki/Warner_Bros._Studios_Leavesden
wikidata,Q2946,Palace of Versailles,48.804722,2.120278,Versailles,FR,palace; art museum; château; royal palace,Q829695,Marie Antoinette,film,2006,tt0422720,41,744083,240.74,Kirsten Dunst,Marie Antoinette,Jason Schwartzman,Louis XVI of France,,150,building/castle/station (palace),icon:Q2946,film_line_on_existing,wp_mention;needs_scene,https://www.wikidata.org/wiki/Q829695#P915 https://www.wikidata.org/wiki/Q2946 https://en.wikipedia.org/wiki/Palace_of_Versailles
wikidata,Q2946,Palace of Versailles,48.804722,2.120278,Versailles,FR,palace; art museum; château; royal palace,Q64584978,Emily in Paris,tv,2020,tt8962124,41,744083,240.74,Lily Collins,Emily Cooper,Lucas Bravo,Gabriel,,150,building/castle/station (palace),icon:Q2946,film_line_on_existing,wp_mention;needs_scene;cast_skips_unroled(Ashley Park),https://www.wikidata.org/wiki/Q64584978#P915 https://www.wikidata.org/wiki/Q2946 https://en.wikipedia.org/wiki/Palace_of_Versailles
wikidata,Q926913,Brompton Cemetery,51.484882,-0.190796,London,GB,cemetery,Q17548046,Mission: Impossible – Rogue Nation,film,2015,tt2381249,53,34751,240.67,Tom Cruise,Ethan Hunt,Jeremy Renner,William Brandt,,300,beach/park/ranch/set (cemetery),,new_spot,no_wp_mention;needs_scene;reuses_unstamped_row(wikidata:Q926913),https://www.wikidata.org/wiki/Q17548046#P915 https://www.wikidata.org/wiki/Q926913 https://en.wikipedia.org/wiki/Brompton_Cemetery
wikidata,Q160409,Central Park,40.7825,-73.966111,New York City,US,urban park,Q753517,Limitless,film,2011,tt1219289,42,535577,240.61,Bradley Cooper,Eddie Morra,,,,300,beach/park/ranch/set (park),icon:Q160409,film_line_on_existing,no_wp_mention;needs_scene;needs_roles,https://www.wikidata.org/wiki/Q753517#P915 https://www.wikidata.org/wiki/Q160409 https://en.wikipedia.org/wiki/Central_Park
wikidata,Q2499130,Sony Pictures Studios,34.017222,-118.401667,Culver City,US,film studio; recording studio,Q474093,The Girl with the Dragon Tattoo,film,2011,tt1568346,50,64464,240.47,Daniel Craig,Mikael Blomkvist,Rooney Mara,Lisbeth Salander,,300,beach/park/ranch/set (studio),wikidata:Q2499130,film_line_on_existing,no_wp_mention;needs_scene;studio_backlot(film studio),https://www.wikidata.org/wiki/Q474093#P915 https://www.wikidata.org/wiki/Q2499130 https://en.wikipedia.org/wiki/Sony_Pictures_Studios
wikidata,Q2739100,Papal Palace of Castel Gandolfo,41.7471,12.6503,Castel Gandolfo,IT,palace; palace of the Popes,Q18405,Nights of Cabiria,film,1957,tt0050783,49,78797,239.93,,,,,,150,building/castle/station (palace),wikidata:Q2739100,film_line_on_existing,no_wp_mention;needs_scene;needs_roles;lead_without_role,https://www.wikidata.org/wiki/Q18405#P915 https://www.wikidata.org/wiki/Q2739100 https://en.wikipedia.org/wiki/Palace_of_Castel_Gandolfo
wikidata,Q3030313,Golden Oak Ranch,34.374,-118.478,Canyon Country,US,backlot,Q16290,Star Trek: The Next Generation,tv,1987,tt0092455,56,19208,239.88,Patrick Stewart,Jean-Luc Picard,Jonathan Frakes,William Riker / Thomas Riker,,150,building/castle/station (default),,new_spot,via_season_or_episode;no_wp_mention;needs_scene;studio_backlot(backlot);reuses_unstamped_row(wikidata:Q3030313),https://www.wikidata.org/wiki/Q16290#P915 https://www.wikidata.org/wiki/Q3030313 https://en.wikipedia.org/wiki/Golden_Oak_Ranch
wikidata,Q3030313,Golden Oak Ranch,34.374,-118.478,Canyon Country,US,backlot,Q1077,Star Trek: The Original Series,tv,1966,tt0060028,56,19208,239.88,Majel Barrett,Christine Chapel,William Shatner,James T. Kirk,,150,building/castle/station (default),,new_spot,via_season_or_episode;no_wp_mention;needs_scene;studio_backlot(backlot);reuses_unstamped_row(wikidata:Q3030313),https://www.wikidata.org/wiki/Q1077#P915 https://www.wikidata.org/wiki/Q3030313 https://en.wikipedia.org/wiki/Golden_Oak_Ranch
wikidata,Q5544754,George Square,55.861111,-4.250278,Glasgow City,GB,square,Q28196,World War Z,film,2013,tt0816711,57,16133,239.84,,,,,,120,square/bridge/viaduct (square),,new_spot,wp_mention;needs_scene;needs_roles;lead_without_role;possible_dup:near_stamp_distinct_item(City Chambers|107m);reuses_unstamped_row(wikidata:Q5544754),https://www.wikidata.org/wiki/Q28196#P915 https://www.wikidata.org/wiki/Q5544754 https://en.wikipedia.org/wiki/George_Square
wikidata,Q733230,USS Ranger,47.5525,-122.6524,Washington,US,supercarrier,Q471842,Star Trek IV: The Voyage Home,film,1986,tt0092007,49,78467,239.84,William Shatner,James T. Kirk,DeForest Kelley,Leonard McCoy,,150,building/castle/station (default),,new_spot,wp_mention;needs_scene,https://www.wikidata.org/wiki/Q471842#P915 https://www.wikidata.org/wiki/Q733230 https://en.wikipedia.org/wiki/USS_Ranger_%28CV-61%29
wikidata,Q5451467,Fire Station No. 23,34.045694,-118.246722,Los Angeles,US,fire station,Q108745,Ghostbusters,film,1984,tt0087332,60,9932,239.82,Bill Murray,Peter Venkman,Sigourney Weaver,Dana Barrett,,150,building/castle/station (station),,new_spot,wp_mention;needs_scene,https://www.wikidata.org/wiki/Q108745#P915 https://www.wikidata.org/wiki/Q5451467 https://en.wikipedia.org/wiki/Fire_Station_No._23_%28Los_Angeles%2C_California%29
wikidata,Q184619,New Scotland Yard,51.50183,-0.12446,London,GB,police station,Q901140,The Day of the Jackal,film,1973,tt0069947,43,377351,239.8,Edward Fox,Jackal,Jean Sorel,Jean-Marie Bastien-Thiry,,150,building/castle/station (station),,new_spot,no_wp_mention;needs_scene;cast_skips_unroled(Michael Lonsdale);possible_dup:near_stamp_distinct_item(Big Ben & Houses of Parliament|129m);possible_dup:near_stamp_distinct_item(Elizabeth Tower|130m),https://www.wikidata.org/wiki/Q901140#P915 https://www.wikidata.org/wiki/Q184619 https://en.wikipedia.org/wiki/Scotland_Yard
wikidata,Q661896,Pinewood Studios,51.548611,-0.535,Iver,GB,film studio,Q591272,Casino Royale,film,1967,tt0061452,46,162271,239.67,David Niven,James Bond,Ursula Andress,Vesper Lynd,,300,beach/park/ranch/set (studio),,new_spot,no_wp_mention;needs_scene;cast_skips_unroled(Peter Sellers);studio_backlot(film studio),https://www.wikidata.org/wiki/Q591272#P915 https://www.wikidata.org/wiki/Q661896 https://en.wikipedia.org/wiki/Pinewood_Studios
wikidata,Q952483,Connemara,53.5,-9.75,County Galway,IE,region,Q470560,The Quiet Man,film,1952,tt0045061,48,96519,239.26,,,,,,150,building/castle/station (default),,new_spot,wp_mention;needs_scene;needs_roles;lead_without_role;not_a_spot(region),https://www.wikidata.org/wiki/Q470560#P915 https://www.wikidata.org/wiki/Q952483 https://en.wikipedia.org/wiki/Connemara
wikidata,Q1753590,Old Royal Naval College,51.483667,-0.005944,London,GB,heritage site; museum; archaeological site,Q28234,Les Misérables,film,2012,tt1707386,51,48231,238.85,Hugh Jackman,Jean Valjean,Russell Crowe,Javert,,120,square/bridge/viaduct (arch),,new_spot,no_wp_mention;needs_scene;possible_dup:near_stamp_distinct_item(Palace of Placentia|117m),https://www.wikidata.org/wiki/Q28234#P915 https://www.wikidata.org/wiki/Q1753590 https://en.wikipedia.org/wiki/Old_Royal_Naval_College
wikidata,Q15523,Lake Como,46.0,9.266667,Lombardy,IT,glacial lake,Q427186,Rocco and His Brothers,film,1960,tt0054248,43,345247,238.14,,,,,,500,mountain/natural site (lake),icon:Q15523,film_line_on_existing,no_wp_mention;needs_scene;needs_roles;lead_without_role;large_area_centroid,https://www.wikidata.org/wiki/Q427186#P915 https://www.wikidata.org/wiki/Q15523 https://en.wikipedia.org/wiki/Lake_Como
wikidata,Q9686,Berlin-Tempelhof Airport,52.473611,13.401667,Berlin,DE,international airport; former aerodrome,Q10307713,The Hunger Games: Mockingjay – Part 2,film,2015,tt1951266,46,150214,238.13,Jennifer Lawrence,Katniss Everdeen,Josh Hutcherson,Peeta Mellark,,150,building/castle/station (default),,new_spot,wp_mention;needs_scene;demolished_or_closed(2008);class_ban(airport),https://www.wikidata.org/wiki/Q10307713#P915 https://www.wikidata.org/wiki/Q9686 https://en.wikipedia.org/wiki/Berlin_Tempelhof_Airport
curated,Q1755906,Küçüksu Pavillion,41.078333,29.064722,Istanbul,TR,building,Q212145,The World Is Not Enough,film,1999,tt0143145,62,6918,238.08,Pierce Brosnan,James Bond,Sophie Marceau,Elektra King,Exteriors of Elektra King's villa in Baku were shot at the pavilion.,150,building/castle/station (curated class building),,new_spot,,https://www.wikidata.org/wiki/Q1755906 https://en.wikipedia.org/wiki/K%C3%BC%C3%A7%C3%BCksu_Pavilion https://en.wikipedia.org/wiki/The_World_Is_Not_Enough
wikidata,Q1812844,Ponte City Apartments,-26.190556,28.057083,Johannesburg,ZA,skyscraper,Q15209986,Chappie,film,2015,tt1823672,46,147529,237.77,,,,,,150,building/castle/station (skyscraper),wikidata:Q1812844,film_line_on_existing,wp_mention;needs_scene;needs_roles;lead_without_role,https://www.wikidata.org/wiki/Q15209986#P915 https://www.wikidata.org/wiki/Q1812844 https://en.wikipedia.org/wiki/Ponte_City
wikidata,Q470085,American Hospital of Paris,48.8929,2.2725,Neuilly-sur-Seine,FR,hospital,Q53105,Moscow Does Not Believe in Tears,film,1980,tt0079579,55,20930,237.64,,,,,,150,building/castle/station (default),,new_spot,"no_wp_mention;needs_scene;needs_roles;lead_without_role;not_a_spot(hospital, no visitor class)",https://www.wikidata.org/wiki/Q53105#P915 https://www.wikidata.org/wiki/Q470085 https://en.wikipedia.org/wiki/American_Hospital_of_Paris
wikidata,Q213559,Lincoln Memorial,38.889278,-77.050139,"Washington, D.C.",US,National Memorial of the United States; memorial,Q309366,National Treasure,film,2004,tt0368891,44,248051,237.36,Nicolas Cage,Benjamin Gates,Diane Kruger,Abigail Chase,,150,building/castle/station (default),icon:Q213559,film_line_on_existing,no_wp_mention;needs_scene,https://www.wikidata.org/wiki/Q309366#P915 https://www.wikidata.org/wiki/Q213559 https://en.wikipedia.org/wiki/Lincoln_Memorial
wikidata,Q1954765,St Fagans National History Museum,51.4869,-3.2725,St Fagans,GB,open-air museum; national museum; folk museum,Q55632932,Sex Education,tv,2019,tt7767422,57,14564,237.31,Gillian Anderson,Jean Milburn,Asa Butterfield,Otis Milburn,,150,building/castle/station (museum),wikidata:Q1954765,film_line_on_existing,no_wp_mention;needs_scene,https://www.wikidata.org/wiki/Q55632932#P915 https://www.wikidata.org/wiki/Q1954765 https://en.wikipedia.org/wiki/St_Fagans_National_Museum_of_History
wikidata,Q214820,Whitehall,51.504167,-0.126389,London,GB,street,Q591272,Casino Royale,film,1967,tt0061452,46,143908,237.27,David Niven,James Bond,Ursula Andress,Vesper Lynd,,60,stairs/street/cafe/shop (street),wikidata:Q214820,film_line_on_existing,no_wp_mention;needs_scene;cast_skips_unroled(Peter Sellers),https://www.wikidata.org/wiki/Q591272#P915 https://www.wikidata.org/wiki/Q214820 https://en.wikipedia.org/wiki/Whitehall
wikidata,Q1267296,Durdle Door,50.621111,-2.276667,West Lulworth,GB,natural arch,Q107105860,Project Hail Mary,film,2026,tt12042730,46,143342,237.19,Ryan Gosling,Ryland Grace,Sandra Hüller,Eva Stratt,,120,square/bridge/viaduct (arch),wikidata:Q1267296,film_line_on_existing,wp_mention;needs_scene,https://www.wikidata.org/wiki/Q107105860#P915 https://www.wikidata.org/wiki/Q1267296 https://en.wikipedia.org/wiki/Durdle_Door
wikidata,Q204871,Charles Bridge,50.086389,14.411944,Prague,CZ,street; arch bridge; footbridge; stone bridge,Q4444,Wanted,film,2008,tt0493464,46,140961,236.86,James McAvoy,Wesley Gibson,,,,60,stairs/street/cafe/shop (street),icon:Q204871,film_line_on_existing,no_wp_mention;needs_scene;needs_roles,https://www.wikidata.org/wiki/Q4444#P915 https://www.wikidata.org/wiki/Q204871 https://en.wikipedia.org/wiki/Charles_Bridge
curated,Q1786944,Ramoji Film City,17.2523,78.6802,Ranga Reddy district,IN,set,Q13897247,Baahubali: The Beginning,film,2015,tt2631186,47,106687,236.32,,,,,The huge Mahishmati kingdom sets were built here and are part of the film city's tour.,300,beach/park/ranch/set (curated class set),,new_spot,needs_roles;lead_without_role;reuses_unstamped_row(wikidata:Q1786944),https://www.wikidata.org/wiki/Q1786944 https://en.wikipedia.org/wiki/Baahubali%3A_The_Beginning https://en.wikipedia.org/wiki/Ramoji_Film_City
wikidata,Q180865,University of Toronto,43.662917,-79.395746,Toronto,CA,collegiate university; public research university; university in Ontario,Q463615,Capote,film,2005,tt0379725,44,233547,236.21,Philip Seymour Hoffman,Truman Capote,Catherine Keener,Nelle Harper Lee,,60,stairs/street/cafe/shop (pub),,new_spot,no_wp_mention;needs_scene;reuses_unstamped_row(wikidata:Q3551334),https://www.wikidata.org/wiki/Q463615#P915 https://www.wikidata.org/wiki/Q180865 https://en.wikipedia.org/wiki/University_of_Toronto
wikidata,Q1250287,Dorothy Chandler Pavilion,34.056389,-118.248611,California,US,opera house,Q156329,Star Trek: Voyager,tv,1995,tt0112178,52,34450,235.93,Robert Picardo,Doctor,Kate Mulgrew,Kathryn Janeway,,150,building/castle/station (house),,new_spot,via_season_or_episode;wp_mention;needs_scene;reuses_unstamped_row(wikidata:Q1250287),https://www.wikidata.org/wiki/Q156329#P915 https://www.wikidata.org/wiki/Q1250287 https://en.wikipedia.org/wiki/Dorothy_Chandler_Pavilion
wikidata,Q49136,Fenway Park,42.346389,-71.0975,Boston,US,stadium; baseball venue,Q725539,The Town,film,2010,tt0840361,43,304899,235.82,Owen Burke,"Desmond ""Dez"" Elden",,,,300,beach/park/ranch/set (stadium),icon:Q49136,film_line_on_existing,wp_mention;needs_scene;needs_roles;lead_without_role;cast_skips_unroled(Jon Hamm),https://www.wikidata.org/wiki/Q725539#P915 https://www.wikidata.org/wiki/Q49136 https://en.wikipedia.org/wiki/Fenway_Park
wikidata,Q826480,ExCeL London,51.5075,0.029722,London,GB,convention center,Q17548046,Mission: Impossible – Rogue Nation,film,2015,tt2381249,53,27790,235.53,Tom Cruise,Ethan Hunt,Jeremy Renner,William Brandt,,150,building/castle/station (default),,new_spot,no_wp_mention;needs_scene;reuses_unstamped_row(wikidata:Q826480),https://www.wikidata.org/wiki/Q17548046#P915 https://www.wikidata.org/wiki/Q826480 https://en.wikipedia.org/wiki/Excel_London
wikidata,Q1535845,Riviera Hotel and Casino,36.135,-115.162,Nevada,US,skyscraper; hotel; casino,Q23395,Fear and Loathing in Las Vegas,film,1998,tt0120669,49,63724,235.41,Benicio del Toro,Oscar Zeta Acosta,Johnny Depp,Raoul Duke,,150,building/castle/station (hotel),,new_spot,no_wp_mention;needs_scene;demolished_or_closed(2016),https://www.wikidata.org/wiki/Q23395#P915 https://www.wikidata.org/wiki/Q1535845 https://en.wikipedia.org/wiki/Riviera_%28hotel_and_casino%29
wikidata,Q173202,Donington Park,52.829167,-1.375,Castle Donington,GB,motorsport racing track,Q1768437,Rush,film,2013,tt1979320,48,79262,235.16,Chris Hemsworth,James Hunt,Daniel Brühl,Niki Lauda,,150,building/castle/station (default),wikidata:Q173202,film_line_on_existing,no_wp_mention;needs_scene,https://www.wikidata.org/wiki/Q1768437#P915 https://www.wikidata.org/wiki/Q173202 https://en.wikipedia.org/wiki/Donington_Park
wikidata,Q550,avenue des Champs-Élysées,48.86967,2.30786,Paris,FR,boulevard; avenue,Q901140,The Day of the Jackal,film,1973,tt0069947,43,292313,235.03,Edward Fox,Jackal,Jean Sorel,Jean-Marie Bastien-Thiry,,150,building/castle/station (default),curated:france-paris-champs-elysees,film_line_on_existing,wp_mention;needs_scene;cast_skips_unroled(Michael Lonsdale),https://www.wikidata.org/wiki/Q901140#P915 https://www.wikidata.org/wiki/Q550 https://en.wikipedia.org/wiki/Champs-%C3%89lys%C3%A9es
wikidata,Q1093941,Toronto City Hall,43.653333,-79.383889,Toronto,CA,city hall,Q161400,Resident Evil: Apocalypse,film,2004,tt0318627,53,27148,234.99,Milla Jovovich,Alice Abernathy,Sienna Guillory,Jill Valentine,,150,building/castle/station (hall),,new_spot,wp_mention;needs_scene;city_level_suspect;possible_dup:near_stamp(wikidata:Q439501|181m),https://www.wikidata.org/wiki/Q161400#P915 https://www.wikidata.org/wiki/Q1093941 https://en.wikipedia.org/wiki/Toronto_City_Hall
wikidata,Q655136,110th Street,40.798664,-73.953443,New York City,US,street; thoroughfare,Q273704,West Side Story,film,1961,tt0055614,56,15688,234.95,Natalie Wood,Maria,Richard Beymer,Tony,,60,stairs/street/cafe/shop (street),,new_spot,no_wp_mention;needs_scene,https://www.wikidata.org/wiki/Q273704#P915 https://www.wikidata.org/wiki/Q655136 https://en.wikipedia.org/wiki/110th_Street_%28Manhattan%29
wikidata,Q173882,St Paul's Cathedral,51.513778,-0.098306,London,GB,cathedral library; Anglican or Episcopal cathedral,Q27590871,Paddington 2,film,2017,tt4468740,41,536916,234.93,,,,,,150,building/castle/station (cathedral),wikidata:Q173882,film_line_on_existing,wp_mention;needs_scene;needs_roles;lead_without_role,https://www.wikidata.org/wiki/Q27590871#P915 https://www.wikidata.org/wiki/Q173882 https://en.wikipedia.org/wiki/St_Paul%27s_Cathedral
wikidata,Q6523617,Leo Carrillo State Park,34.044167,-118.939167,Los Angeles County,US,California state park,Q14650496,Furious 7,film,2015,tt2820852,61,7095,234.91,Paul Walker,Brian O'Conner,Dwayne Johnson,Luke Hobbs,,300,beach/park/ranch/set (park),,new_spot,no_wp_mention;needs_scene;large_area_centroid;reuses_unstamped_row(wikidata:Q6523617),https://www.wikidata.org/wiki/Q14650496#P915 https://www.wikidata.org/wiki/Q6523617 https://en.wikipedia.org/wiki/Leo_Carrillo_State_Park
wikidata,Q6649001,Little Barford Power Station,52.2044,-0.268889,Little Barford,GB,power station; natural gas-fired power station,Q116852,Batman,film,1989,tt0096895,65,4092,234.78,Jack Palance,Carl Grissom,Michael Gough,Alfred Pennyworth,,500,mountain/natural site (natural),,new_spot,"wp_mention;needs_scene;not_a_spot(power station, no visitor class)",https://www.wikidata.org/wiki/Q116852#P915 https://www.wikidata.org/wiki/Q6649001 https://en.wikipedia.org/wiki/Little_Barford_Power_Station
wikidata,Q182822,French Riviera,43.32,6.665,Alpes-Maritimes,FR,coast; riviera,Q901140,The Day of the Jackal,film,1973,tt0069947,43,285622,234.6,Edward Fox,Jackal,Jean Sorel,Jean-Marie Bastien-Thiry,,500,mountain/natural site (coast),,new_spot,no_wp_mention;needs_scene;cast_skips_unroled(Michael Lonsdale),https://www.wikidata.org/wiki/Q901140#P915 https://www.wikidata.org/wiki/Q182822 https://en.wikipedia.org/wiki/French_Riviera
wikidata,Q661896,Pinewood Studios,51.548611,-0.535,Iver,GB,film studio,Q15631013,Everest,film,2015,tt2719848,45,162271,234.46,Jason Clarke,Rob Hall,Josh Brolin,Beck Weathers,,300,beach/park/ranch/set (studio),,new_spot,wp_mention;needs_scene;studio_backlot(film studio),https://www.wikidata.org/wiki/Q15631013#P915 https://www.wikidata.org/wiki/Q661896 https://en.wikipedia.org/wiki/Pinewood_Studios
wikidata,Q661896,Pinewood Studios,51.548611,-0.535,Iver,GB,film studio,Q245271,Evita,film,1996,tt0116250,45,162271,234.46,Madonna,Eva Perón,Antonio Banderas,Ché,,300,beach/park/ranch/set (studio),,new_spot,no_wp_mention;needs_scene;studio_backlot(film studio),https://www.wikidata.org/wiki/Q245271#P915 https://www.wikidata.org/wiki/Q661896 https://en.wikipedia.org/wiki/Pinewood_Studios
wikidata,Q728399,Cinecittà,41.85,12.566667,Rome,IT,film studio,Q18405,Nights of Cabiria,film,1957,tt0050783,49,60611,234.35,,,,,,300,beach/park/ranch/set (studio),,new_spot,wp_mention;needs_scene;needs_roles;lead_without_role;studio_backlot(film studio),https://www.wikidata.org/wiki/Q18405#P915 https://www.wikidata.org/wiki/Q728399 https://en.wikipedia.org/wiki/Cinecitt%C3%A0
wikidata,Q3031994,LaSalle Street Station,41.87553,-87.63239,Chicago,US,dead-end railway station; railway station; union station,Q62665,The Sting,film,1973,tt0070735,55,18220,234.33,,,,,,150,building/castle/station (station),,new_spot,wp_mention;needs_scene;needs_roles;lead_without_role,https://www.wikidata.org/wiki/Q62665#P915 https://www.wikidata.org/wiki/Q3031994 https://en.wikipedia.org/wiki/LaSalle_Street_Station
wikidata,Q795302,Titan Missile Museum,31.903356,-110.999046,Sahuarita,US,military museum,Q221236,Star Trek: First Contact,film,1996,tt0117731,54,21848,234.33,Gates McFadden,Beverly Crusher,James Cromwell,Zefram Cochrane,,150,building/castle/station (museum),,new_spot,wp_mention;needs_scene;reuses_unstamped_row(wikidata:Q795302),https://www.wikidata.org/wiki/Q221236#P915 https://www.wikidata.org/wiki/Q795302 https://en.wikipedia.org/wiki/Titan_Missile_Museum
wikidata,Q1814818,Lloyd's building,51.513056,-0.0825,City of London,GB,tower block; administrative building,Q157879,The Ghost Writer,film,2010,tt1139328,46,123858,234.27,,,,,,150,building/castle/station (building),wikidata:Q1814818,film_line_on_existing,no_wp_mention;needs_scene;needs_roles;lead_without_role,https://www.wikidata.org/wiki/Q157879#P915 https://www.wikidata.org/wiki/Q1814818 https://en.wikipedia.org/wiki/Lloyd%27s_building
wikidata,Q7354842,Rock of Ages Corporation,44.15441,-72.48019,,US,business,Q213081,Star Trek,film,2009,tt0796366,61,6893,234.15,Zachary Quinto,Spock,Chris Pine,James T. Kirk,,150,building/castle/station (default),,new_spot,no_wp_mention;needs_scene;not_a_spot(business);no_city,https://www.wikidata.org/wiki/Q213081#P915 https://www.wikidata.org/wiki/Q7354842 https://en.wikipedia.org/wiki/Rock_of_Ages_Corporation
wikidata,Q564589,Los Angeles Convention Center,34.0397,-118.27,California,US,sports venue; convention center,Q156329,Star Trek: Voyager,tv,1995,tt0112178,52,31814,234.14,Robert Picardo,Doctor,Kate Mulgrew,Kathryn Janeway,,150,building/castle/station (default),,new_spot,via_season_or_episode;no_wp_mention;needs_scene;reuses_unstamped_row(wikidata:Q564589),https://www.wikidata.org/wiki/Q156329#P915 https://www.wikidata.org/wiki/Q564589 https://en.wikipedia.org/wiki/Los_Angeles_Convention_Center
wikidata,Q61066,Tribhuvan International Airport,27.697222,85.357778,Kathmandu,NP,international airport; airport; commercial traffic aerodrome,Q15631013,Everest,film,2015,tt2719848,45,159269,234.1,Jason Clarke,Rob Hall,Josh Brolin,Beck Weathers,,150,building/castle/station (default),,new_spot,wp_mention;needs_scene;class_ban(airport),https://www.wikidata.org/wiki/Q15631013#P915 https://www.wikidata.org/wiki/Q61066 https://en.wikipedia.org/wiki/Tribhuvan_International_Airport
wikidata,Q2036593,St. Elizabeths Hospital,38.8492,-76.9896,"Washington, D.C.",US,hospital; former hospital,Q108946,A Few Good Men,film,1992,tt0104257,48,73756,233.65,Tom Cruise,Lieutenant (junior grade) Daniel Kaffee,Demi Moore,Lieutenant Commander JoAnne Galloway,,150,building/castle/station (default),,new_spot,"wp_mention;needs_scene;not_a_spot(hospital, no visitor class);reuses_unstamped_row(wikidata:Q2036593)",https://www.wikidata.org/wiki/Q108946#P915 https://www.wikidata.org/wiki/Q2036593 https://en.wikipedia.org/wiki/St._Elizabeths_Hospital
wikidata,Q456960,Westminster Bridge,51.500833,-0.121944,London,GB,arch bridge; road bridge; tram bridge,Q221075,28 Days Later,film,2002,tt0289043,50,47024,233.62,Cillian Murphy,Jim,,,,120,square/bridge/viaduct (bridge),,new_spot,wp_mention;needs_scene;needs_roles,https://www.wikidata.org/wiki/Q221075#P915 https://www.wikidata.org/wiki/Q456960 https://en.wikipedia.org/wiki/Westminster_Bridge
curated,Q3430097,Ribat of Monastir,35.77616,10.83291,Monastir,TN,castle,Q24953,Monty Python’s Life of Brian,film,1979,tt0079470,60,7703,233.2,Graham Chapman,Brian Cohen,Kenneth Colley,Jesus Christ,The fortress was used as a location for the film.,150,building/castle/station (curated class castle),wikidata:Q3430097,film_line_on_existing,scene_generic;cast_skips_unroled(John Cleese),https://www.wikidata.org/wiki/Q3430097 https://en.wikipedia.org/wiki/Monty_Python%27s_Life_of_Brian https://en.wikipedia.org/wiki/Ribat_of_Monastir
wikidata,Q5882896,Hollywood Reservoir,34.1199,-118.3318,California,US,reservoir; filming location,Q1077,Star Trek: The Original Series,tv,1966,tt0060028,56,14514,233.06,Majel Barrett,Christine Chapel,William Shatner,James T. Kirk,,500,mountain/natural site (reservoir),,new_spot,via_season_or_episode;no_wp_mention;needs_scene,https://www.wikidata.org/wiki/Q1077#P915 https://www.wikidata.org/wiki/Q5882896 https://en.wikipedia.org/wiki/Hollywood_Reservoir
wikidata,Q6664933,Loch Laggan,56.948056,-4.49,Highland,GB,lake,Q21534241,No Time to Die,film,2021,tt2382320,61,6588,232.95,Daniel Craig,James Bond,Ralph Fiennes,Gareth Mallory,,500,mountain/natural site (lake),,new_spot,wp_mention;needs_scene;large_area_centroid,https://www.wikidata.org/wiki/Q21534241#P915 https://www.wikidata.org/wiki/Q6664933 https://en.wikipedia.org/wiki/Loch_Laggan
wikidata,Q593199,Knox College,43.6614,-79.3965,Toronto,CA,seminary; affiliated school; university building,Q466611,The Incredible Hulk,film,2008,tt0800080,63,4923,232.62,Edward Norton,Bruce Banner,Liv Tyler,Betty Ross,,150,building/castle/station (building),,new_spot,no_wp_mention;needs_scene;reuses_unstamped_row(wikidata:Q593199),https://www.wikidata.org/wiki/Q466611#P915 https://www.wikidata.org/wiki/Q593199 https://en.wikipedia.org/wiki/Knox_College%2C_Toronto
wikidata,Q2760139,Puck Building,40.724722,-73.995278,New York City,US,office building,Q212135,Will & Grace,tv,1998,tt0157246,48,69029,232.27,Eric McCormack,Will Truman,Debra Messing,Grace Adler,,150,building/castle/station (building),,new_spot,wp_mention;needs_scene;possible_dup:near_stamp_distinct_item(Houston Street|57m);possible_dup:near_stamp_distinct_item(St. Patrick's Old Cathedral|123m),https://www.wikidata.org/wiki/Q212135#P915 https://www.wikidata.org/wiki/Q2760139 https://en.wikipedia.org/wiki/Puck_Building
wikidata,Q6681995,Los Angeles Center Studios,34.0554,-118.261,California,US,fixed construction,Q16857406,The Jungle Book,film,2016,tt3040964,62,5556,232.18,Neel Sethi,Mowgli,Bill Murray,Baloo,,150,building/castle/station (default),,new_spot,no_wp_mention;needs_scene;studio_backlot(name),https://www.wikidata.org/wiki/Q16857406#P915 https://www.wikidata.org/wiki/Q6681995 https://en.wikipedia.org/wiki/Los_Angeles_Center_Studios
wikidata,Q192493,Robben Island,-33.805,18.37,City of Cape Town,ZA,island; prison island,Q689842,Invictus,film,2009,tt1057500,46,110761,232.04,Morgan Freeman,Nelson Mandela,Matt Damon,Francois Pienaar,,500,mountain/natural site (island),icon:Q192493,film_line_on_existing,no_wp_mention;needs_scene;large_area_centroid,https://www.wikidata.org/wiki/Q689842#P915 https://www.wikidata.org/wiki/Q192493 https://en.wikipedia.org/wiki/Robben_Island
wikidata,Q790756,Barrandov Studios,50.029616,14.387155,,CZ,film studio; business; enterprise; production company,Q54862508,Jojo Rabbit,film,2019,tt2584384,55,16432,231.86,Scarlett Johansson,Rosie Betzler,Taika Waititi,Adolf Hitler,,300,beach/park/ranch/set (studio),,new_spot,wp_mention;needs_scene;not_a_spot(enterprise);studio_backlot(film studio);no_city,https://www.wikidata.org/wiki/Q54862508#P915 https://www.wikidata.org/wiki/Q790756 https://en.wikipedia.org/wiki/Barrandov_Studios
wikidata,Q16995495,Joyce Grove,51.573779,-0.988925,Nettlebed,GB,English country house,Q14918344,The Imitation Game,film,2014,tt2084970,64,4135,231.46,Benedict Cumberbatch,Alan Turing,Volker Busch,Joan Clarke,,150,building/castle/station (house),,new_spot,wp_mention;needs_scene,https://www.wikidata.org/wiki/Q14918344#P915 https://www.wikidata.org/wiki/Q16995495 https://en.wikipedia.org/wiki/Joyce_Grove
wikidata,Q213322,Victoria and Albert Museum,51.49685,-0.17162,London,GB,art museum; design museum; theatre museum; national museum,Q681962,Tinker Tailor Soldier Spy,film,2011,tt1340800,43,236637,231.09,Gary Oldman,George Smiley,Colin Firth,Bill Haydon,,150,building/castle/station (museum),wikidata:Q213322,film_line_on_existing,no_wp_mention;needs_scene,https://www.wikidata.org/wiki/Q681962#P915 https://www.wikidata.org/wiki/Q213322 https://en.wikipedia.org/wiki/Victoria_and_Albert_Museum
wikidata,Q4949432,Boughton House,52.4245,-0.6778,Weekley,GB,English country house; historic house museum; country house,Q28234,Les Misérables,film,2012,tt1707386,51,33823,230.99,Hugh Jackman,Jean Valjean,Russell Crowe,Javert,,150,building/castle/station (museum),,new_spot,wp_mention;needs_scene,https://www.wikidata.org/wiki/Q28234#P915 https://www.wikidata.org/wiki/Q4949432 https://en.wikipedia.org/wiki/Boughton_House
wikidata,Q2499130,Sony Pictures Studios,34.017222,-118.401667,Culver City,US,film studio; recording studio,Q208647,Married... with Children,tv,1987,tt0092400,48,64464,230.85,Ed O'Neill,Al Bundy,Christina Applegate,Kelly Bundy,,300,beach/park/ranch/set (studio),wikidata:Q2499130,film_line_on_existing,no_wp_mention;needs_scene;studio_backlot(film studio),https://www.wikidata.org/wiki/Q208647#P915 https://www.wikidata.org/wiki/Q2499130 https://en.wikipedia.org/wiki/Sony_Pictures_Studios
curated,Q514392,Shinmoedake,31.9096,130.88642,Kirishima,JP,mountain,Q107761,You Only Live Twice,film,1967,tt0062512,61,6039,230.64,Sean Connery,James Bond,Mie Hama,Kissy Suzuki,The volcano that hides SPECTRE's secret rocket base.,500,mountain/natural site (curated class mountain),,new_spot,,https://www.wikidata.org/wiki/Q514392 https://en.wikipedia.org/wiki/Shinmoedake https://en.wikipedia.org/wiki/You_Only_Live_Twice_%28film%29
curated,Q592846,Ta Prohm,13.435,103.889167,Siem Reap,KH,building,Q464014,Lara Croft: Tomb Raider,film,2001,tt0146316,50,40974,230.63,Angelina Jolie,Lara Croft,,,"Portions of the film were shot at the temple, now nicknamed the ""Tomb Raider Temple"".",150,building/castle/station (curated class building),icon:Q592846,film_line_on_existing,needs_roles,https://www.wikidata.org/wiki/Q592846 https://en.wikipedia.org/wiki/Lara_Croft%3A_Tomb_Raider https://en.wikipedia.org/wiki/Ta_Prohm
wikidata,Q4752659,The Anchor,51.507262,-0.092925,London,GB,pub,Q1741232,Mission: Impossible,film,1996,tt0117060,56,13019,230.42,Tom Cruise,Ethan Hunt,Jon Voight,Jim Phelps,,60,stairs/street/cafe/shop (pub),,new_spot,wp_mention;needs_scene;possible_dup:near_stamp_distinct_item(Globe Theatre|140m);reuses_unstamped_row(wikidata:Q4752659),https://www.wikidata.org/wiki/Q1741232#P915 https://www.wikidata.org/wiki/Q4752659 https://en.wikipedia.org/wiki/The_Anchor%2C_Bankside
wikidata,Q1400558,"The Huntington Library, Art Museum, and Botanical Gardens",34.129167,-118.1125,San Marino,US,library; nonprofit organization; botanical garden; art museum,Q108774,Star Trek: Deep Space Nine,tv,1993,tt0106145,48,62765,230.29,Avery Brooks,Benjamin Sisko,René Auberjonois,Odo,,300,beach/park/ranch/set (garden),,new_spot,via_season_or_episode;no_wp_mention;needs_scene;reuses_unstamped_row(wv:san-marino-california-huntington-library-art-collection-and-botanical-gardens),https://www.wikidata.org/wiki/Q108774#P915 https://www.wikidata.org/wiki/Q1400558 https://en.wikipedia.org/wiki/Huntington_Library
wikidata,Q25212617,Carlton Hotel,-26.206111,28.046389,Johannesburg,ZA,hotel,Q201819,District 9,film,2009,tt1136608,59,7988,230.25,Sharlto Copley,Wikus van der Merwe,,,,150,building/castle/station (hotel),,new_spot,wp_mention;needs_scene;needs_roles,https://www.wikidata.org/wiki/Q201819#P915 https://www.wikidata.org/wiki/Q25212617 https://en.wikipedia.org/wiki/Carlton_Hotel_%28Johannesburg%29
curated,Q739641,Howrah Bridge,22.58527,88.34694,Howrah,IN,bridge,Q23013699,Lion,film,2016,tt3741834,45,130810,230.25,Sunny Pawar,Saroo Brierley,Abhishek Bharate,Guddu Khan,Young Saroo lives near the bridge for two months before being taken to an orphanage.,120,square/bridge/viaduct (curated class bridge),wikidata:Q739641,film_line_on_existing,,https://www.wikidata.org/wiki/Q739641 https://en.wikipedia.org/wiki/Howrah_Bridge https://en.wikipedia.org/wiki/Lion_%282016_film%29
wikidata,Q2630372,Top Gear test track,51.1164,-0.541463,Waverley,GB,motorsport racing track,Q33162,Top Gear,tv,2002,tt1628033,47,76791,229.61,,,,,,150,building/castle/station (default),,new_spot,wp_mention;needs_scene;needs_roles,https://www.wikidata.org/wiki/Q33162#P915 https://www.wikidata.org/wiki/Q2630372 https://en.wikipedia.org/wiki/Top_Gear_test_track
wikidata,Q125050,Manhattan Bridge,40.707222,-73.990833,New York City,US,suspension bridge; road bridge; railway bridge; double-decker bridge,Q615254,Crocodile Dundee,film,1986,tt0090555,46,96295,229.25,David Gulpilil,Neville Bell,,,,120,square/bridge/viaduct (bridge),wikidata:Q125050,film_line_on_existing,no_wp_mention;needs_scene;needs_roles;lead_without_role;cast_skips_unroled(Paul Hogan),https://www.wikidata.org/wiki/Q615254#P915 https://www.wikidata.org/wiki/Q125050 https://en.wikipedia.org/wiki/Manhattan_Bridge
wikidata,Q661896,Pinewood Studios,51.548611,-0.535,Iver,GB,film studio,Q528095,Superman III,film,1983,tt0086393,44,162271,229.25,Christopher Reeve,Superman,Jackie Cooper,Perry White,,300,beach/park/ranch/set (studio),,new_spot,wp_mention;needs_scene;cast_skips_unroled(Richard Pryor);studio_backlot(film studio),https://www.wikidata.org/wiki/Q528095#P915 https://www.wikidata.org/wiki/Q661896 https://en.wikipedia.org/wiki/Pinewood_Studios
wikidata,Q866896,Trinity Church,40.70801,-74.01221,New York City,US,church building; organization,Q309366,National Treasure,film,2004,tt0368891,44,161991,229.22,Nicolas Cage,Benjamin Gates,Diane Kruger,Abigail Chase,,150,building/castle/station (building),wikidata:Q866896,film_line_on_existing,wp_mention;needs_scene;not_a_spot(organization),https://www.wikidata.org/wiki/Q309366#P915 https://www.wikidata.org/wiki/Q866896 https://en.wikipedia.org/wiki/Trinity_Church_%28Manhattan%29
wikidata,Q1814818,Lloyd's building,51.513056,-0.0825,City of London,GB,tower block; administrative building,Q912877,A Good Year,film,2006,tt0401445,45,123858,229.18,,,,,,150,building/castle/station (building),wikidata:Q1814818,film_line_on_existing,no_wp_mention;needs_scene;needs_roles;lead_without_role,https://www.wikidata.org/wiki/Q912877#P915 https://www.wikidata.org/wiki/Q1814818 https://en.wikipedia.org/wiki/Lloyd%27s_building
wikidata,Q390028,Independence Hall,39.948889,-75.15,Philadelphia,US,heritage site; archaeological site; legislative building,Q309366,National Treasure,film,2004,tt0368891,44,161179,229.12,Nicolas Cage,Benjamin Gates,Diane Kruger,Abigail Chase,,120,square/bridge/viaduct (arch),wikidata:Q390028,film_line_on_existing,wp_mention;needs_scene,https://www.wikidata.org/wiki/Q309366#P915 https://www.wikidata.org/wiki/Q390028 https://en.wikipedia.org/wiki/Independence_Hall
wikidata,Q7208013,Point Dume State Beach,34.0009,-118.807,Los Angeles County,US,protected area; California state beach,Q192724,Iron Man,film,2008,tt0371746,84,533,229.11,Robert Downey Jr.,Tony Stark,Terrence Howard,James Rhodes,,500,mountain/natural site (protected area),,new_spot,wp_mention;needs_scene;large_area_centroid,https://www.wikidata.org/wiki/Q192724#P915 https://www.wikidata.org/wiki/Q7208013 https://en.wikipedia.org/wiki/Point_Dume_State_Beach
wikidata,Q14942956,Tijuca Forest,-22.963,-43.245,Rio de Janeiro,BR,forest,Q466611,The Incredible Hulk,film,2008,tt0800080,63,4191,228.21,Edward Norton,Bruce Banner,Liv Tyler,Betty Ross,,500,mountain/natural site (forest),,new_spot,wp_mention;needs_scene;large_area_centroid;area_too_large(39km2),https://www.wikidata.org/wiki/Q466611#P915 https://www.wikidata.org/wiki/Q14942956 https://en.wikipedia.org/wiki/Tijuca_Forest
wikidata,Q4993391,Waverly Place,40.734575,-74.001436,New York City,US,street,Q184342,Wizards of Waverly Place,tv,2007,tt0799922,54,16775,228.13,Selena Gomez,Alex Russo,David Henrie,Justin Russo,,60,stairs/street/cafe/shop (street),,new_spot,wp_mention;needs_scene;large_cast(63);possible_dup:near_stamp_distinct_item(Stonewall Inn|102m),https://www.wikidata.org/wiki/Q184342#P915 https://www.wikidata.org/wiki/Q4993391 https://en.wikipedia.org/wiki/Waverly_Place
wikidata,Q2092214,University of North Carolina Wilmington,34.225833,-77.873333,Wilmington,US,public university; public educational institution of the United States,Q203385,One Tree Hill,tv,2003,tt0368530,50,36405,228.06,Chad Michael Murray,Lucas Scott,Hilarie Burton,Peyton Sawyer,,60,stairs/street/cafe/shop (pub),,new_spot,wp_mention;needs_scene,https://www.wikidata.org/wiki/Q203385#P915 https://www.wikidata.org/wiki/Q2092214 https://en.wikipedia.org/wiki/University_of_North_Carolina_Wilmington
wikidata,Q1043277,Tenzing-Hillary Airport,27.6875,86.731389,Solukhumbu District,NP,airport,Q15631013,Everest,film,2015,tt2719848,45,116327,227.96,Jason Clarke,Rob Hall,Josh Brolin,Beck Weathers,,150,building/castle/station (default),,new_spot,wp_mention;needs_scene;class_ban(airport),https://www.wikidata.org/wiki/Q15631013#P915 https://www.wikidata.org/wiki/Q1043277 https://en.wikipedia.org/wiki/Tenzing-Hillary_Airport
wikidata,Q810177,Basiluzzo,38.663781,15.11338,Lipari,IT,island,Q131547207,The Odyssey,film,2026,tt33764258,66,2838,227.91,Matt Damon,Odysseus,Anne Hathaway,Penelope,,500,mountain/natural site (island),,new_spot,wp_mention;needs_scene;large_area_centroid,https://www.wikidata.org/wiki/Q131547207#P915 https://www.wikidata.org/wiki/Q810177 https://en.wikipedia.org/wiki/Basiluzzo
wikidata,Q83125,Tower Bridge,51.505556,-0.075278,London,GB,suspension bridge; road bridge; bascule bridge; steel bridge,Q27590871,Paddington 2,film,2017,tt4468740,41,360728,227.84,,,,,,120,square/bridge/viaduct (bridge),icon:Q83125,film_line_on_existing,wp_mention;needs_scene;needs_roles;lead_without_role,https://www.wikidata.org/wiki/Q27590871#P915 https://www.wikidata.org/wiki/Q83125 https://en.wikipedia.org/wiki/Tower_Bridge
wikidata,Q201428,Palace of Fontainebleau,48.402222,2.700556,Fontainebleau,FR,museum; château,Q1123463,The Man in the Iron Mask,film,1998,tt0120744,45,112158,227.24,Leonardo DiCaprio,Louis XIV of France / Philippe,Gabriel Byrne,D'Artagnan,,150,building/castle/station (museum),wikidata:Q201428,film_line_on_existing,no_wp_mention;needs_scene,https://www.wikidata.org/wiki/Q1123463#P915 https://www.wikidata.org/wiki/Q201428 https://en.wikipedia.org/wiki/Palace_of_Fontainebleau
wikidata,Q18536,The Shard,51.504444,-0.086667,London,GB,skyscraper; office building,Q27590871,Paddington 2,film,2017,tt4468740,41,348489,227.23,,,,,,150,building/castle/station (building),wikidata:Q18536,film_line_on_existing,no_wp_mention;needs_scene;needs_roles;lead_without_role,https://www.wikidata.org/wiki/Q27590871#P915 https://www.wikidata.org/wiki/Q18536 https://en.wikipedia.org/wiki/The_Shard
wikidata,Q6523617,Leo Carrillo State Park,34.044167,-118.939167,Los Angeles County,US,California state park,Q204228,The Mentalist,tv,2008,tt1196946,59,7095,227.21,Simon Baker,Patrick Jane,Robin Tunneyio,Teresa Lisbon,,300,beach/park/ranch/set (park),,new_spot,no_wp_mention;needs_scene;large_cast(160);large_area_centroid;reuses_unstamped_row(wikidata:Q6523617),https://www.wikidata.org/wiki/Q204228#P915 https://www.wikidata.org/wiki/Q6523617 https://en.wikipedia.org/wiki/Leo_Carrillo_State_Park
curated,Q134140,Abu Simbel,22.336944,31.625556,Aswan Governorate,EG,building,Q1059914,Death on the Nile,film,1978,tt0077413,42,247516,226.53,Peter Ustinov,Hercule Poirot,David Niven,Colonel Johnny Race,The travellers are shown visiting the temples.,150,building/castle/station (curated class building),icon:Q134140,film_line_on_existing,,https://www.wikidata.org/wiki/Q134140 https://en.wikipedia.org/wiki/Abu_Simbel https://en.wikipedia.org/wiki/Death_on_the_Nile_%281978_film%29
wikidata,Q2499130,Sony Pictures Studios,34.017222,-118.401667,Culver City,US,film studio; recording studio,Q99900595,Bullet Train,film,2022,tt12593682,47,64464,226.04,Brad Pitt,Ladybug,Joey King,Prince,,300,beach/park/ranch/set (studio),wikidata:Q2499130,film_line_on_existing,no_wp_mention;needs_scene;studio_backlot(film studio),https://www.wikidata.org/wiki/Q99900595#P915 https://www.wikidata.org/wiki/Q2499130 https://en.wikipedia.org/wiki/Sony_Pictures_Studios
wikidata,Q5009278,Radford Studio Center,34.144692,-118.391008,Los Angeles,US,built structure,Q192259,CSI: NY,tv,2004,tt0395843,49,39790,225.39,Gary Sinise,Mac Taylor,Carmine Giovinazzo,Danny Messer,,150,building/castle/station (default),wikidata:Q5009278,film_line_on_existing,no_wp_mention;needs_scene;large_cast(169);studio_backlot(name),https://www.wikidata.org/wiki/Q192259#P915 https://www.wikidata.org/wiki/Q5009278 https://en.wikipedia.org/wiki/Radford_Studio_Center
wikidata,Q456685,Ambassador Hotel,34.059722,-118.297222,Los Angeles,US,hotel building,Q1127709,True Romance,film,1993,tt0108399,45,101932,225.37,Val Kilmer,Elvis Presley,,,,150,building/castle/station (building),,new_spot,no_wp_mention;needs_scene;needs_roles;lead_without_role;cast_skips_unroled(Christian Slater);demolished_or_closed(2006),https://www.wikidata.org/wiki/Q1127709#P915 https://www.wikidata.org/wiki/Q456685 https://en.wikipedia.org/wiki/Ambassador_Hotel_%28Los_Angeles%29
wikidata,Q3569306,Windsor Great Park,51.444444,-0.604167,Berkshire,GB,park; royal forest,Q17361809,The Legend of Tarzan,film,2016,tt0918940,45,101412,225.27,Alexander Skarsgård,Tarzan,Margot Robbie,Jane Porter,,500,mountain/natural site (forest),wikidata:Q3569306,film_line_on_existing,wp_mention;needs_scene;large_area_centroid,https://www.wikidata.org/wiki/Q17361809#P915 https://www.wikidata.org/wiki/Q3569306 https://en.wikipedia.org/wiki/Windsor_Great_Park
wikidata,Q131347,Oahu,21.485,-157.965,Honolulu County,US,island; volcanic island,Q728443,Hawaii Five-0,tv,2010,tt1600194,42,228561,225.08,Alex O'Loughlin,Steve McGarrett,Scott Caan,Danny Williams,,500,mountain/natural site (island),,new_spot,no_wp_mention;needs_scene;large_cast(423);large_area_centroid;area_too_large(1545km2),https://www.wikidata.org/wiki/Q728443#P915 https://www.wikidata.org/wiki/Q131347 https://en.wikipedia.org/wiki/O%CA%BBahu
wikidata,Q6464680,La Purisima Mission,34.6705,-120.421,Lompoc,US,Spanish missions in California,Q117085614,One Battle After Another,film,2025,tt30144839,53,17566,224.97,Leonardo DiCaprio,Bob Ferguson,Sean Penn,Col. Steven J. Lockjaw,,150,building/castle/station (default),,new_spot,wp_mention;needs_scene,https://www.wikidata.org/wiki/Q117085614#P915 https://www.wikidata.org/wiki/Q6464680 https://en.wikipedia.org/wiki/La_Pur%C3%ADsima_Mission
wikidata,Q694747,Vienna Volksoper,48.2245,16.3504,Vienna,AT,opera house,Q272064,The Living Daylights,film,1987,tt0093428,58,7534,224.87,Timothy Dalton,James Bond,Maryam d'Abo,Kara Milovy,,150,building/castle/station (house),,new_spot,wp_mention;needs_scene;reuses_unstamped_row(wikidata:Q694747),https://www.wikidata.org/wiki/Q272064#P915 https://www.wikidata.org/wiki/Q694747 https://en.wikipedia.org/wiki/Vienna_Volksoper
curated,Q37563,Athirappilly Falls,10.284722,76.568611,Athirappilly Grama Panchayat,IN,natural,Q13897247,Baahubali: The Beginning,film,2015,tt2631186,47,60810,224.85,,,,,The film's waterfall scenes were shot here.,500,mountain/natural site (curated class natural),wikidata:Q37563,film_line_on_existing,needs_roles;lead_without_role,https://www.wikidata.org/wiki/Q37563 https://en.wikipedia.org/wiki/Athirappilly_Falls https://en.wikipedia.org/wiki/Baahubali%3A_The_Beginning
wikidata,Q1124584,Sierra Madre Occidental,26.745722,-108.057861,,MX,mountain range,Q251559,The Treasure of the Sierra Madre,film,1948,tt0040897,45,98855,224.78,Humphrey Bogart,Fred C. Dobbs,Walter Huston,Howard,,500,mountain/natural site (mountain),,new_spot,wp_mention;needs_scene;not_a_spot(mountain range);large_area_centroid;area_too_large(289000km2);no_city,https://www.wikidata.org/wiki/Q251559#P915 https://www.wikidata.org/wiki/Q1124584 https://en.wikipedia.org/wiki/Sierra_Madre_Occidental
wikidata,Q743565,Cité du Cinéma,48.9229,2.33678,Saint-Denis,FR,film studio,Q15624215,Lucy,film,2014,tt2872732,62,4173,224.47,Morgan Freeman,Professor Norman,Choi Min-sik,Mr. Jang,,300,beach/park/ranch/set (studio),,new_spot,no_wp_mention;needs_scene;studio_backlot(film studio),https://www.wikidata.org/wiki/Q15624215#P915 https://www.wikidata.org/wiki/Q743565 https://en.wikipedia.org/wiki/Cit%C3%A9_du_Cin%C3%A9ma
wikidata,Q2683164,Gare d'Ermont - Eaubonne,48.980556,2.271667,Ermont,FR,railway station; S-Bahn station,Q484048,Amélie,film,2001,tt0211915,78,752,224.39,Audrey Tautou,Amélie Poulain,,,,150,building/castle/station (station),,new_spot,no_wp_mention;needs_scene;needs_roles,https://www.wikidata.org/wiki/Q484048#P915 https://www.wikidata.org/wiki/Q2683164 https://en.wikipedia.org/wiki/Ermont%E2%80%93Eaubonne_station
wikidata,Q214788,London Paddington station,51.516667,-0.177222,London,GB,dead-end railway station; railway station; underground station; station located on surface,Q19481099,Jason Bourne,film,2016,tt4196776,45,96938,224.39,Matt Damon,Jason Bourne / David Webb,Tommy Lee Jones,Robert Dewey,,150,building/castle/station (station),,new_spot,no_wp_mention;needs_scene,https://www.wikidata.org/wiki/Q19481099#P915 https://www.wikidata.org/wiki/Q214788 https://en.wikipedia.org/wiki/London_Paddington_station
wikidata,Q16255974,Byfleet Manor,51.3315,-0.463878,Byfleet,GB,English country house; historic house museum,Q83071,Downton Abbey,tv,2010,tt1606375,54,14268,224.34,Michelle Dockery,Lady Mary Talbot,Hugh Bonneville,"Robert Crawley, The Earl of Grantham",,150,building/castle/station (museum),,new_spot,wp_mention;needs_scene;large_cast(166),https://www.wikidata.org/wiki/Q83071#P915 https://www.wikidata.org/wiki/Q16255974 https://en.wikipedia.org/wiki/Byfleet_Manor
wikidata,Q5468939,Forest Hill,37.74803,-122.45914,San Francisco,US,tram stop; underground station,Q201687,Milk,film,2008,tt1013753,61,4725,224.14,Sean Penn,Harvey Milk,Emile Hirsch,Cleve Jones,,150,building/castle/station (station),,new_spot,wp_mention;needs_scene,https://www.wikidata.org/wiki/Q201687#P915 https://www.wikidata.org/wiki/Q5468939 https://en.wikipedia.org/wiki/Forest_Hill_station_%28Muni_Metro%29
wikidata,Q14683961,Sherwood Country Club,34.1322,-118.882,California,US,golf course; country club,Q204228,The Mentalist,tv,2008,tt1196946,59,6292,224.13,Simon Baker,Patrick Jane,Robin Tunneyio,Teresa Lisbon,,300,beach/park/ranch/set (golf),,new_spot,wp_mention;needs_scene;large_cast(160);not_a_spot(country),https://www.wikidata.org/wiki/Q204228#P915 https://www.wikidata.org/wiki/Q14683961 https://en.wikipedia.org/wiki/Sherwood_Country_Club
wikidata,Q661896,Pinewood Studios,51.548611,-0.535,Iver,GB,film studio,Q18816889,Assassin's Creed,film,2016,tt2094766,43,162271,224.04,Javier Gutiérrez,Tomás de Torquemada,Khalid Abdalla,Muhammad XII of Granada,,300,beach/park/ranch/set (studio),,new_spot,"wp_mention;needs_scene;lead_without_role;cast_skips_unroled(Michael Fassbender, Marion Cotillard);studio_backlot(film studio)",https://www.wikidata.org/wiki/Q18816889#P915 https://www.wikidata.org/wiki/Q661896 https://en.wikipedia.org/wiki/Pinewood_Studios
wikidata,Q661896,Pinewood Studios,51.548611,-0.535,Iver,GB,film studio,Q1125253,Lara Croft: Tomb Raider – The Cradle of Life,film,2003,tt0325703,43,162271,224.04,Angelina Jolie,Lara Croft,,,,300,beach/park/ranch/set (studio),,new_spot,no_wp_mention;needs_scene;needs_roles;studio_backlot(film studio),https://www.wikidata.org/wiki/Q1125253#P915 https://www.wikidata.org/wiki/Q661896 https://en.wikipedia.org/wiki/Pinewood_Studios
wikidata,Q661896,Pinewood Studios,51.548611,-0.535,Iver,GB,film studio,Q901140,The Day of the Jackal,film,1973,tt0069947,43,162271,224.04,Edward Fox,Jackal,Jean Sorel,Jean-Marie Bastien-Thiry,,300,beach/park/ranch/set (studio),,new_spot,wp_mention;needs_scene;cast_skips_unroled(Michael Lonsdale);studio_backlot(film studio),https://www.wikidata.org/wiki/Q901140#P915 https://www.wikidata.org/wiki/Q661896 https://en.wikipedia.org/wiki/Pinewood_Studios
wikidata,Q661896,Pinewood Studios,51.548611,-0.535,Iver,GB,film studio,Q203560,1408,film,2007,tt0450385,43,162271,224.04,,,,,,300,beach/park/ranch/set (studio),,new_spot,no_wp_mention;needs_scene;needs_roles;lead_without_role;studio_backlot(film studio),https://www.wikidata.org/wiki/Q203560#P915 https://www.wikidata.org/wiki/Q661896 https://en.wikipedia.org/wiki/Pinewood_Studios
wikidata,Q661896,Pinewood Studios,51.548611,-0.535,Iver,GB,film studio,Q261546,Fahrenheit 451,film,1966,tt0060390,43,162271,224.04,Oskar Werner,Guy Montag,,,,300,beach/park/ranch/set (studio),,new_spot,wp_mention;needs_scene;needs_roles;studio_backlot(film studio),https://www.wikidata.org/wiki/Q261546#P915 https://www.wikidata.org/wiki/Q661896 https://en.wikipedia.org/wiki/Pinewood_Studios
wikidata,Q129143,Trafalgar Square,51.508056,-0.128056,London,GB,square,Q467290,An American Werewolf in London,film,1981,tt0082010,41,290327,223.98,,,,,,120,square/bridge/viaduct (square),wikidata:Q129143,film_line_on_existing,no_wp_mention;needs_scene;needs_roles;lead_without_role,https://www.wikidata.org/wiki/Q467290#P915 https://www.wikidata.org/wiki/Q129143 https://en.wikipedia.org/wiki/Trafalgar_Square
wikidata,Q6802081,McLaren Technology Centre,51.345833,-0.548333,Woking,GB,office building,Q114246242,F1,film,2025,tt16311594,46,73954,223.97,Brad Pitt,Sonny Hayes,Damson Idris,Joshua «Noah» Pearce,,150,building/castle/station (building),,new_spot,wp_mention;needs_scene,https://www.wikidata.org/wiki/Q114246242#P915 https://www.wikidata.org/wiki/Q6802081 https://en.wikipedia.org/wiki/McLaren_Technology_Centre
wikidata,Q332474,Harrods,51.499586,-0.163517,London,GB,shopping center; department store; brick and mortar,Q27964337,Peter Rabbit,film,2018,tt5117670,41,287642,223.81,Domhnall Gleeson,Thomas McGregor,Sam Neill,Mr. McGregor,,60,stairs/street/cafe/shop (shop),,new_spot,wp_mention;needs_scene;reuses_unstamped_row(curated:united-kingdom-london-harrods),https://www.wikidata.org/wiki/Q27964337#P915 https://www.wikidata.org/wiki/Q332474 https://en.wikipedia.org/wiki/Harrods
wikidata,Q2628510,Badminton House,51.5455,-2.28045,Badminton,GB,English country house,Q1625242,The Remains of the Day,film,1993,tt0107943,44,121434,223.71,Anthony Hopkins,Mr James Stevens,Emma Thompson,Miss Sarah Kenton,,150,building/castle/station (house),,new_spot,wp_mention;needs_scene,https://www.wikidata.org/wiki/Q1625242#P915 https://www.wikidata.org/wiki/Q2628510 https://en.wikipedia.org/wiki/Badminton_House
curated,Q6117554,Eyipantla Falls,18.3849,-95.2078,San Andrés Tuxtla Municipality,MX,natural,Q188035,Apocalypto,film,2006,tt0472043,66,2450,223.7,Rudy Youngblood,Jaguar Paw,Raoul Trujillo,Zero Wolf,The film's waterfall scene was shot here.,500,mountain/natural site (curated class natural),,new_spot,,https://www.wikidata.org/wiki/Q6117554 https://en.wikipedia.org/wiki/Apocalypto https://en.wikipedia.org/wiki/Eyipantla_Falls
wikidata,Q1353687,Great Strahov Stadium,50.080336,14.387861,Břevnov,CZ,stadium,Q4444,Wanted,film,2008,tt0493464,46,72540,223.59,James McAvoy,Wesley Gibson,,,,300,beach/park/ranch/set (stadium),,new_spot,no_wp_mention;needs_scene;needs_roles,https://www.wikidata.org/wiki/Q4444#P915 https://www.wikidata.org/wiki/Q1353687 https://en.wikipedia.org/wiki/Great_Strahov_Stadium
wikidata,Q649419,Marylebone station,51.522222,-0.163056,London,GB,dead-end railway station; railway station,Q21001651,The Conjuring 2,film,2016,tt3065204,49,36266,223.42,,,,,,150,building/castle/station (station),,new_spot,wp_mention;needs_scene;needs_roles;lead_without_role,https://www.wikidata.org/wiki/Q21001651#P915 https://www.wikidata.org/wiki/Q649419 https://en.wikipedia.org/wiki/Marylebone_station
wikidata,Q13689,The Battery,40.703611,-74.016111,New York City,US,urban park,Q492089,The Adjustment Bureau,film,2011,tt1385826,46,70116,222.91,Matt Damon,David Norris,Emily Blunt,Elise Sellas,,300,beach/park/ranch/set (park),wikidata:Q13689,film_line_on_existing,no_wp_mention;needs_scene,https://www.wikidata.org/wiki/Q492089#P915 https://www.wikidata.org/wiki/Q13689 https://en.wikipedia.org/wiki/The_Battery_%28Manhattan%29
wikidata,Q2817320,Calais–Dunkerque Airport,50.960833,1.951389,Marck,FR,aerodrome,Q21935651,Dunkirk,film,2017,tt5013056,64,3012,222.66,Kenneth Branagh,Commander Bolton,Aneurin Barnard,Gibson,,150,building/castle/station (default),,new_spot,no_wp_mention;needs_scene;cast_skips_unroled(Olivia Wilde),https://www.wikidata.org/wiki/Q21935651#P915 https://www.wikidata.org/wiki/Q2817320 https://en.wikipedia.org/wiki/Calais%E2%80%93Dunkerque_Airport
curated,Q13371953,"Ramagiri (Sholay) hills, Ramanagara",12.716667,77.3,Karnataka,IN,mountain,Q949228,Sholay,film,1975,tt0073707,48,43407,222.6,Amitabh Bachchan,Jai,,,"Much of the film was shot over two and a half years in the rocky hills here, nicknamed the Sholay hills.",500,mountain/natural site (curated class mountain),,new_spot,city_level_suspect;needs_roles;lead_without_role;cast_skips_unroled(Dharmendra),https://www.wikidata.org/wiki/Q13371953 https://en.wikipedia.org/wiki/Ramanagara https://en.wikipedia.org/wiki/Sholay
wikidata,Q208495,Sognefjord,61.1,5.166667,Sogn og Fjordane,NO,fjord,Q16635326,Ex Machina,film,2014,tt0470752,48,43315,222.56,Alicia Vikander,Ava,Domhnall Gleeson,Caleb Smith,,500,mountain/natural site (fjord),,new_spot,no_wp_mention;needs_scene;cast_skips_unroled(Corey Johnson);area_too_large(12518km2),https://www.wikidata.org/wiki/Q16635326#P915 https://www.wikidata.org/wiki/Q208495 https://en.wikipedia.org/wiki/Sognefjord
wikidata,Q1015079,Burghley House,52.6425,-0.453056,Barnack,GB,historic house museum; prodigy house; country house,Q727846,Elizabeth: The Golden Age,film,2007,tt0414055,44,112566,222.26,Cate Blanchett,Elizabeth I of England,Geoffrey Rush,Francis Walsingham,,150,building/castle/station (museum),wikidata:Q1015079,film_line_on_existing,wp_mention;needs_scene,https://www.wikidata.org/wiki/Q727846#P915 https://www.wikidata.org/wiki/Q1015079 https://en.wikipedia.org/wiki/Burghley_House
wikidata,Q7802876,Tillman Water Reclamation Plant,34.1835,-118.479,California,US,wastewater treatment plant,Q16290,Star Trek: The Next Generation,tv,1987,tt0092455,56,9307,222.26,Patrick Stewart,Jean-Luc Picard,Jonathan Frakes,William Riker / Thomas Riker,,150,building/castle/station (default),,new_spot,via_season_or_episode;no_wp_mention;needs_scene,https://www.wikidata.org/wiki/Q16290#P915 https://www.wikidata.org/wiki/Q7802876 https://en.wikipedia.org/wiki/Tillman_Water_Reclamation_Plant
wikidata,Q549376,Lysefjord,59.01,6.359,Sandnes Municipality,NO,fjord,Q29261993,Mission: Impossible – Fallout,film,2018,tt4912910,55,10980,222.24,Rebecca Ferguson,Ilsa Faust,Henry Cavill,August Walker,,500,mountain/natural site (fjord),,new_spot,no_wp_mention;needs_scene,https://www.wikidata.org/wiki/Q29261993#P915 https://www.wikidata.org/wiki/Q549376 https://en.wikipedia.org/wiki/Lysefjord
wikidata,Q7659840,Sydney Boys High School,-33.89,151.217778,New South Wales,AU,school; public school,Q328695,Superman Returns,film,2006,tt0348150,53,15330,221.84,Brandon Routh,Superman,Kate Bosworth,Lois Lane,,60,stairs/street/cafe/shop (pub),,new_spot,no_wp_mention;needs_scene,https://www.wikidata.org/wiki/Q328695#P915 https://www.wikidata.org/wiki/Q7659840 https://en.wikipedia.org/wiki/Sydney_Boys_High_School
wikidata,Q5351602,El Mirage Lake,34.647,-117.600011,San Bernardino County,US,dry lake,Q16290,Star Trek: The Next Generation,tv,1987,tt0092455,56,9074,221.64,Patrick Stewart,Jean-Luc Picard,Jonathan Frakes,William Riker / Thomas Riker,,500,mountain/natural site (lake),,new_spot,via_season_or_episode;no_wp_mention;needs_scene;large_area_centroid;reuses_unstamped_row(wikidata:Q5351602),https://www.wikidata.org/wiki/Q16290#P915 https://www.wikidata.org/wiki/Q5351602 https://en.wikipedia.org/wiki/El_Mirage_Lake
wikidata,Q7653554,Swanage railway station,50.6102,-1.96145,Swanage,GB,railway station,Q21935651,Dunkirk,film,2017,tt5013056,64,2895,221.56,Kenneth Branagh,Commander Bolton,Aneurin Barnard,Gibson,,150,building/castle/station (station),,new_spot,wp_mention;needs_scene;cast_skips_unroled(Olivia Wilde),https://www.wikidata.org/wiki/Q21935651#P915 https://www.wikidata.org/wiki/Q7653554 https://en.wikipedia.org/wiki/Swanage_railway_station
wikidata,Q15523,Lake Como,46.0,9.266667,Lombardy,IT,glacial lake,Q82729,The Bold and the Beautiful,tv,1987,tt0092325,40,345247,221.53,John McCook,Eric Forrester,Susan Flannery,Stephanie Forrester,,500,mountain/natural site (lake),icon:Q15523,film_line_on_existing,no_wp_mention;needs_scene;large_area_centroid,https://www.wikidata.org/wiki/Q82729#P915 https://www.wikidata.org/wiki/Q15523 https://en.wikipedia.org/wiki/Lake_Como
curated,Q83063,Petronas Towers,3.157778,101.711667,Kuala Lumpur,MY,building,Q578873,Entrapment,film,1999,tt0137494,39,478679,221.52,Sean Connery,Robert MacDougal,,,"The heist target: the bank inside the towers, hit as the millennium New Year's Eve celebrations begin.",150,building/castle/station (curated class building),icon:Q83063,film_line_on_existing,needs_roles,https://www.wikidata.org/wiki/Q83063 https://en.wikipedia.org/wiki/Entrapment_%28film%29
wikidata,Q1138183,Philadelphia City Hall,39.952247,-75.163894,Philadelphia,US,skyscraper; Rathaus; city hall,Q309366,National Treasure,film,2004,tt0368891,44,108269,221.52,Nicolas Cage,Benjamin Gates,Diane Kruger,Abigail Chase,,150,building/castle/station (skyscraper),wikidata:Q1138183,film_line_on_existing,wp_mention;needs_scene;city_level_suspect,https://www.wikidata.org/wiki/Q309366#P915 https://www.wikidata.org/wiki/Q1138183 https://en.wikipedia.org/wiki/Philadelphia_City_Hall
wikidata,Q19835,"Warner Bros. Studios, Leavesden",51.693333,-0.419722,Abbots Langley,GB,film studio; film set,Q18199332,Fantastic Beasts: The Secrets of Dumbledore,film,2022,tt4123432,46,65379,221.51,Eddie Redmayne,Newt Scamander,Katherine Waterston,Porpentina Goldstein,,300,beach/park/ranch/set (film set),,new_spot,no_wp_mention;needs_scene;possible_dup:near_stamp(icon:Q27924395|339m),https://www.wikidata.org/wiki/Q18199332#P915 https://www.wikidata.org/wiki/Q19835 https://en.wikipedia.org/wiki/Warner_Bros._Studios_Leavesden
wikidata,Q1032842,Canary Wharf,51.503611,-0.018611,London,GB,London Underground station; underground station,Q221075,28 Days Later,film,2002,tt0289043,50,26746,221.36,Cillian Murphy,Jim,,,,150,building/castle/station (station),wikidata:Q124377,film_line_on_existing,wp_mention;needs_scene;needs_roles,https://www.wikidata.org/wiki/Q221075#P915 https://www.wikidata.org/wiki/Q1032842 https://en.wikipedia.org/wiki/Canary_Wharf_tube_station
wikidata,Q8034994,Workingman's Institute and Memorial Hall,51.680833,-3.147778,Newbridge,GB,building,Q192837,Sherlock,tv,2010,tt1475582,77,742,221.07,Rupert Graves,Inspector Lestrade,Mark Gatiss,Mycroft Holmes,,150,building/castle/station (building),,new_spot,wp_mention;needs_scene;cast_skips_unroled(Louise Brealey),https://www.wikidata.org/wiki/Q192837#P915 https://www.wikidata.org/wiki/Q8034994 https://en.wikipedia.org/wiki/Workingman%27s_Institute_and_Memorial_Hall
wikidata,Q3107,Sylt,54.9,8.333333,Nordfriesland district,DE,island,Q157879,The Ghost Writer,film,2010,tt1139328,46,62768,220.7,,,,,,500,mountain/natural site (island),,new_spot,wp_mention;needs_scene;needs_roles;lead_without_role;large_area_centroid;area_too_large(99km2),https://www.wikidata.org/wiki/Q157879#P915 https://www.wikidata.org/wiki/Q3107 https://en.wikipedia.org/wiki/Sylt
wikidata,Q7013887,New York Public Library Main Branch,40.753333,-73.982222,New York City,US,public library; library building; research library; library branch,Q492089,The Adjustment Bureau,film,2011,tt1385826,46,62749,220.69,Matt Damon,David Norris,Emily Blunt,Elise Sellas,,60,stairs/street/cafe/shop (pub),wikidata:Q7013887,film_line_on_existing,no_wp_mention;needs_scene,https://www.wikidata.org/wiki/Q492089#P915 https://www.wikidata.org/wiki/Q7013887 https://en.wikipedia.org/wiki/New_York_Public_Library_Main_Branch
wikidata,Q3699365,Culver Studios,34.023894,-118.392475,,US,film studio; film production company,Q108946,A Few Good Men,film,1992,tt0104257,48,39120,220.44,Tom Cruise,Lieutenant (junior grade) Daniel Kaffee,Demi Moore,Lieutenant Commander JoAnne Galloway,,300,beach/park/ranch/set (studio),wikidata:Q3699365,film_line_on_existing,wp_mention;needs_scene;not_a_spot(film production company);studio_backlot(film studio);no_city,https://www.wikidata.org/wiki/Q108946#P915 https://www.wikidata.org/wiki/Q3699365 https://en.wikipedia.org/wiki/Culver_Studios
wikidata,Q8194022,Tomonoura,34.3808,133.38,Fukuyama,JP,port; ura,Q197491,The Wolverine,film,2013,tt1430132,55,10187,220.44,Hugh Jackman,Logan,Tao Okamoto,Mariko Yashida,,150,building/castle/station (default),wikidata:Q8194022,film_line_on_existing,wp_mention;needs_scene,https://www.wikidata.org/wiki/Q197491#P915 https://www.wikidata.org/wiki/Q8194022 https://en.wikipedia.org/wiki/Tomonoura
curated,Q522862,Karnak Temple Complex,25.718333,32.658333,Karnak,EG,building,Q1059914,Death on the Nile,film,1978,tt0077413,42,176149,220.33,Peter Ustinov,Hercule Poirot,David Niven,Colonel Johnny Race,"The travellers are shown visiting the temple, on the same day as Abu Simbel.",150,building/castle/station (curated class building),icon:Q522862,film_line_on_existing,,https://www.wikidata.org/wiki/Q522862 https://en.wikipedia.org/wiki/Death_on_the_Nile_%281978_film%29
wikidata,Q11274,Chrysler Building,40.751431,-73.975719,New York City,US,skyscraper,Q21148896,Iron Fist,tv,2017,tt3322310,39,444028,220.25,Finn Jones,Iron Fist,Jessica Henwick,Colleen Wing,,150,building/castle/station (skyscraper),wikidata:Q11274,film_line_on_existing,via_season_or_episode;no_wp_mention;needs_scene,https://www.wikidata.org/wiki/Q21148896#P915 https://www.wikidata.org/wiki/Q11274 https://en.wikipedia.org/wiki/Chrysler_Building
wikidata,Q2982354,59th Street–Columbus Circle,40.768056,-73.981944,New York City,US,metro station; underground station,Q490464,Enchanted,film,2007,tt0461770,50,24956,219.86,Amy Adams,Giselle,Jodi Benson,Sam,,150,building/castle/station (station),curated:united-states-new-york-columbus-circle,film_line_on_existing,no_wp_mention;needs_scene;cast_skips_unroled(Patrick Dempsey),https://www.wikidata.org/wiki/Q490464#P915 https://www.wikidata.org/wiki/Q2982354 https://en.wikipedia.org/wiki/59th_Street%E2%80%93Columbus_Circle_station
wikidata,Q5263676,Descanso Gardens,34.200278,-118.2125,California,US,botanical garden,Q16290,Star Trek: The Next Generation,tv,1987,tt0092455,56,8429,219.85,Patrick Stewart,Jean-Luc Picard,Jonathan Frakes,William Riker / Thomas Riker,,300,beach/park/ranch/set (garden),,new_spot,via_season_or_episode;no_wp_mention;needs_scene;reuses_unstamped_row(wikidata:Q5263676),https://www.wikidata.org/wiki/Q16290#P915 https://www.wikidata.org/wiki/Q5263676 https://en.wikipedia.org/wiki/Descanso_Gardens
curated,Q10810559,Tràng An,20.2557,105.9156,,VN,natural,Q21203766,Kong: Skull Island,film,2017,tt3731562,51,20455,219.85,,,,,Location filming for the film took place among these karst landscapes.,500,mountain/natural site (curated class natural),wikidata:Q10810559,film_line_on_existing,large_area_centroid;scene_generic;needs_roles;lead_without_role;no_city,https://www.wikidata.org/wiki/Q10810559 https://en.wikipedia.org/wiki/Kong%3A_Skull_Island
wikidata,Q790756,Barrandov Studios,50.029616,14.387155,,CZ,film studio; business; enterprise; production company,Q222023,The Chronicles of Narnia: Prince Caspian,film,2008,tt0499448,52,16432,219.22,William Moseley,Peter Pevensie,Ben Barnes,Prince Caspian,,300,beach/park/ranch/set (studio),,new_spot,wp_mention;needs_scene;not_a_spot(enterprise);studio_backlot(film studio);no_city,https://www.wikidata.org/wiki/Q222023#P915 https://www.wikidata.org/wiki/Q790756 https://en.wikipedia.org/wiki/Barrandov_Studios
wikidata,Q946638,Dunsfold Aerodrome,51.115,-0.5325,Waverley,GB,airport,Q33162,Top Gear,tv,2002,tt1628033,47,45861,219.09,,,,,,150,building/castle/station (default),,new_spot,wp_mention;needs_scene;needs_roles;class_ban(airport),https://www.wikidata.org/wiki/Q33162#P915 https://www.wikidata.org/wiki/Q946638 https://en.wikipedia.org/wiki/Dunsfold_Aerodrome
wikidata,Q3016272,Naval Air Station Lemoore,36.333056,-119.951944,California,US,airport,Q31202708,Top Gun: Maverick,film,2022,tt1745960,48,36415,218.94,Tom Cruise,"Pete ""Maverick"" Mitchell",Val Kilmer,Adm. Tom 'Iceman' Kazansky,,150,building/castle/station (default),,new_spot,no_wp_mention;needs_scene;class_ban(airport),https://www.wikidata.org/wiki/Q31202708#P915 https://www.wikidata.org/wiki/Q3016272 https://en.wikipedia.org/wiki/Naval_Air_Station_Lemoore
wikidata,Q661896,Pinewood Studios,51.548611,-0.535,Iver,GB,film studio,Q517265,Romeo and Juliet,film,1968,tt0063518,42,162271,218.83,,,,,,300,beach/park/ranch/set (studio),,new_spot,no_wp_mention;needs_scene;needs_roles;lead_without_role;studio_backlot(film studio),https://www.wikidata.org/wiki/Q517265#P915 https://www.wikidata.org/wiki/Q661896 https://en.wikipedia.org/wiki/Pinewood_Studios
wikidata,Q661896,Pinewood Studios,51.548611,-0.535,Iver,GB,film studio,Q662342,K-19: The Widowmaker,film,2002,tt0267626,42,162271,218.83,Liam Neeson,Vasili Arkhipov / Mikhail Polenin,Harrison Ford,Nikolai Zateyev,,300,beach/park/ranch/set (studio),,new_spot,no_wp_mention;needs_scene;studio_backlot(film studio),https://www.wikidata.org/wiki/Q662342#P915 https://www.wikidata.org/wiki/Q661896 https://en.wikipedia.org/wiki/Pinewood_Studios
wikidata,Q661896,Pinewood Studios,51.548611,-0.535,Iver,GB,film studio,Q1059914,Death on the Nile,film,1978,tt0077413,42,162271,218.83,Peter Ustinov,Hercule Poirot,David Niven,Colonel Johnny Race,,300,beach/park/ranch/set (studio),,new_spot,no_wp_mention;needs_scene;studio_backlot(film studio),https://www.wikidata.org/wiki/Q1059914#P915 https://www.wikidata.org/wiki/Q661896 https://en.wikipedia.org/wiki/Pinewood_Studios
wikidata,Q661896,Pinewood Studios,51.548611,-0.535,Iver,GB,film studio,Q167437,The Jackal,film,1997,tt0119395,42,162271,218.83,Bruce Willis,Jackal,,,,300,beach/park/ranch/set (studio),,new_spot,wp_mention;needs_scene;needs_roles;studio_backlot(film studio),https://www.wikidata.org/wiki/Q167437#P915 https://www.wikidata.org/wiki/Q661896 https://en.wikipedia.org/wiki/Pinewood_Studios
wikidata,Q661896,Pinewood Studios,51.548611,-0.535,Iver,GB,film studio,Q213683,Pink Floyd – The Wall,film,1982,tt0084503,42,162271,218.83,,,,,,300,beach/park/ranch/set (studio),,new_spot,wp_mention;needs_scene;needs_roles;lead_without_role;studio_backlot(film studio),https://www.wikidata.org/wiki/Q213683#P915 https://www.wikidata.org/wiki/Q661896 https://en.wikipedia.org/wiki/Pinewood_Studios
wikidata,Q7826925,Torrance High School,33.82925,-118.321166,Torrance,US,high school; public school,Q117590,"Beverly Hills, 90210",tv,1990,tt0098749,49,28882,218.57,Noelle Parker,Tiffany Morgan,Jason Priestley,Brandon Walsh,,60,stairs/street/cafe/shop (pub),,new_spot,wp_mention;needs_scene;large_cast(245),https://www.wikidata.org/wiki/Q117590#P915 https://www.wikidata.org/wiki/Q7826925 https://en.wikipedia.org/wiki/Torrance_High_School
wikidata,Q1344889,Somerset House,51.511111,-0.117778,London,GB,building,Q901140,The Day of the Jackal,film,1973,tt0069947,43,119455,218.32,Edward Fox,Jackal,Jean Sorel,Jean-Marie Bastien-Thiry,,150,building/castle/station (building),wikidata:Q1344889,film_line_on_existing,no_wp_mention;needs_scene;cast_skips_unroled(Michael Lonsdale),https://www.wikidata.org/wiki/Q901140#P915 https://www.wikidata.org/wiki/Q1344889 https://en.wikipedia.org/wiki/Somerset_House
wikidata,Q16992515,Friars Square,51.815028,-0.813306,Aylesbury,GB,shopping center,Q181086,A Clockwork Orange,film,1971,tt0066921,72,1070,218.14,Malcolm McDowell,Alex,,,,60,stairs/street/cafe/shop (shop),,new_spot,no_wp_mention;needs_scene;needs_roles;lead_without_role;cast_skips_unroled(Patrick Magee),https://www.wikidata.org/wiki/Q181086#P915 https://www.wikidata.org/wiki/Q16992515 https://en.wikipedia.org/wiki/Friars_Square
curated,Q4167619,Druk White Lotus School,34.074444,77.644444,,IN,building,Q229633,3 Idiots,film,2009,tt1187043,65,2266,218.1,,,,,Scenes of the film were shot at the school.,150,building/castle/station (curated class building),,new_spot,scene_generic;needs_roles;lead_without_role;no_city,https://www.wikidata.org/wiki/Q4167619 https://en.wikipedia.org/wiki/3_Idiots https://en.wikipedia.org/wiki/Druk_White_Lotus_School
wikidata,Q24196295,Waterford Castle,52.253,-7.057,,IE,château,Q471716,Barry Lyndon,film,1975,tt0072684,60,4154,217.11,Hardy Krüger,Captain Potzdorf,Ryan O'Neal,Redmond Barry,,150,building/castle/station (default),,new_spot,wp_mention;needs_scene;no_city,https://www.wikidata.org/wiki/Q471716#P915 https://www.wikidata.org/wiki/Q24196295 https://en.wikipedia.org/wiki/Waterford_Castle
wikidata,Q23035239,Terminal Station,32.83361,-83.62404,Macon,US,railway station,Q23894626,Black Widow,film,2021,tt3480822,60,4134,216.99,Scarlett Johansson,Natasha Romanoff,David Harbour,Alexei Shostakov,,150,building/castle/station (station),,new_spot,wp_mention;needs_scene,https://www.wikidata.org/wiki/Q23894626#P915 https://www.wikidata.org/wiki/Q23035239 https://en.wikipedia.org/wiki/Terminal_Station_%28Macon%2C_Georgia%29
wikidata,Q74077989,Joker stairs,40.835833,-73.923889,New York City,US,stairs; filming location,Q108628759,Joker: Folie à Deux,film,2024,tt11315808,47,40806,216.7,Joaquin Phoenix,Arthur Fleck,Lady Gaga,Harley Quinn,,60,stairs/street/cafe/shop (stair),,new_spot,wp_mention;needs_scene;reuses_unstamped_row(curated:united-states-new-york-joker-stairs),https://www.wikidata.org/wiki/Q108628759#P915 https://www.wikidata.org/wiki/Q74077989 https://en.wikipedia.org/wiki/Joker_Stairs
wikidata,Q19835,"Warner Bros. Studios, Leavesden",51.693333,-0.419722,Abbots Langley,GB,film studio; film set,Q17361809,The Legend of Tarzan,film,2016,tt0918940,45,65379,216.7,Alexander Skarsgård,Tarzan,Margot Robbie,Jane Porter,,300,beach/park/ranch/set (film set),,new_spot,wp_mention;needs_scene;possible_dup:near_stamp(icon:Q27924395|339m),https://www.wikidata.org/wiki/Q17361809#P915 https://www.wikidata.org/wiki/Q19835 https://en.wikipedia.org/wiki/Warner_Bros._Studios_Leavesden
wikidata,Q7832424,Trafalgar Park,51.013,-1.73637,Downton,GB,house,Q221075,28 Days Later,film,2002,tt0289043,50,21530,216.65,Cillian Murphy,Jim,,,,150,building/castle/station (house),,new_spot,wp_mention;needs_scene;needs_roles,https://www.wikidata.org/wiki/Q221075#P915 https://www.wikidata.org/wiki/Q7832424 https://en.wikipedia.org/wiki/Trafalgar_Park%2C_Wiltshire
wikidata,Q739976,Vaux-le-Vicomte,48.565832,2.714154,Maincy,FR,château,Q1123463,The Man in the Iron Mask,film,1998,tt0120744,45,61972,215.65,Leonardo DiCaprio,Louis XIV of France / Philippe,Gabriel Byrne,D'Artagnan,,150,building/castle/station (default),wikidata:Q739976,film_line_on_existing,wp_mention;needs_scene,https://www.wikidata.org/wiki/Q1123463#P915 https://www.wikidata.org/wiki/Q739976 https://en.wikipedia.org/wiki/Vaux-le-Vicomte
wikidata,Q187840,Palais Garnier,48.871944,2.331667,Paris,FR,opera house,Q64584978,Emily in Paris,tv,2020,tt8962124,41,180908,215.56,Lily Collins,Emily Cooper,Lucas Bravo,Gabriel,,150,building/castle/station (house),wikidata:Q187840,film_line_on_existing,no_wp_mention;needs_scene;cast_skips_unroled(Ashley Park),https://www.wikidata.org/wiki/Q64584978#P915 https://www.wikidata.org/wiki/Q187840 https://en.wikipedia.org/wiki/Palais_Garnier
wikidata,Q728399,Cinecittà,41.85,12.566667,Rome,IT,film studio,Q15631013,Everest,film,2015,tt2719848,45,60611,215.22,Jason Clarke,Rob Hall,Josh Brolin,Beck Weathers,,300,beach/park/ranch/set (studio),,new_spot,no_wp_mention;needs_scene;studio_backlot(film studio),https://www.wikidata.org/wiki/Q15631013#P915 https://www.wikidata.org/wiki/Q728399 https://en.wikipedia.org/wiki/Cinecitt%C3%A0
wikidata,Q1461848,Château de Ferrières,48.819722,2.711944,Ferrières-en-Brie,FR,château,Q19405,The Ninth Gate,film,1999,tt0142688,46,47665,215.2,Johnny Depp,Dean Corso,Lena Olin,Liana Telfer,,150,building/castle/station (default),,new_spot,wp_mention;needs_scene,https://www.wikidata.org/wiki/Q19405#P915 https://www.wikidata.org/wiki/Q1461848 https://en.wikipedia.org/wiki/Ch%C3%A2teau_de_Ferri%C3%A8res
wikidata,Q7372382,Stone Canyon Reservoir,34.1111,-118.454,California,US,reservoir,Q644987,Chinatown,film,1974,tt0071315,61,3353,215.06,Jack Nicholson,J. J. Gittes,John Huston,Noah Cross,,500,mountain/natural site (reservoir),,new_spot,wp_mention;needs_scene,https://www.wikidata.org/wiki/Q644987#P915 https://www.wikidata.org/wiki/Q7372382 https://en.wikipedia.org/wiki/Stone_Canyon_Reservoir
wikidata,Q173096,Euboea,38.5,24.0,Euboea regional unit,GR,island,Q97304180,Triangle of Sadness,film,2022,tt7322224,42,128839,214.62,,,,,,500,mountain/natural site (island),,new_spot,wp_mention;needs_scene;needs_roles;lead_without_role;large_area_centroid;area_too_large(3670km2),https://www.wikidata.org/wiki/Q97304180#P915 https://www.wikidata.org/wiki/Q173096 https://en.wikipedia.org/wiki/Euboea
wikidata,Q217202,Southern Carpathians,45.6,24.73,,RO,mountain range,Q390097,Cold Mountain,film,2003,tt0159365,50,19469,214.47,Jude Law,William W. P. Inman,Nicole Kidman,Ada Monroe,,500,mountain/natural site (mountain),,new_spot,no_wp_mention;needs_scene;not_a_spot(mountain range);large_area_centroid;no_city,https://www.wikidata.org/wiki/Q390097#P915 https://www.wikidata.org/wiki/Q217202 https://en.wikipedia.org/wiki/Southern_Carpathians
curated,Q781255,Xitang,30.94123,120.88725,Jiaxing,CN,village,Q288173,Mission: Impossible III,film,2006,tt0317919,56,6686,214.21,Tom Cruise,Ethan Hunt,Ving Rhames,Luther Stickell,The water town appears in the film's final sequences.,300,beach/park/ranch/set (curated class village),,new_spot,city_level_suspect,https://www.wikidata.org/wiki/Q781255 https://en.wikipedia.org/wiki/Mission%3A_Impossible_III https://en.wikipedia.org/wiki/Xitang
curated,Q676203,Machu Picchu,-13.163333,-72.545556,Cusco Department,PE,building,Q107174193,Transformers: Rise of the Beasts,film,2023,tt5090568,35,1297942,213.96,,,,,The film shot sequences at the citadel.,150,building/castle/station (curated class building),icon:Q676203,film_line_on_existing,scene_generic;needs_roles;lead_without_role,https://www.wikidata.org/wiki/Q676203 https://en.wikipedia.org/wiki/Machu_Picchu https://en.wikipedia.org/wiki/Transformers%3A_Rise_of_the_Beasts
curated,Q4111,Jiuzhaigou Valley,33.2,103.9,Sichuan,CN,natural,Q260379,Hero,film,2002,tt0299977,43,92910,213.63,,,,,The film's lake sequences were shot here.,500,mountain/natural site (curated class natural),icon:Q4111,film_line_on_existing,large_area_centroid;needs_roles;lead_without_role,https://www.wikidata.org/wiki/Q4111 https://en.wikipedia.org/wiki/Hero_%282002_film%29 https://en.wikipedia.org/wiki/Jiuzhaigou
wikidata,Q661896,Pinewood Studios,51.548611,-0.535,Iver,GB,film studio,Q13908,Hackers,film,1995,tt0113243,41,162271,213.62,Jonny Lee Miller,Dade Murphy,Laurence Mason,Lord Nikon,,300,beach/park/ranch/set (studio),,new_spot,no_wp_mention;needs_scene;cast_skips_unroled(Angelina Jolie);studio_backlot(film studio),https://www.wikidata.org/wiki/Q13908#P915 https://www.wikidata.org/wiki/Q661896 https://en.wikipedia.org/wiki/Pinewood_Studios
wikidata,Q661896,Pinewood Studios,51.548611,-0.535,Iver,GB,film studio,Q27590871,Paddington 2,film,2017,tt4468740,41,162271,213.62,,,,,,300,beach/park/ranch/set (studio),,new_spot,wp_mention;needs_scene;needs_roles;lead_without_role;studio_backlot(film studio),https://www.wikidata.org/wiki/Q27590871#P915 https://www.wikidata.org/wiki/Q661896 https://en.wikipedia.org/wiki/Pinewood_Studios
wikidata,Q661896,Pinewood Studios,51.548611,-0.535,Iver,GB,film studio,Q282804,United 93,film,2006,tt0475276,41,162271,213.62,Christian Clemenson,Tom Burnett,Cheyenne Jackson,Mark Bingham,,300,beach/park/ranch/set (studio),,new_spot,wp_mention;needs_scene;studio_backlot(film studio),https://www.wikidata.org/wiki/Q282804#P915 https://www.wikidata.org/wiki/Q661896 https://en.wikipedia.org/wiki/Pinewood_Studios
wikidata,Q661896,Pinewood Studios,51.548611,-0.535,Iver,GB,film studio,Q221587,Frenzy,film,1972,tt0068611,41,162271,213.62,,,,,,300,beach/park/ranch/set (studio),,new_spot,wp_mention;needs_scene;needs_roles;lead_without_role;studio_backlot(film studio),https://www.wikidata.org/wiki/Q221587#P915 https://www.wikidata.org/wiki/Q661896 https://en.wikipedia.org/wiki/Pinewood_Studios
wikidata,Q5087663,Chatham Historic Dockyard,51.3968,0.5294,Chatham,GB,maritime museum; military museum; independent museum,Q28234,Les Misérables,film,2012,tt1707386,51,15328,213.46,Hugh Jackman,Jean Valjean,Russell Crowe,Javert,,150,building/castle/station (museum),,new_spot,wp_mention;needs_scene;reuses_unstamped_row(wikidata:Q5087663),https://www.wikidata.org/wiki/Q28234#P915 https://www.wikidata.org/wiki/Q5087663 https://en.wikipedia.org/wiki/Chatham_Historic_Dockyard
wikidata,Q1156778,Manhattan Municipal Building,40.71292,-74.00354,New York City,US,skyscraper; Rathaus,Q615254,Crocodile Dundee,film,1986,tt0090555,46,43560,213.4,David Gulpilil,Neville Bell,,,,150,building/castle/station (skyscraper),wikidata:Q1156778,film_line_on_existing,no_wp_mention;needs_scene;needs_roles;lead_without_role;cast_skips_unroled(Paul Hogan),https://www.wikidata.org/wiki/Q615254#P915 https://www.wikidata.org/wiki/Q1156778 https://en.wikipedia.org/wiki/Manhattan_Municipal_Building
wikidata,Q891095,Villa Erba,45.83808,9.07719,Cernobbio,IT,villa; architectural ensemble; trophy property,Q504053,Ocean's Twelve,film,2004,tt0349903,51,15240,213.33,George Clooney,Danny Ocean,Brad Pitt,Rusty Ryan,,120,square/bridge/viaduct (arch),,new_spot,wp_mention;needs_scene,https://www.wikidata.org/wiki/Q504053#P915 https://www.wikidata.org/wiki/Q891095 https://en.wikipedia.org/wiki/Villa_Erba
wikidata,Q45523,Brisbane Airport,-27.383333,153.118333,Queensland,AU,international airport; airport; commercial traffic aerodrome,Q936302,Scooby-Doo,film,2002,tt0267913,42,118984,213.17,Sarah Michelle Gellar,Daphne Blake,Freddie Prinze Jr.,Fred Jones,,150,building/castle/station (default),,new_spot,no_wp_mention;needs_scene;class_ban(airport),https://www.wikidata.org/wiki/Q936302#P915 https://www.wikidata.org/wiki/Q45523 https://en.wikipedia.org/wiki/Brisbane_Airport
wikidata,Q680166,Schleißheim palace complex,48.248611,11.568333,Oberschleißheim,DE,château; architectural ensemble; summer residence; royal palace,Q747936,Paths of Glory,film,1957,tt0050825,50,18274,213.09,Kirk Douglas,Col. Dax,George Macready,Gen. Paul Mireau,,120,square/bridge/viaduct (arch),wikidata:Q680166,film_line_on_existing,wp_mention;needs_scene,https://www.wikidata.org/wiki/Q747936#P915 https://www.wikidata.org/wiki/Q680166 https://en.wikipedia.org/wiki/Schleissheim_Palace
wikidata,Q6063486,Iona University,40.927222,-73.786389,New Rochelle,US,university; private not-for-profit educational institution,Q30203425,The Post,film,2017,tt6294822,47,33856,212.89,Tom Hanks,Ben Bradlee,Meryl Streep,Katharine Graham,,150,building/castle/station (default),,new_spot,no_wp_mention;needs_scene,https://www.wikidata.org/wiki/Q30203425#P915 https://www.wikidata.org/wiki/Q6063486 https://en.wikipedia.org/wiki/Iona_University
wikidata,Q1766982,Westin Grand Berlin,52.5161,13.3886,Berlin,DE,hotel,Q156608,The Bourne Supremacy,film,2004,tt0372183,59,4039,212.78,Franka Potente,Marie Kreutz,Brian Cox,Ward Abbott,,150,building/castle/station (hotel),,new_spot,wp_mention;needs_scene;possible_dup:near_stamp_distinct_item(Komische Oper Berlin|118m);inside_stamp_footprint(wikidata:Q699504|360m),https://www.wikidata.org/wiki/Q156608#P915 https://www.wikidata.org/wiki/Q1766982 https://en.wikipedia.org/wiki/The_Westin_Grand_Berlin
wikidata,Q695194,Rathaus Schöneberg,52.485,13.344167,Berlin,DE,Rathaus,Q468697,Run Lola Run,film,1998,tt0130827,54,8687,212.7,Franka Potente,Lola,Moritz Bleibtreu,Manni,,150,building/castle/station (default),wikidata:Q695194,film_line_on_existing,no_wp_mention;needs_scene,https://www.wikidata.org/wiki/Q468697#P915 https://www.wikidata.org/wiki/Q695194 https://en.wikipedia.org/wiki/Rathaus_Sch%C3%B6neberg
curated,Q2190649,Gayer-Anderson Museum,30.0284,31.2507,Cairo Governorate,EG,building,Q320423,The Spy Who Loved Me,film,1977,tt0076752,55,7347,212.64,Roger Moore,James Bond,Bernard Lee,M,Scenes were shot in the museum's reception hall and on its rooftop terrace.,150,building/castle/station (curated class building),,new_spot,also_in_wikidata;possible_dup:near_stamp_distinct_item(Ibn Tulun Mosque|119m);reuses_unstamped_row(wikidata:Q2190649),https://www.wikidata.org/wiki/Q2190649 https://en.wikipedia.org/wiki/Gayer-Anderson_Museum https://en.wikipedia.org/wiki/The_Spy_Who_Loved_Me_%28film%29
curated,Q478926,Casa Rosada,-34.608056,-58.370278,Buenos Aires,AR,building,Q245271,Evita,film,1996,tt0116250,45,51615,212.08,Madonna,Eva Perón,Antonio Banderas,Ché,"The crew was allowed to film at the palace, setting of the song ""On the Balcony of the Casa Rosada"".",150,building/castle/station (curated class building),icon:Q478926,film_line_on_existing,,https://www.wikidata.org/wiki/Q478926 https://en.wikipedia.org/wiki/Evita_%281996_film%29
wikidata,Q579004,Ely Cathedral,52.398611,0.263889,Ely,GB,Anglican or Episcopal cathedral,Q470073,The Other Boleyn Girl,film,2008,tt0467200,42,111632,212.01,Natalie Portman,Anne Boleyn,Scarlett Johansson,Mary Boleyn,,150,building/castle/station (cathedral),wikidata:Q579004,film_line_on_existing,wp_mention;needs_scene,https://www.wikidata.org/wiki/Q470073#P915 https://www.wikidata.org/wiki/Q579004 https://en.wikipedia.org/wiki/Ely_Cathedral
wikidata,Q16974828,Englefield House,51.4431,-1.10603,Englefield,GB,country house,Q391101,Agatha Christie's Poirot,tv,1989,tt0094525,43,84916,211.95,David Suchet,Hercule Poirot,Hugh Fraser,Arthur Hastings,,150,building/castle/station (house),,new_spot,via_season_or_episode;wp_mention;needs_scene;not_a_spot(country),https://www.wikidata.org/wiki/Q391101#P915 https://www.wikidata.org/wiki/Q16974828 https://en.wikipedia.org/wiki/Englefield_House
wikidata,Q27150180,Ski Inn,33.353632,-115.733569,,,enterprise,Q204228,The Mentalist,tv,2008,tt1196946,59,3902,211.89,Simon Baker,Patrick Jane,Robin Tunneyio,Teresa Lisbon,,150,building/castle/station (default),,new_spot,via_season_or_episode;wp_mention;needs_scene;large_cast(160);not_a_spot(enterprise);no_city;no_country,https://www.wikidata.org/wiki/Q204228#P915 https://www.wikidata.org/wiki/Q27150180 https://en.wikipedia.org/wiki/Ski_Inn
wikidata,Q3397034,Llyn y Fan Fach,51.881944,-3.741944,Llanddeusant,GB,lake; reservoir,Q244398,Stardust,film,2007,tt0486655,51,13886,211.27,Charlie Cox,Tristan Thorn,,,,500,mountain/natural site (lake),,new_spot,no_wp_mention;needs_scene;needs_roles;large_area_centroid,https://www.wikidata.org/wiki/Q244398#P915 https://www.wikidata.org/wiki/Q3397034 https://en.wikipedia.org/wiki/Llyn_y_Fan_Fach
wikidata,Q5594275,Grand Avenue,34.0553,-118.249,Los Angeles County,US,street,Q171711,Star Trek Into Darkness,film,2013,tt1408101,59,3767,210.99,Zoe Saldaña,Nyota Uhura,John Cho,Hikaru Sulu,,60,stairs/street/cafe/shop (street),,new_spot,no_wp_mention;needs_scene;possible_dup:near_stamp_distinct_item(Walt Disney Concert Hall|74m),https://www.wikidata.org/wiki/Q171711#P915 https://www.wikidata.org/wiki/Q5594275 https://en.wikipedia.org/wiki/Grand_Avenue_%28Los_Angeles%29
wikidata,Q26995756,Ministry of the Economy and Finance building,48.840437,2.376564,Paris,FR,building complex; ministry building,Q29261993,Mission: Impossible – Fallout,film,2018,tt4912910,55,6817,210.85,Rebecca Ferguson,Ilsa Faust,Henry Cavill,August Walker,,150,building/castle/station (building),,new_spot,no_wp_mention;needs_scene,https://www.wikidata.org/wiki/Q29261993#P915 https://www.wikidata.org/wiki/Q26995756 https://en.wikipedia.org/wiki/Ministry_of_the_Economy_and_Finance_building
wikidata,Q5288554,Edward L. Doheny Jr. Memorial Library,34.0201,-118.2838,Los Angeles,US,academic library; university building,Q217627,The Graduate,film,1967,tt0061722,58,4301,210.75,,,,,,150,building/castle/station (building),,new_spot,wp_mention;needs_scene;needs_roles;lead_without_role,https://www.wikidata.org/wiki/Q217627#P915 https://www.wikidata.org/wiki/Q5288554 https://en.wikipedia.org/wiki/Doheny_Library
wikidata,Q3295796,Lake Lanier,34.24,-83.95,Forsyth County,US,reservoir,Q25205293,Ozark,tv,2017,tt5071412,40,182847,210.48,,,,,,500,mountain/natural site (reservoir),wikidata:Q3295796,film_line_on_existing,wp_mention;needs_scene;needs_roles;lead_without_role,https://www.wikidata.org/wiki/Q25205293#P915 https://www.wikidata.org/wiki/Q3295796 https://en.wikipedia.org/wiki/Lake_Lanier
wikidata,Q15523,Lake Como,46.0,9.266667,Lombardy,IT,glacial lake,Q60462338,Andor,tv,2022,tt9253284,38,345247,210.45,Diego Luna,Cassian Andor,Stellan Skarsgård,Luthen Rael,,500,mountain/natural site (lake),icon:Q15523,film_line_on_existing,no_wp_mention;needs_scene;large_area_centroid,https://www.wikidata.org/wiki/Q60462338#P915 https://www.wikidata.org/wiki/Q15523 https://en.wikipedia.org/wiki/Lake_Como
wikidata,Q456685,Ambassador Hotel,34.059722,-118.297222,Los Angeles,US,hotel building,Q212156,Angel,tv,1999,tt0162065,42,101932,210.35,David Boreanaz,Angel,Charisma Carpenter,Cordelia Chase,,150,building/castle/station (building),,new_spot,wp_mention;needs_scene;large_cast(94);demolished_or_closed(2006),https://www.wikidata.org/wiki/Q212156#P915 https://www.wikidata.org/wiki/Q456685 https://en.wikipedia.org/wiki/Ambassador_Hotel_%28Los_Angeles%29
wikidata,Q3194285,Kaufman Astoria Studios,40.756667,-73.924722,New York City,US,film studio,Q494048,The Bourne Legacy,film,2012,tt1194173,46,37282,210.29,Jeremy Renner,Aaron Cross,Rachel Weisz,Dr. Marta Shearing,,300,beach/park/ranch/set (studio),,new_spot,wp_mention;needs_scene;studio_backlot(film studio),https://www.wikidata.org/wiki/Q494048#P915 https://www.wikidata.org/wiki/Q3194285 https://en.wikipedia.org/wiki/Kaufman_Astoria_Studios
wikidata,Q1854102,Palais Brongniart,48.869169,2.340828,Paris,FR,building,Q29261993,Mission: Impossible – Fallout,film,2018,tt4912910,55,6539,209.86,Rebecca Ferguson,Ilsa Faust,Henry Cavill,August Walker,,150,building/castle/station (building),,new_spot,no_wp_mention;needs_scene,https://www.wikidata.org/wiki/Q29261993#P915 https://www.wikidata.org/wiki/Q1854102 https://en.wikipedia.org/wiki/Palais_Brongniart
wikidata,Q1241943,Narragansett Bay,41.6,-71.35,Massachusetts,US,bay,Q217112,Moonrise Kingdom,film,2012,tt1748122,46,36290,209.75,,,,,,500,mountain/natural site (bay),,new_spot,wp_mention;needs_scene;needs_roles;lead_without_role;large_area_centroid,https://www.wikidata.org/wiki/Q217112#P915 https://www.wikidata.org/wiki/Q1241943 https://en.wikipedia.org/wiki/Narragansett_Bay
wikidata,Q2078595,Walt Disney Studios,34.1571,-118.3257,Burbank,US,film studio; corporate headquarters,Q64110,"20,000 Leagues Under the Sea",film,1954,tt0046672,41,130510,209.74,Ted de Corsia,Farragut,Robert J. Wilke,first mate of Nautilus,,300,beach/park/ranch/set (studio),,new_spot,wp_mention;needs_scene;studio_backlot(film studio);class_ban(corporate headquarters);reuses_unstamped_row(wikidata:Q2078595),https://www.wikidata.org/wiki/Q64110#P915 https://www.wikidata.org/wiki/Q2078595 https://en.wikipedia.org/wiki/Walt_Disney_Studios_%28Burbank%29
wikidata,Q1066807,Northern California,38.2813,-120.905,California,US,region,Q5174583,Cosmos: A Spacetime Odyssey,tv,2014,tt2395695,40,174265,209.65,,,,,,150,building/castle/station (default),,new_spot,no_wp_mention;needs_scene;needs_roles;lead_without_role;not_a_spot(region),https://www.wikidata.org/wiki/Q5174583#P915 https://www.wikidata.org/wiki/Q1066807 https://en.wikipedia.org/wiki/Northern_California
wikidata,Q1802429,St. Andrew's School,39.4329,-75.6885,Delaware,US,boarding school,Q3577037,The West Wing,tv,1999,tt0200276,47,28285,209.22,Martin Sheen,Josiah Bartlet,Richard Schiff,Toby Ziegler,,150,building/castle/station (school),,new_spot,via_season_or_episode;wp_mention;needs_scene,https://www.wikidata.org/wiki/Q3577037#P915 https://www.wikidata.org/wiki/Q1802429 https://en.wikipedia.org/wiki/St._Andrew%27s_School_%28Delaware%29
wikidata,Q756819,Strand,51.5114,-0.119,London,GB,street,Q901140,The Day of the Jackal,film,1973,tt0069947,43,72988,209.12,Edward Fox,Jackal,Jean Sorel,Jean-Marie Bastien-Thiry,,60,stairs/street/cafe/shop (street),,new_spot,no_wp_mention;needs_scene;cast_skips_unroled(Michael Lonsdale);possible_dup:near_stamp_distinct_item(Lyceum Theatre|56m);possible_dup:near_stamp_distinct_item(Novello Theatre|112m);possible_dup:near_stamp_distinct_item(Somerset House|117m);possible_dup:near_stamp(wikidata:Q536866|170m),https://www.wikidata.org/wiki/Q901140#P915 https://www.wikidata.org/wiki/Q756819 https://en.wikipedia.org/wiki/Strand%2C_London
wikidata,Q1814818,Lloyd's building,51.513056,-0.0825,City of London,GB,tower block; administrative building,Q13908,Hackers,film,1995,tt0113243,41,123858,208.81,Jonny Lee Miller,Dade Murphy,Laurence Mason,Lord Nikon,,150,building/castle/station (building),wikidata:Q1814818,film_line_on_existing,no_wp_mention;needs_scene;cast_skips_unroled(Angelina Jolie),https://www.wikidata.org/wiki/Q13908#P915 https://www.wikidata.org/wiki/Q1814818 https://en.wikipedia.org/wiki/Lloyd%27s_building
wikidata,Q692578,Dolder Grand,47.372806,8.573167,Zurich,CH,hotel; hotel building,Q474093,The Girl with the Dragon Tattoo,film,2011,tt1568346,50,14888,208.64,Daniel Craig,Mikael Blomkvist,Rooney Mara,Lisbeth Salander,,150,building/castle/station (building),,new_spot,wp_mention;needs_scene,https://www.wikidata.org/wiki/Q474093#P915 https://www.wikidata.org/wiki/Q692578 https://en.wikipedia.org/wiki/Dolder_Grand
wikidata,Q661896,Pinewood Studios,51.548611,-0.535,Iver,GB,film studio,Q1162728,Hellraiser,film,1987,tt0093177,40,162271,208.41,Ashley Laurence,Kirsty Cotton,Doug Bradley,Pinhead,,300,beach/park/ranch/set (studio),,new_spot,no_wp_mention;needs_scene;cast_skips_unroled(Andrew Robinson);studio_backlot(film studio),https://www.wikidata.org/wiki/Q1162728#P915 https://www.wikidata.org/wiki/Q661896 https://en.wikipedia.org/wiki/Pinewood_Studios
wikidata,Q1049842,Kilmainham Gaol,53.341667,-6.309444,Dublin,IE,prison museum; defunct prison,Q304074,In the Name of the Father,film,1993,tt0107207,43,69670,208.25,Daniel Day-Lewis,Gerry Conlon,Emma Thompson,Gareth Peirce,,150,building/castle/station (museum),wikidata:Q1049842,film_line_on_existing,wp_mention;needs_scene;review_class(prison),https://www.wikidata.org/wiki/Q304074#P915 https://www.wikidata.org/wiki/Q1049842 https://en.wikipedia.org/wiki/Kilmainham_Gaol
curated,Q17052246,Kellie's Castle,4.474361,101.087806,Batu Gajah,MY,castle,Q563743,Anna and the King,film,1999,tt0166485,46,33641,208.24,Jodie Foster,Anna Leonowens,Chow Yun-fat,Mongkut,The castle was used as a setting in the film.,150,building/castle/station (curated class castle),wikidata:Q17052246,film_line_on_existing,scene_generic,https://www.wikidata.org/wiki/Q17052246 https://en.wikipedia.org/wiki/Kellie%27s_Castle
curated,Q485409,Yongpyong Resort,37.643,128.682,Daegwallyeong-myeon,KR,park,Q24859151,Guardian: The Lonely and Great God,tv,2016,tt5994364,55,5952,207.61,,,,,The resort was featured in the drama.,300,beach/park/ranch/set (curated class park),wikidata:Q485409,film_line_on_existing,scene_generic;needs_roles;lead_without_role,https://www.wikidata.org/wiki/Q485409 https://en.wikipedia.org/wiki/Mona_Yongpyong
wikidata,Q3501089,Elstree Studios,51.6587,-0.2758,Hertsmere,GB,film studio; television studio; film production company,Q24797403,Wicked,film,2024,tt1262426,46,31886,207.17,Ariana Grande,Glinda the Good Witch,Cynthia Erivo,Elphaba,,300,beach/park/ranch/set (studio),,new_spot,no_wp_mention;needs_scene;not_a_spot(film production company);studio_backlot(film studio),https://www.wikidata.org/wiki/Q24797403#P915 https://www.wikidata.org/wiki/Q3501089 https://en.wikipedia.org/wiki/Elstree_Studios
wikidata,Q7936468,Vista Theatre,34.098389,-118.287,Los Angeles,US,theatre building; movie theater; built structure,Q1127709,True Romance,film,1993,tt0108399,45,40039,207.11,Val Kilmer,Elvis Presley,,,,150,building/castle/station (building),,new_spot,wp_mention;needs_scene;needs_roles;lead_without_role;cast_skips_unroled(Christian Slater);reuses_unstamped_row(wikidata:Q7936468),https://www.wikidata.org/wiki/Q1127709#P915 https://www.wikidata.org/wiki/Q7936468 https://en.wikipedia.org/wiki/Vista_Theatre_%28Los_Angeles%29
wikidata,Q19835,"Warner Bros. Studios, Leavesden",51.693333,-0.419722,Abbots Langley,GB,film studio; film set,Q94998134,Zack Snyder's Justice League,film,2021,tt12361974,43,65379,207.06,Harry Lennix,Calvin Swanwick,Ben Affleck,Batman,,300,beach/park/ranch/set (film set),,new_spot,no_wp_mention;needs_scene;possible_dup:near_stamp(icon:Q27924395|339m),https://www.wikidata.org/wiki/Q94998134#P915 https://www.wikidata.org/wiki/Q19835 https://en.wikipedia.org/wiki/Warner_Bros._Studios_Leavesden
wikidata,Q19835,"Warner Bros. Studios, Leavesden",51.693333,-0.419722,Abbots Langley,GB,film studio; film set,Q108456719,Wonka,film,2023,tt6166392,43,65379,207.06,Timothée Chalamet,Willy Wonka,Gustave Die,Ship's Engineer,,300,beach/park/ranch/set (film set),,new_spot,no_wp_mention;needs_scene;possible_dup:near_stamp(icon:Q27924395|339m),https://www.wikidata.org/wiki/Q108456719#P915 https://www.wikidata.org/wiki/Q19835 https://en.wikipedia.org/wiki/Warner_Bros._Studios_Leavesden
wikidata,Q2281281,Rhode Island State House,41.8309,-71.41496,Providence,US,capitol building,Q472361,Amistad,film,1997,tt0118607,48,20577,207.04,Anthony Hopkins,John Quincy Adams,Morgan Freeman,Theodore Joadson,,150,building/castle/station (building),wikidata:Q2281281,film_line_on_existing,wp_mention;needs_scene,https://www.wikidata.org/wiki/Q472361#P915 https://www.wikidata.org/wiki/Q2281281 https://en.wikipedia.org/wiki/Rhode_Island_State_House
curated,Q740442,Hengdian World Studios,29.179068,120.298083,Hengdian,CN,set,Q260379,Hero,film,2002,tt0299977,43,64229,206.73,,,,,The studio's palace set was the backdrop for Emperor Qin's palace.,300,beach/park/ranch/set (curated class set),wikidata:Q740442,film_line_on_existing,needs_roles;lead_without_role,https://www.wikidata.org/wiki/Q740442 https://en.wikipedia.org/wiki/Hengdian_World_Studios
wikidata,Q1641836,Los Angeles County Museum of Art,34.063333,-118.359167,Los Angeles,US,museum; nonprofit organization; art museum,Q13409848,The Heirs,tv,2013,tt3243098,43,64121,206.7,,,,,,150,building/castle/station (museum),,new_spot,no_wp_mention;needs_scene;needs_roles;lead_without_role;reuses_unstamped_row(wikidata:Q1641836),https://www.wikidata.org/wiki/Q13409848#P915 https://www.wikidata.org/wiki/Q1641836 https://en.wikipedia.org/wiki/Los_Angeles_County_Museum_of_Art
wikidata,Q668382,Leipzig/Halle Airport,51.423992,12.236383,Schkeuditz,DE,commercial airport,Q158759,Unknown,film,2011,tt1401152,43,63908,206.64,Liam Neeson,Dr. Martin Harris,Diane Kruger,Gina,,150,building/castle/station (default),,new_spot,wp_mention;needs_scene;class_ban(airport),https://www.wikidata.org/wiki/Q158759#P915 https://www.wikidata.org/wiki/Q668382 https://en.wikipedia.org/wiki/Leipzig/Halle_Airport
wikidata,Q1097,Berlin Central Station,52.525083,13.369389,Berlin,DE,multi-level interchange railway station; underground railway station; elevated station; central station,Q158759,Unknown,film,2011,tt1401152,43,63591,206.55,Liam Neeson,Dr. Martin Harris,Diane Kruger,Gina,,150,building/castle/station (station),,new_spot,wp_mention;needs_scene,https://www.wikidata.org/wiki/Q158759#P915 https://www.wikidata.org/wiki/Q1097 https://en.wikipedia.org/wiki/Berlin_Hauptbahnhof
wikidata,Q7802876,Tillman Water Reclamation Plant,34.1835,-118.479,California,US,wastewater treatment plant,Q156329,Star Trek: Voyager,tv,1995,tt0112178,52,9307,206.38,Robert Picardo,Doctor,Kate Mulgrew,Kathryn Janeway,,150,building/castle/station (default),,new_spot,via_season_or_episode;no_wp_mention;needs_scene,https://www.wikidata.org/wiki/Q156329#P915 https://www.wikidata.org/wiki/Q7802876 https://en.wikipedia.org/wiki/Tillman_Water_Reclamation_Plant
wikidata,Q201603,Simon Fraser University,49.278176,-122.919394,Vancouver,CA,charitable organization; educational institution; public research university; university in British Columbia,Q1049139,Spy Game,film,2001,tt0266987,40,141801,206.07,,,,,,60,stairs/street/cafe/shop (pub),,new_spot,no_wp_mention;needs_scene;needs_roles;lead_without_role;not_a_spot(organization),https://www.wikidata.org/wiki/Q1049139#P915 https://www.wikidata.org/wiki/Q201603 https://en.wikipedia.org/wiki/Simon_Fraser_University
wikidata,Q5351602,El Mirage Lake,34.647,-117.600011,San Bernardino County,US,dry lake,Q156329,Star Trek: Voyager,tv,1995,tt0112178,52,9074,205.81,Robert Picardo,Doctor,Kate Mulgrew,Kathryn Janeway,,500,mountain/natural site (lake),,new_spot,via_season_or_episode;no_wp_mention;needs_scene;large_area_centroid;reuses_unstamped_row(wikidata:Q5351602),https://www.wikidata.org/wiki/Q156329#P915 https://www.wikidata.org/wiki/Q5351602 https://en.wikipedia.org/wiki/El_Mirage_Lake
wikidata,Q5468939,Forest Hill,37.74803,-122.45914,San Francisco,US,tram stop; underground station,Q110206,Dirty Harry,film,1971,tt0066999,56,4725,205.77,Clint Eastwood,Harry Callahan,,,,150,building/castle/station (station),,new_spot,wp_mention;needs_scene;needs_roles,https://www.wikidata.org/wiki/Q110206#P915 https://www.wikidata.org/wiki/Q5468939 https://en.wikipedia.org/wiki/Forest_Hill_station_%28Muni_Metro%29
wikidata,Q2443707,Kedleston Hall,52.959167,-1.535833,Kedleston,GB,English country house; historic house museum,Q17361809,The Legend of Tarzan,film,2016,tt0918940,45,37130,205.64,Alexander Skarsgård,Tarzan,Margot Robbie,Jane Porter,,150,building/castle/station (museum),wikidata:Q2443707,film_line_on_existing,wp_mention;needs_scene,https://www.wikidata.org/wiki/Q17361809#P915 https://www.wikidata.org/wiki/Q2443707 https://en.wikipedia.org/wiki/Kedleston_Hall
wikidata,Q3030313,Golden Oak Ranch,34.374,-118.478,Canyon Country,US,backlot,Q108774,Star Trek: Deep Space Nine,tv,1993,tt0106145,48,19208,205.61,Avery Brooks,Benjamin Sisko,René Auberjonois,Odo,,150,building/castle/station (default),,new_spot,via_season_or_episode;no_wp_mention;needs_scene;studio_backlot(backlot);reuses_unstamped_row(wikidata:Q3030313),https://www.wikidata.org/wiki/Q108774#P915 https://www.wikidata.org/wiki/Q3030313 https://en.wikipedia.org/wiki/Golden_Oak_Ranch
wikidata,Q953716,Goodwood Circuit,50.8594,-0.759167,West Sussex,GB,motorsport racing track,Q14488725,The Man from U.N.C.L.E.,film,2015,tt1638355,45,36803,205.47,Henry Cavill,Napoleon Solo,Armie Hammer,Illya Kuryakin,,150,building/castle/station (default),wikidata:Q953716,film_line_on_existing,no_wp_mention;needs_scene,https://www.wikidata.org/wiki/Q14488725#P915 https://www.wikidata.org/wiki/Q953716 https://en.wikipedia.org/wiki/Goodwood_Circuit
wikidata,Q1347588,Lake Pukaki,-44.116667,170.166667,Canterbury Region,NZ,lake,Q24284283,Mulan,film,2020,tt4566758,48,19081,205.47,Liu Yifei,Mulan,,,,500,mountain/natural site (lake),,new_spot,no_wp_mention;needs_scene;needs_roles;large_area_centroid;area_too_large(163km2),https://www.wikidata.org/wiki/Q24284283#P915 https://www.wikidata.org/wiki/Q1347588 https://en.wikipedia.org/wiki/Lake_Pukaki
wikidata,Q456685,Ambassador Hotel,34.059722,-118.297222,Los Angeles,US,hotel building,Q571197,Tango & Cash,film,1989,tt0098439,41,101932,205.34,,,,,,150,building/castle/station (building),,new_spot,no_wp_mention;needs_scene;needs_roles;lead_without_role;demolished_or_closed(2006),https://www.wikidata.org/wiki/Q571197#P915 https://www.wikidata.org/wiki/Q456685 https://en.wikipedia.org/wiki/Ambassador_Hotel_%28Los_Angeles%29
wikidata,Q5706359,Hell's Half Acre,43.0381,-107.093,Natrona County,US,cuesta,Q478626,Starship Troopers,film,1997,tt0120201,49,15306,205.06,Casper Van Dien,Juan Rico,Bruce Gray,Sky Marshall Dienes,,150,building/castle/station (default),,new_spot,"wp_mention;needs_scene;lead_without_role;cast_skips_unroled(Dina Meyer, Denise Richards)",https://www.wikidata.org/wiki/Q478626#P915 https://www.wikidata.org/wiki/Q5706359 https://en.wikipedia.org/wiki/Hell%27s_Half_Acre_%28Wyoming%29
wikidata,Q243921,555 California Street,37.792081,-122.403764,San Francisco,US,skyscraper,Q372959,The Towering Inferno,film,1974,tt0072308,45,35990,205.03,Steve McQueen,Michael O'Hallorhan,Paul Newman,Doug Roberts,,150,building/castle/station (skyscraper),,new_spot,wp_mention;needs_scene,https://www.wikidata.org/wiki/Q372959#P915 https://www.wikidata.org/wiki/Q243921 https://en.wikipedia.org/wiki/555_California_Street
wikidata,Q7641261,Sunset Gower Studios,34.096111,-118.321111,Los Angeles,US,film studio; film production company,Q208647,Married... with Children,tv,1987,tt0092400,48,18487,204.81,Ed O'Neill,Al Bundy,Christina Applegate,Kelly Bundy,,300,beach/park/ranch/set (studio),,new_spot,wp_mention;needs_scene;not_a_spot(film production company);studio_backlot(film studio),https://www.wikidata.org/wiki/Q208647#P915 https://www.wikidata.org/wiki/Q7641261 https://en.wikipedia.org/wiki/Sunset_Gower_Studios
curated,Q943856,Chungking Mansions,22.296389,114.172778,Hong Kong,HK,building,Q766263,Chungking Express,film,1994,tt0109424,41,97854,204.61,,,,,The building gives the film its title; much of the first story takes place here.,150,building/castle/station (curated class building),,new_spot,needs_roles;lead_without_role,https://www.wikidata.org/wiki/Q943856 https://en.wikipedia.org/wiki/Chungking_Express https://en.wikipedia.org/wiki/Chungking_Mansions
wikidata,Q214788,London Paddington station,51.516667,-0.177222,London,GB,dead-end railway station; railway station; underground station; station located on surface,Q27590871,Paddington 2,film,2017,tt4468740,41,96938,204.45,,,,,,150,building/castle/station (station),,new_spot,no_wp_mention;needs_scene;needs_roles;lead_without_role,https://www.wikidata.org/wiki/Q27590871#P915 https://www.wikidata.org/wiki/Q214788 https://en.wikipedia.org/wiki/London_Paddington_station
wikidata,Q6523617,Leo Carrillo State Park,34.0444,-118.934,Los Angeles County,US,California state park,Q275187,Letters from Iwo Jima,film,2006,tt0498380,53,7095,204.1,Ken Watanabe,Tadamichi Kuribayashi,Kazunari Ninomiya,Private First Class Saigo,,300,beach/park/ranch/set (park),,new_spot,no_wp_mention;needs_scene;large_area_centroid;reuses_unstamped_row(wikidata:Q6523617),https://www.wikidata.org/wiki/Q275187#P915 https://www.wikidata.org/wiki/Q6523617 https://en.wikipedia.org/wiki/Leo_Carrillo_State_Park
wikidata,Q1814818,Lloyd's building,51.513056,-0.0825,City of London,GB,tower block; administrative building,Q1049139,Spy Game,film,2001,tt0266987,40,123858,203.72,,,,,,150,building/castle/station (building),wikidata:Q1814818,film_line_on_existing,no_wp_mention;needs_scene;needs_roles;lead_without_role,https://www.wikidata.org/wiki/Q1049139#P915 https://www.wikidata.org/wiki/Q1814818 https://en.wikipedia.org/wiki/Lloyd%27s_building
wikidata,Q965011,Millard House,34.155444,-118.161778,Pasadena,US,Textile block house,Q108774,Star Trek: Deep Space Nine,tv,1993,tt0106145,48,17401,203.55,Avery Brooks,Benjamin Sisko,René Auberjonois,Odo,,150,building/castle/station (house),,new_spot,via_season_or_episode;wp_mention;needs_scene,https://www.wikidata.org/wiki/Q108774#P915 https://www.wikidata.org/wiki/Q965011 https://en.wikipedia.org/wiki/Millard_House_%28Pasadena%2C_California%29
wikidata,Q3267914,Luton Hoo,51.85464,-0.3977,Hyde,GB,English country house; country house hotel,Q65032692,Enola Holmes,film,2020,tt7846844,45,33147,203.42,Millie Bobby Brown,Enola Holmes,Henry Cavill,Sherlock Holmes,,150,building/castle/station (hotel),,new_spot,wp_mention;needs_scene;not_a_spot(country),https://www.wikidata.org/wiki/Q65032692#P915 https://www.wikidata.org/wiki/Q3267914 https://en.wikipedia.org/wiki/Luton_Hoo
wikidata,Q5330860,Easton Neston,52.1376,-0.976343,Easton Neston,GB,country house,Q1768437,Rush,film,2013,tt1979320,48,17134,203.23,Chris Hemsworth,James Hunt,Daniel Brühl,Niki Lauda,,150,building/castle/station (house),,new_spot,no_wp_mention;needs_scene;not_a_spot(country),https://www.wikidata.org/wiki/Q1768437#P915 https://www.wikidata.org/wiki/Q5330860 https://en.wikipedia.org/wiki/Easton_Neston_house
wikidata,Q3496877,Voie Georges-Pompidou,48.8637,2.32171,Paris,FR,thoroughfare; greenway; car-free place,Q105624,The Bourne Identity,film,2002,tt0258463,62,1859,202.71,Matt Damon,Jason Bourne,Franka Potente,Marie Kreutz,,150,building/castle/station (default),,new_spot,no_wp_mention;needs_scene;possible_dup:near_stamp_distinct_item(L'Orangerie|42m);inside_stamp_footprint(wikidata:Q818517|322m),https://www.wikidata.org/wiki/Q105624#P915 https://www.wikidata.org/wiki/Q3496877 https://en.wikipedia.org/wiki/Voie_Georges-Pompidou
wikidata,Q934359,Nysted Wind Farm,54.5349,11.6672,,DK,offshore wind farm,Q63985561,Tenet,film,2020,tt6723592,59,2713,202.58,,,,,,300,beach/park/ranch/set (farm),,new_spot,"wp_mention;needs_scene;needs_roles;lead_without_role;not_a_spot(power station, no visitor class);no_city",https://www.wikidata.org/wiki/Q63985561#P915 https://www.wikidata.org/wiki/Q934359 https://en.wikipedia.org/wiki/Nysted_Wind_Farm
wikidata,Q5092482,Cherry Street Strauss Trunnion Bascule Bridge,43.6413,-79.349,Toronto,CA,bascule bridge,Q466611,The Incredible Hulk,film,2008,tt0800080,63,1634,202.45,Edward Norton,Bruce Banner,Liv Tyler,Betty Ross,,120,square/bridge/viaduct (bridge),,new_spot,no_wp_mention;needs_scene,https://www.wikidata.org/wiki/Q466611#P915 https://www.wikidata.org/wiki/Q5092482 https://en.wikipedia.org/wiki/Cherry_Street_Strauss_Trunnion_Bascule_Bridge
wikidata,Q5438774,Fawley Power Station,50.8167,-1.32888,Fawley,GB,power station,Q17548046,Mission: Impossible – Rogue Nation,film,2015,tt2381249,53,6585,202.39,Tom Cruise,Ethan Hunt,Jeremy Renner,William Brandt,,150,building/castle/station (station),,new_spot,"wp_mention;needs_scene;not_a_spot(power station, no visitor class)",https://www.wikidata.org/wiki/Q17548046#P915 https://www.wikidata.org/wiki/Q5438774 https://en.wikipedia.org/wiki/Fawley_Power_Station
wikidata,Q2982354,59th Street–Columbus Circle,40.768056,-73.981944,New York City,US,metro station; underground station,Q615254,Crocodile Dundee,film,1986,tt0090555,46,24956,202.27,David Gulpilil,Neville Bell,,,,150,building/castle/station (station),curated:united-states-new-york-columbus-circle,film_line_on_existing,no_wp_mention;needs_scene;needs_roles;lead_without_role;cast_skips_unroled(Paul Hogan),https://www.wikidata.org/wiki/Q615254#P915 https://www.wikidata.org/wiki/Q2982354 https://en.wikipedia.org/wiki/59th_Street%E2%80%93Columbus_Circle_station
curated,Q548679,Marina Bay Sands,1.2825,103.86,Singapore,SG,building,Q29588623,Crazy Rich Asians,film,2018,tt3104988,37,291844,202.21,,,,,The film's closing scenes are set at the hotel.,150,building/castle/station (curated class building),icon:Q548679,film_line_on_existing,needs_roles;lead_without_role,https://www.wikidata.org/wiki/Q548679 https://en.wikipedia.org/wiki/Crazy_Rich_Asians https://en.wikipedia.org/wiki/Marina_Bay_Sands
wikidata,Q154996,Charlottenburg Palace,52.521111,13.295833,Berlin,DE,museum; château; summer residence,Q156519,Around the World in 80 Days,film,2004,tt0327437,44,38764,201.89,Jackie Chan,Jean Passepartout,Steve Coogan,Phileas Fogg,,150,building/castle/station (museum),wikidata:Q154996,film_line_on_existing,no_wp_mention;needs_scene,https://www.wikidata.org/wiki/Q156519#P915 https://www.wikidata.org/wiki/Q154996 https://en.wikipedia.org/wiki/Schloss_Charlottenburg
wikidata,Q4148644,Greenland,72.0,-40.0,Greenland,,island,Q105702,Dr. Strangelove,film,1964,tt0057012,72,626,201.4,Peter Sellers,Merkin Muffley / Dr. Strangelove,,,,500,mountain/natural site (island),,new_spot,no_wp_mention;needs_scene;needs_roles;large_area_centroid;area_too_large(2200000km2);no_country,https://www.wikidata.org/wiki/Q105702#P915 https://www.wikidata.org/wiki/Q4148644 https://en.wikipedia.org/wiki/Greenland_%28island%29
wikidata,Q728399,Cinecittà,41.85,12.566667,Rome,IT,film studio,Q657977,"Salò, or the 120 Days of Sodom",film,1975,tt0073650,42,60611,200.87,Paolo Bonacelli,The Duke,,,,300,beach/park/ranch/set (studio),,new_spot,wp_mention;needs_scene;needs_roles;studio_backlot(film studio),https://www.wikidata.org/wiki/Q657977#P915 https://www.wikidata.org/wiki/Q728399 https://en.wikipedia.org/wiki/Cinecitt%C3%A0
wikidata,Q29151,Jeju Island,33.38,126.55,Jeju Province,KR,island,Q24698311,The Legend of the Blue Sea,tv,2016,tt5766194,36,375315,200.68,,,,,,500,mountain/natural site (island),,new_spot,no_wp_mention;needs_scene;needs_roles;lead_without_role;large_area_centroid;area_too_large(1848km2),https://www.wikidata.org/wiki/Q24698311#P915 https://www.wikidata.org/wiki/Q29151 https://en.wikipedia.org/wiki/Jeju_Island
wikidata,Q2790405,New York County Courthouse,40.7142,-74.0015,New York City,US,county courthouse,Q108628759,Joker: Folie à Deux,film,2024,tt11315808,47,18485,200.54,Joaquin Phoenix,Arthur Fleck,Lady Gaga,Harley Quinn,,150,building/castle/station (court),,new_spot,wp_mention;needs_scene;not_a_spot(county),https://www.wikidata.org/wiki/Q108628759#P915 https://www.wikidata.org/wiki/Q2790405 https://en.wikipedia.org/wiki/New_York_County_Courthouse
wikidata,Q698095,Hotel Adlon,52.516043,13.379944,Berlin,DE,palace hotel,Q158759,Unknown,film,2011,tt1401152,43,46048,200.52,Liam Neeson,Dr. Martin Harris,Diane Kruger,Gina,,150,building/castle/station (palace),,new_spot,wp_mention;needs_scene;demolished_or_closed(1984);possible_dup:near_stamp_distinct_item(Pariser Platz|81m);inside_stamp_footprint(wikidata:Q156716|81m),https://www.wikidata.org/wiki/Q158759#P915 https://www.wikidata.org/wiki/Q698095 https://en.wikipedia.org/wiki/Hotel_Adlon
wikidata,Q456685,Ambassador Hotel,34.059722,-118.297222,Los Angeles,US,hotel building,Q678775,S.W.A.T.,film,2003,tt0257076,40,101932,200.33,,,,,,150,building/castle/station (building),,new_spot,wp_mention;needs_scene;needs_roles;lead_without_role;demolished_or_closed(2006),https://www.wikidata.org/wiki/Q678775#P915 https://www.wikidata.org/wiki/Q456685 https://en.wikipedia.org/wiki/Ambassador_Hotel_%28Los_Angeles%29
wikidata,Q3373468,Kananaskis Country,50.9,-114.9,Kananaskis Improvement District,CA,region; protected area,Q494048,The Bourne Legacy,film,2012,tt1194173,46,22584,200.28,Jeremy Renner,Aaron Cross,Rachel Weisz,Dr. Marta Shearing,,500,mountain/natural site (protected area),,new_spot,wp_mention;needs_scene;not_a_spot(region);large_area_centroid,https://www.wikidata.org/wiki/Q494048#P915 https://www.wikidata.org/wiki/Q3373468 https://en.wikipedia.org/wiki/Kananaskis_Country
wikidata,Q1025346,Cadwell Park,53.3089,-0.063056,Louth,GB,motorsport racing track,Q1768437,Rush,film,2013,tt1979320,48,14758,200.11,Chris Hemsworth,James Hunt,Daniel Brühl,Niki Lauda,,150,building/castle/station (default),,new_spot,wp_mention;needs_scene,https://www.wikidata.org/wiki/Q1768437#P915 https://www.wikidata.org/wiki/Q1025346 https://en.wikipedia.org/wiki/Cadwell_Park
wikidata,Q1455053,Pennsylvania Avenue,38.893738,-77.023901,"Washington, D.C.",US,avenue,Q309366,National Treasure,film,2004,tt0368891,44,35175,200.03,Nicolas Cage,Benjamin Gates,Diane Kruger,Abigail Chase,,150,building/castle/station (default),,new_spot,no_wp_mention;needs_scene;possible_dup:near_stamp_distinct_item(The National Archives Museum|129m),https://www.wikidata.org/wiki/Q309366#P915 https://www.wikidata.org/wiki/Q1455053 https://en.wikipedia.org/wiki/Pennsylvania_Avenue
wikidata,Q818517,Tuileries Garden,48.863889,2.326111,Paris,FR,urban park; garden; event venue,Q681092,The Happening,film,2008,tt0949731,41,75404,199.97,,,,,,300,beach/park/ranch/set (park),wikidata:Q818517,film_line_on_existing,no_wp_mention;needs_scene;needs_roles;lead_without_role,https://www.wikidata.org/wiki/Q681092#P915 https://www.wikidata.org/wiki/Q818517 https://en.wikipedia.org/wiki/Tuileries_Garden
wikidata,Q1583447,Hall of Mirrors,48.804833,2.120333,Versailles,FR,long gallery,Q64584978,Emily in Paris,tv,2020,tt8962124,41,74754,199.82,Lily Collins,Emily Cooper,Lucas Bravo,Gabriel,,150,building/castle/station (default),wikidata:Q1583447,film_line_on_existing,no_wp_mention;needs_scene;cast_skips_unroled(Ashley Park),https://www.wikidata.org/wiki/Q64584978#P915 https://www.wikidata.org/wiki/Q1583447 https://en.wikipedia.org/wiki/Hall_of_Mirrors
wikidata,Q2068997,Alexander Hamilton U.S. Custom House,40.704294,-74.013773,New York City,US,custom house,Q492214,Ghostbusters II,film,1989,tt0097428,45,27452,199.74,Bill Murray,Peter Venkman,Dan Aykroyd,Ray Stantz,,150,building/castle/station (house),,new_spot,wp_mention;needs_scene;possible_dup:near_stamp_distinct_item(International Mercantile Marine Company Building|73m);possible_dup:near_stamp_distinct_item(Bowling Green|79m);inside_stamp_footprint(wikidata:Q895455|79m),https://www.wikidata.org/wiki/Q492214#P915 https://www.wikidata.org/wiki/Q2068997 https://en.wikipedia.org/wiki/Alexander_Hamilton_U.S._Custom_House
wikidata,Q1674405,Low Force,54.646944,-2.151389,Newbiggin,GB,waterfall,Q62721520,1917,film,2019,tt8579674,61,1873,199.64,George MacKay,Lance Corporal William Will Schofield / Lance Corporal Schofield,Dean-Charles Chapman,Lance Corporal Thomas Tom Blake / Lance Corporal Blake,,500,mountain/natural site (waterfall),,new_spot,wp_mention;needs_scene,https://www.wikidata.org/wiki/Q62721520#P915 https://www.wikidata.org/wiki/Q1674405 https://en.wikipedia.org/wiki/Low_Force
wikidata,Q1505269,Alabama Hills,36.61,-118.1,Inyo County,US,mountain range,Q723679,Star Trek Generations,film,1994,tt0111280,42,56131,199.47,Jonathan Frakes,William Riker,Brent Spiner,Data,,500,mountain/natural site (mountain),wikidata:Q1505269,film_line_on_existing,no_wp_mention;needs_scene;not_a_spot(mountain range);large_area_centroid,https://www.wikidata.org/wiki/Q723679#P915 https://www.wikidata.org/wiki/Q1505269 https://en.wikipedia.org/wiki/Alabama_Hills
curated,Q37545,Dudhsagar Falls,15.312769,74.314161,Goa,IN,natural,Q2962658,Chennai Express,film,2013,tt2112124,42,56063,199.44,,,,,A romantic scene aboard a train passing the falls was shot here.,500,mountain/natural site (curated class natural),,new_spot,needs_roles;lead_without_role;reuses_unstamped_row(wikidata:Q37545),https://www.wikidata.org/wiki/Q37545 https://en.wikipedia.org/wiki/Chennai_Express
wikidata,Q6664901,Loch Craignish,56.15,-5.56667,Argyll and Bute,GB,bay,Q106571,From Russia with Love,film,1963,tt0057076,64,1293,199.16,Sean Connery,James Bond,Pedro Armendáriz,Ali Kerim Bey,,500,mountain/natural site (bay),,new_spot,no_wp_mention;needs_scene;large_area_centroid,https://www.wikidata.org/wiki/Q106571#P915 https://www.wikidata.org/wiki/Q6664901 https://en.wikipedia.org/wiki/Loch_Craignish
wikidata,Q12988204,Morningside Park,43.779,-79.198,Toronto,CA,park,Q466611,The Incredible Hulk,film,2008,tt0800080,63,1434,198.88,Edward Norton,Bruce Banner,Liv Tyler,Betty Ross,,300,beach/park/ranch/set (park),,new_spot,wp_mention;needs_scene;reuses_unstamped_row(wikidata:Q12988204),https://www.wikidata.org/wiki/Q466611#P915 https://www.wikidata.org/wiki/Q12988204 https://en.wikipedia.org/wiki/Morningside_Park_%28Toronto%29
wikidata,Q263764,La Pallice,46.158333,-1.227778,La Rochelle,FR,port,Q62730,Das Boot,film,1981,tt0082096,52,6666,198.84,Jürgen Prochnow,Kapitänleutnant,Klaus Wennemann,Chief Engineer,,150,building/castle/station (default),,new_spot,wp_mention;needs_scene,https://www.wikidata.org/wiki/Q62730#P915 https://www.wikidata.org/wiki/Q263764 https://en.wikipedia.org/wiki/La_Pallice
wikidata,Q598537,Blackbushe Airport,51.323889,-0.8475,Yateley,GB,airport,Q1768437,Rush,film,2013,tt1979320,48,13831,198.76,Chris Hemsworth,James Hunt,Daniel Brühl,Niki Lauda,,150,building/castle/station (default),,new_spot,wp_mention;needs_scene;class_ban(airport),https://www.wikidata.org/wiki/Q1768437#P915 https://www.wikidata.org/wiki/Q598537 https://en.wikipedia.org/wiki/Blackbushe_Airport
wikidata,Q6970416,National Archives Building,38.892778,-77.023056,"Washington, D.C.",US,archive building,Q309366,National Treasure,film,2004,tt0368891,44,32768,198.68,Nicolas Cage,Benjamin Gates,Diane Kruger,Abigail Chase,,120,square/bridge/viaduct (arch),wikidata:Q6970416,film_line_on_existing,wp_mention;needs_scene,https://www.wikidata.org/wiki/Q309366#P915 https://www.wikidata.org/wiki/Q6970416 https://en.wikipedia.org/wiki/National_Archives_Building
wikidata,Q1014993,Burgh Island,50.279722,-3.900278,South Hams,GB,tidal island,Q391101,Agatha Christie's Poirot,tv,1989,tt0094525,43,41170,198.43,David Suchet,Hercule Poirot,Hugh Fraser,Arthur Hastings,,500,mountain/natural site (island),,new_spot,via_season_or_episode;no_wp_mention;needs_scene;large_area_centroid,https://www.wikidata.org/wiki/Q391101#P915 https://www.wikidata.org/wiki/Q1014993 https://en.wikipedia.org/wiki/Burgh_Island
wikidata,Q367766,Jandía,28.102933,-14.337742,Canary Islands,ES,mountain; peninsula,Q27038847,Solo: A Star Wars Story,film,2018,tt3778644,55,4050,198.42,Emilia Clarke,Qi'ra,Alden Ehrenreich,Han Solo,,500,mountain/natural site (mountain),,new_spot,no_wp_mention;needs_scene;large_area_centroid,https://www.wikidata.org/wiki/Q27038847#P915 https://www.wikidata.org/wiki/Q367766 https://en.wikipedia.org/wiki/Jand%C3%ADa
wikidata,Q216914,St James's Park,51.5025,-0.135,London,GB,park,Q901140,The Day of the Jackal,film,1973,tt0069947,43,40687,198.21,Edward Fox,Jackal,Jean Sorel,Jean-Marie Bastien-Thiry,,300,beach/park/ranch/set (park),wikidata:Q216914,film_line_on_existing,no_wp_mention;needs_scene;cast_skips_unroled(Michael Lonsdale),https://www.wikidata.org/wiki/Q901140#P915 https://www.wikidata.org/wiki/Q216914 https://en.wikipedia.org/wiki/St_James%27s_Park
wikidata,Q1515763,St. Olaf College,44.459444,-93.180556,Northfield,US,liberal arts college in the United States; Colleges That Change Lives; private not-for-profit educational institution,Q300555,A Serious Man,film,2009,tt1019452,41,67695,198.05,George Wyner,Rabbi Nachter,,,,150,building/castle/station (college),,new_spot,no_wp_mention;needs_scene;needs_roles;lead_without_role;cast_skips_unroled(Michael Stuhlbarg),https://www.wikidata.org/wiki/Q300555#P915 https://www.wikidata.org/wiki/Q1515763 https://en.wikipedia.org/wiki/St._Olaf_College
wikidata,Q101546977,Trilith Studios,33.472408,-84.51321,,US,film studio; studio,Q84712806,She-Hulk: Attorney at Law,tv,2022,tt10857160,43,39729,197.76,Tatiana Maslany,She-Hulk,Mark Ruffalo,Bruce Banner,,300,beach/park/ranch/set (studio),,new_spot,wp_mention;needs_scene;studio_backlot(film studio);no_city,https://www.wikidata.org/wiki/Q84712806#P915 https://www.wikidata.org/wiki/Q101546977 https://en.wikipedia.org/wiki/Trilith_Studios
wikidata,Q15225335,Horsted Keynes railway station,51.0461,-0.0446,Horsted Keynes,GB,railway station,Q83071,Downton Abbey,tv,2010,tt1606375,54,4574,197.66,Michelle Dockery,Lady Mary Talbot,Hugh Bonneville,"Robert Crawley, The Earl of Grantham",,150,building/castle/station (station),,new_spot,wp_mention;needs_scene;large_cast(166),https://www.wikidata.org/wiki/Q83071#P915 https://www.wikidata.org/wiki/Q15225335 https://en.wikipedia.org/wiki/Horsted_Keynes_railway_station
wikidata,Q8038699,Wrotham Park,51.6773,-0.196574,Hertsmere,GB,English country house,Q391101,Agatha Christie's Poirot,tv,1989,tt0094525,43,39444,197.63,David Suchet,Hercule Poirot,Hugh Fraser,Arthur Hastings,,150,building/castle/station (house),,new_spot,via_season_or_episode;wp_mention;needs_scene,https://www.wikidata.org/wiki/Q391101#P915 https://www.wikidata.org/wiki/Q8038699 https://en.wikipedia.org/wiki/Wrotham_Park
wikidata,Q2996437,Convocation Hall,43.6607,-79.3954,Toronto,CA,auditorium; lecture hall; rotunda; university building,Q466611,The Incredible Hulk,film,2008,tt0800080,63,1362,197.47,Edward Norton,Bruce Banner,Liv Tyler,Betty Ross,,150,building/castle/station (building),,new_spot,no_wp_mention;needs_scene;reuses_unstamped_row(wikidata:Q2996437),https://www.wikidata.org/wiki/Q466611#P915 https://www.wikidata.org/wiki/Q2996437 https://en.wikipedia.org/wiki/Convocation_Hall
wikidata,Q739341,Regent's Park,51.532222,-0.156667,London,GB,park,Q1049139,Spy Game,film,2001,tt0266987,40,86224,197.43,,,,,,300,beach/park/ranch/set (park),wikidata:Q739341,film_line_on_existing,no_wp_mention;needs_scene;needs_roles;lead_without_role,https://www.wikidata.org/wiki/Q1049139#P915 https://www.wikidata.org/wiki/Q739341 https://en.wikipedia.org/wiki/Regent%27s_Park
wikidata,Q19835,"Warner Bros. Studios, Leavesden",51.693333,-0.419722,Abbots Langley,GB,film studio; film set,Q27590871,Paddington 2,film,2017,tt4468740,41,65379,197.43,,,,,,300,beach/park/ranch/set (film set),,new_spot,no_wp_mention;needs_scene;needs_roles;lead_without_role;possible_dup:near_stamp(icon:Q27924395|339m),https://www.wikidata.org/wiki/Q27590871#P915 https://www.wikidata.org/wiki/Q19835 https://en.wikipedia.org/wiki/Warner_Bros._Studios_Leavesden
wikidata,Q3030313,Golden Oak Ranch,34.374,-118.478,Canyon Country,US,backlot,Q380519,Star Trek: Enterprise,tv,2001,tt0244365,46,19208,197.04,Scott Bakula,Jonathan Archer,John Billingsley,Phlox,,150,building/castle/station (default),,new_spot,via_season_or_episode;no_wp_mention;needs_scene;studio_backlot(backlot);reuses_unstamped_row(wikidata:Q3030313),https://www.wikidata.org/wiki/Q380519#P915 https://www.wikidata.org/wiki/Q3030313 https://en.wikipedia.org/wiki/Golden_Oak_Ranch
wikidata,Q1535845,Riviera Hotel and Casino,36.135,-115.162,Nevada,US,skyscraper; hotel; casino,Q213999,21,film,2008,tt0478087,41,63724,196.98,,,,,,150,building/castle/station (hotel),,new_spot,no_wp_mention;needs_scene;needs_roles;lead_without_role;demolished_or_closed(2016),https://www.wikidata.org/wiki/Q213999#P915 https://www.wikidata.org/wiki/Q1535845 https://en.wikipedia.org/wiki/Riviera_%28hotel_and_casino%29
wikidata,Q751174,Praha hlavní nádraží,50.083056,14.435833,Prague,CZ,railway station,Q642559,EuroTrip,film,2004,tt0356150,45,23578,196.76,,,,,,150,building/castle/station (station),,new_spot,wp_mention;needs_scene;needs_roles;lead_without_role,https://www.wikidata.org/wiki/Q642559#P915 https://www.wikidata.org/wiki/Q751174 https://en.wikipedia.org/wiki/Praha_hlavn%C3%AD_n%C3%A1dra%C5%BE%C3%AD
wikidata,Q1142351,Crystal Cove State Park,33.5739,-117.84,Orange County,US,California state park,Q108946,A Few Good Men,film,1992,tt0104257,48,12508,196.67,Tom Cruise,Lieutenant (junior grade) Daniel Kaffee,Demi Moore,Lieutenant Commander JoAnne Galloway,,300,beach/park/ranch/set (park),,new_spot,wp_mention;needs_scene;large_area_centroid,https://www.wikidata.org/wiki/Q108946#P915 https://www.wikidata.org/wiki/Q1142351 https://en.wikipedia.org/wiki/Crystal_Cove_State_Park
wikidata,Q19841,Knebworth House,51.8728,-0.2148,Knebworth,GB,English country house; historic house museum; country house,Q27590871,Paddington 2,film,2017,tt4468740,41,62305,196.58,,,,,,150,building/castle/station (museum),wikidata:Q19841,film_line_on_existing,no_wp_mention;needs_scene;needs_roles;lead_without_role,https://www.wikidata.org/wiki/Q27590871#P915 https://www.wikidata.org/wiki/Q19841 https://en.wikipedia.org/wiki/Knebworth_House
wikidata,Q7114110,Oviatt Library,34.239993,-118.529318,Los Angeles,US,academic library; publishing house,Q213081,Star Trek,film,2009,tt0796366,61,1651,196.3,Zachary Quinto,Spock,Chris Pine,James T. Kirk,,60,stairs/street/cafe/shop (pub),,new_spot,wp_mention;needs_scene;demolished_or_closed(2020),https://www.wikidata.org/wiki/Q213081#P915 https://www.wikidata.org/wiki/Q7114110 https://en.wikipedia.org/wiki/University_Library%2C_California_State_University_Northridge
wikidata,Q2790405,New York County Courthouse,40.7142,-74.0015,New York City,US,county courthouse,Q492089,The Adjustment Bureau,film,2011,tt1385826,46,18485,196.27,Matt Damon,David Norris,Emily Blunt,Elise Sellas,,150,building/castle/station (court),,new_spot,no_wp_mention;needs_scene;not_a_spot(county),https://www.wikidata.org/wiki/Q492089#P915 https://www.wikidata.org/wiki/Q2790405 https://en.wikipedia.org/wiki/New_York_County_Courthouse
wikidata,Q7127748,Grand Central,52.4778,-1.89885,Birmingham,GB,shopping center,Q61876370,Mission: Impossible – Dead Reckoning Part One,film,2023,tt9603212,51,7047,196.25,Tom Cruise,Ethan Hunt,Ving Rhames,Luther Stickell,,60,stairs/street/cafe/shop (shop),,new_spot,wp_mention;needs_scene,https://www.wikidata.org/wiki/Q61876370#P915 https://www.wikidata.org/wiki/Q7127748 https://en.wikipedia.org/wiki/Grand_Central%2C_Birmingham
wikidata,Q4999737,Burnham Beeches,51.558319,-0.6306,Burnham,GB,forest; nature reserve,Q486822,Robin Hood: Prince of Thieves,film,1991,tt0102798,48,12251,196.23,Kevin Costner,Robin Hood,Morgan Freeman,Azeem Edin Bashir Al Bakir,,500,mountain/natural site (forest),,new_spot,wp_mention;needs_scene;large_area_centroid,https://www.wikidata.org/wiki/Q486822#P915 https://www.wikidata.org/wiki/Q4999737 https://en.wikipedia.org/wiki/Burnham_Beeches
wikidata,Q5319309,Dyrham Park,51.4797,-2.3715,Dyrham and Hinton,GB,park,Q1625242,The Remains of the Day,film,1993,tt0107943,44,28342,195.91,Anthony Hopkins,Mr James Stevens,Emma Thompson,Miss Sarah Kenton,,300,beach/park/ranch/set (park),,new_spot,wp_mention;needs_scene,https://www.wikidata.org/wiki/Q1625242#P915 https://www.wikidata.org/wiki/Q5319309 https://en.wikipedia.org/wiki/Dyrham_Park
wikidata,Q1500264,Mýrdalssandur,63.47,-18.63,Vestur-Skaftafellssýsla,IS,outwash plain,Q19590955,Rogue One: A Star Wars Story,film,2016,tt3748528,58,2378,195.83,Felicity Jones,Jyn Erso,Diego Luna,Cassian Andor,,150,building/castle/station (default),,new_spot,wp_mention;needs_scene,https://www.wikidata.org/wiki/Q19590955#P915 https://www.wikidata.org/wiki/Q1500264 https://en.wikipedia.org/wiki/M%C3%BDrdalssandur
wikidata,Q4439850,Old Warner Brothers Studios,34.097778,-118.316389,Los Angeles,US,office building; building complex,Q465087,The Jazz Singer,film,1927,tt0018037,50,8231,195.78,,,,,,150,building/castle/station (building),,new_spot,wp_mention;needs_scene;needs_roles;lead_without_role;studio_backlot(name),https://www.wikidata.org/wiki/Q465087#P915 https://www.wikidata.org/wiki/Q4439850 https://en.wikipedia.org/wiki/Old_Warner_Brothers_Studios
wikidata,Q149942,Primrose Hill,51.5396,-0.1608,London,GB,park; hill,Q27590871,Paddington 2,film,2017,tt4468740,41,58494,195.45,,,,,,500,mountain/natural site (hill),curated:united-kingdom-london-primrose-hill,film_line_on_existing,wp_mention;needs_scene;needs_roles;lead_without_role,https://www.wikidata.org/wiki/Q27590871#P915 https://www.wikidata.org/wiki/Q149942 https://en.wikipedia.org/wiki/Primrose_Hill
wikidata,Q852908,Royal Mile,55.950556,-3.185556,City of Edinburgh,GB,street,Q124393045,Frankenstein,film,2025,tt1312221,40,76476,195.34,Oscar Isaac,Victor Frankenstein,Jacob Elordi,Frankenstein's monster,,60,stairs/street/cafe/shop (street),,new_spot,wp_mention;needs_scene,https://www.wikidata.org/wiki/Q124393045#P915 https://www.wikidata.org/wiki/Q852908 https://en.wikipedia.org/wiki/Royal_Mile
wikidata,Q898629,place des Vosges,48.855556,2.365556,Paris,FR,square; garden square,Q64584978,Emily in Paris,tv,2020,tt8962124,41,57095,195.02,Lily Collins,Emily Cooper,Lucas Bravo,Gabriel,,120,square/bridge/viaduct (square),wikidata:Q898629,film_line_on_existing,no_wp_mention;needs_scene;cast_skips_unroled(Ashley Park),https://www.wikidata.org/wiki/Q64584978#P915 https://www.wikidata.org/wiki/Q898629 https://en.wikipedia.org/wiki/Place_des_Vosges
wikidata,Q170103,Gendarmenmarkt,52.513611,13.392778,Berlin,DE,square,Q156519,Around the World in 80 Days,film,2004,tt0327437,44,27016,194.99,Jackie Chan,Jean Passepartout,Steve Coogan,Phileas Fogg,,120,square/bridge/viaduct (square),,new_spot,no_wp_mention;needs_scene;possible_dup:near_stamp_distinct_item(Konzerthaus Berlin|44m);possible_dup:near_stamp_distinct_item(Neue Kirche|96m);possible_dup:near_stamp_distinct_item(Französischer Dom|99m);inside_stamp_footprint(wikidata:Q699504|319m),https://www.wikidata.org/wiki/Q156519#P915 https://www.wikidata.org/wiki/Q170103 https://en.wikipedia.org/wiki/Gendarmenmarkt
wikidata,Q10664609,Scripps College,34.103528,-117.710667,Claremont,US,women's college; liberal arts college in the United States; private not-for-profit educational institution,Q43370937,Bird Box,film,2018,tt2737304,42,43872,194.97,Sandra Bullock,Malorie,Trevante Rhodes,Tom,,150,building/castle/station (college),,new_spot,wp_mention;needs_scene,https://www.wikidata.org/wiki/Q43370937#P915 https://www.wikidata.org/wiki/Q10664609 https://en.wikipedia.org/wiki/Scripps_College
wikidata,Q390418,Pont Alexandre III,48.86361,2.31361,Paris,FR,deck arch bridge,Q64584978,Emily in Paris,tv,2020,tt8962124,41,55755,194.6,Lily Collins,Emily Cooper,Lucas Bravo,Gabriel,,120,square/bridge/viaduct (bridge),wikidata:Q390418,film_line_on_existing,no_wp_mention;needs_scene;cast_skips_unroled(Ashley Park),https://www.wikidata.org/wiki/Q64584978#P915 https://www.wikidata.org/wiki/Q390418 https://en.wikipedia.org/wiki/Pont_Alexandre_III
wikidata,Q5600252,Great Windmill Street,51.5112,-0.1343,London,GB,street,Q17548046,Mission: Impossible – Rogue Nation,film,2015,tt2381249,53,4693,194.59,Tom Cruise,Ethan Hunt,Jeremy Renner,William Brandt,,60,stairs/street/cafe/shop (street),,new_spot,no_wp_mention;needs_scene;possible_dup:near_stamp_distinct_item(The Lyric Theatre|30m);possible_dup:near_stamp_distinct_item(Apollo Theatre|69m);possible_dup:near_stamp_distinct_item(Gielgud Theatre|100m);possible_dup:near_stamp_distinct_item(Sondheim Theatre|130m);possible_dup:near_stamp_distinct_item(Piccadilly Circus|146m),https://www.wikidata.org/wiki/Q17548046#P915 https://www.wikidata.org/wiki/Q5600252 https://en.wikipedia.org/wiki/Great_Windmill_Street
wikidata,Q790756,Barrandov Studios,50.029616,14.387155,,CZ,film studio; business; enterprise; production company,Q4444,Wanted,film,2008,tt0493464,46,16432,193.92,James McAvoy,Wesley Gibson,,,,300,beach/park/ranch/set (studio),,new_spot,no_wp_mention;needs_scene;needs_roles;not_a_spot(enterprise);studio_backlot(film studio);no_city,https://www.wikidata.org/wiki/Q4444#P915 https://www.wikidata.org/wiki/Q790756 https://en.wikipedia.org/wiki/Barrandov_Studios
wikidata,Q1070409,Victoria Embankment,51.507222,-0.121667,City of London,GB,road,Q901140,The Day of the Jackal,film,1973,tt0069947,43,32024,193.74,Edward Fox,Jackal,Jean Sorel,Jean-Marie Bastien-Thiry,,150,building/castle/station (default),,new_spot,no_wp_mention;needs_scene;cast_skips_unroled(Michael Lonsdale);possible_dup:near_stamp_distinct_item(London Charing Cross|138m);possible_dup:near_stamp_distinct_item(Playhouse Theatre|139m),https://www.wikidata.org/wiki/Q901140#P915 https://www.wikidata.org/wiki/Q1070409 https://en.wikipedia.org/wiki/Victoria_Embankment
wikidata,Q469014,Glen Canyon,36.86443,-111.58794,Arizona,US,canyon,Q528095,Superman III,film,1983,tt0086393,44,24012,192.74,Christopher Reeve,Superman,Jackie Cooper,Perry White,,500,mountain/natural site (canyon),,new_spot,wp_mention;needs_scene;cast_skips_unroled(Richard Pryor);large_area_centroid,https://www.wikidata.org/wiki/Q528095#P915 https://www.wikidata.org/wiki/Q469014 https://en.wikipedia.org/wiki/Glen_Canyon
wikidata,Q1535845,Riviera Hotel and Casino,36.135,-115.162,Nevada,US,skyscraper; hotel; casino,Q501703,Austin Powers: International Man of Mystery,film,1997,tt0118655,40,63724,192.17,Elizabeth Hurley,Vanessa Kensington,Seth Green,Scott Evil,,150,building/castle/station (hotel),,new_spot,wp_mention;needs_scene;cast_skips_unroled(Michael York);demolished_or_closed(2016),https://www.wikidata.org/wiki/Q501703#P915 https://www.wikidata.org/wiki/Q1535845 https://en.wikipedia.org/wiki/Riviera_%28hotel_and_casino%29
wikidata,Q1093592,Carpenters' Hall,39.948139,-75.147222,Philadelphia,US,museum,Q309366,National Treasure,film,2004,tt0368891,44,23270,192.14,Nicolas Cage,Benjamin Gates,Diane Kruger,Abigail Chase,,150,building/castle/station (museum),wikidata:Q1093592,film_line_on_existing,no_wp_mention;needs_scene,https://www.wikidata.org/wiki/Q309366#P915 https://www.wikidata.org/wiki/Q1093592 https://en.wikipedia.org/wiki/Carpenters%27_Hall
wikidata,Q747541,Paris-Gare-de-Lyon,48.844722,2.373611,Paris,FR,dead-end railway station; railway station; underground railway station; S-Bahn station,Q64584978,Emily in Paris,tv,2020,tt8962124,41,46905,191.52,Lily Collins,Emily Cooper,Lucas Bravo,Gabriel,,150,building/castle/station (station),,new_spot,no_wp_mention;needs_scene;cast_skips_unroled(Ashley Park),https://www.wikidata.org/wiki/Q64584978#P915 https://www.wikidata.org/wiki/Q747541 https://en.wikipedia.org/wiki/Gare_de_Lyon
wikidata,Q7300572,Reading Terminal Market,39.9534,-75.159,Philadelphia,US,market,Q309366,National Treasure,film,2004,tt0368891,44,22079,191.14,Nicolas Cage,Benjamin Gates,Diane Kruger,Abigail Chase,,150,building/castle/station (default),,new_spot,wp_mention;needs_scene,https://www.wikidata.org/wiki/Q309366#P915 https://www.wikidata.org/wiki/Q7300572 https://en.wikipedia.org/wiki/Reading_Terminal_Market
wikidata,Q5059197,Centennial Park Cemetery,-34.9973,138.5881,South Australia,AU,cemetery,Q21010856,Hacksaw Ridge,film,2016,tt2119532,60,1526,191.03,Andrew Garfield,Desmond Doss,Vince Vaughn,Sergeant Howell,,300,beach/park/ranch/set (cemetery),,new_spot,no_wp_mention;needs_scene,https://www.wikidata.org/wiki/Q21010856#P915 https://www.wikidata.org/wiki/Q5059197 https://en.wikipedia.org/wiki/Centennial_Park_Cemetery
wikidata,Q631581,Achill Island,53.958889,-10.038889,County Mayo,IE,island,Q108314506,The Banshees of Inisherin,film,2022,tt11813216,40,59056,190.85,Colin Farrell,Pádraic Súilleabháin,Brendan Gleeson,Colm Doherty,,500,mountain/natural site (island),,new_spot,wp_mention;needs_scene;large_area_centroid;area_too_large(148km2),https://www.wikidata.org/wiki/Q108314506#P915 https://www.wikidata.org/wiki/Q631581 https://en.wikipedia.org/wiki/Achill_Island
curated,Q859404,Central–Mid-levels escalators,22.28101,114.15251,Hong Kong,HK,street,Q766263,Chungking Express,film,1994,tt0109424,41,44751,190.68,,,,,"Wong Kar-wai filmed along the escalator, finding its light ""entirely appropriate"".",60,stairs/street/cafe/shop (curated class street),,new_spot,needs_roles;lead_without_role;possible_dup:near_stamp_distinct_item(Jamia Mosque|115m);reuses_unstamped_row(wikidata:Q859404),https://www.wikidata.org/wiki/Q859404 https://en.wikipedia.org/wiki/Central%E2%80%93Mid-Levels_escalator
wikidata,Q7802876,Tillman Water Reclamation Plant,34.1835,-118.479,California,US,wastewater treatment plant,Q108774,Star Trek: Deep Space Nine,tv,1993,tt0106145,48,9307,190.51,Avery Brooks,Benjamin Sisko,René Auberjonois,Odo,,150,building/castle/station (default),,new_spot,via_season_or_episode;no_wp_mention;needs_scene,https://www.wikidata.org/wiki/Q108774#P915 https://www.wikidata.org/wiki/Q7802876 https://en.wikipedia.org/wiki/Tillman_Water_Reclamation_Plant
wikidata,Q15901512,Former Taipei Railway Workshop,25.047355,121.564752,Xinren Village,TW,railway workshop; cultural heritage monument in Taipei; railway museum,Q15624215,Lucy,film,2014,tt2872732,62,1181,190.5,Morgan Freeman,Professor Norman,Choi Min-sik,Mr. Jang,,120,square/bridge/viaduct (monument),,new_spot,wp_mention;needs_scene,https://www.wikidata.org/wiki/Q15624215#P915 https://www.wikidata.org/wiki/Q15901512 https://en.wikipedia.org/wiki/Taipei_Railway_Workshop
wikidata,Q14874673,Lynn Canyon Park,49.3338,-123.018,British Columbia,CA,protected area,Q13098946,The 100,tv,2014,tt2661044,51,5346,190.13,Eliza Taylor,Clarke Griffin,Paige Turco,Abigail Griffin,,500,mountain/natural site (protected area),,new_spot,no_wp_mention;needs_scene;large_area_centroid;reuses_unstamped_row(wikidata:Q14874673),https://www.wikidata.org/wiki/Q13098946#P915 https://www.wikidata.org/wiki/Q14874673 https://en.wikipedia.org/wiki/Lynn_Canyon_Park
wikidata,Q1505269,Alabama Hills,36.61,-118.1,Inyo County,US,mountain range,Q162518,How the West Was Won,film,1962,tt0056085,40,56131,189.97,Carroll Baker,Eve Prescott Rawlings,Lee J. Cobb,Marshal Lou Ramsey,,500,mountain/natural site (mountain),wikidata:Q1505269,film_line_on_existing,wp_mention;needs_scene;not_a_spot(mountain range);large_area_centroid,https://www.wikidata.org/wiki/Q162518#P915 https://www.wikidata.org/wiki/Q1505269 https://en.wikipedia.org/wiki/Alabama_Hills
wikidata,Q3137221,University of Toronto Scarborough,43.784423,-79.187419,Toronto,CA,faculty; campus,Q634810,Total Recall,film,2012,tt1386703,43,26123,189.93,Colin Farrell,Douglas Quail,Kaitlyn Leeb,Mary,,300,beach/park/ranch/set (campus),,new_spot,wp_mention;needs_scene;cast_skips_unroled(Kate Beckinsale),https://www.wikidata.org/wiki/Q634810#P915 https://www.wikidata.org/wiki/Q3137221 https://en.wikipedia.org/wiki/University_of_Toronto_Scarborough
wikidata,Q316893,Friedrichstraße,52.516667,13.389167,Berlin,DE,street,Q18199332,Fantastic Beasts: The Secrets of Dumbledore,film,2022,tt4123432,46,13330,189.74,Eddie Redmayne,Newt Scamander,Katherine Waterston,Porpentina Goldstein,,60,stairs/street/cafe/shop (street),,new_spot,no_wp_mention;needs_scene;inside_stamp_footprint(wikidata:Q699504|321m),https://www.wikidata.org/wiki/Q18199332#P915 https://www.wikidata.org/wiki/Q316893 https://en.wikipedia.org/wiki/Friedrichstra%C3%9Fe
wikidata,Q860172,Canal Saint-Martin,48.847222,2.366667,Paris,FR,canal,Q64584978,Emily in Paris,tv,2020,tt8962124,41,40572,188.94,Lily Collins,Emily Cooper,Lucas Bravo,Gabriel,,150,building/castle/station (default),wikidata:Q860172,film_line_on_existing,no_wp_mention;needs_scene;cast_skips_unroled(Ashley Park),https://www.wikidata.org/wiki/Q64584978#P915 https://www.wikidata.org/wiki/Q860172 https://en.wikipedia.org/wiki/Canal_Saint-Martin
wikidata,Q5009278,Radford Studio Center,34.144692,-118.391008,Los Angeles,US,built structure,Q728553,Community,tv,2009,tt1439629,41,39790,188.59,Joel McHale,Jeff Winger,Gillian Jacobs,Britta Perry,,150,building/castle/station (default),wikidata:Q5009278,film_line_on_existing,no_wp_mention;needs_scene;studio_backlot(name),https://www.wikidata.org/wiki/Q728553#P915 https://www.wikidata.org/wiki/Q5009278 https://en.wikipedia.org/wiki/Radford_Studio_Center
wikidata,Q743147,Hotel Negresco,43.69449,7.25838,Nice,FR,hotel; palace hotel,Q901140,The Day of the Jackal,film,1973,tt0069947,43,24270,188.56,Edward Fox,Jackal,Jean Sorel,Jean-Marie Bastien-Thiry,,150,building/castle/station (palace),,new_spot,no_wp_mention;needs_scene;cast_skips_unroled(Michael Lonsdale),https://www.wikidata.org/wiki/Q901140#P915 https://www.wikidata.org/wiki/Q743147 https://en.wikipedia.org/wiki/Hotel_Negresco
wikidata,Q5263676,Descanso Gardens,34.200278,-118.2125,California,US,botanical garden,Q108774,Star Trek: Deep Space Nine,tv,1993,tt0106145,48,8429,188.44,Avery Brooks,Benjamin Sisko,René Auberjonois,Odo,,300,beach/park/ranch/set (garden),,new_spot,via_season_or_episode;no_wp_mention;needs_scene;reuses_unstamped_row(wikidata:Q5263676),https://www.wikidata.org/wiki/Q108774#P915 https://www.wikidata.org/wiki/Q5263676 https://en.wikipedia.org/wiki/Descanso_Gardens
wikidata,Q5087663,Chatham Historic Dockyard,51.3968,0.5294,Chatham,GB,maritime museum; military museum; independent museum,Q14488725,The Man from U.N.C.L.E.,film,2015,tt1638355,45,15328,188.35,Henry Cavill,Napoleon Solo,Armie Hammer,Illya Kuryakin,,150,building/castle/station (museum),,new_spot,wp_mention;needs_scene;reuses_unstamped_row(wikidata:Q5087663),https://www.wikidata.org/wiki/Q14488725#P915 https://www.wikidata.org/wiki/Q5087663 https://en.wikipedia.org/wiki/Chatham_Historic_Dockyard
wikidata,Q32659772,Neue Nationalgalerie,52.506944,13.367778,Berlin,DE,art museum,Q158759,Unknown,film,2011,tt1401152,43,23115,187.65,Liam Neeson,Dr. Martin Harris,Diane Kruger,Gina,,150,building/castle/station (museum),,new_spot,wp_mention;needs_scene;reuses_unstamped_row(wikidata:Q32659772),https://www.wikidata.org/wiki/Q158759#P915 https://www.wikidata.org/wiki/Q32659772 https://en.wikipedia.org/wiki/Neue_Nationalgalerie
curated,Q120450702,"Supertree Grove, Gardens by the Bay",1.281962,103.863906,Singapore,SG,park,Q29588623,Crazy Rich Asians,film,2018,tt3104988,37,116489,187.45,,,,,"After the wedding, the reception is held in the Supertree Grove.",300,beach/park/ranch/set (curated class park),,new_spot,pageviews_proxy(Gardens by the Bay);needs_roles;lead_without_role;possible_dup:near_stamp(icon:Q630135|213m);reuses_unstamped_row(curated:singapore-singapore-gardens-by-the-bay),https://www.wikidata.org/wiki/Q120450702 https://en.wikipedia.org/wiki/Crazy_Rich_Asians https://en.wikipedia.org/wiki/Gardens_by_the_Bay
wikidata,Q956090,Mereworth Castle,51.2539,0.3902,Mereworth,GB,English country house,Q591272,Casino Royale,film,1967,tt0061452,46,11718,187.17,David Niven,James Bond,Ursula Andress,Vesper Lynd,,150,building/castle/station (house),,new_spot,wp_mention;needs_scene;cast_skips_unroled(Peter Sellers),https://www.wikidata.org/wiki/Q591272#P915 https://www.wikidata.org/wiki/Q956090 https://en.wikipedia.org/wiki/Mereworth_Castle
wikidata,Q649329,Ennerdale Water,54.52,-3.376111,Ennerdale and Kinniside,GB,reservoir,Q221075,28 Days Later,film,2002,tt0289043,50,5470,186.9,Cillian Murphy,Jim,,,,500,mountain/natural site (reservoir),,new_spot,wp_mention;needs_scene;needs_roles,https://www.wikidata.org/wiki/Q221075#P915 https://www.wikidata.org/wiki/Q649329 https://en.wikipedia.org/wiki/Ennerdale_Water
wikidata,Q369318,Inis Mór,53.123611,-9.7275,County Galway,IE,island,Q108314506,The Banshees of Inisherin,film,2022,tt11813216,40,46848,186.83,Colin Farrell,Pádraic Súilleabháin,Brendan Gleeson,Colm Doherty,,500,mountain/natural site (island),,new_spot,wp_mention;needs_scene;large_area_centroid;area_too_large(31km2),https://www.wikidata.org/wiki/Q108314506#P915 https://www.wikidata.org/wiki/Q369318 https://en.wikipedia.org/wiki/Inishmore
wikidata,Q4972915,Brockwell Park,51.4508,-0.1075,London,GB,urban park,Q14488725,The Man from U.N.C.L.E.,film,2015,tt1638355,45,14085,186.7,Henry Cavill,Napoleon Solo,Armie Hammer,Illya Kuryakin,,300,beach/park/ranch/set (park),,new_spot,no_wp_mention;needs_scene,https://www.wikidata.org/wiki/Q14488725#P915 https://www.wikidata.org/wiki/Q4972915 https://en.wikipedia.org/wiki/Brockwell_Park
wikidata,Q1781967,Aysgarth Falls,54.293636,-1.982222,Aysgarth,GB,waterfall,Q486822,Robin Hood: Prince of Thieves,film,1991,tt0102798,48,7747,186.68,Kevin Costner,Robin Hood,Morgan Freeman,Azeem Edin Bashir Al Bakir,,500,mountain/natural site (waterfall),,new_spot,wp_mention;needs_scene,https://www.wikidata.org/wiki/Q486822#P915 https://www.wikidata.org/wiki/Q1781967 https://en.wikipedia.org/wiki/Aysgarth_Falls
wikidata,Q1441828,Oakley Court,51.4901,-0.67247,Bray,GB,English country house; country house hotel,Q751921,The Rocky Horror Picture Show,film,1975,tt0073629,42,27811,186.66,Tim Curry,Dr. Frank N. Furter,Nell Campbell,Columbia,,150,building/castle/station (hotel),,new_spot,wp_mention;needs_scene;not_a_spot(country),https://www.wikidata.org/wiki/Q751921#P915 https://www.wikidata.org/wiki/Q1441828 https://en.wikipedia.org/wiki/Oakley_Court
curated,Q190128,Ha Long Bay,20.9,107.2,,VN,natural,Q1130644,Indochine,film,1992,tt0104507,36,151084,186.45,,,,,One of the main Vietnamese locations where the film was shot.,500,mountain/natural site (curated class natural),icon:Q190128,film_line_on_existing,large_area_centroid;scene_generic;needs_roles;lead_without_role;no_city,https://www.wikidata.org/wiki/Q190128 https://en.wikipedia.org/wiki/Indochine_%28film%29
wikidata,Q15,Africa,0.0,15.0,,,continent; region; geographic location,Q377165,Planet Earth,tv,2006,tt0795176,30,1621955,186.3,,,,,,150,building/castle/station (default),,new_spot,no_wp_mention;needs_scene;needs_roles;lead_without_role;not_a_spot(continent);area_too_large(30271000km2);no_city;no_country,https://www.wikidata.org/wiki/Q377165#P915 https://www.wikidata.org/wiki/Q15 https://en.wikipedia.org/wiki/Africa
wikidata,Q734017,Gare d'Austerlitz,48.842222,2.365833,Paris,FR,dead-end railway station; railway station; underground railway station; station located on surface,Q901140,The Day of the Jackal,film,1973,tt0069947,43,21371,186.18,Edward Fox,Jackal,Jean Sorel,Jean-Marie Bastien-Thiry,,150,building/castle/station (station),,new_spot,no_wp_mention;needs_scene;cast_skips_unroled(Michael Lonsdale),https://www.wikidata.org/wiki/Q901140#P915 https://www.wikidata.org/wiki/Q734017 https://en.wikipedia.org/wiki/Gare_d%27Austerlitz
wikidata,Q1235554,Maxim's,48.867306,2.322222,Paris,FR,restaurant,Q64584978,Emily in Paris,tv,2020,tt8962124,41,34225,185.91,Lily Collins,Emily Cooper,Lucas Bravo,Gabriel,,60,stairs/street/cafe/shop (restaurant),,new_spot,no_wp_mention;needs_scene;cast_skips_unroled(Ashley Park),https://www.wikidata.org/wiki/Q64584978#P915 https://www.wikidata.org/wiki/Q1235554 https://en.wikipedia.org/wiki/Maxim%27s
wikidata,Q3355636,Hardraw Force,54.321111,-2.202222,High Abbotside,GB,waterfall,Q486822,Robin Hood: Prince of Thieves,film,1991,tt0102798,48,7420,185.78,Kevin Costner,Robin Hood,Morgan Freeman,Azeem Edin Bashir Al Bakir,,500,mountain/natural site (waterfall),,new_spot,wp_mention;needs_scene;reuses_unstamped_row(wikidata:Q3355636),https://www.wikidata.org/wiki/Q486822#P915 https://www.wikidata.org/wiki/Q3355636 https://en.wikipedia.org/wiki/Hardraw_Force
wikidata,Q1118890,Korda Studios,47.440556,18.728517,Etyek,HU,film studio,Q18192306,Inferno,film,2016,tt3062096,51,4294,185.28,Tom Hanks,Robert Langdon,,,,300,beach/park/ranch/set (studio),,new_spot,wp_mention;needs_scene;needs_roles;studio_backlot(film studio),https://www.wikidata.org/wiki/Q18192306#P915 https://www.wikidata.org/wiki/Q1118890 https://en.wikipedia.org/wiki/Korda_Studios
wikidata,Q702402,Berlin-Friedrichstraße railway station,52.520278,13.386944,Berlin,DE,railway station; underground railway station; border train station; elevated station,Q158759,Unknown,film,2011,tt1401152,43,20197,185.13,Liam Neeson,Dr. Martin Harris,Diane Kruger,Gina,,150,building/castle/station (station),wikidata:Q702402,film_line_on_existing,wp_mention;needs_scene,https://www.wikidata.org/wiki/Q158759#P915 https://www.wikidata.org/wiki/Q702402 https://en.wikipedia.org/wiki/Berlin_Friedrichstra%C3%9Fe_station
wikidata,Q15262106,New Wardour Castle,51.0416,-2.10421,Tisbury,GB,English country house,Q486822,Robin Hood: Prince of Thieves,film,1991,tt0102798,48,7074,184.79,Kevin Costner,Robin Hood,Morgan Freeman,Azeem Edin Bashir Al Bakir,,150,building/castle/station (house),,new_spot,no_wp_mention;needs_scene,https://www.wikidata.org/wiki/Q486822#P915 https://www.wikidata.org/wiki/Q15262106 https://en.wikipedia.org/wiki/New_Wardour_Castle
wikidata,Q2373648,Santuario della Madonna del Divino Amore,41.778244,12.542506,Rome,IT,Catholic pilgrimage church; Catholic parish church,Q18405,Nights of Cabiria,film,1957,tt0050783,49,5792,184.38,,,,,,150,building/castle/station (church),wikidata:Q2373648,film_line_on_existing,wp_mention;needs_scene;needs_roles;lead_without_role,https://www.wikidata.org/wiki/Q18405#P915 https://www.wikidata.org/wiki/Q2373648 https://en.wikipedia.org/wiki/Santuario_della_Madonna_del_Divino_Amore
wikidata,Q1329141,Pont des Arts,48.858333,2.337778,Paris,FR,footbridge,Q64584978,Emily in Paris,tv,2020,tt8962124,41,31242,184.28,Lily Collins,Emily Cooper,Lucas Bravo,Gabriel,,150,building/castle/station (default),,new_spot,no_wp_mention;needs_scene;cast_skips_unroled(Ashley Park);possible_dup:near_stamp(curated:france-paris-monnaie-de-paris|207m),https://www.wikidata.org/wiki/Q64584978#P915 https://www.wikidata.org/wiki/Q1329141 https://en.wikipedia.org/wiki/Pont_des_Arts
wikidata,Q841167,Budapest Keleti railway station,47.500556,19.083611,Budapest,HU,dead-end railway station; railway station,Q681962,Tinker Tailor Soldier Spy,film,2011,tt1340800,43,19020,184.01,Gary Oldman,George Smiley,Colin Firth,Bill Haydon,,150,building/castle/station (station),,new_spot,no_wp_mention;needs_scene,https://www.wikidata.org/wiki/Q681962#P915 https://www.wikidata.org/wiki/Q841167 https://en.wikipedia.org/wiki/Budapest_Keleti_station
wikidata,Q1025686,Café de Flore,48.853889,2.3325,Paris,FR,restaurant; café,Q64584978,Emily in Paris,tv,2020,tt8962124,41,29844,183.47,Lily Collins,Emily Cooper,Lucas Bravo,Gabriel,,60,stairs/street/cafe/shop (café),,new_spot,wp_mention;needs_scene;cast_skips_unroled(Ashley Park);possible_dup:near_stamp_distinct_item(Eglise Saint-Germain-des-Prés|142m),https://www.wikidata.org/wiki/Q64584978#P915 https://www.wikidata.org/wiki/Q1025686 https://en.wikipedia.org/wiki/Caf%C3%A9_de_Flore
curated,Q1538837,Raffles Hotel,1.294889,103.854483,Singapore,SG,building,Q29588623,Crazy Rich Asians,film,2018,tt3104988,37,90005,183.31,,,,,Rachel and Nick stay here on arriving in Singapore; the hotel scenes were shot on location.,150,building/castle/station (curated class building),,new_spot,needs_roles;lead_without_role;reuses_unstamped_row(curated:singapore-singapore-raffles-hotel-singapore),https://www.wikidata.org/wiki/Q1538837 https://en.wikipedia.org/wiki/Crazy_Rich_Asians https://en.wikipedia.org/wiki/Raffles_Hotel
wikidata,Q449256,Sanssouci Park,52.402,13.0336,Potsdam,DE,castle park,Q156519,Around the World in 80 Days,film,2004,tt0327437,44,14458,183.05,Jackie Chan,Jean Passepartout,Steve Coogan,Phileas Fogg,,300,beach/park/ranch/set (park),,new_spot,no_wp_mention;needs_scene;possible_dup:near_stamp(wikidata:Q151330|368m);inside_stamp_footprint(wikidata:Q151330|368m);reuses_unstamped_row(wikidata:Q449256),https://www.wikidata.org/wiki/Q156519#P915 https://www.wikidata.org/wiki/Q449256 https://en.wikipedia.org/wiki/Sanssouci_Park
wikidata,Q1727138,Los Angeles City College,34.087101,-118.29288,Los Angeles,US,community college; public educational institution of the United States,Q728553,Community,tv,2009,tt1439629,41,28945,182.93,Joel McHale,Jeff Winger,Gillian Jacobs,Britta Perry,,60,stairs/street/cafe/shop (pub),,new_spot,wp_mention;needs_scene,https://www.wikidata.org/wiki/Q728553#P915 https://www.wikidata.org/wiki/Q1727138 https://en.wikipedia.org/wiki/Los_Angeles_City_College
wikidata,Q4998624,Burgh Island Hotel,50.27974,-3.89804,Bigbury,GB,hotel,Q391101,Agatha Christie's Poirot,tv,1989,tt0094525,43,17910,182.88,David Suchet,Hercule Poirot,Hugh Fraser,Arthur Hastings,,150,building/castle/station (hotel),,new_spot,via_season_or_episode;no_wp_mention;needs_scene,https://www.wikidata.org/wiki/Q391101#P915 https://www.wikidata.org/wiki/Q4998624 https://en.wikipedia.org/wiki/Burgh_Island_Hotel
wikidata,Q757180,Gare de Paris-Est,48.876944,2.359167,Paris,FR,dead-end railway station; railway station,Q64584978,Emily in Paris,tv,2020,tt8962124,41,27692,182.14,Lily Collins,Emily Cooper,Lucas Bravo,Gabriel,,150,building/castle/station (station),,new_spot,no_wp_mention;needs_scene;cast_skips_unroled(Ashley Park),https://www.wikidata.org/wiki/Q64584978#P915 https://www.wikidata.org/wiki/Q757180 https://en.wikipedia.org/wiki/Gare_de_l%27Est
wikidata,Q5351602,El Mirage Lake,34.647,-117.600011,San Bernardino County,US,dry lake,Q388319,Star Trek: Nemesis,film,2002,tt0253754,46,9074,182.06,Patrick Stewart,Jean-Luc Picard,Jonathan Frakes,William Riker,,500,mountain/natural site (lake),,new_spot,no_wp_mention;needs_scene;large_area_centroid;reuses_unstamped_row(wikidata:Q5351602),https://www.wikidata.org/wiki/Q388319#P915 https://www.wikidata.org/wiki/Q5351602 https://en.wikipedia.org/wiki/El_Mirage_Lake
wikidata,Q16927553,York Street,-33.868504,151.206014,New South Wales,AU,road,Q328695,Superman Returns,film,2006,tt0348150,53,2690,181.79,Brandon Routh,Superman,Kate Bosworth,Lois Lane,,150,building/castle/station (default),,new_spot,no_wp_mention;needs_scene,https://www.wikidata.org/wiki/Q328695#P915 https://www.wikidata.org/wiki/Q16927553 https://en.wikipedia.org/wiki/York_Street%2C_Sydney
wikidata,Q5635257,HM Prison Shepton Mallet,51.1906,-2.54323,Shepton Mallet,GB,military prison,Q27590871,Paddington 2,film,2017,tt4468740,41,26728,181.51,,,,,,150,building/castle/station (prison),,new_spot,"wp_mention;needs_scene;needs_roles;lead_without_role;not_a_spot(prison, no visitor class);reuses_unstamped_row(wikidata:Q5635257)",https://www.wikidata.org/wiki/Q27590871#P915 https://www.wikidata.org/wiki/Q5635257 https://en.wikipedia.org/wiki/HM_Prison_Shepton_Mallet
wikidata,Q2375304,Plaza Athénée,48.8663,2.304348,Paris,FR,hotel; palace hotel,Q64584978,Emily in Paris,tv,2020,tt8962124,41,26685,181.48,Lily Collins,Emily Cooper,Lucas Bravo,Gabriel,,150,building/castle/station (palace),,new_spot,wp_mention;needs_scene;cast_skips_unroled(Ashley Park);possible_dup:near_stamp_distinct_item(Champs-Élysées|107m),https://www.wikidata.org/wiki/Q64584978#P915 https://www.wikidata.org/wiki/Q2375304 https://en.wikipedia.org/wiki/Plaza_Ath%C3%A9n%C3%A9e
wikidata,Q7557525,Soledad Canyon,34.4242,-118.541,California,US,canyon,Q108774,Star Trek: Deep Space Nine,tv,1993,tt0106145,48,5890,180.97,Avery Brooks,Benjamin Sisko,René Auberjonois,Odo,,500,mountain/natural site (canyon),,new_spot,via_season_or_episode;no_wp_mention;needs_scene;large_area_centroid,https://www.wikidata.org/wiki/Q108774#P915 https://www.wikidata.org/wiki/Q7557525 https://en.wikipedia.org/wiki/Soledad_Canyon
wikidata,Q217369,Bathurst Island,75.75,-100.0,Nunavut,CA,island,Q33162,Top Gear,tv,2002,tt1628033,47,7082,180.96,,,,,,500,mountain/natural site (island),,new_spot,via_season_or_episode;no_wp_mention;needs_scene;needs_roles;large_area_centroid;area_too_large(16042km2),https://www.wikidata.org/wiki/Q33162#P915 https://www.wikidata.org/wiki/Q217369 https://en.wikipedia.org/wiki/Bathurst_Island_%28Nunavut%29
wikidata,Q1459835,South Quay DLR station,51.50003,-0.01626,London,GB,elevated station; Docklands Light Railway station,Q221075,28 Days Later,film,2002,tt0289043,50,4146,180.89,Cillian Murphy,Jim,,,,150,building/castle/station (station),,new_spot,no_wp_mention;needs_scene;needs_roles,https://www.wikidata.org/wiki/Q221075#P915 https://www.wikidata.org/wiki/Q1459835 https://en.wikipedia.org/wiki/South_Quay_DLR_station
wikidata,Q16003969,"Royal College of Physicians, London",51.525833,-0.145,London,GB,organization; educational institution; medical association,Q27590871,Paddington 2,film,2017,tt4468740,41,25605,180.74,,,,,,150,building/castle/station (default),,new_spot,no_wp_mention;needs_scene;needs_roles;lead_without_role;not_a_spot(organization),https://www.wikidata.org/wiki/Q27590871#P915 https://www.wikidata.org/wiki/Q16003969 https://en.wikipedia.org/wiki/Royal_College_of_Physicians
wikidata,Q1803230,Custer State Park,43.7458,-103.418,Custer County,US,South Dakota state park,Q162518,How the West Was Won,film,1962,tt0056085,40,32869,180.67,Carroll Baker,Eve Prescott Rawlings,Lee J. Cobb,Marshal Lou Ramsey,,300,beach/park/ranch/set (park),,new_spot,wp_mention;needs_scene;large_area_centroid;area_too_large(287km2),https://www.wikidata.org/wiki/Q162518#P915 https://www.wikidata.org/wiki/Q1803230 https://en.wikipedia.org/wiki/Custer_State_Park
wikidata,Q1433650,Hoogeveen Airport,52.730833,6.515833,Hoogeveen,NL,airport,Q21935651,Dunkirk,film,2017,tt5013056,64,663,180.62,Kenneth Branagh,Commander Bolton,Aneurin Barnard,Gibson,,150,building/castle/station (default),,new_spot,no_wp_mention;needs_scene;cast_skips_unroled(Olivia Wilde);class_ban(airport),https://www.wikidata.org/wiki/Q21935651#P915 https://www.wikidata.org/wiki/Q1433650 https://en.wikipedia.org/wiki/Hoogeveen_Airport
wikidata,Q3367074,Parvis des droits de l'homme,48.86229,2.288198,Paris,FR,parvis,Q29261993,Mission: Impossible – Fallout,film,2018,tt4912910,55,1907,180.43,Rebecca Ferguson,Ilsa Faust,Henry Cavill,August Walker,,150,building/castle/station (default),,new_spot,no_wp_mention;needs_scene;possible_dup:near_stamp_distinct_item(Palais de Chaillot|8m),https://www.wikidata.org/wiki/Q29261993#P915 https://www.wikidata.org/wiki/Q3367074 https://en.wikipedia.org/wiki/Trocad%C3%A9ro_Esplanade
curated,Q613702,Nanuya Levu,-16.966667,177.383333,Ba,FJ,natural,Q83767,The Blue Lagoon,film,1980,tt0080453,49,4731,180.08,Brooke Shields,Emmeline Lestrange,Christopher Atkins,Richard Lestrange,Principal photography took place on this private island.,500,mountain/natural site (curated class natural),,new_spot,also_in_wikidata,https://www.wikidata.org/wiki/Q613702 https://en.wikipedia.org/wiki/Nanuya_Levu https://en.wikipedia.org/wiki/The_Blue_Lagoon_%281980_film%29
wikidata,Q34221,Niagara Falls,43.08,-79.071,New York,US,waterfall; horseshoe waterfall,Q21980653,The Grand Tour,tv,2016,tt5712554,31,627915,179.73,,,,,,500,mountain/natural site (waterfall),icon:Q34221,film_line_on_existing,via_season_or_episode;no_wp_mention;needs_scene;needs_roles,https://www.wikidata.org/wiki/Q21980653#P915 https://www.wikidata.org/wiki/Q34221 https://en.wikipedia.org/wiki/Niagara_Falls
wikidata,Q8024695,Windsor Safari Park,51.4644,-0.64967,Windsor and Maidenhead,GB,wildlife park,Q836298,The Omen,film,1976,tt0075005,44,12002,179.49,Gregory Peck,Robert Thorn,Billie Whitelaw,Mrs. Baylock,,300,beach/park/ranch/set (park),,new_spot,no_wp_mention;needs_scene;cast_skips_unroled(Lee Remick);demolished_or_closed(1992);possible_dup:near_stamp_distinct_item(LEGOLAND Windsor|142m),https://www.wikidata.org/wiki/Q836298#P915 https://www.wikidata.org/wiki/Q8024695 https://en.wikipedia.org/wiki/Windsor_Safari_Park
wikidata,Q17529210,Corsham Court,51.435,-2.18243,Corsham,GB,garden; English country house; historic house museum,Q1625242,The Remains of the Day,film,1993,tt0107943,44,11982,179.46,Anthony Hopkins,Mr James Stevens,Emma Thompson,Miss Sarah Kenton,,300,beach/park/ranch/set (garden),,new_spot,wp_mention;needs_scene;reuses_unstamped_row(wikidata:Q17529210),https://www.wikidata.org/wiki/Q1625242#P915 https://www.wikidata.org/wiki/Q17529210 https://en.wikipedia.org/wiki/Corsham_Court
wikidata,Q5009284,Television City,34.074444,-118.36,Los Angeles,US,television studio,Q742103,The Twilight Zone,tv,1959,tt0052520,39,39827,179.41,,,,,,300,beach/park/ranch/set (studio),,new_spot,via_season_or_episode;no_wp_mention;needs_scene;needs_roles;lead_without_role;studio_backlot(television studio);reuses_unstamped_row(wikidata:Q5009284),https://www.wikidata.org/wiki/Q742103#P915 https://www.wikidata.org/wiki/Q5009284 https://en.wikipedia.org/wiki/Television_City
wikidata,Q253375,Tindhólmur,62.0779,-7.4349,,FO,islet,Q118904382,How to Train Your Dragon,film,2025,tt26743210,41,23682,179.35,Nico Parker,Astrid Hofferson,Mason Thames,Hiccup,,150,building/castle/station (default),,new_spot,wp_mention;needs_scene;no_city,https://www.wikidata.org/wiki/Q118904382#P915 https://www.wikidata.org/wiki/Q253375 https://en.wikipedia.org/wiki/Tindh%C3%B3lmur
wikidata,Q7115474,Oxford Town Hall,51.7517,-1.25722,Oxford,GB,concert hall; museum building; city hall,Q466186,A Fish Called Wanda,film,1988,tt0095159,48,5345,178.95,Jamie Lee Curtis,Wanda Gershwitz,Kevin Kline,Otto West,,150,building/castle/station (building),,new_spot,no_wp_mention;needs_scene;city_level_suspect;possible_dup:near_stamp_distinct_item(University Church of St Mary the Virgin|148m);possible_dup:near_stamp(wikidata:Q2600886|362m),https://www.wikidata.org/wiki/Q466186#P915 https://www.wikidata.org/wiki/Q7115474 https://en.wikipedia.org/wiki/Oxford_Town_Hall
wikidata,Q16255974,Byfleet Manor,51.3315,-0.463878,Byfleet,GB,English country house; historic house museum,Q391101,Agatha Christie's Poirot,tv,1989,tt0094525,43,14268,178.64,David Suchet,Hercule Poirot,Hugh Fraser,Arthur Hastings,,150,building/castle/station (museum),,new_spot,via_season_or_episode;wp_mention;needs_scene,https://www.wikidata.org/wiki/Q391101#P915 https://www.wikidata.org/wiki/Q16255974 https://en.wikipedia.org/wiki/Byfleet_Manor
wikidata,Q522868,Budapest-Nyugati railway station,47.510833,19.0575,Budapest,HU,railway station,Q681962,Tinker Tailor Soldier Spy,film,2011,tt1340800,43,14260,178.63,Gary Oldman,George Smiley,Colin Firth,Bill Haydon,,150,building/castle/station (station),,new_spot,no_wp_mention;needs_scene;reuses_unstamped_row(wikidata:Q522868),https://www.wikidata.org/wiki/Q681962#P915 https://www.wikidata.org/wiki/Q522868 https://en.wikipedia.org/wiki/Budapest_Nyugati_station
wikidata,Q6514066,Valldalen,62.3328,7.38111,Norddal Municipality,NO,valley,Q16635326,Ex Machina,film,2014,tt0470752,48,5214,178.43,Alicia Vikander,Ava,Domhnall Gleeson,Caleb Smith,,500,mountain/natural site (valley),,new_spot,wp_mention;needs_scene;cast_skips_unroled(Corey Johnson);large_area_centroid,https://www.wikidata.org/wiki/Q16635326#P915 https://www.wikidata.org/wiki/Q6514066 https://en.wikipedia.org/wiki/Valldalen
wikidata,Q1583780,La Samaritaine,48.85889,2.34208,Paris,FR,department store,Q64584978,Emily in Paris,tv,2020,tt8962124,41,22142,178.15,Lily Collins,Emily Cooper,Lucas Bravo,Gabriel,,60,stairs/street/cafe/shop (store),,new_spot,no_wp_mention;needs_scene;cast_skips_unroled(Ashley Park);possible_dup:near_stamp_distinct_item(Saint-Germain l'Auxerrois|93m);possible_dup:near_stamp_distinct_item(Café de la Régence|114m);reuses_unstamped_row(wikidata:Q1583780),https://www.wikidata.org/wiki/Q64584978#P915 https://www.wikidata.org/wiki/Q1583780 https://en.wikipedia.org/wiki/La_Samaritaine
wikidata,Q219867,London King's Cross railway station,51.530972,-0.123333,London,GB,dead-end railway station; railway station; station located on surface,Q117662601,Harry Potter,tv,2026,tt13918446,35,122492,178.08,John Lithgow,Albus Dumbledore,Paapa Essiedu,Severus Snape,,150,building/castle/station (station),wikidata:Q219867,film_line_on_existing,wp_mention;needs_scene,https://www.wikidata.org/wiki/Q117662601#P915 https://www.wikidata.org/wiki/Q219867 https://en.wikipedia.org/wiki/London_King%27s_Cross_railway_station
wikidata,Q543254,Scarborough Bluffs,43.702,-79.242,Ontario,CA,cliff,Q21296543,Star Trek: Discovery,tv,2017,tt5171438,41,21966,178.01,Sonequa Martin-Green,Michael Burnham,Michelle Yeoh,Philippa Georgiou,,500,mountain/natural site (cliff),,new_spot,via_season_or_episode;wp_mention;needs_scene;large_cast(101);reuses_unstamped_row(wikidata:Q543254),https://www.wikidata.org/wiki/Q21296543#P915 https://www.wikidata.org/wiki/Q543254 https://en.wikipedia.org/wiki/Scarborough_Bluffs
wikidata,Q8731,Los Angeles International Airport,33.9425,-118.408056,Los Angeles,US,international airport; airport; commercial traffic aerodrome,Q21980653,The Grand Tour,tv,2016,tt5712554,31,550540,177.96,,,,,,150,building/castle/station (default),,new_spot,via_season_or_episode;no_wp_mention;needs_scene;needs_roles;class_ban(airport),https://www.wikidata.org/wiki/Q21980653#P915 https://www.wikidata.org/wiki/Q8731 https://en.wikipedia.org/wiki/Los_Angeles_International_Airport
wikidata,Q7733,New York City Subway,40.7,-74.0,New York City,US,rapid transit,Q21980653,The Grand Tour,tv,2016,tt5712554,31,535882,177.6,,,,,,150,building/castle/station (default),,new_spot,via_season_or_episode;no_wp_mention;needs_scene;needs_roles,https://www.wikidata.org/wiki/Q21980653#P915 https://www.wikidata.org/wiki/Q7733 https://en.wikipedia.org/wiki/New_York_City_Subway
wikidata,Q160409,Central Park,40.7825,-73.966111,New York City,US,urban park,Q21980653,The Grand Tour,tv,2016,tt5712554,31,535577,177.59,,,,,,300,beach/park/ranch/set (park),icon:Q160409,film_line_on_existing,via_season_or_episode;no_wp_mention;needs_scene;needs_roles,https://www.wikidata.org/wiki/Q21980653#P915 https://www.wikidata.org/wiki/Q160409 https://en.wikipedia.org/wiki/Central_Park
wikidata,Q743565,Cité du Cinéma,48.9229,2.33678,Saint-Denis,FR,film studio,Q1253366,The Smurfs 2,film,2013,tt2017020,49,4173,177.41,Hank Azaria,Gargamel,,,,300,beach/park/ranch/set (studio),,new_spot,wp_mention;needs_scene;needs_roles;lead_without_role;cast_skips_unroled(Neil Patrick Harris);studio_backlot(film studio),https://www.wikidata.org/wiki/Q1253366#P915 https://www.wikidata.org/wiki/Q743565 https://en.wikipedia.org/wiki/Cit%C3%A9_du_Cin%C3%A9ma
wikidata,Q790756,Barrandov Studios,50.029616,14.387155,,CZ,film studio; business; enterprise; production company,Q108837349,All Quiet on the Western Front,film,2022,tt1016150,42,16432,177.06,Felix Kammerer,Paul Bäumer,Daniel Brühl,Matthias Erzberger,,300,beach/park/ranch/set (studio),,new_spot,no_wp_mention;needs_scene;not_a_spot(enterprise);studio_backlot(film studio);no_city,https://www.wikidata.org/wiki/Q108837349#P915 https://www.wikidata.org/wiki/Q790756 https://en.wikipedia.org/wiki/Barrandov_Studios
wikidata,Q7269642,Qube,49.2889,-123.128,Vancouver,CA,building,Q210257,MacGyver,tv,1985,tt0088559,47,5829,176.99,Richard Dean Anderson,MacGyver,Dana Elcar,Peter Thornton,,150,building/castle/station (building),,new_spot,wp_mention;needs_scene;large_cast(88),https://www.wikidata.org/wiki/Q210257#P915 https://www.wikidata.org/wiki/Q7269642 https://en.wikipedia.org/wiki/Westcoast_Building
wikidata,Q2919335,Constitution Gardens,38.890833,-77.044444,"Washington, D.C.",US,park,Q19481099,Jason Bourne,film,2016,tt4196776,45,8526,176.89,Matt Damon,Jason Bourne / David Webb,Tommy Lee Jones,Robert Dewey,,300,beach/park/ranch/set (park),,new_spot,wp_mention;needs_scene;possible_dup:near_stamp(wikidata:Q1151716|344m),https://www.wikidata.org/wiki/Q19481099#P915 https://www.wikidata.org/wiki/Q2919335 https://en.wikipedia.org/wiki/Constitution_Gardens
wikidata,Q156716,Pariser Platz,52.516389,13.378889,Berlin,DE,square,Q158759,Unknown,film,2011,tt1401152,43,12979,176.87,Liam Neeson,Dr. Martin Harris,Diane Kruger,Gina,,120,square/bridge/viaduct (square),wikidata:Q156716,film_line_on_existing,wp_mention;needs_scene,https://www.wikidata.org/wiki/Q158759#P915 https://www.wikidata.org/wiki/Q156716 https://en.wikipedia.org/wiki/Pariser_Platz
wikidata,Q16668873,Paramount Pictures Studios,34.085313,-118.318969,,US,film studio,Q644987,Chinatown,film,1974,tt0071315,61,762,175.83,Jack Nicholson,J. J. Gittes,John Huston,Noah Cross,,300,beach/park/ranch/set (studio),,new_spot,wp_mention;needs_scene;studio_backlot(film studio);no_city,https://www.wikidata.org/wiki/Q644987#P915 https://www.wikidata.org/wiki/Q16668873 https://en.wikipedia.org/wiki/Paramount_Pictures_Studios
wikidata,Q16707732,Goldsmiths' Hall,51.5157,-0.095893,City of London,GB,set; building; collection,Q17361809,The Legend of Tarzan,film,2016,tt0918940,45,7885,175.36,Alexander Skarsgård,Tarzan,Margot Robbie,Jane Porter,,300,beach/park/ranch/set (set),,new_spot,no_wp_mention;needs_scene,https://www.wikidata.org/wiki/Q17361809#P915 https://www.wikidata.org/wiki/Q16707732 https://en.wikipedia.org/wiki/Goldsmiths%27_Hall
wikidata,Q3569306,Windsor Great Park,51.444444,-0.604167,Berkshire,GB,park; royal forest,Q117662601,Harry Potter,tv,2026,tt13918446,35,101412,175.21,John Lithgow,Albus Dumbledore,Paapa Essiedu,Severus Snape,,500,mountain/natural site (forest),wikidata:Q3569306,film_line_on_existing,wp_mention;needs_scene;large_area_centroid,https://www.wikidata.org/wiki/Q117662601#P915 https://www.wikidata.org/wiki/Q3569306 https://en.wikipedia.org/wiki/Windsor_Great_Park
wikidata,Q869501,Deutsche Oper,52.511944,13.310556,Berlin,DE,underground station; Berlin U-Bahn station,Q468697,Run Lola Run,film,1998,tt0130827,54,1749,175.12,Franka Potente,Lola,Moritz Bleibtreu,Manni,,150,building/castle/station (station),wikidata:Q637834,film_line_on_existing,wp_mention;needs_scene,https://www.wikidata.org/wiki/Q468697#P915 https://www.wikidata.org/wiki/Q869501 https://en.wikipedia.org/wiki/Deutsche_Oper_%28Berlin_U-Bahn%29
wikidata,Q7641261,Sunset Gower Studios,34.096111,-118.321111,Los Angeles,US,film studio; film production company,Q16862534,How to Get Away with Murder,tv,2014,tt3205802,41,18487,174.94,,,,,,300,beach/park/ranch/set (studio),,new_spot,wp_mention;needs_scene;needs_roles;lead_without_role;not_a_spot(film production company);studio_backlot(film studio),https://www.wikidata.org/wiki/Q16862534#P915 https://www.wikidata.org/wiki/Q7641261 https://en.wikipedia.org/wiki/Sunset_Gower_Studios
wikidata,Q12033470,Liechtenstein Palace,50.0856,14.4089,Prague,CZ,palace,Q1741232,Mission: Impossible,film,1996,tt0117060,56,1326,174.88,Tom Cruise,Ethan Hunt,Jon Voight,Jim Phelps,,150,building/castle/station (palace),,new_spot,no_wp_mention;needs_scene,https://www.wikidata.org/wiki/Q1741232#P915 https://www.wikidata.org/wiki/Q12033470 https://en.wikipedia.org/wiki/Liechtenstein_Palace_%28Kampa_Island%2C_Prague%29
wikidata,Q14683961,Sherwood Country Club,34.1322,-118.882,California,US,golf course; country club,Q837264,Bridesmaids,film,2011,tt1478338,46,6292,174.75,,,,,,300,beach/park/ranch/set (golf),,new_spot,wp_mention;needs_scene;needs_roles;lead_without_role;not_a_spot(country),https://www.wikidata.org/wiki/Q837264#P915 https://www.wikidata.org/wiki/Q14683961 https://en.wikipedia.org/wiki/Sherwood_Country_Club
wikidata,Q14912349,Tiergarten Spreebogen Tunnel,52.518257,13.370863,Berlin,DE,road tunnel,Q156608,The Bourne Supremacy,film,2004,tt0372183,59,915,174.75,Franka Potente,Marie Kreutz,Brian Cox,Ward Abbott,,150,building/castle/station (default),,new_spot,wp_mention;needs_scene,https://www.wikidata.org/wiki/Q156608#P915 https://www.wikidata.org/wiki/Q14912349 https://en.wikipedia.org/wiki/Tiergarten_Spreebogen_Tunnel
wikidata,Q581154,La Digue,-4.366667,55.833333,La Digue and Inner Islands,SC,island,Q1313289,Emmanuelle,film,1974,tt0071464,41,18084,174.55,Sylvia Kristel,Emmanuelle,Alain Cuny,Mario,,500,mountain/natural site (island),,new_spot,no_wp_mention;needs_scene;large_area_centroid,https://www.wikidata.org/wiki/Q1313289#P915 https://www.wikidata.org/wiki/Q581154 https://en.wikipedia.org/wiki/La_Digue
wikidata,Q2243801,Tjolöholm Castle,57.398611,12.103056,Kungsbacka Municipality,SE,château; architectural ensemble,Q165699,Melancholia,film,2011,tt1527186,46,6219,174.51,,,,,,120,square/bridge/viaduct (arch),,new_spot,wp_mention;needs_scene;needs_roles;lead_without_role,https://www.wikidata.org/wiki/Q165699#P915 https://www.wikidata.org/wiki/Q2243801 https://en.wikipedia.org/wiki/Tjol%C3%B6holm_Castle
wikidata,Q182542,Archives nationales,48.9475,2.3641,Paris,FR,national library; national archives,Q901140,The Day of the Jackal,film,1973,tt0069947,43,11402,174.45,Edward Fox,Jackal,Jean Sorel,Jean-Marie Bastien-Thiry,,120,square/bridge/viaduct (arch),,new_spot,no_wp_mention;needs_scene;cast_skips_unroled(Michael Lonsdale);reuses_unstamped_row(wikidata:Q182542),https://www.wikidata.org/wiki/Q901140#P915 https://www.wikidata.org/wiki/Q182542 https://en.wikipedia.org/wiki/Archives_Nationales_%28France%29
wikidata,Q7930680,Village Roadshow Studios,-27.911027,153.311248,Gold Coast,AU,film studio,Q936302,Scooby-Doo,film,2002,tt0267913,42,14200,174.4,Sarah Michelle Gellar,Daphne Blake,Freddie Prinze Jr.,Fred Jones,,300,beach/park/ranch/set (studio),,new_spot,wp_mention;needs_scene;studio_backlot(film studio),https://www.wikidata.org/wiki/Q936302#P915 https://www.wikidata.org/wiki/Q7930680 https://en.wikipedia.org/wiki/Village_Roadshow_Studios
wikidata,Q13641502,"Killeen Castle, Dunsany",53.534,-6.584,Dunsany,IE,château,Q591272,Casino Royale,film,1967,tt0061452,46,6131,174.23,David Niven,James Bond,Ursula Andress,Vesper Lynd,,150,building/castle/station (default),,new_spot,wp_mention;needs_scene;cast_skips_unroled(Peter Sellers),https://www.wikidata.org/wiki/Q591272#P915 https://www.wikidata.org/wiki/Q13641502 https://en.wikipedia.org/wiki/Killeen_Castle%2C_Dunsany
wikidata,Q2924156,Bray Studios,51.492881,-0.676111,Bray,GB,film studio; recording studio,Q751921,The Rocky Horror Picture Show,film,1975,tt0073629,42,13704,173.75,Tim Curry,Dr. Frank N. Furter,Nell Campbell,Columbia,,300,beach/park/ranch/set (studio),,new_spot,wp_mention;needs_scene;studio_backlot(film studio),https://www.wikidata.org/wiki/Q751921#P915 https://www.wikidata.org/wiki/Q2924156 https://en.wikipedia.org/wiki/Bray_Film_Studios
wikidata,Q4930882,Blythe House,51.4964,-0.2135,London,GB,office building,Q681962,Tinker Tailor Soldier Spy,film,2011,tt1340800,43,10941,173.68,Gary Oldman,George Smiley,Colin Firth,Bill Haydon,,150,building/castle/station (building),,new_spot,wp_mention;needs_scene,https://www.wikidata.org/wiki/Q681962#P915 https://www.wikidata.org/wiki/Q4930882 https://en.wikipedia.org/wiki/Blythe_House
wikidata,Q16246879,Grand Wailea,20.6812,-156.439,Maui County,US,hotel,Q747496,Just Go with It,film,2011,tt1564367,43,10891,173.6,,,,,,150,building/castle/station (hotel),,new_spot,no_wp_mention;needs_scene;needs_roles;lead_without_role,https://www.wikidata.org/wiki/Q747496#P915 https://www.wikidata.org/wiki/Q16246879 https://en.wikipedia.org/wiki/Grand_Wailea_Resort
wikidata,Q4055,Château de Blois,47.585501,1.33095,Blois,FR,château,Q1140257,The Messenger: The Story of Joan of Arc,film,1999,tt0151137,40,21642,173.41,Milla Jovovich,Joan of Arc,John Malkovich,Charles VII of France,,150,building/castle/station (default),wikidata:Q4055,film_line_on_existing,no_wp_mention;needs_scene,https://www.wikidata.org/wiki/Q1140257#P915 https://www.wikidata.org/wiki/Q4055 https://en.wikipedia.org/wiki/Ch%C3%A2teau_of_Blois
wikidata,Q6652914,Littlebrook Power Station,51.4653,0.241667,Dartford,GB,oil-fired power station,Q12125299,Jupiter Ascending,film,2015,tt1617661,50,2895,173.09,Mila Kunis,Jupiter Jones,,,,150,building/castle/station (station),,new_spot,"no_wp_mention;needs_scene;needs_roles;not_a_spot(power station, no visitor class)",https://www.wikidata.org/wiki/Q12125299#P915 https://www.wikidata.org/wiki/Q6652914 https://en.wikipedia.org/wiki/Littlebrook_Power_Station
wikidata,Q2095595,Pinewood Toronto Studios,43.6494,-79.3419,Ontario,CA,film studio,Q21296543,Star Trek: Discovery,tv,2017,tt5171438,41,16643,173.07,Sonequa Martin-Green,Michael Burnham,Michelle Yeoh,Philippa Georgiou,,300,beach/park/ranch/set (studio),,new_spot,wp_mention;needs_scene;large_cast(101);studio_backlot(film studio),https://www.wikidata.org/wiki/Q21296543#P915 https://www.wikidata.org/wiki/Q2095595 https://en.wikipedia.org/wiki/Pinewood_Toronto_Studios
wikidata,Q1643144,Hôtel de Sully,48.854583,2.363778,Paris,FR,private mansion,Q830553,Dangerous Liaisons,film,1988,tt0094947,42,13086,172.91,Glenn Close,Marquise de Merteuil,John Malkovich,Vicomte de Valmont,,150,building/castle/station (mansion),wikidata:Q1643144,film_line_on_existing,no_wp_mention;needs_scene,https://www.wikidata.org/wiki/Q830553#P915 https://www.wikidata.org/wiki/Q1643144 https://en.wikipedia.org/wiki/H%C3%B4tel_de_Sully
wikidata,Q7494978,Sheriff Street,53.350556,-6.240556,,IE,street,Q304074,In the Name of the Father,film,1993,tt0107207,43,10448,172.82,Daniel Day-Lewis,Gerry Conlon,Emma Thompson,Gareth Peirce,,60,stairs/street/cafe/shop (street),,new_spot,wp_mention;needs_scene;no_city,https://www.wikidata.org/wiki/Q304074#P915 https://www.wikidata.org/wiki/Q7494978 https://en.wikipedia.org/wiki/Sheriff_Street
wikidata,Q5559351,Gibson House Museum,42.354933,-71.074394,Massachusetts,US,historic house museum,Q56881140,Little Women,film,2019,tt3281548,49,3288,172.34,Meryl Streep,Aunt March,Saoirse Ronan,Jo March,,150,building/castle/station (museum),,new_spot,wp_mention;needs_scene;inside_stamp_footprint(wikidata:Q894579|380m);reuses_unstamped_row(wikidata:Q5559351),https://www.wikidata.org/wiki/Q56881140#P915 https://www.wikidata.org/wiki/Q5559351 https://en.wikipedia.org/wiki/Gibson_House_Museum
curated,Q2723401,Nahargarh Fort,26.9375,75.815833,Jaipur,IN,castle,Q924135,Rang De Basanti,film,2006,tt0405508,37,45373,172.3,,,,,One of the film's songs was shot at the fort overlooking Jaipur.,150,building/castle/station (curated class castle),wikidata:Q2723401,film_line_on_existing,needs_roles;lead_without_role,https://www.wikidata.org/wiki/Q2723401 https://en.wikipedia.org/wiki/Nahargarh_Fort https://en.wikipedia.org/wiki/Rang_De_Basanti
wikidata,Q391028,University of British Columbia,49.264722,-123.252778,Kelowna,CA,charitable organization; open-access publisher; public research university; university in British Columbia,Q18844750,The Man in the High Castle,tv,2015,tt1740299,33,164432,172.13,Alexa Davalos,Juliana Crain,Rupert Evans,Frank Frink,,60,stairs/street/cafe/shop (pub),,new_spot,wp_mention;needs_scene;not_a_spot(organization),https://www.wikidata.org/wiki/Q18844750#P915 https://www.wikidata.org/wiki/Q391028 https://en.wikipedia.org/wiki/University_of_British_Columbia
wikidata,Q5146881,College of the Canyons,34.4044,-118.568,California,US,school; community college; public educational institution of the United States,Q464009,Knight Rider,tv,1982,tt0083437,40,19712,171.79,David Hasselhoff,Michael Knight,Edward Mulhare,Devon Miles,,60,stairs/street/cafe/shop (pub),,new_spot,via_season_or_episode;no_wp_mention;needs_scene,https://www.wikidata.org/wiki/Q464009#P915 https://www.wikidata.org/wiki/Q5146881 https://en.wikipedia.org/wiki/College_of_the_Canyons
wikidata,Q180865,University of Toronto,43.662917,-79.395746,Toronto,CA,collegiate university; public research university; university in Ontario,Q390405,Nikita,tv,2010,tt1592154,32,233547,171.79,Maggie Q,Nikita,Lyndsy Fonseca,Alexandra Udinov,,60,stairs/street/cafe/shop (pub),,new_spot,no_wp_mention;needs_scene;reuses_unstamped_row(wikidata:Q3551334),https://www.wikidata.org/wiki/Q390405#P915 https://www.wikidata.org/wiki/Q180865 https://en.wikipedia.org/wiki/University_of_Toronto
wikidata,Q7427501,Saunton Sands,51.1,-4.22583,Saunton,GB,beach,Q91226161,Aquaman and the Lost Kingdom,film,2023,tt9663764,43,9766,171.56,Jason Momoa,Aquaman,Amber Heard,Mera,,300,beach/park/ranch/set (beach),,new_spot,wp_mention;needs_scene,https://www.wikidata.org/wiki/Q91226161#P915 https://www.wikidata.org/wiki/Q7427501 https://en.wikipedia.org/wiki/Saunton_Sands
wikidata,Q23926524,Centinela Hospital Medical Center,33.950274,-118.348215,Los Angeles County,US,hospital,Q471842,Star Trek IV: The Voyage Home,film,1986,tt0092007,49,3136,171.33,William Shatner,James T. Kirk,DeForest Kelley,Leonard McCoy,,150,building/castle/station (default),,new_spot,"no_wp_mention;needs_scene;not_a_spot(hospital, no visitor class)",https://www.wikidata.org/wiki/Q471842#P915 https://www.wikidata.org/wiki/Q23926524 https://en.wikipedia.org/wiki/Centinela_Hospital_Medical_Center
wikidata,Q40285,New Guinea,-5.0,140.0,Indonesia,ID,island,Q377165,Planet Earth,tv,2006,tt0795176,30,505434,171.11,,,,,,500,mountain/natural site (island),,new_spot,no_wp_mention;needs_scene;needs_roles;lead_without_role;large_area_centroid;area_too_large(785753km2),https://www.wikidata.org/wiki/Q377165#P915 https://www.wikidata.org/wiki/Q40285 https://en.wikipedia.org/wiki/New_Guinea
wikidata,Q1810254,Le Train Bleu,48.845,2.373333,Paris,FR,restaurant; station restaurant,Q64584978,Emily in Paris,tv,2020,tt8962124,41,14228,170.28,Lily Collins,Emily Cooper,Lucas Bravo,Gabriel,,60,stairs/street/cafe/shop (restaurant),,new_spot,no_wp_mention;needs_scene;cast_skips_unroled(Ashley Park),https://www.wikidata.org/wiki/Q64584978#P915 https://www.wikidata.org/wiki/Q1810254 https://en.wikipedia.org/wiki/Le_Train_Bleu_%28restaurant%29
wikidata,Q16994651,Gwinnett Technical College,33.96274,-84.06749,Lawrenceville,US,public educational institution of the United States,Q21062112,Sully,film,2016,tt3263904,47,4163,170.12,Tom Hanks,Chesley Sullenberger,Laura Linney,Lorraine Sullenberger,,60,stairs/street/cafe/shop (pub),,new_spot,no_wp_mention;needs_scene,https://www.wikidata.org/wiki/Q21062112#P915 https://www.wikidata.org/wiki/Q16994651 https://en.wikipedia.org/wiki/Gwinnett_Technical_College
wikidata,Q3389781,place Dalida,48.888531,2.338065,Paris,FR,square,Q64584978,Emily in Paris,tv,2020,tt8962124,41,13705,169.61,Lily Collins,Emily Cooper,Lucas Bravo,Gabriel,,120,square/bridge/viaduct (square),,new_spot,wp_mention;needs_scene;cast_skips_unroled(Ashley Park);possible_dup:near_stamp_distinct_item(Moulin de la Galette|133m),https://www.wikidata.org/wiki/Q64584978#P915 https://www.wikidata.org/wiki/Q3389781 https://en.wikipedia.org/wiki/Place_Dalida
wikidata,Q270263,London Zoo,51.535556,-0.155833,London,GB,zoo,Q117662601,Harry Potter,tv,2026,tt13918446,35,69600,169.49,John Lithgow,Albus Dumbledore,Paapa Essiedu,Severus Snape,,300,beach/park/ranch/set (zoo),wikidata:Q270263,film_line_on_existing,wp_mention;needs_scene,https://www.wikidata.org/wiki/Q117662601#P915 https://www.wikidata.org/wiki/Q270263 https://en.wikipedia.org/wiki/London_Zoo
wikidata,Q6751359,Manor Lodge School,51.706,-0.262,Hertfordshire,GB,school; charitable organization; independent school,Q181086,A Clockwork Orange,film,1971,tt0066921,72,222,169.08,Malcolm McDowell,Alex,,,,150,building/castle/station (school),,new_spot,wp_mention;needs_scene;needs_roles;lead_without_role;cast_skips_unroled(Patrick Magee);not_a_spot(organization),https://www.wikidata.org/wiki/Q181086#P915 https://www.wikidata.org/wiki/Q6751359 https://en.wikipedia.org/wiki/Manor_Lodge_School
wikidata,Q4649056,A24 road,51.2065,-0.331,Surrey,GB,A road,Q591272,Casino Royale,film,1967,tt0061452,46,4643,168.68,David Niven,James Bond,Ursula Andress,Vesper Lynd,,150,building/castle/station (default),,new_spot,no_wp_mention;needs_scene;cast_skips_unroled(Peter Sellers),https://www.wikidata.org/wiki/Q591272#P915 https://www.wikidata.org/wiki/Q4649056 https://en.wikipedia.org/wiki/A24_road_%28England%29
wikidata,Q6781672,Maryon Park,51.489,0.043,London,GB,urban park,Q658204,Blowup,film,1966,tt0060176,46,4640,168.66,,,,,,300,beach/park/ranch/set (park),,new_spot,wp_mention;needs_scene;needs_roles;lead_without_role,https://www.wikidata.org/wiki/Q658204#P915 https://www.wikidata.org/wiki/Q6781672 https://en.wikipedia.org/wiki/Maryon_Park
wikidata,Q19835,"Warner Bros. Studios, Leavesden",51.693333,-0.419722,Abbots Langley,GB,film studio; film set,Q117662601,Harry Potter,tv,2026,tt13918446,35,65379,168.54,John Lithgow,Albus Dumbledore,Paapa Essiedu,Severus Snape,,300,beach/park/ranch/set (film set),,new_spot,wp_mention;needs_scene;possible_dup:near_stamp(icon:Q27924395|339m),https://www.wikidata.org/wiki/Q117662601#P915 https://www.wikidata.org/wiki/Q19835 https://en.wikipedia.org/wiki/Warner_Bros._Studios_Leavesden
wikidata,Q2963308,Chicago Fire Department,41.830556,-87.623889,Chicago,US,fire department,Q1187416,Chicago Fire,tv,2012,tt2261391,36,46060,167.88,Jesse Spencer,Matthew Casey,Taylor Kinney,Kelly Severide,,150,building/castle/station (default),,new_spot,wp_mention;needs_scene;cast_skips_unroled(Teri Reeves),https://www.wikidata.org/wiki/Q1187416#P915 https://www.wikidata.org/wiki/Q2963308 https://en.wikipedia.org/wiki/Chicago_Fire_Department
wikidata,Q7114110,Oviatt Library,34.240029,-118.529499,Los Angeles,US,academic library; publishing house,Q156329,Star Trek: Voyager,tv,1995,tt0112178,52,1651,167.34,Robert Picardo,Doctor,Kate Mulgrew,Kathryn Janeway,,60,stairs/street/cafe/shop (pub),,new_spot,via_season_or_episode;no_wp_mention;needs_scene;demolished_or_closed(2020),https://www.wikidata.org/wiki/Q156329#P915 https://www.wikidata.org/wiki/Q7114110 https://en.wikipedia.org/wiki/University_Library%2C_California_State_University_Northridge
wikidata,Q474326,Walt Disney Concert Hall,34.055278,-118.25,Los Angeles,US,concert hall,Q62573305,Star Trek: Picard,tv,2020,tt8806524,33,116462,167.18,Patrick Stewart,Jean-Luc Picard,Santiago Cabrera,Cristóbal Rios,,150,building/castle/station (hall),curated:united-states-los-angeles-walt-disney-concert-hall,film_line_on_existing,via_season_or_episode;wp_mention;needs_scene,https://www.wikidata.org/wiki/Q62573305#P915 https://www.wikidata.org/wiki/Q474326 https://en.wikipedia.org/wiki/Walt_Disney_Concert_Hall
wikidata,Q537149,Grand-Hôtel du Cap-Ferrat,43.676834,7.331545,Saint-Jean-Cap-Ferrat,FR,hotel; palace hotel,Q64584978,Emily in Paris,tv,2020,tt8962124,41,11901,167.1,Lily Collins,Emily Cooper,Lucas Bravo,Gabriel,,150,building/castle/station (palace),,new_spot,wp_mention;needs_scene;cast_skips_unroled(Ashley Park),https://www.wikidata.org/wiki/Q64584978#P915 https://www.wikidata.org/wiki/Q537149 https://en.wikipedia.org/wiki/Grand-H%C3%B4tel_du_Cap-Ferrat
wikidata,Q7972205,Washington Square,39.946944,-75.152778,Philadelphia,US,square,Q309366,National Treasure,film,2004,tt0368891,44,6240,166.99,Nicolas Cage,Benjamin Gates,Diane Kruger,Abigail Chase,,120,square/bridge/viaduct (square),,new_spot,no_wp_mention;needs_scene;reuses_unstamped_row(wikidata:Q7972222),https://www.wikidata.org/wiki/Q309366#P915 https://www.wikidata.org/wiki/Q7972205 https://en.wikipedia.org/wiki/Washington_Square_%28Philadelphia%29
wikidata,Q1445889,La Coupole,48.8424,2.32806,Paris,FR,brasserie,Q64584978,Emily in Paris,tv,2020,tt8962124,41,11687,166.78,Lily Collins,Emily Cooper,Lucas Bravo,Gabriel,,150,building/castle/station (default),,new_spot,no_wp_mention;needs_scene;cast_skips_unroled(Ashley Park),https://www.wikidata.org/wiki/Q64584978#P915 https://www.wikidata.org/wiki/Q1445889 https://en.wikipedia.org/wiki/La_Coupole_%28Paris%29
wikidata,Q180865,University of Toronto,43.662917,-79.395746,Toronto,CA,collegiate university; public research university; university in Ontario,Q7103920,Orphan Black,tv,2013,tt2234222,31,233547,166.42,Jordan Gavaris,Felix Dawkins,Skyler Wexler,Kira Manning,,60,stairs/street/cafe/shop (pub),,new_spot,no_wp_mention;needs_scene;lead_without_role;cast_skips_unroled(Tatiana Maslany);reuses_unstamped_row(wikidata:Q3551334),https://www.wikidata.org/wiki/Q7103920#P915 https://www.wikidata.org/wiki/Q180865 https://en.wikipedia.org/wiki/University_of_Toronto
wikidata,Q4979489,Brunswick Centre,51.524,-0.124,London,GB,shopping center; mixed-use development; residential building,Q60462338,Andor,tv,2022,tt9253284,38,23674,166.22,Diego Luna,Cassian Andor,Stellan Skarsgård,Luthen Rael,,60,stairs/street/cafe/shop (shop),,new_spot,via_season_or_episode;wp_mention;needs_scene,https://www.wikidata.org/wiki/Q60462338#P915 https://www.wikidata.org/wiki/Q4979489 https://en.wikipedia.org/wiki/Brunswick_Centre
wikidata,Q18683358,Integral House,43.6846,-79.369,,CA,dwelling,Q21296543,Star Trek: Discovery,tv,2017,tt5171438,41,11191,166.01,Sonequa Martin-Green,Michael Burnham,Michelle Yeoh,Philippa Georgiou,,150,building/castle/station (default),,new_spot,wp_mention;needs_scene;large_cast(101);no_city,https://www.wikidata.org/wiki/Q21296543#P915 https://www.wikidata.org/wiki/Q18683358 https://en.wikipedia.org/wiki/Integral_House
wikidata,Q7973425,Water Wizz,41.7568,-70.6595,Wareham,US,water park,Q121810,Grown Ups,film,2010,tt1375670,41,10397,164.69,Kevin James,Eric Lamonsoff,,,,300,beach/park/ranch/set (park),,new_spot,wp_mention;needs_scene;needs_roles;lead_without_role;cast_skips_unroled(Adam Sandler);reuses_unstamped_row(wikidata:Q7973425),https://www.wikidata.org/wiki/Q121810#P915 https://www.wikidata.org/wiki/Q7973425 https://en.wikipedia.org/wiki/Water_Wizz
wikidata,Q27394,Southern Africa,-25.879106,23.097578,,BW,region; cultural region,Q22026371,The Young Pope,tv,2016,tt3655448,31,203438,164.56,,,,,,150,building/castle/station (default),,new_spot,no_wp_mention;needs_scene;needs_roles;lead_without_role;not_a_spot(region);no_city,https://www.wikidata.org/wiki/Q22026371#P915 https://www.wikidata.org/wiki/Q27394 https://en.wikipedia.org/wiki/Southern_Africa
wikidata,Q3367074,Parvis des droits de l'homme,48.86229,2.288198,Paris,FR,parvis,Q221075,28 Days Later,film,2002,tt0289043,50,1907,164.03,Cillian Murphy,Jim,,,,150,building/castle/station (default),,new_spot,no_wp_mention;needs_scene;needs_roles;possible_dup:near_stamp_distinct_item(Palais de Chaillot|8m),https://www.wikidata.org/wiki/Q221075#P915 https://www.wikidata.org/wiki/Q3367074 https://en.wikipedia.org/wiki/Trocad%C3%A9ro_Esplanade
wikidata,Q8034994,Workingman's Institute and Memorial Hall,51.680833,-3.147778,Newbridge,GB,building,Q55632932,Sex Education,tv,2019,tt7767422,57,742,163.65,Gillian Anderson,Jean Milburn,Asa Butterfield,Otis Milburn,,150,building/castle/station (building),,new_spot,wp_mention;needs_scene,https://www.wikidata.org/wiki/Q55632932#P915 https://www.wikidata.org/wiki/Q8034994 https://en.wikipedia.org/wiki/Workingman%27s_Institute_and_Memorial_Hall
wikidata,Q705366,Oranienburger Straße,52.524722,13.394167,Berlin,DE,street,Q158759,Unknown,film,2011,tt1401152,43,6356,163.54,Liam Neeson,Dr. Martin Harris,Diane Kruger,Gina,,60,stairs/street/cafe/shop (street),,new_spot,wp_mention;needs_scene;possible_dup:near_stamp_distinct_item(Neue Synagoge|18m),https://www.wikidata.org/wiki/Q158759#P915 https://www.wikidata.org/wiki/Q705366 https://en.wikipedia.org/wiki/Oranienburger_Stra%C3%9Fe
wikidata,Q7331011,Richmond Theatre,51.4621,-0.30381,London,GB,theatre building,Q391101,Agatha Christie's Poirot,tv,1989,tt0094525,43,6251,163.23,David Suchet,Hercule Poirot,Hugh Fraser,Arthur Hastings,,150,building/castle/station (building),,new_spot,via_season_or_episode;no_wp_mention;needs_scene;reuses_unstamped_row(wikidata:Q7331011),https://www.wikidata.org/wiki/Q391101#P915 https://www.wikidata.org/wiki/Q7331011 https://en.wikipedia.org/wiki/Richmond_Theatre_%28London%29
wikidata,Q2582539,Wilshire Grand Center,34.04993,-118.259926,Los Angeles,US,skyscraper,Q62573305,Star Trek: Picard,tv,2020,tt8806524,33,87509,163.09,Patrick Stewart,Jean-Luc Picard,Santiago Cabrera,Cristóbal Rios,,150,building/castle/station (skyscraper),,new_spot,via_season_or_episode;no_wp_mention;needs_scene;reuses_unstamped_row(wikidata:Q2582539),https://www.wikidata.org/wiki/Q62573305#P915 https://www.wikidata.org/wiki/Q2582539 https://en.wikipedia.org/wiki/Wilshire_Grand_Center
wikidata,Q1544344,Great Russell Street,51.5183,-0.126111,London,GB,street,Q901140,The Day of the Jackal,film,1973,tt0069947,43,6088,162.74,Edward Fox,Jackal,Jean Sorel,Jean-Marie Bastien-Thiry,,60,stairs/street/cafe/shop (street),,new_spot,no_wp_mention;needs_scene;cast_skips_unroled(Michael Lonsdale);possible_dup:near_stamp_distinct_item(The British Museum|136m);possible_dup:near_stamp_distinct_item(Elgin Marbles|138m);possible_dup:near_stamp(wikidata:Q1346906|378m);inside_stamp_footprint(wikidata:Q2893581|281m),https://www.wikidata.org/wiki/Q901140#P915 https://www.wikidata.org/wiki/Q1544344 https://en.wikipedia.org/wiki/Great_Russell_Street
wikidata,Q5691682,Hearn Generating Station,43.6455,-79.3351,Toronto,CA,natural gas-fired power station; coal-fired power station,Q21296543,Star Trek: Discovery,tv,2017,tt5171438,41,9046,162.22,Sonequa Martin-Green,Michael Burnham,Michelle Yeoh,Philippa Georgiou,,500,mountain/natural site (natural),,new_spot,"via_season_or_episode;wp_mention;needs_scene;large_cast(101);not_a_spot(power station, no visitor class)",https://www.wikidata.org/wiki/Q21296543#P915 https://www.wikidata.org/wiki/Q5691682 https://en.wikipedia.org/wiki/Hearn_Generating_Station
wikidata,Q2314592,Drangarnir,62.0754,-7.4144,,FO,islet,Q118904382,How to Train Your Dragon,film,2025,tt26743210,41,8890,161.91,Nico Parker,Astrid Hofferson,Mason Thames,Hiccup,,150,building/castle/station (default),,new_spot,wp_mention;needs_scene;no_city,https://www.wikidata.org/wiki/Q118904382#P915 https://www.wikidata.org/wiki/Q2314592 https://en.wikipedia.org/wiki/Drangarnir
wikidata,Q16899452,Rotherfield Park,51.0858,-1.0094,East Tisted,GB,English country house,Q391101,Agatha Christie's Poirot,tv,1989,tt0094525,43,5589,161.14,David Suchet,Hercule Poirot,Hugh Fraser,Arthur Hastings,,150,building/castle/station (house),,new_spot,via_season_or_episode;wp_mention;needs_scene,https://www.wikidata.org/wiki/Q391101#P915 https://www.wikidata.org/wiki/Q16899452 https://en.wikipedia.org/wiki/Rotherfield_Park
wikidata,Q373868,Praha-Holešovice railway station,50.109667,14.439919,Prague,CZ,railway station,Q4444,Wanted,film,2008,tt0493464,46,3124,160.76,James McAvoy,Wesley Gibson,,,,150,building/castle/station (station),,new_spot,no_wp_mention;needs_scene;needs_roles,https://www.wikidata.org/wiki/Q4444#P915 https://www.wikidata.org/wiki/Q373868 https://en.wikipedia.org/wiki/Praha-Hole%C5%A1ovice_railway_station
wikidata,Q1534537,Schnals Valley,46.722222,10.860833,South Tyrol,IT,valley,Q15631013,Everest,film,2015,tt2719848,45,3647,160.29,Jason Clarke,Rob Hall,Josh Brolin,Beck Weathers,,500,mountain/natural site (valley),,new_spot,wp_mention;needs_scene;large_area_centroid,https://www.wikidata.org/wiki/Q15631013#P915 https://www.wikidata.org/wiki/Q1534537 https://en.wikipedia.org/wiki/Schnalstal
wikidata,Q269424,Uthina,36.608467,10.171708,Ben Arous Governorate,TN,archaeological site,Q391101,Agatha Christie's Poirot,tv,1989,tt0094525,43,5342,160.29,David Suchet,Hercule Poirot,Hugh Fraser,Arthur Hastings,,120,square/bridge/viaduct (arch),wikidata:Q269424,film_line_on_existing,via_season_or_episode;no_wp_mention;needs_scene,https://www.wikidata.org/wiki/Q391101#P915 https://www.wikidata.org/wiki/Q269424 https://en.wikipedia.org/wiki/Uthina
wikidata,Q3390301,Place de l'Estrapade,48.8452,2.34483,Paris,FR,square,Q64584978,Emily in Paris,tv,2020,tt8962124,41,7559,159.02,Lily Collins,Emily Cooper,Lucas Bravo,Gabriel,,120,square/bridge/viaduct (square),,new_spot,wp_mention;needs_scene;cast_skips_unroled(Ashley Park);possible_dup:near_stamp_distinct_item(Panthéon|125m);possible_dup:near_stamp_distinct_item(Musée Curie|145m),https://www.wikidata.org/wiki/Q64584978#P915 https://www.wikidata.org/wiki/Q3390301 https://en.wikipedia.org/wiki/Place_de_l%27Estrapade
wikidata,Q46634839,Gainsborough Studios,40.767194,-73.980472,New York City,US,studio; apartment building,Q330332,Mr. Bean's Holiday,film,2007,tt0453451,48,2050,158.97,Rowan Atkinson,Mr. Bean,,,,300,beach/park/ranch/set (studio),,new_spot,no_wp_mention;needs_scene;needs_roles;studio_backlot(name);possible_dup:near_stamp_distinct_item(Columbus Circle|84m),https://www.wikidata.org/wiki/Q330332#P915 https://www.wikidata.org/wiki/Q46634839 https://en.wikipedia.org/wiki/Gainsborough_Studios_%28Manhattan%29
wikidata,Q692839,fontaine Saint-Michel,48.853144,2.3437,Paris,FR,fountain,Q64584978,Emily in Paris,tv,2020,tt8962124,41,7498,158.88,Lily Collins,Emily Cooper,Lucas Bravo,Gabriel,,120,square/bridge/viaduct (fountain),,new_spot,no_wp_mention;needs_scene;cast_skips_unroled(Ashley Park),https://www.wikidata.org/wiki/Q64584978#P915 https://www.wikidata.org/wiki/Q692839 https://en.wikipedia.org/wiki/Fontaine_Saint-Michel
wikidata,Q3141845,rue de la Paix,48.869131,2.331128,Paris,FR,street,Q147068,Funny Face,film,1957,tt0050419,40,9173,158.5,,,,,,60,stairs/street/cafe/shop (street),,new_spot,wp_mention;needs_scene;needs_roles;lead_without_role,https://www.wikidata.org/wiki/Q147068#P915 https://www.wikidata.org/wiki/Q3141845 https://en.wikipedia.org/wiki/Rue_de_la_Paix%2C_Paris
wikidata,Q5475526,Four Seasons Resort Maui,20.6803,-156.442,Maui County,US,building complex,Q106679014,The White Lotus,tv,2021,tt13406094,39,11508,158.38,,,,,,150,building/castle/station (building),,new_spot,wp_mention;needs_scene;needs_roles;lead_without_role,https://www.wikidata.org/wiki/Q106679014#P915 https://www.wikidata.org/wiki/Q5475526 https://en.wikipedia.org/wiki/Four_Seasons_Resort_Maui
curated,Q28197238,Tú Làn Caves System,17.75984,106.116326,,VN,natural,Q21203766,Kong: Skull Island,film,2017,tt3731562,51,1273,158.36,,,,,The entrance of the cave system was a filming location for the film.,500,mountain/natural site (curated class natural),,new_spot,scene_generic;needs_roles;lead_without_role;no_city,https://www.wikidata.org/wiki/Q28197238 https://en.wikipedia.org/wiki/Kong%3A_Skull_Island
curated,Q59330112,Rinpung Dzong,27.42667,89.42333,Paro,BT,castle,Q1141873,Little Buddha,film,1993,tt0107426,40,9017,158.2,,,,,Several scenes of the film were filmed at the dzong.,150,building/castle/station (curated class castle),,new_spot,needs_roles;lead_without_role;reuses_unstamped_row(wikidata:Q3936132),https://www.wikidata.org/wiki/Q59330112 https://en.wikipedia.org/wiki/Rinpung_Dzong
wikidata,Q15225335,Horsted Keynes railway station,51.0461,-0.0446,Horsted Keynes,GB,railway station,Q391101,Agatha Christie's Poirot,tv,1989,tt0094525,43,4574,157.4,David Suchet,Hercule Poirot,Hugh Fraser,Arthur Hastings,,150,building/castle/station (station),,new_spot,via_season_or_episode;no_wp_mention;needs_scene,https://www.wikidata.org/wiki/Q391101#P915 https://www.wikidata.org/wiki/Q15225335 https://en.wikipedia.org/wiki/Horsted_Keynes_railway_station
wikidata,Q5270901,Diamond Ranch High School,34.021826,-117.779725,Pomona,US,high school; public school,Q691611,Serenity,film,2005,tt0379786,41,6828,157.21,Nathan Fillion,Malcolm Reynolds,Gina Torres,Zoe Washburne,,60,stairs/street/cafe/shop (pub),,new_spot,wp_mention;needs_scene,https://www.wikidata.org/wiki/Q691611#P915 https://www.wikidata.org/wiki/Q5270901 https://en.wikipedia.org/wiki/Diamond_Ranch_High_School
wikidata,Q801473,Strasbourg-Ville station,48.585144,7.734263,Strasbourg,FR,railway station,Q1166180,Julia,film,1977,tt0076245,40,8493,157.16,,,,,,150,building/castle/station (station),,new_spot,no_wp_mention;needs_scene;needs_roles;lead_without_role,https://www.wikidata.org/wiki/Q1166180#P915 https://www.wikidata.org/wiki/Q801473 https://en.wikipedia.org/wiki/Strasbourg-Ville_station
wikidata,Q2896854,Le Grand Véfour,48.8661,2.3379,Paris,FR,restaurant,Q64584978,Emily in Paris,tv,2020,tt8962124,41,6781,157.09,Lily Collins,Emily Cooper,Lucas Bravo,Gabriel,,60,stairs/street/cafe/shop (restaurant),,new_spot,no_wp_mention;needs_scene;cast_skips_unroled(Ashley Park),https://www.wikidata.org/wiki/Q64584978#P915 https://www.wikidata.org/wiki/Q2896854 https://en.wikipedia.org/wiki/Le_Grand_V%C3%A9four
curated,Q11664822,Suga Shrine stairs,35.685306,139.722444,Tokyo,JP,stairs,Q21697406,Your Name,film,2016,tt5311514,69,184,156.43,,,,,The closing scene: Taki and Mitsuha meet on the shrine stairs and ask each other's names.,60,stairs/street/cafe/shop (curated class stairs),,new_spot,animated_depiction;needs_roles;reuses_unstamped_row(wikidata:Q125623554),https://www.wikidata.org/wiki/Q11664822 https://en.wikipedia.org/wiki/Suga_Shrine_%28Shinjuku%29 https://en.wikipedia.org/wiki/Your_Name
wikidata,Q904522,Brecon Beacons,51.883333,-3.433333,Powys,GB,mountain range,Q56195117,His Dark Materials,tv,2019,tt5607976,33,54896,156.41,Dafne Keen,Lyra Belacqua,James McAvoy,Lord Asriel,,500,mountain/natural site (mountain),,new_spot,no_wp_mention;needs_scene;not_a_spot(mountain range);large_area_centroid;area_too_large(50km2),https://www.wikidata.org/wiki/Q56195117#P915 https://www.wikidata.org/wiki/Q904522 https://en.wikipedia.org/wiki/Brecon_Beacons
wikidata,Q3501079,Studios de la Victorine,43.6739,7.21753,Nice,FR,film studio,Q330332,Mr. Bean's Holiday,film,2007,tt0453451,48,1802,156.29,Rowan Atkinson,Mr. Bean,,,,300,beach/park/ranch/set (studio),,new_spot,no_wp_mention;needs_scene;needs_roles;studio_backlot(film studio),https://www.wikidata.org/wiki/Q330332#P915 https://www.wikidata.org/wiki/Q3501079 https://en.wikipedia.org/wiki/Victorine_Studios
curated,Q1072593,CHIJMES,1.29514,103.852,Singapore,SG,building,Q29588623,Crazy Rich Asians,film,2018,tt3104988,37,16741,156.28,,,,,"Colin and Araminta's wedding was shot in CHIJMES Hall, a former convent.",150,building/castle/station (curated class building),,new_spot,needs_roles;lead_without_role;possible_dup:near_stamp_distinct_item(Cathedral of the Good Shepherd|119m),https://www.wikidata.org/wiki/Q1072593 https://en.wikipedia.org/wiki/CHIJMES https://en.wikipedia.org/wiki/Crazy_Rich_Asians
wikidata,Q7235328,Pottery Lane,51.5089,-0.21,,GB,road,Q658204,Blowup,film,1966,tt0060176,46,2485,156.19,,,,,,150,building/castle/station (default),,new_spot,no_wp_mention;needs_scene;needs_roles;lead_without_role;no_city,https://www.wikidata.org/wiki/Q658204#P915 https://www.wikidata.org/wiki/Q7235328 https://en.wikipedia.org/wiki/Pottery_Lane
wikidata,Q2373736,Regent Street railway station,-33.8868,151.2024,Chippendale,AU,railway station,Q27964337,Peter Rabbit,film,2018,tt5117670,41,6377,155.99,Domhnall Gleeson,Thomas McGregor,Sam Neill,Mr. McGregor,,150,building/castle/station (station),,new_spot,no_wp_mention;needs_scene,https://www.wikidata.org/wiki/Q27964337#P915 https://www.wikidata.org/wiki/Q2373736 https://en.wikipedia.org/wiki/Regent_Street_railway_station
wikidata,Q6743398,Malibu Creek State Park,34.1008,-118.711,Los Angeles County,US,California state park,Q494244,M*A*S*H,tv,1972,tt0068098,38,12652,155.88,Alan Alda,Benjamin Franklin 'Hawkeye' Pierce,Wayne Rogers,'Trapper John' McIntyre,,300,beach/park/ranch/set (park),wikidata:Q6743398,film_line_on_existing,wp_mention;needs_scene;large_cast(104);large_area_centroid,https://www.wikidata.org/wiki/Q494244#P915 https://www.wikidata.org/wiki/Q6743398 https://en.wikipedia.org/wiki/Malibu_Creek_State_Park
wikidata,Q1130112,Cradle of Humankind,-25.967231,27.66244,,ZA,cultural heritage; group,Q21980653,The Grand Tour,tv,2016,tt5712554,31,106157,155.8,,,,,,150,building/castle/station (default),icon:Q1130112,film_line_on_existing,via_season_or_episode;no_wp_mention;needs_scene;needs_roles;no_city,https://www.wikidata.org/wiki/Q21980653#P915 https://www.wikidata.org/wiki/Q1130112 https://en.wikipedia.org/wiki/Cradle_of_Humankind
wikidata,Q31715576,Clay Cliffs,-44.488889,169.866667,Waitaki District,NZ,cliff,Q24284283,Mulan,film,2020,tt4566758,48,1732,155.46,Liu Yifei,Mulan,,,,500,mountain/natural site (cliff),,new_spot,no_wp_mention;needs_scene;needs_roles,https://www.wikidata.org/wiki/Q24284283#P915 https://www.wikidata.org/wiki/Q31715576 https://en.wikipedia.org/wiki/Omarama_Clay_Cliffs
wikidata,Q2720522,parvis Notre-Dame - place Jean-Paul-II,48.85351,2.34839,Paris,FR,square; parvis,Q64584978,Emily in Paris,tv,2020,tt8962124,41,6187,155.45,Lily Collins,Emily Cooper,Lucas Bravo,Gabriel,,120,square/bridge/viaduct (square),,new_spot,no_wp_mention;needs_scene;cast_skips_unroled(Ashley Park);possible_dup:near_stamp_distinct_item(Notre-Dame Cathedral|117m),https://www.wikidata.org/wiki/Q64584978#P915 https://www.wikidata.org/wiki/Q2720522 https://en.wikipedia.org/wiki/Parvis_Notre-Dame_%E2%80%93_Place_Jean-Paul_II
curated,Q125700900,Padang Padang Beach,-8.81114,115.1012,Bali,ID,beach,Q304030,Eat Pray Love,film,2010,tt0879870,43,3901,154.43,,,,,One of the film's filming locations in Bali.,300,beach/park/ranch/set (curated class beach),,new_spot,scene_generic;needs_roles;lead_without_role,https://www.wikidata.org/wiki/Q125700900 https://en.wikipedia.org/wiki/Padang_Padang_Beach
wikidata,Q4852137,Ballyglunin railway station,53.4311,-8.7937,County Galway,IE,railway station,Q470560,The Quiet Man,film,1952,tt0045061,48,1638,154.3,,,,,,150,building/castle/station (station),,new_spot,wp_mention;needs_scene;needs_roles;lead_without_role,https://www.wikidata.org/wiki/Q470560#P915 https://www.wikidata.org/wiki/Q4852137 https://en.wikipedia.org/wiki/Ballyglunin_railway_station
wikidata,Q3324477,Gunlom Falls,-13.4313,132.4178,Northern Territory,AU,waterfall,Q615254,Crocodile Dundee,film,1986,tt0090555,46,2248,154.19,David Gulpilil,Neville Bell,,,,500,mountain/natural site (waterfall),,new_spot,wp_mention;needs_scene;needs_roles;lead_without_role;cast_skips_unroled(Paul Hogan);reuses_unstamped_row(wikidata:Q3324477),https://www.wikidata.org/wiki/Q615254#P915 https://www.wikidata.org/wiki/Q3324477 https://en.wikipedia.org/wiki/Gunlom_Falls
wikidata,Q16957681,Chilworth Manor,51.2206,-0.531,St Martha,GB,manor house,Q391101,Agatha Christie's Poirot,tv,1989,tt0094525,43,3845,154.16,David Suchet,Hercule Poirot,Hugh Fraser,Arthur Hastings,,150,building/castle/station (house),,new_spot,via_season_or_episode;wp_mention;needs_scene,https://www.wikidata.org/wiki/Q391101#P915 https://www.wikidata.org/wiki/Q16957681 https://en.wikipedia.org/wiki/Chilworth_Manor%2C_Surrey
wikidata,Q3501084,Studios de Boulogne,48.8416,2.23061,Boulogne-Billancourt,FR,film studio; recording studio,Q496266,Charade,film,1963,tt0056923,51,1052,154.14,Cary Grant,Peter Joshua,Audrey Hepburn,Regina Lampert,,300,beach/park/ranch/set (studio),,new_spot,wp_mention;needs_scene;studio_backlot(film studio),https://www.wikidata.org/wiki/Q496266#P915 https://www.wikidata.org/wiki/Q3501084 https://en.wikipedia.org/wiki/Boulogne_Studios
curated,Q5091627,Cheong Fatt Tze Mansion,5.42156,100.33479,George Town,MY,building,Q29588623,Crazy Rich Asians,film,2018,tt3104988,37,14545,154.02,,,,,"Eleanor's mahjong showdown with Rachel was filmed here, the mansion redecorated as a mahjong parlour.",150,building/castle/station (curated class building),,new_spot,needs_roles;lead_without_role;reuses_unstamped_row(wikidata:Q5091627),https://www.wikidata.org/wiki/Q5091627 https://en.wikipedia.org/wiki/Cheong_Fatt_Tze_Mansion https://en.wikipedia.org/wiki/Crazy_Rich_Asians
wikidata,Q899223,Pavillons de Bercy,48.833056,2.388889,Paris,FR,museum,Q64584978,Emily in Paris,tv,2020,tt8962124,41,5688,153.96,Lily Collins,Emily Cooper,Lucas Bravo,Gabriel,,150,building/castle/station (museum),,new_spot,wp_mention;needs_scene;cast_skips_unroled(Ashley Park),https://www.wikidata.org/wiki/Q64584978#P915 https://www.wikidata.org/wiki/Q899223 https://en.wikipedia.org/wiki/Mus%C3%A9e_des_Arts_Forains
wikidata,Q5314949,Dunecht House,57.161,-2.4131,Aberdeenshire,GB,stately home,Q124393045,Frankenstein,film,2025,tt1312221,40,6888,153.53,Oscar Isaac,Victor Frankenstein,Jacob Elordi,Frankenstein's monster,,150,building/castle/station (default),,new_spot,no_wp_mention;needs_scene,https://www.wikidata.org/wiki/Q124393045#P915 https://www.wikidata.org/wiki/Q5314949 https://en.wikipedia.org/wiki/Dunecht_House
wikidata,Q161787,Château de Champs-sur-Marne,48.853889,2.604167,Champs-sur-Marne,FR,château,Q830553,Dangerous Liaisons,film,1988,tt0094947,42,4512,153.49,Glenn Close,Marquise de Merteuil,John Malkovich,Vicomte de Valmont,,150,building/castle/station (default),wikidata:Q161787,film_line_on_existing,wp_mention;needs_scene,https://www.wikidata.org/wiki/Q830553#P915 https://www.wikidata.org/wiki/Q161787 https://en.wikipedia.org/wiki/Ch%C3%A2teau_de_Champs-sur-Marne
wikidata,Q5876859,Hofsta,58.89,16.48625,Katrineholm Municipality,SE,manor house,Q474093,The Girl with the Dragon Tattoo,film,2011,tt1568346,50,1152,153.09,Daniel Craig,Mikael Blomkvist,Rooney Mara,Lisbeth Salander,,150,building/castle/station (house),,new_spot,wp_mention;needs_scene,https://www.wikidata.org/wiki/Q474093#P915 https://www.wikidata.org/wiki/Q5876859 https://en.wikipedia.org/wiki/Hofsta
wikidata,Q8326,passage Pommeraye,47.213333,-1.559722,Nantes,FR,shopping center; covered passageway,Q163868,The Umbrellas of Cherbourg,film,1964,tt0058450,43,3591,152.88,,,,,,60,stairs/street/cafe/shop (shop),,new_spot,no_wp_mention;needs_scene;needs_roles;lead_without_role,https://www.wikidata.org/wiki/Q163868#P915 https://www.wikidata.org/wiki/Q8326 https://en.wikipedia.org/wiki/Passage_Pommeraye
wikidata,Q46280,Paris-Charles de Gaulle Airport,49.009722,2.547778,Tremblay-en-France,FR,international airport; commercial traffic aerodrome,Q64584978,Emily in Paris,tv,2020,tt8962124,41,5232,152.47,Lily Collins,Emily Cooper,Lucas Bravo,Gabriel,,150,building/castle/station (default),,new_spot,no_wp_mention;needs_scene;cast_skips_unroled(Ashley Park);area_too_large(35km2);class_ban(airport),https://www.wikidata.org/wiki/Q64584978#P915 https://www.wikidata.org/wiki/Q46280 https://en.wikipedia.org/wiki/Paris_Charles_de_Gaulle_Airport
wikidata,Q789427,Autódromo Internacional do Algarve,37.2294,-8.63053,Portimão,PT,motorsport racing track,Q21980653,The Grand Tour,tv,2016,tt5712554,31,82801,152.46,,,,,,150,building/castle/station (default),,new_spot,via_season_or_episode;wp_mention;needs_scene;needs_roles;reuses_unstamped_row(wikidata:Q789427),https://www.wikidata.org/wiki/Q21980653#P915 https://www.wikidata.org/wiki/Q789427 https://en.wikipedia.org/wiki/Algarve_International_Circuit
wikidata,Q743565,Cité du Cinéma,48.9229,2.33678,Saint-Denis,FR,film studio,Q20926273,Valérian and the City of a Thousand Planets,film,2017,tt2239822,42,4173,152.06,Dane DeHaan,Valerian,Cara Delevingne,Laureline,,300,beach/park/ranch/set (studio),,new_spot,wp_mention;needs_scene;studio_backlot(film studio),https://www.wikidata.org/wiki/Q20926273#P915 https://www.wikidata.org/wiki/Q743565 https://en.wikipedia.org/wiki/Cit%C3%A9_du_Cin%C3%A9ma
curated,Q80299,Angel Falls,5.970056,-62.536222,Bolívar,VE,natural,Q17410299,Point Break,film,2015,tt2058673,28,266525,151.92,,,,,"The free-solo climbing ordeal beside the falls; the crew camped below, on the rim and on the tepui.",500,mountain/natural site (curated class natural),icon:Q80299,film_line_on_existing,needs_roles;lead_without_role,https://www.wikidata.org/wiki/Q80299 https://en.wikipedia.org/wiki/Angel_Falls https://en.wikipedia.org/wiki/Point_Break_%282015_film%29
wikidata,Q3817686,Kynance Cove,49.974,-5.23,Landewednack,GB,cove,Q117662601,Harry Potter,tv,2026,tt13918446,35,21489,151.63,John Lithgow,Albus Dumbledore,Paapa Essiedu,Severus Snape,,150,building/castle/station (default),,new_spot,wp_mention;needs_scene;reuses_unstamped_row(wikidata:Q3817686),https://www.wikidata.org/wiki/Q117662601#P915 https://www.wikidata.org/wiki/Q3817686 https://en.wikipedia.org/wiki/Kynance_Cove
wikidata,Q3501084,Studios de Boulogne,48.8416,2.23061,Boulogne-Billancourt,FR,film studio; recording studio,Q468484,The Longest Day,film,1962,tt0056197,50,1052,151.12,John Wayne,Benjamin H. Vandervoort,Robert Mitchum,Norman Cota,,300,beach/park/ranch/set (studio),,new_spot,wp_mention;needs_scene;studio_backlot(film studio),https://www.wikidata.org/wiki/Q468484#P915 https://www.wikidata.org/wiki/Q3501084 https://en.wikipedia.org/wiki/Boulogne_Studios
wikidata,Q7053028,Normandale Community College,44.8294,-93.3311,Bloomington,US,community college; public educational institution of the United States,Q300555,A Serious Man,film,2009,tt1019452,41,4736,150.7,George Wyner,Rabbi Nachter,,,,60,stairs/street/cafe/shop (pub),,new_spot,wp_mention;needs_scene;needs_roles;lead_without_role;cast_skips_unroled(Michael Stuhlbarg),https://www.wikidata.org/wiki/Q300555#P915 https://www.wikidata.org/wiki/Q7053028 https://en.wikipedia.org/wiki/Normandale_Community_College
wikidata,Q1755820,Sychrov Castle,50.626389,15.089444,Sychrov,CZ,château,Q108837349,All Quiet on the Western Front,film,2022,tt1016150,42,3861,150.65,Felix Kammerer,Paul Bäumer,Daniel Brühl,Matthias Erzberger,,150,building/castle/station (default),wikidata:Q1755820,film_line_on_existing,wp_mention;needs_scene,https://www.wikidata.org/wiki/Q108837349#P915 https://www.wikidata.org/wiki/Q1755820 https://en.wikipedia.org/wiki/Sychrov_Castle
wikidata,Q2381141,Le Trianon,48.882839,2.343059,Paris,FR,theatre building; movie theater; performance hall,Q64584978,Emily in Paris,tv,2020,tt8962124,41,4688,150.51,Lily Collins,Emily Cooper,Lucas Bravo,Gabriel,,150,building/castle/station (building),,new_spot,no_wp_mention;needs_scene;cast_skips_unroled(Ashley Park),https://www.wikidata.org/wiki/Q64584978#P915 https://www.wikidata.org/wiki/Q2381141 https://en.wikipedia.org/wiki/Le_Trianon_%28theatre%29
wikidata,Q2641155,Fox Studio Lot,34.051111,-118.411389,,US,media studio facility,Q64110,"20,000 Leagues Under the Sea",film,1954,tt0046672,41,4647,150.36,Ted de Corsia,Farragut,Robert J. Wilke,first mate of Nautilus,,300,beach/park/ranch/set (studio),,new_spot,no_wp_mention;needs_scene;studio_backlot(name);no_city,https://www.wikidata.org/wiki/Q64110#P915 https://www.wikidata.org/wiki/Q2641155 https://en.wikipedia.org/wiki/Fox_Studio_Lot
wikidata,Q677676,Landsberg Prison,48.054167,10.866667,Landsberg am Lech,DE,prison,Q21980653,The Grand Tour,tv,2016,tt5712554,31,68973,150.0,,,,,,150,building/castle/station (prison),wikidata:Q677676,film_line_on_existing,"via_season_or_episode;no_wp_mention;needs_scene;needs_roles;not_a_spot(prison, no visitor class)",https://www.wikidata.org/wiki/Q21980653#P915 https://www.wikidata.org/wiki/Q677676 https://en.wikipedia.org/wiki/Landsberg_Prison
curated,Q5091627,Cheong Fatt Tze Mansion,5.42156,100.33479,George Town,MY,building,Q1130644,Indochine,film,1992,tt0104507,36,14545,149.86,,,,,Some parts of the film were shot in the mansion.,150,building/castle/station (curated class building),,new_spot,scene_generic;needs_roles;lead_without_role;reuses_unstamped_row(wikidata:Q5091627),https://www.wikidata.org/wiki/Q5091627 https://en.wikipedia.org/wiki/Cheong_Fatt_Tze_Mansion https://en.wikipedia.org/wiki/Indochine_%28film%29
wikidata,Q1250287,Dorothy Chandler Pavilion,34.056389,-118.248611,California,US,opera house,Q62573305,Star Trek: Picard,tv,2020,tt8806524,33,34450,149.73,Patrick Stewart,Jean-Luc Picard,Santiago Cabrera,Cristóbal Rios,,150,building/castle/station (house),,new_spot,via_season_or_episode;no_wp_mention;needs_scene;reuses_unstamped_row(wikidata:Q1250287),https://www.wikidata.org/wiki/Q62573305#P915 https://www.wikidata.org/wiki/Q1250287 https://en.wikipedia.org/wiki/Dorothy_Chandler_Pavilion
wikidata,Q7641261,Sunset Gower Studios,34.096111,-118.321111,Los Angeles,US,film studio; film production company,Q1525645,Scandal,tv,2013,tt1837576,35,18487,149.34,Kerry Washington,Olivia Pope,Darby Stanchfield,Abby Whelan,,300,beach/park/ranch/set (studio),,new_spot,wp_mention;needs_scene;large_cast(91);cast_skips_unroled(Henry Ian Cusick);not_a_spot(film production company);studio_backlot(film studio),https://www.wikidata.org/wiki/Q1525645#P915 https://www.wikidata.org/wiki/Q7641261 https://en.wikipedia.org/wiki/Sunset_Gower_Studios
wikidata,Q2499130,Sony Pictures Studios,34.017222,-118.401667,Culver City,US,film studio; recording studio,Q499767,Jeopardy!,tv,1964,tt0057758,31,64464,149.09,,,,,,300,beach/park/ranch/set (studio),wikidata:Q2499130,film_line_on_existing,wp_mention;needs_scene;needs_roles;studio_backlot(film studio),https://www.wikidata.org/wiki/Q499767#P915 https://www.wikidata.org/wiki/Q2499130 https://en.wikipedia.org/wiki/Sony_Pictures_Studios
curated,Q1483099,Mehrangarh Fort,26.298056,73.018889,Jodhpur,IN,castle,Q1097616,Rudyard Kipling's The Jungle Book,film,1994,tt0110213,30,92790,149.03,,,,,One of the filming locations for Disney's live-action film.,150,building/castle/station (curated class castle),wikidata:Q1483099,film_line_on_existing,scene_generic;needs_roles;lead_without_role,https://www.wikidata.org/wiki/Q1483099 https://en.wikipedia.org/wiki/Mehrangarh
wikidata,Q4750878,Anaheim Convention Center,33.8025,-117.92,Anaheim,US,arena; sports venue; convention center; multi-purpose hall,Q62573305,Star Trek: Picard,tv,2020,tt8806524,33,32794,149.02,Patrick Stewart,Jean-Luc Picard,Santiago Cabrera,Cristóbal Rios,,150,building/castle/station (hall),,new_spot,via_season_or_episode;wp_mention;needs_scene;reuses_unstamped_row(wikidata:Q4750878),https://www.wikidata.org/wiki/Q62573305#P915 https://www.wikidata.org/wiki/Q4750878 https://en.wikipedia.org/wiki/Anaheim_Convention_Center
wikidata,Q743565,Cité du Cinéma,48.9229,2.33678,Saint-Denis,FR,film studio,Q3061609,The Family,film,2013,tt2404311,41,4173,148.44,Tommy Lee Jones,Robert Stansfield,,,,300,beach/park/ranch/set (studio),,new_spot,wp_mention;needs_scene;needs_roles;lead_without_role;cast_skips_unroled(Robert De Niro);studio_backlot(film studio),https://www.wikidata.org/wiki/Q3061609#P915 https://www.wikidata.org/wiki/Q743565 https://en.wikipedia.org/wiki/Cit%C3%A9_du_Cin%C3%A9ma
wikidata,Q3390667,place du Panthéon,48.846446,2.345077,Paris,FR,square,Q64584978,Emily in Paris,tv,2020,tt8962124,41,4119,148.21,Lily Collins,Emily Cooper,Lucas Bravo,Gabriel,,120,square/bridge/viaduct (square),wikidata:Q188856,film_line_on_existing,no_wp_mention;needs_scene;cast_skips_unroled(Ashley Park),https://www.wikidata.org/wiki/Q64584978#P915 https://www.wikidata.org/wiki/Q3390667 https://en.wikipedia.org/wiki/Place_du_Panth%C3%A9on
wikidata,Q6471528,Lafayette Square,29.9483,-90.0703,Louisiana,US,park,Q21168538,Jack Reacher: Never Go Back,film,2016,tt3393786,41,3885,147.17,Tom Cruise,Jack Reacher,,,,300,beach/park/ranch/set (park),,new_spot,no_wp_mention;needs_scene;needs_roles;reuses_unstamped_row(wikidata:Q6471528),https://www.wikidata.org/wiki/Q21168538#P915 https://www.wikidata.org/wiki/Q6471528 https://en.wikipedia.org/wiki/Lafayette_Square_%28New_Orleans%29
wikidata,Q101546977,Trilith Studios,33.472408,-84.51321,,US,film studio; studio,Q108837156,Agatha All Along,tv,2024,tt15571732,32,39729,147.17,Joe Locke,Wiccan,Kathryn Hahn,Agatha Harkness,,300,beach/park/ranch/set (studio),,new_spot,wp_mention;needs_scene;studio_backlot(film studio);no_city,https://www.wikidata.org/wiki/Q108837156#P915 https://www.wikidata.org/wiki/Q101546977 https://en.wikipedia.org/wiki/Trilith_Studios
wikidata,Q4851163,Ball's Falls Conservation Area,43.1327,-79.3835,Lincoln,CA,protected area,Q21296543,Star Trek: Discovery,tv,2017,tt5171438,41,3741,146.5,Sonequa Martin-Green,Michael Burnham,Michelle Yeoh,Philippa Georgiou,,500,mountain/natural site (protected area),,new_spot,via_season_or_episode;no_wp_mention;needs_scene;large_cast(101);large_area_centroid;reuses_unstamped_row(wikidata:Q4851163),https://www.wikidata.org/wiki/Q21296543#P915 https://www.wikidata.org/wiki/Q4851163 https://en.wikipedia.org/wiki/Ball%27s_Falls%2C_Ontario
wikidata,Q3783997,"Terminal 5, London Heathrow Airport",51.4728,-0.48756,England,GB,airport terminal,Q21980653,The Grand Tour,tv,2016,tt5712554,31,52478,146.32,,,,,,150,building/castle/station (default),,new_spot,via_season_or_episode;no_wp_mention;needs_scene;needs_roles,https://www.wikidata.org/wiki/Q21980653#P915 https://www.wikidata.org/wiki/Q3783997 https://en.wikipedia.org/wiki/Heathrow_Terminal_5
wikidata,Q6868771,Minnewaska State Park Preserve,41.72,-74.284,New York,US,protected area,Q101096725,Severance,tv,2022,tt11280740,35,14711,145.87,Adam Scott,Mark Scout / Mark S.,Britt Lower,Helena Eagan / Helly R.,,500,mountain/natural site (protected area),,new_spot,via_season_or_episode;wp_mention;needs_scene;large_area_centroid,https://www.wikidata.org/wiki/Q101096725#P915 https://www.wikidata.org/wiki/Q6868771 https://en.wikipedia.org/wiki/Minnewaska_State_Park_Preserve
wikidata,Q488780,Anbangbang Billabong,-12.864444,132.796944,Northern Territory,AU,lake; billabong,Q615254,Crocodile Dundee,film,1986,tt0090555,46,1478,145.82,David Gulpilil,Neville Bell,,,,500,mountain/natural site (lake),,new_spot,no_wp_mention;needs_scene;needs_roles;lead_without_role;cast_skips_unroled(Paul Hogan);large_area_centroid,https://www.wikidata.org/wiki/Q615254#P915 https://www.wikidata.org/wiki/Q488780 https://en.wikipedia.org/wiki/Anbangbang_Billabong
curated,Q119693119,Kamakurakōkōmae railway crossing,35.306611,139.502083,Kamakura,JP,street,Q714760,Slam Dunk,tv,1990,,38,6436,144.73,,,,,The railway crossing features prominently in the anime's theme-song sequence.,60,stairs/street/cafe/shop (curated class street),wikidata:Q859202,film_line_on_existing,animated_depiction;work_qid_is_manga;pageviews_proxy(Kamakurakōkōmae Station);needs_roles,https://www.wikidata.org/wiki/Q119693119 https://en.wikipedia.org/wiki/Kamakurak%C5%8Dk%C5%8Dmae_Station https://en.wikipedia.org/wiki/Slam_Dunk_%28manga%29
wikidata,Q9649113,Cabril Dam,39.9175,-8.133056,Pedrógão Grande,PT,dam; filming location; hydroelectric power station,Q31271369,Fast X,film,2023,tt5433140,49,885,144.42,Vin Diesel,Dominic Toretto,Michelle Rodriguez,Leticia Ortiz,,150,building/castle/station (station),,new_spot,"no_wp_mention;needs_scene;not_a_spot(power station, no visitor class)",https://www.wikidata.org/wiki/Q31271369#P915 https://www.wikidata.org/wiki/Q9649113 https://en.wikipedia.org/wiki/Cabril_Dam
wikidata,Q6386535,Kelso/Glen Eden Conservation Area,43.5111,-79.9458,Milton,CA,conservation area,Q21296543,Star Trek: Discovery,tv,2017,tt5171438,41,3314,144.34,Sonequa Martin-Green,Michael Burnham,Michelle Yeoh,Philippa Georgiou,,150,building/castle/station (default),,new_spot,via_season_or_episode;no_wp_mention;needs_scene;large_cast(101),https://www.wikidata.org/wiki/Q21296543#P915 https://www.wikidata.org/wiki/Q6386535 https://en.wikipedia.org/wiki/Kelso_Conservation_Area
curated,Q5911405,Hotel Continental Saigon,10.776944,106.7025,Ho Chi Minh City,VN,building,Q1130644,Indochine,film,1992,tt0104507,36,9273,142.82,,,,,A central locale in the film.,150,building/castle/station (curated class building),,new_spot,needs_roles;lead_without_role,https://www.wikidata.org/wiki/Q5911405 https://en.wikipedia.org/wiki/Hotel_Continental_Saigon
wikidata,Q25233,Gotthard Pass,46.559167,8.561667,Canton of Uri,CH,mountain pass,Q21980653,The Grand Tour,tv,2016,tt5712554,31,39036,142.34,,,,,,500,mountain/natural site (mountain),,new_spot,via_season_or_episode;no_wp_mention;needs_scene;needs_roles;large_area_centroid,https://www.wikidata.org/wiki/Q21980653#P915 https://www.wikidata.org/wiki/Q25233 https://en.wikipedia.org/wiki/Gotthard_Pass
curated,Q14874460,Newton Food Centre,1.31194,103.839,Newton Circus,SG,cafe,Q29588623,Crazy Rich Asians,film,2018,tt3104988,37,6939,142.13,,,,,Colin and Araminta whisk Rachel and Nick from the airport straight to this hawker centre.,60,stairs/street/cafe/shop (curated class cafe),,new_spot,needs_roles;lead_without_role,https://www.wikidata.org/wiki/Q14874460 https://en.wikipedia.org/wiki/Crazy_Rich_Asians https://en.wikipedia.org/wiki/Newton_Food_Centre
curated,Q776863,Shinjuku Gyoen,35.687169,139.710644,Tokyo,JP,park,Q6434185,The Garden of Words,film,2013,tt2591814,33,19763,141.76,,,,,Takao and Yukari keep meeting in the garden on rainy mornings; the film's garden is modelled on it.,300,beach/park/ranch/set (curated class park),,new_spot,animated_depiction;needs_roles;reuses_unstamped_row(curated:japan-tokyo-shinjuku-gyoen-national-garden),https://www.wikidata.org/wiki/Q776863 https://en.wikipedia.org/wiki/Shinjuku_Gyo-en https://en.wikipedia.org/wiki/The_Garden_of_Words
wikidata,Q1982876,Anděl,50.070289,14.403947,Prague,CZ,metro station; underground station,Q1141186,Kolya,film,1996,tt0116790,41,2797,141.32,Zdeněk Svěrák,František Louka,Libuše Šafránková,Klára,,150,building/castle/station (station),,new_spot,no_wp_mention;needs_scene,https://www.wikidata.org/wiki/Q1141186#P915 https://www.wikidata.org/wiki/Q1982876 https://en.wikipedia.org/wiki/And%C4%9Bl_%28Prague_Metro%29
curated,Q1027749,Real de Catorce,23.69,-100.886111,Catorce Municipality,MX,village,Q469839,The Mexican,film,2001,tt0236493,34,14332,141.32,,,,,The film was shot in the town.,300,beach/park/ranch/set (curated class village),,new_spot,city_level_suspect;scene_generic;needs_roles;lead_without_role,https://www.wikidata.org/wiki/Q1027749 https://en.wikipedia.org/wiki/Real_de_Catorce https://en.wikipedia.org/wiki/The_Mexican
wikidata,Q5685749,Hay Bluff,52.0229,-3.1027,Powys,GB,hill; summit,Q467290,An American Werewolf in London,film,1981,tt0082010,41,2783,141.23,,,,,,500,mountain/natural site (hill),,new_spot,no_wp_mention;needs_scene;needs_roles;lead_without_role,https://www.wikidata.org/wiki/Q467290#P915 https://www.wikidata.org/wiki/Q5685749 https://en.wikipedia.org/wiki/Hay_Bluff
wikidata,Q2441738,Côte Fleurie,49.3192,-0.0146,Calvados,FR,coast,Q130284179,Sentimental Value,film,2025,tt27714581,40,3269,140.58,,,,,,500,mountain/natural site (coast),,new_spot,no_wp_mention;needs_scene;needs_roles;lead_without_role,https://www.wikidata.org/wiki/Q130284179#P915 https://www.wikidata.org/wiki/Q2441738 https://en.wikipedia.org/wiki/C%C3%B4te_Fleurie
wikidata,Q702903,Norisring,49.4314,11.125,Nuremberg,DE,street circuit,Q21980653,The Grand Tour,tv,2016,tt5712554,31,28997,138.33,,,,,,60,stairs/street/cafe/shop (street),,new_spot,via_season_or_episode;no_wp_mention;needs_scene;needs_roles,https://www.wikidata.org/wiki/Q21980653#P915 https://www.wikidata.org/wiki/Q702903 https://en.wikipedia.org/wiki/Norisring
wikidata,Q61721649,Centennial Park,-33.9,151.233333,New South Wales,AU,urban park,Q27964337,Peter Rabbit,film,2018,tt5117670,41,2334,138.1,Domhnall Gleeson,Thomas McGregor,Sam Neill,Mr. McGregor,,300,beach/park/ranch/set (park),,new_spot,wp_mention;needs_scene,https://www.wikidata.org/wiki/Q27964337#P915 https://www.wikidata.org/wiki/Q61721649 https://en.wikipedia.org/wiki/Centennial_Park_%28Sydney%29
wikidata,Q7330838,Richmond Green,51.461667,-0.306944,London,GB,park; street; cricket field,Q92590789,The Sandman,tv,2022,tt1751634,35,8427,137.4,Tom Sturridge,Dream,Boyd Holbrook,Corinthian,,60,stairs/street/cafe/shop (street),,new_spot,via_season_or_episode;no_wp_mention;needs_scene;cast_skips_unroled(Vivienne Acheampong);possible_dup:near_stamp(wikidata:Q1059945|267m);inside_stamp_footprint(wikidata:Q1059945|267m),https://www.wikidata.org/wiki/Q92590789#P915 https://www.wikidata.org/wiki/Q7330838 https://en.wikipedia.org/wiki/Richmond_Green
wikidata,Q49095,Ogeum Station,37.501944,127.128056,Seoul,KR,metro station; underground station,Q494048,The Bourne Legacy,film,2012,tt1194173,46,962,137.25,Jeremy Renner,Aaron Cross,Rachel Weisz,Dr. Marta Shearing,,150,building/castle/station (station),,new_spot,wp_mention;needs_scene,https://www.wikidata.org/wiki/Q494048#P915 https://www.wikidata.org/wiki/Q49095 https://en.wikipedia.org/wiki/Ogeum_station
wikidata,Q10336724,Earl Carroll Theatre,34.09825,-118.32398,Los Angeles,US,theatre building; television studio; nightclub; music venue,Q753647,Drake & Josh,tv,2004,tt0363328,31,26697,137.22,Drake Bell,Drake Parker,Josh Peck,Josh Nichols,,300,beach/park/ranch/set (studio),,new_spot,wp_mention;needs_scene;studio_backlot(television studio);demolished_or_closed(2017),https://www.wikidata.org/wiki/Q753647#P915 https://www.wikidata.org/wiki/Q10336724 https://en.wikipedia.org/wiki/Earl_Carroll_Theatre_%28Los_Angeles%29
wikidata,Q15979199,Normansfield Theatre,51.4185,-0.31512,London,GB,theatre building,Q391101,Agatha Christie's Poirot,tv,1989,tt0094525,43,1414,135.48,David Suchet,Hercule Poirot,Hugh Fraser,Arthur Hastings,,150,building/castle/station (building),,new_spot,via_season_or_episode;wp_mention;needs_scene,https://www.wikidata.org/wiki/Q391101#P915 https://www.wikidata.org/wiki/Q15979199 https://en.wikipedia.org/wiki/Normansfield_Theatre
wikidata,Q71924763,Ahuriri Conservation Park,-44.271,169.653,Canterbury Region,NZ,conservation park,Q24284283,Mulan,film,2020,tt4566758,48,622,134.14,Liu Yifei,Mulan,,,,300,beach/park/ranch/set (park),,new_spot,wp_mention;needs_scene;needs_roles;area_too_large(479km2),https://www.wikidata.org/wiki/Q24284283#P915 https://www.wikidata.org/wiki/Q71924763 https://en.wikipedia.org/wiki/Ahuriri_Conservation_Park
wikidata,Q12041555,Nákladové nádraží Žižkov,50.0853,14.4761,Prague,CZ,station building; former railway station; event venue,Q4444,Wanted,film,2008,tt0493464,46,815,133.94,James McAvoy,Wesley Gibson,,,,150,building/castle/station (building),,new_spot,no_wp_mention;needs_scene;needs_roles,https://www.wikidata.org/wiki/Q4444#P915 https://www.wikidata.org/wiki/Q12041555 https://en.wikipedia.org/wiki/%C5%BDi%C5%BEkov_freight_railway_station
curated,Q1180957,Deadvlei,-24.76333,15.29472,,NA,natural,Q221104,The Cell,film,2000,tt0209958,29,39368,133.26,Vincent D'Onofrio,Carl Stargher,,,One of the film's filming locations in Namibia.,500,mountain/natural site (curated class natural),icon:Q1180957,film_line_on_existing,scene_generic;needs_roles;lead_without_role;cast_skips_unroled(Jennifer Lopez);no_city,https://www.wikidata.org/wiki/Q1180957 https://en.wikipedia.org/wiki/Deadvlei https://en.wikipedia.org/wiki/The_Cell_%28film%29
wikidata,Q5928735,Hudson Hotel,40.7684,-73.985,New York City,US,hotel,Q824192,The Daily Show,tv,1996,tt0115147,32,13725,132.4,Stephen Colbert,Stephen Colbert,,,,150,building/castle/station (hotel),,new_spot,no_wp_mention;needs_scene;needs_roles;large_cast(65),https://www.wikidata.org/wiki/Q824192#P915 https://www.wikidata.org/wiki/Q5928735 https://en.wikipedia.org/wiki/Hudson_Hotel
wikidata,Q3220985,Le Champo—Espace Jacques-Tati,48.850036,2.343136,Paris,FR,movie theater,Q64584978,Emily in Paris,tv,2020,tt8962124,41,1689,132.34,Lily Collins,Emily Cooper,Lucas Bravo,Gabriel,,150,building/castle/station (theater),,new_spot,no_wp_mention;needs_scene;cast_skips_unroled(Ashley Park),https://www.wikidata.org/wiki/Q64584978#P915 https://www.wikidata.org/wiki/Q3220985 https://en.wikipedia.org/wiki/Le_Champo
wikidata,Q833896,Wank,47.5108,11.1407,Garmisch-Partenkirchen,DE,mountain,Q21980653,The Grand Tour,tv,2016,tt5712554,31,16806,130.99,,,,,,500,mountain/natural site (mountain),,new_spot,via_season_or_episode;no_wp_mention;needs_scene;needs_roles;large_area_centroid,https://www.wikidata.org/wiki/Q21980653#P915 https://www.wikidata.org/wiki/Q833896 https://en.wikipedia.org/wiki/Wank_%28mountain%29
wikidata,Q902959,Times Square Studios,40.7569,-73.9856,New York City,US,recording studio,Q825946,Good Morning America,tv,1975,tt0072506,32,11826,130.33,,,,,,300,beach/park/ranch/set (studio),icon:Q11259,film_line_on_existing,wp_mention;needs_scene;needs_roles;studio_backlot(name),https://www.wikidata.org/wiki/Q825946#P915 https://www.wikidata.org/wiki/Q902959 https://en.wikipedia.org/wiki/Times_Square_Studios
wikidata,Q7330838,Richmond Green,51.461667,-0.306944,London,GB,park; street; cricket field,Q96407897,Ted Lasso,tv,2020,tt10986410,33,8427,129.55,Jason Sudeikis,Ted Lasso,Hannah Waddingham,Rebecca Welton,,60,stairs/street/cafe/shop (street),,new_spot,no_wp_mention;needs_scene;possible_dup:near_stamp(wikidata:Q1059945|267m);inside_stamp_footprint(wikidata:Q1059945|267m),https://www.wikidata.org/wiki/Q96407897#P915 https://www.wikidata.org/wiki/Q7330838 https://en.wikipedia.org/wiki/Richmond_Green
wikidata,Q7700523,Tennyson Power Station,-27.524611,153.006,Queensland,AU,coal-fired power station,Q936302,Scooby-Doo,film,2002,tt0267913,42,1152,128.6,Sarah Michelle Gellar,Daphne Blake,Freddie Prinze Jr.,Fred Jones,,150,building/castle/station (station),,new_spot,"coord_from_qualifier;wp_mention;needs_scene;not_a_spot(power station, no visitor class)",https://www.wikidata.org/wiki/Q936302#P915 https://www.wikidata.org/wiki/Q7700523 https://en.wikipedia.org/wiki/Tennyson_Power_Station
wikidata,Q7338971,Rivoli Ballroom,51.4554,-0.0374,London,GB,ballroom,Q96407897,Ted Lasso,tv,2020,tt10986410,33,7622,128.11,Jason Sudeikis,Ted Lasso,Hannah Waddingham,Rebecca Welton,,150,building/castle/station (default),,new_spot,no_wp_mention;needs_scene,https://www.wikidata.org/wiki/Q96407897#P915 https://www.wikidata.org/wiki/Q7338971 https://en.wikipedia.org/wiki/Rivoli_Ballroom
wikidata,Q573856,Monte Legnone,46.094722,9.414722,Lombardy,IT,mountain,Q60462338,Andor,tv,2022,tt9253284,38,2022,125.63,Diego Luna,Cassian Andor,Stellan Skarsgård,Luthen Rael,,500,mountain/natural site (mountain),,new_spot,via_season_or_episode;no_wp_mention;needs_scene;large_area_centroid,https://www.wikidata.org/wiki/Q60462338#P915 https://www.wikidata.org/wiki/Q573856 https://en.wikipedia.org/wiki/Monte_Legnone
wikidata,Q14875184,Hilton Falls Conservation Area,43.5069,-79.9819,Milton,CA,protected area,Q21296543,Star Trek: Discovery,tv,2017,tt5171438,41,1145,125.43,Sonequa Martin-Green,Michael Burnham,Michelle Yeoh,Philippa Georgiou,,500,mountain/natural site (protected area),,new_spot,via_season_or_episode;no_wp_mention;needs_scene;large_cast(101);large_area_centroid,https://www.wikidata.org/wiki/Q21296543#P915 https://www.wikidata.org/wiki/Q14875184 https://en.wikipedia.org/wiki/Hilton_Falls_Conservation_Area
wikidata,Q7331011,Richmond Theatre,51.4621,-0.30381,London,GB,theatre building,Q96407897,Ted Lasso,tv,2020,tt10986410,33,6251,125.27,Jason Sudeikis,Ted Lasso,Hannah Waddingham,Rebecca Welton,,150,building/castle/station (building),,new_spot,no_wp_mention;needs_scene;reuses_unstamped_row(wikidata:Q7331011),https://www.wikidata.org/wiki/Q96407897#P915 https://www.wikidata.org/wiki/Q7331011 https://en.wikipedia.org/wiki/Richmond_Theatre_%28London%29
wikidata,Q9054714,Ferrera Palace,43.555225,-5.922436,Avilés,ES,hotel,Q212123,Vicky Cristina Barcelona,film,2008,tt0497465,52,252,124.96,,,,,,150,building/castle/station (hotel),,new_spot,no_wp_mention;needs_scene;needs_roles;lead_without_role,https://www.wikidata.org/wiki/Q212123#P915 https://www.wikidata.org/wiki/Q9054714 https://en.wikipedia.org/wiki/Ferrera_Palace
curated,Q487536,Nami Island,37.791539,127.525436,,KR,park,Q495410,Winter Sonata,tv,2002,tt0395057,29,17996,123.4,,,,,"The drama was filmed mainly on the island; visitors rose from 250,000 to over 650,000 after it aired.",300,beach/park/ranch/set (curated class park),wikidata:Q487536,film_line_on_existing,needs_roles;lead_without_role;no_city,https://www.wikidata.org/wiki/Q487536 https://en.wikipedia.org/wiki/Namiseom https://en.wikipedia.org/wiki/Winter_Sonata
curated,Q216939,"Skala (fortified harbour), Essaouira",31.513023,-9.768696,Essaouira Province,MA,village,Q2704454,Othello,film,1951,tt0045251,24,114098,121.37,Orson Welles,Othello,Doris Dowling,Bianca,Orson Welles stayed in town while filming his Othello.,300,beach/park/ranch/set (curated class village),,new_spot,city_level_suspect;scene_generic,https://www.wikidata.org/wiki/Q216939 https://en.wikipedia.org/wiki/Essaouira
wikidata,Q7114110,Oviatt Library,34.240029,-118.529499,Los Angeles,US,academic library; publishing house,Q28429653,The Orville,tv,2017,tt5691552,37,1651,119.07,Seth MacFarlane,Ed Mercer,Adrianne Palicki,Kelly Grayson,,60,stairs/street/cafe/shop (pub),,new_spot,via_season_or_episode;wp_mention;needs_scene;demolished_or_closed(2020),https://www.wikidata.org/wiki/Q28429653#P915 https://www.wikidata.org/wiki/Q7114110 https://en.wikipedia.org/wiki/University_Library%2C_California_State_University_Northridge
wikidata,Q7709865,Thames Barrier Park,51.5008,0.034167,London,GB,park,Q92590789,The Sandman,tv,2022,tt1751634,35,2447,118.61,Tom Sturridge,Dream,Boyd Holbrook,Corinthian,,300,beach/park/ranch/set (park),,new_spot,via_season_or_episode;no_wp_mention;needs_scene;cast_skips_unroled(Vivienne Acheampong),https://www.wikidata.org/wiki/Q92590789#P915 https://www.wikidata.org/wiki/Q7709865 https://en.wikipedia.org/wiki/Thames_Barrier_Park
wikidata,Q136733708,The Princes Head,51.460412,-0.306401,London,GB,pub,Q96407897,Ted Lasso,tv,2020,tt10986410,33,3896,118.49,Jason Sudeikis,Ted Lasso,Hannah Waddingham,Rebecca Welton,,60,stairs/street/cafe/shop (pub),,new_spot,wp_mention;needs_scene;inside_stamp_footprint(wikidata:Q1059945|264m),https://www.wikidata.org/wiki/Q96407897#P915 https://www.wikidata.org/wiki/Q136733708 https://en.wikipedia.org/wiki/The_Prince%27s_Head
wikidata,Q670595,Swiss Museum of Transport,47.052778,8.335833,Lucerne,CH,archives; automobile museum; memory institution; technology museum,Q21980653,The Grand Tour,tv,2016,tt5712554,31,6555,118.32,,,,,,120,square/bridge/viaduct (arch),wikidata:Q670595,film_line_on_existing,via_season_or_episode;no_wp_mention;needs_scene;needs_roles,https://www.wikidata.org/wiki/Q21980653#P915 https://www.wikidata.org/wiki/Q670595 https://en.wikipedia.org/wiki/Swiss_Museum_of_Transport
wikidata,Q2784408,Gare de Tulle,45.2588,1.75638,Tulle,FR,railway station,Q901140,The Day of the Jackal,film,1973,tt0069947,43,542,117.6,Edward Fox,Jackal,Jean Sorel,Jean-Marie Bastien-Thiry,,150,building/castle/station (station),,new_spot,wp_mention;needs_scene;cast_skips_unroled(Michael Lonsdale),https://www.wikidata.org/wiki/Q901140#P915 https://www.wikidata.org/wiki/Q2784408 https://en.wikipedia.org/wiki/Tulle_station
wikidata,Q15223420,Head House Square,39.942222,-75.146111,Pennsylvania,US,residential building,Q309366,National Treasure,film,2004,tt0368891,44,433,116.05,Nicolas Cage,Benjamin Gates,Diane Kruger,Abigail Chase,,150,building/castle/station (building),,new_spot,no_wp_mention;needs_scene,https://www.wikidata.org/wiki/Q309366#P915 https://www.wikidata.org/wiki/Q15223420 https://en.wikipedia.org/wiki/Head_House_Square
wikidata,Q5321374,The E-Act Burnham Park Academy,51.5288,-0.6616,Burnham,GB,secondary school; academy school,Q106623586,Heartstopper,tv,2022,tt10638036,36,1600,115.36,Joe Locke,Charlie Spring,Kit Connor,Nick Nelson,,150,building/castle/station (school),,new_spot,wp_mention;needs_scene,https://www.wikidata.org/wiki/Q106623586#P915 https://www.wikidata.org/wiki/Q5321374 https://en.wikipedia.org/wiki/The_E-ACT_Burnham_Park_Academy
curated,Q1180957,Deadvlei,-24.76333,15.29472,,NA,natural,Q547120,The Fall,film,2006,tt0460791,25,39368,114.88,,,,,The film was partly shot here.,500,mountain/natural site (curated class natural),icon:Q1180957,film_line_on_existing,scene_generic;needs_roles;lead_without_role;no_city,https://www.wikidata.org/wiki/Q1180957 https://en.wikipedia.org/wiki/Deadvlei https://en.wikipedia.org/wiki/The_Fall_%282006_film%29
wikidata,Q1635335,Allan Gardens,43.661667,-79.374444,Toronto,CA,park; botanical garden,Q595889,Warehouse 13,tv,2009,tt1132290,30,6339,114.06,,,,,,300,beach/park/ranch/set (park),,new_spot,no_wp_mention;needs_scene;needs_roles;lead_without_role;reuses_unstamped_row(wikidata:Q1635335),https://www.wikidata.org/wiki/Q595889#P915 https://www.wikidata.org/wiki/Q1635335 https://en.wikipedia.org/wiki/Allan_Gardens
wikidata,Q6421835,Knebworth Park and Winter Green Railway,51.878582,-0.206437,Hertfordshire,GB,railway line,Q27590871,Paddington 2,film,2017,tt4468740,41,524,111.53,,,,,,150,building/castle/station (default),,new_spot,no_wp_mention;needs_scene;needs_roles;lead_without_role,https://www.wikidata.org/wiki/Q27590871#P915 https://www.wikidata.org/wiki/Q6421835 https://en.wikipedia.org/wiki/Knebworth_Park_and_Winter_Green_Railway
curated,Q5911405,Hotel Continental Saigon,10.776944,106.7025,Ho Chi Minh City,VN,building,Q464653,The Quiet American,film,2002,tt0258068,28,9273,111.08,Michael Caine,Thomas Fowler,Brendan Fraser,Alden Pyle,"The hotel features prominently in the film, as it does in Graham Greene's novel.",150,building/castle/station (curated class building),,new_spot,,https://www.wikidata.org/wiki/Q5911405 https://en.wikipedia.org/wiki/Hotel_Continental_Saigon
curated,Q6763299,Marigot Bay,13.966178,-61.024031,Saint Lucia,LC,beach,Q950865,Doctor Dolittle,film,1967,tt0061584,29,6696,110.95,,,,,The shipwreck and Great Pink Sea Snail scenes were filmed in the bay.,300,beach/park/ranch/set (curated class beach),,new_spot,needs_roles;lead_without_role,https://www.wikidata.org/wiki/Q6763299 https://en.wikipedia.org/wiki/Doctor_Dolittle_%281967_film%29 https://en.wikipedia.org/wiki/Marigot_Bay
curated,Q485409,Yongpyong Resort,37.643,128.682,Daegwallyeong-myeon,KR,park,Q495410,Winter Sonata,tv,2002,tt0395057,29,5952,109.47,,,,,Some scenes of the drama were filmed at the ski resort.,300,beach/park/ranch/set (curated class park),wikidata:Q485409,film_line_on_existing,needs_roles;lead_without_role,https://www.wikidata.org/wiki/Q485409 https://en.wikipedia.org/wiki/Mona_Yongpyong
wikidata,Q7195598,Iskandar Malaysia Studios,1.408377,103.637013,Iskandar Puteri,MY,film studio,Q6757674,Marco Polo,tv,2014,tt2189461,33,2053,109.32,Lorenzo Richelmy,Marco Polo,Benedict Wong,Kublai Khan,,300,beach/park/ranch/set (studio),,new_spot,wp_mention;needs_scene;studio_backlot(film studio),https://www.wikidata.org/wiki/Q6757674#P915 https://www.wikidata.org/wiki/Q7195598 https://en.wikipedia.org/wiki/Iskandar_Malaysia_Studios
curated,Q5073352,Chapora Fort,15.606111,73.736389,Bardez taluk,IN,castle,Q370313,Dil Chahta Hai,film,2001,tt0292490,26,14592,108.27,,,,,The trio's scene at the fort became iconic and made it one of Goa's prime attractions.,150,building/castle/station (curated class castle),,new_spot,needs_roles;lead_without_role,https://www.wikidata.org/wiki/Q5073352 https://en.wikipedia.org/wiki/Chapora_Fort https://en.wikipedia.org/wiki/Dil_Chahta_Hai
curated,Q31093,Jiufen,25.107,121.843,New Taipei City,TW,village,Q133461,A City of Sadness,film,1989,tt0096908,23,42536,106.46,,,,,The film was shot on location in the old mining town; tea houses named after it followed.,300,beach/park/ranch/set (curated class village),icon:Q31093,film_line_on_existing,city_level_suspect;needs_roles;lead_without_role,https://www.wikidata.org/wiki/Q31093 https://en.wikipedia.org/wiki/A_City_of_Sadness https://en.wikipedia.org/wiki/Jiufen
curated,Q791665,Abdah,30.795,34.775,Southern District,IL,building,Q898465,Jesus Christ Superstar,film,1973,tt0070239,27,8438,106.01,Carl Anderson,Judas Iscariot,Yvonne Elliman,Mary Magdalene,The abandoned Nabataean city was used for the scenes with the priests.,150,building/castle/station (curated class building),wikidata:Q791665,film_line_on_existing,,https://www.wikidata.org/wiki/Q791665 https://en.wikipedia.org/wiki/Avdat https://en.wikipedia.org/wiki/Jesus_Christ_Superstar_%28film%29
wikidata,Q3936684,Pian di Spagna Nature Reserve,46.18,9.43,Province of Como,IT,nature reserve,Q60462338,Andor,tv,2022,tt9253284,38,520,103.24,Diego Luna,Cassian Andor,Stellan Skarsgård,Luthen Rael,,500,mountain/natural site (nature reserve),,new_spot,no_wp_mention;needs_scene,https://www.wikidata.org/wiki/Q60462338#P915 https://www.wikidata.org/wiki/Q3936684 https://en.wikipedia.org/wiki/Riserva_Naturale_Pian_di_Spagna_e_Lago_di_Mezzola
wikidata,Q5031295,Canbury Gardens,51.418,-0.305,London,GB,park,Q96407897,Ted Lasso,tv,2020,tt10986410,33,1116,100.59,Jason Sudeikis,Ted Lasso,Hannah Waddingham,Rebecca Welton,,300,beach/park/ranch/set (park),,new_spot,no_wp_mention;needs_scene,https://www.wikidata.org/wiki/Q96407897#P915 https://www.wikidata.org/wiki/Q5031295 https://en.wikipedia.org/wiki/Canbury_Gardens
wikidata,Q253786,Gap-Tallard airfield,44.453889,6.036667,Tallard,FR,aerodrome,Q21980653,The Grand Tour,tv,2016,tt5712554,31,1556,98.96,,,,,,150,building/castle/station (default),,new_spot,via_season_or_episode;no_wp_mention;needs_scene;needs_roles,https://www.wikidata.org/wiki/Q21980653#P915 https://www.wikidata.org/wiki/Q253786 https://en.wikipedia.org/wiki/Gap%E2%80%93Tallard_Airport
wikidata,Q10542435,Kaggeholms gård,59.282778,17.663611,Ekerö Municipality,SE,manor house,Q107300488,Young Royals,tv,2021,tt14664414,30,1817,97.79,,,,,,150,building/castle/station (house),,new_spot,wp_mention;needs_scene;needs_roles;lead_without_role,https://www.wikidata.org/wiki/Q107300488#P915 https://www.wikidata.org/wiki/Q10542435 https://en.wikipedia.org/wiki/Kaggeholms_g%C3%A5rd
curated,Q15253636,Mismaloya,20.530944,-105.289583,Puerto Vallarta Municipality,MX,beach,Q1468943,The Night of the Iguana,film,1964,tt0058404,26,4672,95.41,,,,,Principal photography took place here over 72 days.,300,beach/park/ranch/set (curated class beach),,new_spot,needs_roles;lead_without_role,https://www.wikidata.org/wiki/Q15253636 https://en.wikipedia.org/wiki/Mismaloya https://en.wikipedia.org/wiki/The_Night_of_the_Iguana_%28film%29
curated,Q3634368,Jaisalmer Fort,26.9127,70.9126,Jaisalmer,IN,castle,Q22260787,Sonar Kella,film,1974,tt0072190,13,65851,62.64,Soumitra Chatterjee,Feluda,Santosh Dutta,Lal Mohan Ganguly,"Satyajit Ray filmed his Golden Fortress story here - the film gave the fort its popular name, Sonar Kella.",150,building/castle/station (curated class castle),wikidata:Q3634368,film_line_on_existing,cast_skips_unroled(Siddartha Chatterjee),https://www.wikidata.org/wiki/Q3634368 https://en.wikipedia.org/wiki/Jaisalmer_Fort https://en.wikipedia.org/wiki/Sonar_Kella
curated,Q739641,Howrah Bridge,22.58527,88.34694,Howrah,IN,bridge,Q3419991,Howrah Bridge,film,1958,tt0051747,8,130810,40.93,,,,,The bridge features in the 1958 thriller named after it.,120,square/bridge/viaduct (curated class bridge),wikidata:Q739641,film_line_on_existing,needs_roles;lead_without_role,https://www.wikidata.org/wiki/Q739641 https://en.wikipedia.org/wiki/Howrah_Bridge https://en.wikipedia.org/wiki/Howrah_Bridge_%281958_film%29
curated,Q4897311,Betaab Valley,34.05041,75.36381,Anantnag district,IN,natural,Q4897314,Betaab,film,1983,tt0254179,9,11058,36.39,,,,,The valley was named after the 1983 film shot here.,500,mountain/natural site (curated class natural),,new_spot,needs_roles;lead_without_role,https://www.wikidata.org/wiki/Q4897311 https://en.wikipedia.org/wiki/Betaab https://en.wikipedia.org/wiki/Betaab_Valley
curated,Q819123,Kolmanskop,-26.704167,15.231667,Karas Region,NA,village,Q2914107,Dust Devil,film,1992,tt0104155,7,67776,33.82,,,,,The abandoned town was one of the film's locations.,300,beach/park/ranch/set (curated class village),icon:Q819123,film_line_on_existing,scene_generic;needs_roles;lead_without_role,https://www.wikidata.org/wiki/Q819123 https://en.wikipedia.org/wiki/Dust_Devil_%28film%29 https://en.wikipedia.org/wiki/Kolmanskop
wikidata,Q104029550,"""Home Alone"" house",42.109725,-87.733615,Winnetka,US,house,Q105031,Home Alone,film,1990,tt0099785,82,0,0.0,Macaulay Culkin,Kevin McCallister,Joe Pesci,Harry,,150,building/castle/station (house),,new_spot,no_wp_mention;needs_scene;reuses_unstamped_row(wikidata:Q104029550),https://www.wikidata.org/wiki/Q105031#P915 https://www.wikidata.org/wiki/Q104029550
wikidata,Q58217843,"27553 CA-1, Malibu, CA 90265, USA",34.02798,-118.77488,Malibu,US,filming location; single-family detached home,Q16290,Star Trek: The Next Generation,tv,1987,tt0092455,56,0,0.0,Patrick Stewart,Jean-Luc Picard,Jonathan Frakes,William Riker / Thomas Riker,,150,building/castle/station (default),,new_spot,via_season_or_episode;no_wp_mention;needs_scene,https://www.wikidata.org/wiki/Q16290#P915 https://www.wikidata.org/wiki/Q58217843
wikidata,Q133255718,3828 Piermont Drive Northeast,35.126102,-106.53652,Bernalillo County,US,house,Q1079,Breaking Bad,tv,2008,tt0903747,103,0,0.0,Anna Gunn,Skyler White,Aaron Paul,Jesse Pinkman,,150,building/castle/station (house),,new_spot,no_wp_mention;needs_scene,https://www.wikidata.org/wiki/Q1079#P915 https://www.wikidata.org/wiki/Q133255718
wikidata,Q1589963,"Abbey-Church of Saint-Ouen, Rouen",49.4425,1.099722,Rouen,FR,abbey church,Q1140257,The Messenger: The Story of Joan of Arc,film,1999,tt0151137,40,0,0.0,Milla Jovovich,Joan of Arc,John Malkovich,Charles VII of France,,150,building/castle/station (church),wikidata:Q1589963,film_line_on_existing,no_wp_mention;needs_scene,https://www.wikidata.org/wiki/Q1140257#P915 https://www.wikidata.org/wiki/Q1589963
wikidata,Q56273180,Anheuser-Busch Brewery,34.22002,-118.47952,Los Angeles,US,brewery,Q213081,Star Trek,film,2009,tt0796366,61,0,0.0,Zachary Quinto,Spock,Chris Pine,James T. Kirk,,150,building/castle/station (default),,new_spot,no_wp_mention;needs_scene,https://www.wikidata.org/wiki/Q213081#P915 https://www.wikidata.org/wiki/Q56273180
wikidata,Q106193364,Antonigasse,48.225561,16.330675,Vienna,AT,street,Q272064,The Living Daylights,film,1987,tt0093428,58,0,0.0,Timothy Dalton,James Bond,Maryam d'Abo,Kara Milovy,,60,stairs/street/cafe/shop (street),,new_spot,coord_from_qualifier;no_wp_mention;needs_scene,https://www.wikidata.org/wiki/Q272064#P915 https://www.wikidata.org/wiki/Q106193364
wikidata,Q56254932,Arab Village,34.02157,-118.38477,,,filming location,Q1077,Star Trek: The Original Series,tv,1966,tt0060028,56,0,0.0,Majel Barrett,Christine Chapel,William Shatner,James T. Kirk,,150,building/castle/station (default),,new_spot,via_season_or_episode;no_wp_mention;needs_scene;no_city;no_country,https://www.wikidata.org/wiki/Q1077#P915 https://www.wikidata.org/wiki/Q56254932
wikidata,Q85825090,Army Museum Žižkov,50.087593,14.444958,Prague,CZ,military museum,Q151904,Casino Royale,film,2006,tt0381061,71,0,0.0,Daniel Craig,James Bond,Mads Mikkelsen,Le Chiffre,,150,building/castle/station (museum),,new_spot,no_wp_mention;needs_scene,https://www.wikidata.org/wiki/Q151904#P915 https://www.wikidata.org/wiki/Q85825090
wikidata,Q56255196,Atelier des Lumières,48.861623,2.380835,Paris,FR,contemporary arts centre,Q64584978,Emily in Paris,tv,2020,tt8962124,41,0,0.0,Lily Collins,Emily Cooper,Lucas Bravo,Gabriel,,150,building/castle/station (default),,new_spot,no_wp_mention;needs_scene;cast_skips_unroled(Ashley Park),https://www.wikidata.org/wiki/Q64584978#P915 https://www.wikidata.org/wiki/Q56255196
wikidata,Q135668761,Bovard Administration Building,34.02066,-118.28531,Los Angeles,US,concert hall; university building,Q500093,Legally Blonde,film,2001,tt0250494,46,0,0.0,Reese Witherspoon,Elle Woods,,,,150,building/castle/station (building),,new_spot,no_wp_mention;needs_scene;needs_roles;reuses_unstamped_row(wv:forrest-gump-tour-bovard-administration-building),https://www.wikidata.org/wiki/Q500093#P915 https://www.wikidata.org/wiki/Q135668761
wikidata,Q135668761,Bovard Administration Building,34.02066,-118.28531,Los Angeles,US,concert hall; university building,Q134773,Forrest Gump,film,1994,tt0109830,137,0,0.0,Tom Hanks,Forrest Gump,Gary Sinise,Lieutenant Dan Taylor,,150,building/castle/station (building),,new_spot,no_wp_mention;needs_scene;reuses_unstamped_row(wv:forrest-gump-tour-bovard-administration-building),https://www.wikidata.org/wiki/Q134773#P915 https://www.wikidata.org/wiki/Q135668761
wikidata,Q26411009,Bray Film Studios,51.49296,-0.676232,Bray,GB,building,Q391101,Agatha Christie's Poirot,tv,1989,tt0094525,43,0,0.0,David Suchet,Hercule Poirot,Hugh Fraser,Arthur Hastings,,150,building/castle/station (building),,new_spot,via_season_or_episode;no_wp_mention;needs_scene;studio_backlot(name),https://www.wikidata.org/wiki/Q391101#P915 https://www.wikidata.org/wiki/Q26411009
wikidata,Q38037021,Building of Ministry of Transport of the Czech Republic,50.093345,14.434368,New Town,CZ,office building,Q151904,Casino Royale,film,2006,tt0381061,71,0,0.0,Daniel Craig,James Bond,Mads Mikkelsen,Le Chiffre,,150,building/castle/station (building),,new_spot,no_wp_mention;needs_scene,https://www.wikidata.org/wiki/Q151904#P915 https://www.wikidata.org/wiki/Q38037021
wikidata,Q56678644,"CSIC central building, Madrid",40.441158,-3.687586,Madrid,ES,building,Q29647346,Money Heist,tv,2017,tt6468322,75,0,0.0,Álvaro Morte,Professor,Pedro Alonso,Berlin,,150,building/castle/station (building),,new_spot,no_wp_mention;needs_scene,https://www.wikidata.org/wiki/Q29647346#P915 https://www.wikidata.org/wiki/Q56678644
wikidata,Q83550007,Callaway Vineyard & Winery,33.52393,-117.08948,,,vineyard,Q62573305,Star Trek: Picard,tv,2020,tt8806524,33,0,0.0,Patrick Stewart,Jean-Luc Picard,Santiago Cabrera,Cristóbal Rios,,300,beach/park/ranch/set (vineyard),,new_spot,via_season_or_episode;no_wp_mention;needs_scene;no_city;no_country,https://www.wikidata.org/wiki/Q62573305#P915 https://www.wikidata.org/wiki/Q83550007
wikidata,Q83550007,Callaway Vineyard & Winery,33.52393,-117.08948,,,vineyard,Q16290,Star Trek: The Next Generation,tv,1987,tt0092455,56,0,0.0,Patrick Stewart,Jean-Luc Picard,Jonathan Frakes,William Riker / Thomas Riker,,300,beach/park/ranch/set (vineyard),,new_spot,via_season_or_episode;no_wp_mention;needs_scene;no_city;no_country,https://www.wikidata.org/wiki/Q16290#P915 https://www.wikidata.org/wiki/Q83550007
wikidata,Q27704202,Calton Road,55.953156,-3.186957,City of Edinburgh,GB,road,Q109135,Trainspotting,film,1996,tt0117951,64,0,0.0,Ewen Bremner,Spud,Jonny Lee Miller,Sick Boy,,150,building/castle/station (default),,new_spot,wp_mention;needs_scene,https://www.wikidata.org/wiki/Q109135#P915 https://www.wikidata.org/wiki/Q27704202
wikidata,Q5836090,Chapel of Saint Fructus,41.324622,-3.879439,Carrascal del Río,ES,Monument (Spain); Priory Church; hermitage church,Q29647346,Money Heist,tv,2017,tt6468322,75,0,0.0,Álvaro Morte,Professor,Pedro Alonso,Berlin,,120,square/bridge/viaduct (monument),,new_spot,no_wp_mention;needs_scene,https://www.wikidata.org/wiki/Q29647346#P915 https://www.wikidata.org/wiki/Q5836090
wikidata,Q47111082,Church of Saint Wenceslaus,50.425095,14.263811,Roudnice nad Labem,CZ,church building; abbey church,Q108837349,All Quiet on the Western Front,film,2022,tt1016150,42,0,0.0,Felix Kammerer,Paul Bäumer,Daniel Brühl,Matthias Erzberger,,150,building/castle/station (building),,new_spot,no_wp_mention;needs_scene,https://www.wikidata.org/wiki/Q108837349#P915 https://www.wikidata.org/wiki/Q47111082
wikidata,Q2973115,Cinéma Mac-Mahon,48.875494,2.294489,Paris,FR,movie theater,Q86427,Breathless,film,1960,tt0053472,53,0,0.0,Jean-Paul Belmondo,Michel Poiccard alias Laszlo Kovacs,,,,150,building/castle/station (theater),,new_spot,no_wp_mention;needs_scene;needs_roles,https://www.wikidata.org/wiki/Q86427#P915 https://www.wikidata.org/wiki/Q2973115
wikidata,Q17375269,Club Myst,25.035273,121.56578,Taipei,TW,nightclub,Q15624215,Lucy,film,2014,tt2872732,62,0,0.0,Morgan Freeman,Professor Norman,Choi Min-sik,Mr. Jang,,150,building/castle/station (default),,new_spot,no_wp_mention;needs_scene,https://www.wikidata.org/wiki/Q15624215#P915 https://www.wikidata.org/wiki/Q17375269
wikidata,Q42894683,Conacul Olga Greceanu,44.665379,25.694123,Dâmbovița County,RO,heritage site,Q105553568,Wednesday,tv,2022,tt13443470,61,0,0.0,Jenna Ortega,Wednesday Addams,Catherine Zeta-Jones,Morticia Addams,,150,building/castle/station (default),,new_spot,no_wp_mention;needs_scene,https://www.wikidata.org/wiki/Q105553568#P915 https://www.wikidata.org/wiki/Q42894683
wikidata,Q27898372,Crematorium in Nymburk,50.182597,15.025037,Nymburk,CZ,crematorium,Q1141186,Kolya,film,1996,tt0116790,41,0,0.0,Zdeněk Svěrák,František Louka,Libuše Šafránková,Klára,,150,building/castle/station (default),,new_spot,no_wp_mention;needs_scene,https://www.wikidata.org/wiki/Q1141186#P915 https://www.wikidata.org/wiki/Q27898372
wikidata,Q17771894,Cruachan Dam,56.4065,-5.11312,Argyll and Bute,GB,dam,Q60462338,Andor,tv,2022,tt9253284,38,0,0.0,Diego Luna,Cassian Andor,Stellan Skarsgård,Luthen Rael,,150,building/castle/station (default),,new_spot,wp_mention;needs_scene,https://www.wikidata.org/wiki/Q60462338#P915 https://www.wikidata.org/wiki/Q17771894
wikidata,Q61046158,Cueva de Conan,36.855368,-2.46938,Almería,ES,quarry; subterranea; filming location,Q309003,Conan the Barbarian,film,1982,tt0082198,52,0,0.0,Arnold Schwarzenegger,Conan the Barbarian,James Earl Jones,Thulsa Doom,,150,building/castle/station (default),,new_spot,no_wp_mention;needs_scene,https://www.wikidata.org/wiki/Q309003#P915 https://www.wikidata.org/wiki/Q61046158
wikidata,Q33122759,Cukrovar Vinoř,50.152093,14.592694,Prague,CZ,sugar refinery,Q4444,Wanted,film,2008,tt0493464,46,0,0.0,James McAvoy,Wesley Gibson,,,,150,building/castle/station (default),,new_spot,no_wp_mention;needs_scene;needs_roles;demolished_or_closed(2009),https://www.wikidata.org/wiki/Q4444#P915 https://www.wikidata.org/wiki/Q33122759
wikidata,Q21956474,Currumbin Beach,-28.130556,153.488611,Queensland,AU,beach,Q22998395,Aquaman,film,2018,tt1477834,63,0,0.0,Jason Momoa,Aquaman,Amber Heard,Mera,,300,beach/park/ranch/set (beach),,new_spot,no_wp_mention;needs_scene,https://www.wikidata.org/wiki/Q22998395#P915 https://www.wikidata.org/wiki/Q21956474
wikidata,Q20600128,Cwmcarn Forest Drive,51.6349,-3.1299,Caerphilly County Borough,GB,bikeway,Q55632932,Sex Education,tv,2019,tt7767422,57,0,0.0,Gillian Anderson,Jean Milburn,Asa Butterfield,Otis Milburn,,150,building/castle/station (default),,new_spot,no_wp_mention;needs_scene,https://www.wikidata.org/wiki/Q55632932#P915 https://www.wikidata.org/wiki/Q20600128
wikidata,Q11774269,Danube House,50.0942,14.4436,Prague,CZ,administrative building,Q151904,Casino Royale,film,2006,tt0381061,71,0,0.0,Daniel Craig,James Bond,Mads Mikkelsen,Le Chiffre,,150,building/castle/station (building),,new_spot,no_wp_mention;needs_scene,https://www.wikidata.org/wiki/Q151904#P915 https://www.wikidata.org/wiki/Q11774269
wikidata,Q49376202,Depoe Bay,44.80817,-124.06789,Lincoln County,US,bay; harbor,Q171669,One Flew Over the Cuckoo's Nest,film,1975,tt0073486,78,0,0.0,Jack Nicholson,Randle McMurphy,Louise Fletcher,Nurse Ratched,,500,mountain/natural site (bay),,new_spot,wp_mention;needs_scene;large_area_centroid,https://www.wikidata.org/wiki/Q171669#P915 https://www.wikidata.org/wiki/Q49376202
wikidata,Q27702619,Discovery Park,51.285251,1.341575,Sandwich,GB,science park,Q28196,World War Z,film,2013,tt0816711,57,0,0.0,,,,,,300,beach/park/ranch/set (park),,new_spot,wp_mention;needs_scene;needs_roles;lead_without_role,https://www.wikidata.org/wiki/Q28196#P915 https://www.wikidata.org/wiki/Q27702619
wikidata,Q2609752,Dobříš Castle,49.7814,14.1789,Dobříš,CZ,château,Q645735,The Illusionist,film,2006,tt0443543,44,0,0.0,Edward Norton,Eisenheim The Illusionist / Eduard Abramovich,Paul Giamatti,Chief Inspector Walter Uhl,,150,building/castle/station (default),,new_spot,no_wp_mention;needs_scene,https://www.wikidata.org/wiki/Q645735#P915 https://www.wikidata.org/wiki/Q2609752
wikidata,Q25818870,Drapers' Hall,51.515,-0.086404,City of London,GB,building,Q160060,The King's Speech,film,2010,tt1504320,78,0,0.0,Colin Firth,George VI,Geoffrey Rush,Lionel Logue,,150,building/castle/station (building),,new_spot,wp_mention;needs_scene;inside_stamp_footprint(wikidata:Q1786933|282m),https://www.wikidata.org/wiki/Q160060#P915 https://www.wikidata.org/wiki/Q25818870
wikidata,Q1518265,Dresdner Bank building,52.5155,13.3938,Berlin,DE,bank building,Q468697,Run Lola Run,film,1998,tt0130827,54,0,0.0,Franka Potente,Lola,Moritz Bleibtreu,Manni,,150,building/castle/station (building),,new_spot,no_wp_mention;needs_scene;possible_dup:near_stamp_distinct_item(St.-Hedwigs-Kathedrale|72m);possible_dup:near_stamp_distinct_item(The Bebelplatz|100m);inside_stamp_footprint(wikidata:Q699504|100m),https://www.wikidata.org/wiki/Q468697#P915 https://www.wikidata.org/wiki/Q1518265
wikidata,Q5838945,Escuela Técnica Superior de Ingenieros Aeronáuticos,40.440817,-3.725072,Madrid,ES,engineering school; escuela técnica superior,Q29647346,Money Heist,tv,2017,tt6468322,75,0,0.0,Álvaro Morte,Professor,Pedro Alonso,Berlin,,150,building/castle/station (school),,new_spot,no_wp_mention;needs_scene,https://www.wikidata.org/wiki/Q29647346#P915 https://www.wikidata.org/wiki/Q5838945
wikidata,Q83177541,European Street,34.14073,-118.34536,,,film set,Q156329,Star Trek: Voyager,tv,1995,tt0112178,52,0,0.0,Robert Picardo,Doctor,Kate Mulgrew,Kathryn Janeway,,300,beach/park/ranch/set (film set),,new_spot,via_season_or_episode;no_wp_mention;needs_scene;no_city;no_country,https://www.wikidata.org/wiki/Q156329#P915 https://www.wikidata.org/wiki/Q83177541
wikidata,Q392599,Everett,47.973199,-122.213048,Snohomish County,US,county seat; city in the United States; big city,Q2085,Twin Peaks,tv,1990,tt0098936,61,0,0.0,Kyle MacLachlan,Dale Cooper,Michael Ontkean,Harry S. Truman,,150,building/castle/station (default),,new_spot,coord_from_qualifier;needs_spot_name;city_level_suspect;wp_mention;needs_scene;large_cast(125);not_a_spot(county);area_too_large(125km2),https://www.wikidata.org/wiki/Q2085#P915 https://www.wikidata.org/wiki/Q392599 https://en.wikipedia.org/wiki/Everett%2C_Washington
wikidata,Q1514432,Fall City,47.564861,-121.892108,King County,US,census-designated place in the United States,Q2085,Twin Peaks,tv,1990,tt0098936,61,0,0.0,Kyle MacLachlan,Dale Cooper,Michael Ontkean,Harry S. Truman,,150,building/castle/station (default),,new_spot,coord_from_qualifier;needs_spot_name;city_level_suspect;wp_mention;needs_scene;large_cast(125),https://www.wikidata.org/wiki/Q2085#P915 https://www.wikidata.org/wiki/Q1514432 https://en.wikipedia.org/wiki/Fall_City%2C_Washington
wikidata,Q30724704,Farmhouse,50.358917,13.697611,Postoloprty,CZ,homestead,Q108837349,All Quiet on the Western Front,film,2022,tt1016150,42,0,0.0,Felix Kammerer,Paul Bäumer,Daniel Brühl,Matthias Erzberger,,150,building/castle/station (default),,new_spot,no_wp_mention;needs_scene,https://www.wikidata.org/wiki/Q108837349#P915 https://www.wikidata.org/wiki/Q30724704
wikidata,Q5466511,Foothills County,50.83188,-114.178662,Alberta,CA,municipal district of Alberta,Q61883088,Ghostbusters: Afterlife,film,2021,tt4513678,43,0,0.0,Mckenna Grace,Phoebe Spengler,Finn Wolfhard,Trevor Spengler,,150,building/castle/station (default),,new_spot,coord_from_qualifier;needs_spot_name;city_level_suspect;no_wp_mention;needs_scene;area_too_large(3636km2),https://www.wikidata.org/wiki/Q61883088#P915 https://www.wikidata.org/wiki/Q5466511 https://en.wikipedia.org/wiki/Foothills_County
wikidata,Q111218734,Fraternity Of Friends Courtyard,34.05581,-118.24986,,,courtyard,Q62573305,Star Trek: Picard,tv,2020,tt8806524,33,0,0.0,Patrick Stewart,Jean-Luc Picard,Santiago Cabrera,Cristóbal Rios,,150,building/castle/station (court),,new_spot,via_season_or_episode;no_wp_mention;needs_scene;no_city;no_country;possible_dup:near_stamp_distinct_item(Walt Disney Concert Hall|45m),https://www.wikidata.org/wiki/Q62573305#P915 https://www.wikidata.org/wiki/Q111218734
wikidata,Q3753274,Friedrichstraße metro station,52.520111,13.388306,Berlin,DE,underground station; Berlin U-Bahn station,Q18199332,Fantastic Beasts: The Secrets of Dumbledore,film,2022,tt4123432,46,0,0.0,Eddie Redmayne,Newt Scamander,Katherine Waterston,Porpentina Goldstein,,150,building/castle/station (station),wikidata:Q702402,film_line_on_existing,no_wp_mention;needs_scene;possible_dup:near_stamp_distinct_item(Admiralspalast|79m),https://www.wikidata.org/wiki/Q18199332#P915 https://www.wikidata.org/wiki/Q3753274
wikidata,Q27067895,Georgia State Archives building,33.745749,-84.387121,Atlanta,US,building,Q5901134,Ant-Man,film,2015,tt0478970,69,0,0.0,Paul Rudd,Scott Lang,Michael Douglas,Hank Pym,,150,building/castle/station (building),,new_spot,no_wp_mention;needs_scene,https://www.wikidata.org/wiki/Q5901134#P915 https://www.wikidata.org/wiki/Q27067895
wikidata,Q104476034,Grace Episcopal Church,41.88924,-87.79869,Oak Park,US,church building,Q105031,Home Alone,film,1990,tt0099785,82,0,0.0,Macaulay Culkin,Kevin McCallister,Joe Pesci,Harry,,150,building/castle/station (building),,new_spot,wp_mention;needs_scene,https://www.wikidata.org/wiki/Q105031#P915 https://www.wikidata.org/wiki/Q104476034
wikidata,Q135669306,Grace Ford Salvatori Hall,34.021116,-118.287489,Los Angeles,US,university building,Q185888,The Social Network,film,2010,tt1285016,74,0,0.0,Jesse Eisenberg,Mark Zuckerberg,Andrew Garfield,Eduardo Saverin,,150,building/castle/station (building),,new_spot,no_wp_mention;needs_scene,https://www.wikidata.org/wiki/Q185888#P915 https://www.wikidata.org/wiki/Q135669306
wikidata,Q27703076,Graeme Road,51.658092,-0.075779,London,GB,street,Q21001651,The Conjuring 2,film,2016,tt3065204,49,0,0.0,,,,,,60,stairs/street/cafe/shop (street),,new_spot,no_wp_mention;needs_scene;needs_roles;lead_without_role,https://www.wikidata.org/wiki/Q21001651#P915 https://www.wikidata.org/wiki/Q27703076
wikidata,Q49496364,Greystone Park,34.0925,-118.400833,Los Angeles County,US,park,Q171711,Star Trek Into Darkness,film,2013,tt1408101,59,0,0.0,Zoe Saldaña,Nyota Uhura,John Cho,Hikaru Sulu,,300,beach/park/ranch/set (park),,new_spot,no_wp_mention;needs_scene;reuses_unstamped_row(wikidata:Q5608502),https://www.wikidata.org/wiki/Q171711#P915 https://www.wikidata.org/wiki/Q49496364
wikidata,Q800848,Großhesselohe station,48.074,11.5372,Pullach,DE,through station; intermediate station,Q110354,The Great Escape,film,1963,tt0057115,48,0,0.0,,,,,,150,building/castle/station (station),,new_spot,wp_mention;needs_scene;needs_roles;lead_without_role,https://www.wikidata.org/wiki/Q110354#P915 https://www.wikidata.org/wiki/Q800848
wikidata,Q27702593,Hanningfield Water Treatment Works,51.664709,0.522422,South Hanningfield,GB,facility,Q28196,World War Z,film,2013,tt0816711,57,0,0.0,,,,,,150,building/castle/station (default),,new_spot,no_wp_mention;needs_scene;needs_roles;lead_without_role,https://www.wikidata.org/wiki/Q28196#P915 https://www.wikidata.org/wiki/Q27702593
wikidata,Q27704263,Hanover Street,55.953799,-3.197426,City of Edinburgh,GB,road,Q109135,Trainspotting,film,1996,tt0117951,64,0,0.0,Ewen Bremner,Spud,Jonny Lee Miller,Sick Boy,,150,building/castle/station (default),,new_spot,no_wp_mention;needs_scene,https://www.wikidata.org/wiki/Q109135#P915 https://www.wikidata.org/wiki/Q27704263
wikidata,Q29491444,"Headlands School, Paget Place",51.442902,-3.167139,Penarth,GB,school building,Q34316,Doctor Who,tv,1963,,99,0,0.0,Sylvester McCoy,Seventh Doctor,Samuel Anderson,Danny Pink,,150,building/castle/station (building),,new_spot,via_season_or_episode;no_wp_mention;needs_scene;large_cast(66),https://www.wikidata.org/wiki/Q34316#P915 https://www.wikidata.org/wiki/Q29491444
wikidata,Q135669323,Hoffman Hall,34.01902,-118.285255,Los Angeles,US,university building,Q651923,Young Frankenstein,film,1974,tt0072431,47,0,0.0,Marty Feldman,Igor,Peter Boyle,Frankenstein's monster,,150,building/castle/station (building),,new_spot,no_wp_mention;needs_scene,https://www.wikidata.org/wiki/Q651923#P915 https://www.wikidata.org/wiki/Q135669323
wikidata,Q42956803,Holy Trinity Chapel,44.5672,25.9378,Buftea,RO,chapel; burial vault,Q107325,Bram Stoker's Dracula,film,1992,tt0103874,56,0,0.0,Gary Oldman,Vlad the Impaler / Count Dracula,Winona Ryder,Mina Harker,,150,building/castle/station (default),,new_spot,no_wp_mention;needs_scene,https://www.wikidata.org/wiki/Q107325#P915 https://www.wikidata.org/wiki/Q42956803
wikidata,Q133806018,Hoose Library of Philosophy,34.019048,-118.286585,Los Angeles,US,academic library,Q156394,What Women Want,film,2000,tt0207201,47,0,0.0,,,,,,150,building/castle/station (library),,new_spot,no_wp_mention;needs_scene;needs_roles;lead_without_role,https://www.wikidata.org/wiki/Q156394#P915 https://www.wikidata.org/wiki/Q133806018
wikidata,Q27728186,Hořín,50.346246,14.462747,Hořín,CZ,château,Q108837349,All Quiet on the Western Front,film,2022,tt1016150,42,0,0.0,Felix Kammerer,Paul Bäumer,Daniel Brühl,Matthias Erzberger,,150,building/castle/station (default),,new_spot,no_wp_mention;needs_scene,https://www.wikidata.org/wiki/Q108837349#P915 https://www.wikidata.org/wiki/Q27728186
wikidata,Q65552653,Huntington Botanical Gardens,34.13095,-118.11405,San Marino,US,botanical garden,Q108774,Star Trek: Deep Space Nine,tv,1993,tt0106145,48,0,0.0,Avery Brooks,Benjamin Sisko,René Auberjonois,Odo,,300,beach/park/ranch/set (garden),,new_spot,via_season_or_episode;no_wp_mention;needs_scene,https://www.wikidata.org/wiki/Q108774#P915 https://www.wikidata.org/wiki/Q65552653
wikidata,Q65552653,Huntington Botanical Gardens,34.13095,-118.11405,San Marino,US,botanical garden,Q16290,Star Trek: The Next Generation,tv,1987,tt0092455,56,0,0.0,Patrick Stewart,Jean-Luc Picard,Jonathan Frakes,William Riker / Thomas Riker,,300,beach/park/ranch/set (garden),,new_spot,via_season_or_episode;no_wp_mention;needs_scene,https://www.wikidata.org/wiki/Q16290#P915 https://www.wikidata.org/wiki/Q65552653
wikidata,Q61977615,Hôtel d’Évreux,48.868291,2.329255,Paris,FR,private mansion,Q64584978,Emily in Paris,tv,2020,tt8962124,41,0,0.0,Lily Collins,Emily Cooper,Lucas Bravo,Gabriel,,150,building/castle/station (mansion),,new_spot,no_wp_mention;needs_scene;cast_skips_unroled(Ashley Park);possible_dup:near_stamp_distinct_item(Place Vendôme|89m);possible_dup:near_stamp_distinct_item(Colonne Vendôme|92m),https://www.wikidata.org/wiki/Q64584978#P915 https://www.wikidata.org/wiki/Q61977615
wikidata,Q40251,Issaquah,47.523894,-121.9271,King County,US,city in the United States,Q2085,Twin Peaks,tv,1990,tt0098936,61,0,0.0,Kyle MacLachlan,Dale Cooper,Michael Ontkean,Harry S. Truman,,150,building/castle/station (default),,new_spot,coord_from_qualifier;needs_spot_name;city_level_suspect;no_wp_mention;needs_scene;large_cast(125);area_too_large(34km2),https://www.wikidata.org/wiki/Q2085#P915 https://www.wikidata.org/wiki/Q40251 https://en.wikipedia.org/wiki/Issaquah%2C_Washington
wikidata,Q109838831,Kleftiko,36.65097,24.333526,Milos Municipality,GR,beach,Q94998134,Zack Snyder's Justice League,film,2021,tt12361974,43,0,0.0,Harry Lennix,Calvin Swanwick,Ben Affleck,Batman,,300,beach/park/ranch/set (beach),,new_spot,no_wp_mention;needs_scene,https://www.wikidata.org/wiki/Q94998134#P915 https://www.wikidata.org/wiki/Q109838831
wikidata,Q90472450,La Cassinella,45.966373,9.195205,Tremezzina,IT,villa,Q30599007,Succession,tv,2018,tt7660850,43,0,0.0,Brian Cox,Logan Roy,Jeremy Strong,Kendall Roy,,150,building/castle/station (default),,new_spot,no_wp_mention;needs_scene,https://www.wikidata.org/wiki/Q30599007#P915 https://www.wikidata.org/wiki/Q90472450
wikidata,Q103456427,La Maison Rose,48.887987,2.339667,Paris,FR,restaurant,Q64584978,Emily in Paris,tv,2020,tt8962124,41,0,0.0,Lily Collins,Emily Cooper,Lucas Bravo,Gabriel,,60,stairs/street/cafe/shop (restaurant),,new_spot,no_wp_mention;needs_scene;cast_skips_unroled(Ashley Park),https://www.wikidata.org/wiki/Q64584978#P915 https://www.wikidata.org/wiki/Q103456427
wikidata,Q3809307,Libeň Castle,50.1075,14.4714,Prague,CZ,château,Q1141186,Kolya,film,1996,tt0116790,41,0,0.0,Zdeněk Svěrák,František Louka,Libuše Šafránková,Klára,,150,building/castle/station (default),,new_spot,no_wp_mention;needs_scene;reuses_unstamped_row(wikidata:Q3809307),https://www.wikidata.org/wiki/Q1141186#P915 https://www.wikidata.org/wiki/Q3809307
wikidata,Q133806070,Library for International & Public Affairs,34.02165,-118.284152,Los Angeles,US,academic library; university building,Q217627,The Graduate,film,1967,tt0061722,58,0,0.0,,,,,,150,building/castle/station (building),,new_spot,no_wp_mention;needs_scene;needs_roles;lead_without_role,https://www.wikidata.org/wiki/Q217627#P915 https://www.wikidata.org/wiki/Q133806070
wikidata,Q370793,Liběchov Castle,50.408333,14.445278,Liběchov,CZ,château,Q108837349,All Quiet on the Western Front,film,2022,tt1016150,42,0,0.0,Felix Kammerer,Paul Bäumer,Daniel Brühl,Matthias Erzberger,,150,building/castle/station (default),,new_spot,no_wp_mention;needs_scene,https://www.wikidata.org/wiki/Q108837349#P915 https://www.wikidata.org/wiki/Q370793
wikidata,Q56273175,Long Beach City Hall,33.76801,-118.19564,Los Angeles County,US,Rathaus,Q213081,Star Trek,film,2009,tt0796366,61,0,0.0,Zachary Quinto,Spock,Chris Pine,James T. Kirk,,150,building/castle/station (default),,new_spot,no_wp_mention;needs_scene,https://www.wikidata.org/wiki/Q213081#P915 https://www.wikidata.org/wiki/Q56273175
wikidata,Q56273184,Long Beach Generating Station,33.76398,-118.22519,Los Angeles,US,filming location; gas turbine power station; natural gas-fired power station,Q213081,Star Trek,film,2009,tt0796366,61,0,0.0,Zachary Quinto,Spock,Chris Pine,James T. Kirk,,500,mountain/natural site (natural),,new_spot,"no_wp_mention;needs_scene;not_a_spot(power station, no visitor class)",https://www.wikidata.org/wiki/Q213081#P915 https://www.wikidata.org/wiki/Q56273184
wikidata,Q65,Los Angeles,34.116168,-118.292861,Los Angeles County,US,charter city,Q2085,Twin Peaks,tv,1990,tt0098936,61,0,0.0,Kyle MacLachlan,Dale Cooper,Michael Ontkean,Harry S. Truman,,150,building/castle/station (default),,new_spot,coord_from_qualifier;needs_spot_name;city_level_suspect;wp_mention;needs_scene;large_cast(125);area_too_large(1302km2);possible_dup:near_stamp_distinct_item(Ennis House|6m),https://www.wikidata.org/wiki/Q2085#P915 https://www.wikidata.org/wiki/Q65 https://en.wikipedia.org/wiki/Los_Angeles
wikidata,Q125942347,Lower Seymour Conservation Reserve,49.39,-122.981,,CA,protected area,Q13098946,The 100,tv,2014,tt2661044,51,0,0.0,Eliza Taylor,Clarke Griffin,Paige Turco,Abigail Griffin,,500,mountain/natural site (protected area),,new_spot,no_wp_mention;needs_scene;large_area_centroid;no_city,https://www.wikidata.org/wiki/Q13098946#P915 https://www.wikidata.org/wiki/Q125942347
wikidata,Q3285815,Manhattan Beach Studios,33.9015,-118.384,,US,building complex,Q205028,Iron Man 2,film,2010,tt1228705,74,0,0.0,Robert Downey Jr.,Tony Stark,Gwyneth Paltrow,Pepper Potts,,150,building/castle/station (building),,new_spot,no_wp_mention;needs_scene;studio_backlot(name);no_city,https://www.wikidata.org/wiki/Q205028#P915 https://www.wikidata.org/wiki/Q3285815
wikidata,Q3285815,Manhattan Beach Studios,33.9015,-118.384,,US,building complex,Q217020,Thor,film,2011,tt0800369,78,0,0.0,Chris Hemsworth,Thor,Natalie Portman,Jane Foster,,150,building/castle/station (building),,new_spot,no_wp_mention;needs_scene;studio_backlot(name);no_city,https://www.wikidata.org/wiki/Q217020#P915 https://www.wikidata.org/wiki/Q3285815
wikidata,Q3285815,Manhattan Beach Studios,33.9015,-118.384,,US,building complex,Q276071,90210,tv,2008,tt1225901,34,0,0.0,Tristan Wilds,Dixon Wilson,,,,150,building/castle/station (building),,new_spot,no_wp_mention;needs_scene;needs_roles;lead_without_role;cast_skips_unroled(Rob Estes);studio_backlot(name);no_city,https://www.wikidata.org/wiki/Q276071#P915 https://www.wikidata.org/wiki/Q3285815
wikidata,Q135669283,Marks Tower,34.019674,-118.282084,Los Angeles,US,university building; student housing,Q134773,Forrest Gump,film,1994,tt0109830,137,0,0.0,Tom Hanks,Forrest Gump,Gary Sinise,Lieutenant Dan Taylor,,150,building/castle/station (building),,new_spot,no_wp_mention;needs_scene,https://www.wikidata.org/wiki/Q134773#P915 https://www.wikidata.org/wiki/Q135669283
wikidata,Q1468395,Mavora Lakes,-45.255556,168.168056,Southland Region,NZ,group of lakes,Q127367,The Lord of the Rings: The Fellowship of the Ring,film,2001,tt0120737,97,0,0.0,Elijah Wood,Frodo Baggins,Ian McKellen,Gandalf,,500,mountain/natural site (lake),,new_spot,no_wp_mention;needs_scene,https://www.wikidata.org/wiki/Q127367#P915 https://www.wikidata.org/wiki/Q1468395
wikidata,Q20883,Mount Saint-Michel,48.636111,-1.511389,Le Mont Saint-Michel,FR,tidal island,Q208344,Armageddon,film,1998,tt0120591,58,0,0.0,Bruce Willis,Harry S. Stamper,Steve Buscemi,Rockhound,,500,mountain/natural site (island),icon:Q20892,film_line_on_existing,no_wp_mention;needs_scene;large_area_centroid,https://www.wikidata.org/wiki/Q208344#P915 https://www.wikidata.org/wiki/Q20883
wikidata,Q3867752,Museo Centrale del Risorgimento,41.893903,12.483925,Rome,IT,history museum; historical civil building museum; Museum of the Italian Ministry of Culture,Q21451640,John Wick: Chapter 2,film,2017,tt4425200,54,0,0.0,Keanu Reeves,John Wick,Common,Cassian,,150,building/castle/station (building),,new_spot,no_wp_mention;needs_scene;possible_dup:near_stamp_distinct_item(Mamertine Prison|76m);possible_dup:near_stamp_distinct_item(Capitoline Venus|78m);possible_dup:near_stamp_distinct_item(Santa Maria in Aracoeli|94m);possible_dup:near_stamp_distinct_item(Temple of Hercules Victor|126m);possible_dup:near_stamp_distinct_item(Tabularium|127m);possible_dup:near_stamp_distinct_item(Arco di Settimio Severo|141m);possible_dup:near_stamp_distinct_item(Milliarium Aureum|149m);possible_dup:near_stamp_distinct_item(Vittorio Emanuele Monument|149m);inside_stamp_footprint(wikidata:Q874832|263m),https://www.wikidata.org/wiki/Q21451640#P915 https://www.wikidata.org/wiki/Q3867752
wikidata,Q21956892,Narrabeen Beach,-33.7152,151.30119,New South Wales,AU,beach,Q328695,Superman Returns,film,2006,tt0348150,53,0,0.0,Brandon Routh,Superman,Kate Bosworth,Lois Lane,,300,beach/park/ranch/set (beach),,new_spot,no_wp_mention;needs_scene,https://www.wikidata.org/wiki/Q328695#P915 https://www.wikidata.org/wiki/Q21956892
wikidata,Q56273345,New York Streets,34.08626,-118.32016,,,filming location; film set,Q380519,Star Trek: Enterprise,tv,2001,tt0244365,46,0,0.0,Scott Bakula,Jonathan Archer,John Billingsley,Phlox,,300,beach/park/ranch/set (film set),,new_spot,via_season_or_episode;no_wp_mention;needs_scene;no_city;no_country,https://www.wikidata.org/wiki/Q380519#P915 https://www.wikidata.org/wiki/Q56273345
wikidata,Q56273345,New York Streets,34.08626,-118.32016,,,filming location; film set,Q108774,Star Trek: Deep Space Nine,tv,1993,tt0106145,48,0,0.0,Avery Brooks,Benjamin Sisko,René Auberjonois,Odo,,300,beach/park/ranch/set (film set),,new_spot,via_season_or_episode;no_wp_mention;needs_scene;no_city;no_country,https://www.wikidata.org/wiki/Q108774#P915 https://www.wikidata.org/wiki/Q56273345
wikidata,Q56273345,New York Streets,34.08626,-118.32016,,,filming location; film set,Q156329,Star Trek: Voyager,tv,1995,tt0112178,52,0,0.0,Robert Picardo,Doctor,Kate Mulgrew,Kathryn Janeway,,300,beach/park/ranch/set (film set),,new_spot,via_season_or_episode;no_wp_mention;needs_scene;no_city;no_country,https://www.wikidata.org/wiki/Q156329#P915 https://www.wikidata.org/wiki/Q56273345
wikidata,Q56273345,New York Streets,34.08626,-118.32016,,,filming location; film set,Q16290,Star Trek: The Next Generation,tv,1987,tt0092455,56,0,0.0,Patrick Stewart,Jean-Luc Picard,Jonathan Frakes,William Riker / Thomas Riker,,300,beach/park/ranch/set (film set),,new_spot,via_season_or_episode;no_wp_mention;needs_scene;no_city;no_country,https://www.wikidata.org/wiki/Q16290#P915 https://www.wikidata.org/wiki/Q56273345
wikidata,Q42759980,Niculescu-Dorobanțu House,44.448762,26.090018,Bucharest,RO,mansion,Q105553568,Wednesday,tv,2022,tt13443470,61,0,0.0,Jenna Ortega,Wednesday Addams,Catherine Zeta-Jones,Morticia Addams,,150,building/castle/station (mansion),,new_spot,no_wp_mention;needs_scene,https://www.wikidata.org/wiki/Q105553568#P915 https://www.wikidata.org/wiki/Q42759980
wikidata,Q301889,North Bend,47.495249,-121.786854,King County,US,city in the United States,Q2085,Twin Peaks,tv,1990,tt0098936,61,0,0.0,Kyle MacLachlan,Dale Cooper,Michael Ontkean,Harry S. Truman,,150,building/castle/station (default),,new_spot,coord_from_qualifier;needs_spot_name;city_level_suspect;wp_mention;needs_scene;large_cast(125);reuses_unstamped_row(wv:north-bend-washington-historic-north-bend-theatre),https://www.wikidata.org/wiki/Q2085#P915 https://www.wikidata.org/wiki/Q301889 https://en.wikipedia.org/wiki/North_Bend%2C_Washington
wikidata,Q602783,Ocho Rios,18.410314,-77.114856,Saint Ann Parish,JM,city,Q102754,Dr. No,film,1962,tt0055928,76,0,0.0,Sean Connery,James Bond,Ursula Andress,Honey Rider,,150,building/castle/station (default),,new_spot,coord_from_qualifier;needs_spot_name;city_level_suspect;no_wp_mention;needs_scene,https://www.wikidata.org/wiki/Q102754#P915 https://www.wikidata.org/wiki/Q602783 https://en.wikipedia.org/wiki/Ocho_Rios
wikidata,Q122920328,Otis' house,51.84026,-2.63743,,GB,chalet,Q55632932,Sex Education,tv,2019,tt7767422,57,0,0.0,Gillian Anderson,Jean Milburn,Asa Butterfield,Otis Milburn,,150,building/castle/station (default),,new_spot,no_wp_mention;needs_scene;no_city,https://www.wikidata.org/wiki/Q55632932#P915 https://www.wikidata.org/wiki/Q122920328
wikidata,Q43466536,Palackého,50.417246,14.907681,Mladá Boleslav,CZ,street,Q151904,Casino Royale,film,2006,tt0381061,71,0,0.0,Daniel Craig,James Bond,Mads Mikkelsen,Le Chiffre,,60,stairs/street/cafe/shop (street),,new_spot,no_wp_mention;needs_scene,https://www.wikidata.org/wiki/Q151904#P915 https://www.wikidata.org/wiki/Q43466536
wikidata,Q83365346,Paramount Stage 1,34.08483,-118.3174,,US,sound stage,Q555687,The Man Who Shot Liberty Valance,film,1962,tt0056217,41,0,0.0,,,,,,150,building/castle/station (default),,new_spot,no_wp_mention;needs_scene;needs_roles;lead_without_role;studio_backlot(sound stage);no_city,https://www.wikidata.org/wiki/Q555687#P915 https://www.wikidata.org/wiki/Q83365346
wikidata,Q83365346,Paramount Stage 1,34.08483,-118.3174,,US,sound stage,Q156329,Star Trek: Voyager,tv,1995,tt0112178,52,0,0.0,Robert Picardo,Doctor,Kate Mulgrew,Kathryn Janeway,,150,building/castle/station (default),,new_spot,via_season_or_episode;no_wp_mention;needs_scene;studio_backlot(sound stage);no_city,https://www.wikidata.org/wiki/Q156329#P915 https://www.wikidata.org/wiki/Q83365346
wikidata,Q83365346,Paramount Stage 1,34.08483,-118.3174,,US,sound stage,Q1077,Star Trek: The Original Series,tv,1966,tt0060028,56,0,0.0,Majel Barrett,Christine Chapel,William Shatner,James T. Kirk,,150,building/castle/station (default),,new_spot,via_season_or_episode;no_wp_mention;needs_scene;studio_backlot(sound stage);no_city,https://www.wikidata.org/wiki/Q1077#P915 https://www.wikidata.org/wiki/Q83365346
wikidata,Q83471818,Paramount Stage 10,34.08624,-118.31873,,US,sound stage,Q107940,Star Trek: The Motion Picture,film,1979,tt0079945,52,0,0.0,DeForest Kelley,Leonard McCoy,James Doohan,Montgomery Scott,,150,building/castle/station (default),,new_spot,no_wp_mention;needs_scene;studio_backlot(sound stage);no_city,https://www.wikidata.org/wiki/Q107940#P915 https://www.wikidata.org/wiki/Q83471818
wikidata,Q83471818,Paramount Stage 10,34.08624,-118.31873,,US,sound stage,Q16290,Star Trek: The Next Generation,tv,1987,tt0092455,56,0,0.0,Patrick Stewart,Jean-Luc Picard,Jonathan Frakes,William Riker / Thomas Riker,,150,building/castle/station (default),,new_spot,via_season_or_episode;no_wp_mention;needs_scene;studio_backlot(sound stage);no_city,https://www.wikidata.org/wiki/Q16290#P915 https://www.wikidata.org/wiki/Q83471818
wikidata,Q83472608,Paramount Stage 11,34.08618,-118.31874,,US,sound stage,Q213081,Star Trek,film,2009,tt0796366,61,0,0.0,Zachary Quinto,Spock,Chris Pine,James T. Kirk,,150,building/castle/station (default),,new_spot,no_wp_mention;needs_scene;studio_backlot(sound stage);no_city,https://www.wikidata.org/wiki/Q213081#P915 https://www.wikidata.org/wiki/Q83472608
wikidata,Q83472608,Paramount Stage 11,34.08618,-118.31874,,US,sound stage,Q156329,Star Trek: Voyager,tv,1995,tt0112178,52,0,0.0,Robert Picardo,Doctor,Kate Mulgrew,Kathryn Janeway,,150,building/castle/station (default),,new_spot,via_season_or_episode;no_wp_mention;needs_scene;studio_backlot(sound stage);no_city,https://www.wikidata.org/wiki/Q156329#P915 https://www.wikidata.org/wiki/Q83472608
wikidata,Q83472608,Paramount Stage 11,34.08618,-118.31874,,US,sound stage,Q108774,Star Trek: Deep Space Nine,tv,1993,tt0106145,48,0,0.0,Avery Brooks,Benjamin Sisko,René Auberjonois,Odo,,150,building/castle/station (default),,new_spot,via_season_or_episode;no_wp_mention;needs_scene;studio_backlot(sound stage);no_city,https://www.wikidata.org/wiki/Q108774#P915 https://www.wikidata.org/wiki/Q83472608
wikidata,Q83476346,Paramount Stage 12,34.08592,-118.31906,,US,sound stage,Q579757,Star Trek VI: The Undiscovered Country,film,1991,tt0102975,46,0,0.0,Christopher Plummer,Chang,Iman,Martia,,150,building/castle/station (default),,new_spot,"no_wp_mention;needs_scene;lead_without_role;cast_skips_unroled(William Shatner, DeForest Kelley);studio_backlot(sound stage);no_city",https://www.wikidata.org/wiki/Q579757#P915 https://www.wikidata.org/wiki/Q83476346
wikidata,Q83476346,Paramount Stage 12,34.08592,-118.31906,,US,sound stage,Q221305,Star Trek III: The Search for Spock,film,1984,tt0088170,48,0,0.0,Leonard Nimoy,Spock,DeForest Kelley,Leonard McCoy,,150,building/castle/station (default),,new_spot,no_wp_mention;needs_scene;studio_backlot(sound stage);no_city,https://www.wikidata.org/wiki/Q221305#P915 https://www.wikidata.org/wiki/Q83476346
wikidata,Q83476346,Paramount Stage 12,34.08592,-118.31906,,US,sound stage,Q107940,Star Trek: The Motion Picture,film,1979,tt0079945,52,0,0.0,DeForest Kelley,Leonard McCoy,James Doohan,Montgomery Scott,,150,building/castle/station (default),,new_spot,no_wp_mention;needs_scene;studio_backlot(sound stage);no_city,https://www.wikidata.org/wiki/Q107940#P915 https://www.wikidata.org/wiki/Q83476346
wikidata,Q83476346,Paramount Stage 12,34.08592,-118.31906,,US,sound stage,Q471842,Star Trek IV: The Voyage Home,film,1986,tt0092007,49,0,0.0,William Shatner,James T. Kirk,DeForest Kelley,Leonard McCoy,,150,building/castle/station (default),,new_spot,no_wp_mention;needs_scene;studio_backlot(sound stage);no_city,https://www.wikidata.org/wiki/Q471842#P915 https://www.wikidata.org/wiki/Q83476346
wikidata,Q83485923,Paramount Stage 14,34.08587,-118.3195,,US,sound stage,Q471842,Star Trek IV: The Voyage Home,film,1986,tt0092007,49,0,0.0,William Shatner,James T. Kirk,DeForest Kelley,Leonard McCoy,,150,building/castle/station (default),,new_spot,no_wp_mention;needs_scene;studio_backlot(sound stage);no_city,https://www.wikidata.org/wiki/Q471842#P915 https://www.wikidata.org/wiki/Q83485923
wikidata,Q83485923,Paramount Stage 14,34.08587,-118.3195,,US,sound stage,Q213081,Star Trek,film,2009,tt0796366,61,0,0.0,Zachary Quinto,Spock,Chris Pine,James T. Kirk,,150,building/castle/station (default),,new_spot,no_wp_mention;needs_scene;studio_backlot(sound stage);no_city,https://www.wikidata.org/wiki/Q213081#P915 https://www.wikidata.org/wiki/Q83485923
wikidata,Q83485923,Paramount Stage 14,34.08587,-118.3195,,US,sound stage,Q221236,Star Trek: First Contact,film,1996,tt0117731,54,0,0.0,Gates McFadden,Beverly Crusher,James Cromwell,Zefram Cochrane,,150,building/castle/station (default),,new_spot,no_wp_mention;needs_scene;studio_backlot(sound stage);no_city,https://www.wikidata.org/wiki/Q221236#P915 https://www.wikidata.org/wiki/Q83485923
wikidata,Q83485923,Paramount Stage 14,34.08587,-118.3195,,US,sound stage,Q221305,Star Trek III: The Search for Spock,film,1984,tt0088170,48,0,0.0,Leonard Nimoy,Spock,DeForest Kelley,Leonard McCoy,,150,building/castle/station (default),,new_spot,no_wp_mention;needs_scene;studio_backlot(sound stage);no_city,https://www.wikidata.org/wiki/Q221305#P915 https://www.wikidata.org/wiki/Q83485923
wikidata,Q83282482,Paramount Stage 15,34.08643,-118.31924,,US,sound stage,Q388319,Star Trek: Nemesis,film,2002,tt0253754,46,0,0.0,Patrick Stewart,Jean-Luc Picard,Jonathan Frakes,William Riker,,150,building/castle/station (default),,new_spot,no_wp_mention;needs_scene;studio_backlot(sound stage);no_city,https://www.wikidata.org/wiki/Q388319#P915 https://www.wikidata.org/wiki/Q83282482
wikidata,Q83282482,Paramount Stage 15,34.08643,-118.31924,,US,sound stage,Q213081,Star Trek,film,2009,tt0796366,61,0,0.0,Zachary Quinto,Spock,Chris Pine,James T. Kirk,,150,building/castle/station (default),,new_spot,no_wp_mention;needs_scene;studio_backlot(sound stage);no_city,https://www.wikidata.org/wiki/Q213081#P915 https://www.wikidata.org/wiki/Q83282482
wikidata,Q83282482,Paramount Stage 15,34.08643,-118.31924,,US,sound stage,Q221236,Star Trek: First Contact,film,1996,tt0117731,54,0,0.0,Gates McFadden,Beverly Crusher,James Cromwell,Zefram Cochrane,,150,building/castle/station (default),,new_spot,no_wp_mention;needs_scene;studio_backlot(sound stage);no_city,https://www.wikidata.org/wiki/Q221236#P915 https://www.wikidata.org/wiki/Q83282482
wikidata,Q83282482,Paramount Stage 15,34.08643,-118.31924,,US,sound stage,Q221305,Star Trek III: The Search for Spock,film,1984,tt0088170,48,0,0.0,Leonard Nimoy,Spock,DeForest Kelley,Leonard McCoy,,150,building/castle/station (default),,new_spot,wp_mention;needs_scene;studio_backlot(sound stage);no_city,https://www.wikidata.org/wiki/Q221305#P915 https://www.wikidata.org/wiki/Q83282482
wikidata,Q83282482,Paramount Stage 15,34.08643,-118.31924,,US,sound stage,Q673198,Star Trek: Insurrection,film,1998,tt0120844,44,0,0.0,Patrick Stewart,Jean-Luc Picard,Jonathan Frakes,William Riker,,150,building/castle/station (default),,new_spot,no_wp_mention;needs_scene;studio_backlot(sound stage);no_city,https://www.wikidata.org/wiki/Q673198#P915 https://www.wikidata.org/wiki/Q83282482
wikidata,Q83282482,Paramount Stage 15,34.08643,-118.31924,,US,sound stage,Q107940,Star Trek: The Motion Picture,film,1979,tt0079945,52,0,0.0,DeForest Kelley,Leonard McCoy,James Doohan,Montgomery Scott,,150,building/castle/station (default),,new_spot,no_wp_mention;needs_scene;studio_backlot(sound stage);no_city,https://www.wikidata.org/wiki/Q107940#P915 https://www.wikidata.org/wiki/Q83282482
wikidata,Q64504210,Paramount Stage 16,34.087,-118.31937,,US,sound stage,Q16290,Star Trek: The Next Generation,tv,1987,tt0092455,56,0,0.0,Patrick Stewart,Jean-Luc Picard,Jonathan Frakes,William Riker / Thomas Riker,,150,building/castle/station (default),,new_spot,via_season_or_episode;no_wp_mention;needs_scene;studio_backlot(sound stage);no_city,https://www.wikidata.org/wiki/Q16290#P915 https://www.wikidata.org/wiki/Q64504210
wikidata,Q83281771,Paramount Stage 17,34.08589,-118.31747,,US,sound stage,Q388319,Star Trek: Nemesis,film,2002,tt0253754,46,0,0.0,Patrick Stewart,Jean-Luc Picard,Jonathan Frakes,William Riker,,150,building/castle/station (default),,new_spot,no_wp_mention;needs_scene;studio_backlot(sound stage);no_city,https://www.wikidata.org/wiki/Q388319#P915 https://www.wikidata.org/wiki/Q83281771
wikidata,Q83281771,Paramount Stage 17,34.08589,-118.31747,,US,sound stage,Q221236,Star Trek: First Contact,film,1996,tt0117731,54,0,0.0,Gates McFadden,Beverly Crusher,James Cromwell,Zefram Cochrane,,150,building/castle/station (default),,new_spot,no_wp_mention;needs_scene;studio_backlot(sound stage);no_city,https://www.wikidata.org/wiki/Q221236#P915 https://www.wikidata.org/wiki/Q83281771
wikidata,Q83281771,Paramount Stage 17,34.08589,-118.31747,,US,sound stage,Q673198,Star Trek: Insurrection,film,1998,tt0120844,44,0,0.0,Patrick Stewart,Jean-Luc Picard,Jonathan Frakes,William Riker,,150,building/castle/station (default),,new_spot,no_wp_mention;needs_scene;studio_backlot(sound stage);no_city,https://www.wikidata.org/wiki/Q673198#P915 https://www.wikidata.org/wiki/Q83281771
wikidata,Q83281771,Paramount Stage 17,34.08589,-118.31747,,US,sound stage,Q107940,Star Trek: The Motion Picture,film,1979,tt0079945,52,0,0.0,DeForest Kelley,Leonard McCoy,James Doohan,Montgomery Scott,,150,building/castle/station (default),,new_spot,no_wp_mention;needs_scene;studio_backlot(sound stage);no_city,https://www.wikidata.org/wiki/Q107940#P915 https://www.wikidata.org/wiki/Q83281771
wikidata,Q83281771,Paramount Stage 17,34.08589,-118.31747,,US,sound stage,Q108774,Star Trek: Deep Space Nine,tv,1993,tt0106145,48,0,0.0,Avery Brooks,Benjamin Sisko,René Auberjonois,Odo,,150,building/castle/station (default),,new_spot,no_wp_mention;needs_scene;studio_backlot(sound stage);no_city,https://www.wikidata.org/wiki/Q108774#P915 https://www.wikidata.org/wiki/Q83281771
wikidata,Q60375485,Paramount Stage 18,34.08625,-118.31742,,US,sound stage,Q213081,Star Trek,film,2009,tt0796366,61,0,0.0,Zachary Quinto,Spock,Chris Pine,James T. Kirk,,150,building/castle/station (default),,new_spot,no_wp_mention;needs_scene;studio_backlot(sound stage);no_city,https://www.wikidata.org/wiki/Q213081#P915 https://www.wikidata.org/wiki/Q60375485
wikidata,Q60375485,Paramount Stage 18,34.08625,-118.31742,,US,sound stage,Q673198,Star Trek: Insurrection,film,1998,tt0120844,44,0,0.0,Patrick Stewart,Jean-Luc Picard,Jonathan Frakes,William Riker,,150,building/castle/station (default),,new_spot,no_wp_mention;needs_scene;studio_backlot(sound stage);no_city,https://www.wikidata.org/wiki/Q673198#P915 https://www.wikidata.org/wiki/Q60375485
wikidata,Q60375485,Paramount Stage 18,34.08625,-118.31742,,US,sound stage,Q380519,Star Trek: Enterprise,tv,2001,tt0244365,46,0,0.0,Scott Bakula,Jonathan Archer,John Billingsley,Phlox,,150,building/castle/station (default),,new_spot,no_wp_mention;needs_scene;studio_backlot(sound stage);no_city,https://www.wikidata.org/wiki/Q380519#P915 https://www.wikidata.org/wiki/Q60375485
wikidata,Q60375485,Paramount Stage 18,34.08625,-118.31742,,US,sound stage,Q108774,Star Trek: Deep Space Nine,tv,1993,tt0106145,48,0,0.0,Avery Brooks,Benjamin Sisko,René Auberjonois,Odo,,150,building/castle/station (default),,new_spot,no_wp_mention;needs_scene;studio_backlot(sound stage);no_city,https://www.wikidata.org/wiki/Q108774#P915 https://www.wikidata.org/wiki/Q60375485
wikidata,Q60375485,Paramount Stage 18,34.08625,-118.31742,,US,sound stage,Q16290,Star Trek: The Next Generation,tv,1987,tt0092455,56,0,0.0,Patrick Stewart,Jean-Luc Picard,Jonathan Frakes,William Riker / Thomas Riker,,150,building/castle/station (default),,new_spot,via_season_or_episode;no_wp_mention;needs_scene;studio_backlot(sound stage);no_city,https://www.wikidata.org/wiki/Q16290#P915 https://www.wikidata.org/wiki/Q60375485
wikidata,Q56254969,Paramount Stage 19,34.08387,-118.32127,,US,sound stage,Q1077,Star Trek: The Original Series,tv,1966,tt0060028,56,0,0.0,Majel Barrett,Christine Chapel,William Shatner,James T. Kirk,,150,building/castle/station (default),,new_spot,no_wp_mention;needs_scene;studio_backlot(sound stage);no_city,https://www.wikidata.org/wiki/Q1077#P915 https://www.wikidata.org/wiki/Q56254969
wikidata,Q83487124,Paramount Stage 29,34.0868,-118.32186,,US,sound stage,Q221236,Star Trek: First Contact,film,1996,tt0117731,54,0,0.0,Gates McFadden,Beverly Crusher,James Cromwell,Zefram Cochrane,,150,building/castle/station (default),,new_spot,no_wp_mention;needs_scene;studio_backlot(sound stage);no_city,https://www.wikidata.org/wiki/Q221236#P915 https://www.wikidata.org/wiki/Q83487124
wikidata,Q83487124,Paramount Stage 29,34.0868,-118.32186,,US,sound stage,Q388319,Star Trek: Nemesis,film,2002,tt0253754,46,0,0.0,Patrick Stewart,Jean-Luc Picard,Jonathan Frakes,William Riker,,150,building/castle/station (default),,new_spot,no_wp_mention;needs_scene;studio_backlot(sound stage);no_city,https://www.wikidata.org/wiki/Q388319#P915 https://www.wikidata.org/wiki/Q83487124
wikidata,Q83365641,Paramount Stage 3,34.08516,-118.31845,,US,sound stage,Q1077,Star Trek: The Original Series,tv,1966,tt0060028,56,0,0.0,Majel Barrett,Christine Chapel,William Shatner,James T. Kirk,,150,building/castle/station (default),,new_spot,via_season_or_episode;no_wp_mention;needs_scene;studio_backlot(sound stage);no_city,https://www.wikidata.org/wiki/Q1077#P915 https://www.wikidata.org/wiki/Q83365641
wikidata,Q56254825,Paramount Stage 31,34.08679,-118.32118,,US,sound stage,Q108774,Star Trek: Deep Space Nine,tv,1993,tt0106145,48,0,0.0,Avery Brooks,Benjamin Sisko,René Auberjonois,Odo,,150,building/castle/station (default),,new_spot,no_wp_mention;needs_scene;studio_backlot(sound stage);no_city,https://www.wikidata.org/wiki/Q108774#P915 https://www.wikidata.org/wiki/Q56254825
wikidata,Q56254825,Paramount Stage 31,34.08679,-118.32118,,US,sound stage,Q1077,Star Trek: The Original Series,tv,1966,tt0060028,56,0,0.0,Majel Barrett,Christine Chapel,William Shatner,James T. Kirk,,150,building/castle/station (default),,new_spot,no_wp_mention;needs_scene;studio_backlot(sound stage);no_city,https://www.wikidata.org/wiki/Q1077#P915 https://www.wikidata.org/wiki/Q56254825
wikidata,Q56254978,Paramount Stage 32,34.08674,-118.32075,,US,sound stage,Q1077,Star Trek: The Original Series,tv,1966,tt0060028,56,0,0.0,Majel Barrett,Christine Chapel,William Shatner,James T. Kirk,,150,building/castle/station (default),,new_spot,via_season_or_episode;no_wp_mention;needs_scene;studio_backlot(sound stage);no_city,https://www.wikidata.org/wiki/Q1077#P915 https://www.wikidata.org/wiki/Q56254978
wikidata,Q83372799,Paramount Stage 4,34.08549,-118.31753,,US,sound stage,Q108774,Star Trek: Deep Space Nine,tv,1993,tt0106145,48,0,0.0,Avery Brooks,Benjamin Sisko,René Auberjonois,Odo,,150,building/castle/station (default),,new_spot,no_wp_mention;needs_scene;studio_backlot(sound stage);no_city,https://www.wikidata.org/wiki/Q108774#P915 https://www.wikidata.org/wiki/Q83372799
wikidata,Q56274748,Paramount Stage 5,34.08537,-118.31849,,US,sound stage,Q673198,Star Trek: Insurrection,film,1998,tt0120844,44,0,0.0,Patrick Stewart,Jean-Luc Picard,Jonathan Frakes,William Riker,,150,building/castle/station (default),,new_spot,no_wp_mention;needs_scene;studio_backlot(sound stage);no_city,https://www.wikidata.org/wiki/Q673198#P915 https://www.wikidata.org/wiki/Q56274748
wikidata,Q56274748,Paramount Stage 5,34.08537,-118.31849,,US,sound stage,Q579757,Star Trek VI: The Undiscovered Country,film,1991,tt0102975,46,0,0.0,Christopher Plummer,Chang,Iman,Martia,,150,building/castle/station (default),,new_spot,"no_wp_mention;needs_scene;lead_without_role;cast_skips_unroled(William Shatner, DeForest Kelley);studio_backlot(sound stage);no_city",https://www.wikidata.org/wiki/Q579757#P915 https://www.wikidata.org/wiki/Q56274748
wikidata,Q56274748,Paramount Stage 5,34.08537,-118.31849,,US,sound stage,Q465478,Star Trek II: The Wrath of Khan,film,1982,tt0084726,51,0,0.0,Ricardo Montalbán,Khan Noonien Singh,DeForest Kelley,Leonard McCoy,,150,building/castle/station (default),,new_spot,no_wp_mention;needs_scene;studio_backlot(sound stage);no_city,https://www.wikidata.org/wiki/Q465478#P915 https://www.wikidata.org/wiki/Q56274748
wikidata,Q56274748,Paramount Stage 5,34.08537,-118.31849,,US,sound stage,Q221236,Star Trek: First Contact,film,1996,tt0117731,54,0,0.0,Gates McFadden,Beverly Crusher,James Cromwell,Zefram Cochrane,,150,building/castle/station (default),,new_spot,no_wp_mention;needs_scene;studio_backlot(sound stage);no_city,https://www.wikidata.org/wiki/Q221236#P915 https://www.wikidata.org/wiki/Q56274748
wikidata,Q56274748,Paramount Stage 5,34.08537,-118.31849,,US,sound stage,Q108774,Star Trek: Deep Space Nine,tv,1993,tt0106145,48,0,0.0,Avery Brooks,Benjamin Sisko,René Auberjonois,Odo,,150,building/castle/station (default),,new_spot,no_wp_mention;needs_scene;studio_backlot(sound stage);no_city,https://www.wikidata.org/wiki/Q108774#P915 https://www.wikidata.org/wiki/Q56274748
wikidata,Q56274748,Paramount Stage 5,34.08537,-118.31849,,US,sound stage,Q156329,Star Trek: Voyager,tv,1995,tt0112178,52,0,0.0,Robert Picardo,Doctor,Kate Mulgrew,Kathryn Janeway,,150,building/castle/station (default),,new_spot,no_wp_mention;needs_scene;studio_backlot(sound stage);no_city,https://www.wikidata.org/wiki/Q156329#P915 https://www.wikidata.org/wiki/Q56274748
wikidata,Q56274748,Paramount Stage 5,34.08537,-118.31849,,US,sound stage,Q1077,Star Trek: The Original Series,tv,1966,tt0060028,56,0,0.0,Majel Barrett,Christine Chapel,William Shatner,James T. Kirk,,150,building/castle/station (default),,new_spot,no_wp_mention;needs_scene;studio_backlot(sound stage);no_city,https://www.wikidata.org/wiki/Q1077#P915 https://www.wikidata.org/wiki/Q56274748
wikidata,Q56274748,Paramount Stage 5,34.08537,-118.31849,,US,sound stage,Q16290,Star Trek: The Next Generation,tv,1987,tt0092455,56,0,0.0,Patrick Stewart,Jean-Luc Picard,Jonathan Frakes,William Riker / Thomas Riker,,150,building/castle/station (default),,new_spot,no_wp_mention;needs_scene;studio_backlot(sound stage);no_city,https://www.wikidata.org/wiki/Q16290#P915 https://www.wikidata.org/wiki/Q56274748
wikidata,Q83372942,Paramount Stage 6,34.0856,-118.31793,,US,sound stage,Q107940,Star Trek: The Motion Picture,film,1979,tt0079945,52,0,0.0,DeForest Kelley,Leonard McCoy,James Doohan,Montgomery Scott,,150,building/castle/station (default),,new_spot,no_wp_mention;needs_scene;studio_backlot(sound stage);no_city,https://www.wikidata.org/wiki/Q107940#P915 https://www.wikidata.org/wiki/Q83372942
wikidata,Q83372942,Paramount Stage 6,34.0856,-118.31793,,US,sound stage,Q16290,Star Trek: The Next Generation,tv,1987,tt0092455,56,0,0.0,Patrick Stewart,Jean-Luc Picard,Jonathan Frakes,William Riker / Thomas Riker,,150,building/castle/station (default),,new_spot,no_wp_mention;needs_scene;studio_backlot(sound stage);no_city,https://www.wikidata.org/wiki/Q16290#P915 https://www.wikidata.org/wiki/Q83372942
wikidata,Q83372948,Paramount Stage 7,34.08562,-118.31819,,US,sound stage,Q723679,Star Trek Generations,film,1994,tt0111280,42,0,0.0,Jonathan Frakes,William Riker,Brent Spiner,Data,,150,building/castle/station (default),,new_spot,no_wp_mention;needs_scene;studio_backlot(sound stage);no_city,https://www.wikidata.org/wiki/Q723679#P915 https://www.wikidata.org/wiki/Q83372948
wikidata,Q83372948,Paramount Stage 7,34.08562,-118.31819,,US,sound stage,Q241218,Star Trek V: The Final Frontier,film,1989,tt0098382,45,0,0.0,Charles Cooper,Korrd,,,,150,building/castle/station (default),,new_spot,no_wp_mention;needs_scene;needs_roles;lead_without_role;cast_skips_unroled(Leonard Nimoy);studio_backlot(sound stage);no_city,https://www.wikidata.org/wiki/Q241218#P915 https://www.wikidata.org/wiki/Q83372948
wikidata,Q83372948,Paramount Stage 7,34.08562,-118.31819,,US,sound stage,Q108774,Star Trek: Deep Space Nine,tv,1993,tt0106145,48,0,0.0,Avery Brooks,Benjamin Sisko,René Auberjonois,Odo,,150,building/castle/station (default),,new_spot,no_wp_mention;needs_scene;studio_backlot(sound stage);no_city,https://www.wikidata.org/wiki/Q108774#P915 https://www.wikidata.org/wiki/Q83372948
wikidata,Q83250768,Paramount Stage 8,34.08633,-118.31844,,US,sound stage,Q723679,Star Trek Generations,film,1994,tt0111280,42,0,0.0,Jonathan Frakes,William Riker,Brent Spiner,Data,,150,building/castle/station (default),,new_spot,no_wp_mention;needs_scene;studio_backlot(sound stage);no_city,https://www.wikidata.org/wiki/Q723679#P915 https://www.wikidata.org/wiki/Q83250768
wikidata,Q83250768,Paramount Stage 8,34.08633,-118.31844,,US,sound stage,Q579757,Star Trek VI: The Undiscovered Country,film,1991,tt0102975,46,0,0.0,Christopher Plummer,Chang,Iman,Martia,,150,building/castle/station (default),,new_spot,"no_wp_mention;needs_scene;lead_without_role;cast_skips_unroled(William Shatner, DeForest Kelley);studio_backlot(sound stage);no_city",https://www.wikidata.org/wiki/Q579757#P915 https://www.wikidata.org/wiki/Q83250768
wikidata,Q83250768,Paramount Stage 8,34.08633,-118.31844,,US,sound stage,Q213081,Star Trek,film,2009,tt0796366,61,0,0.0,Zachary Quinto,Spock,Chris Pine,James T. Kirk,,150,building/castle/station (default),,new_spot,no_wp_mention;needs_scene;studio_backlot(sound stage);no_city,https://www.wikidata.org/wiki/Q213081#P915 https://www.wikidata.org/wiki/Q83250768
wikidata,Q83250768,Paramount Stage 8,34.08633,-118.31844,,US,sound stage,Q673198,Star Trek: Insurrection,film,1998,tt0120844,44,0,0.0,Patrick Stewart,Jean-Luc Picard,Jonathan Frakes,William Riker,,150,building/castle/station (default),,new_spot,no_wp_mention;needs_scene;studio_backlot(sound stage);no_city,https://www.wikidata.org/wiki/Q673198#P915 https://www.wikidata.org/wiki/Q83250768
wikidata,Q83250768,Paramount Stage 8,34.08633,-118.31844,,US,sound stage,Q107940,Star Trek: The Motion Picture,film,1979,tt0079945,52,0,0.0,DeForest Kelley,Leonard McCoy,James Doohan,Montgomery Scott,,150,building/castle/station (default),,new_spot,no_wp_mention;needs_scene;studio_backlot(sound stage);no_city,https://www.wikidata.org/wiki/Q107940#P915 https://www.wikidata.org/wiki/Q83250768
wikidata,Q83250768,Paramount Stage 8,34.08633,-118.31844,,US,sound stage,Q156329,Star Trek: Voyager,tv,1995,tt0112178,52,0,0.0,Robert Picardo,Doctor,Kate Mulgrew,Kathryn Janeway,,150,building/castle/station (default),,new_spot,no_wp_mention;needs_scene;studio_backlot(sound stage);no_city,https://www.wikidata.org/wiki/Q156329#P915 https://www.wikidata.org/wiki/Q83250768
wikidata,Q83250768,Paramount Stage 8,34.08633,-118.31844,,US,sound stage,Q380519,Star Trek: Enterprise,tv,2001,tt0244365,46,0,0.0,Scott Bakula,Jonathan Archer,John Billingsley,Phlox,,150,building/castle/station (default),,new_spot,no_wp_mention;needs_scene;studio_backlot(sound stage);no_city,https://www.wikidata.org/wiki/Q380519#P915 https://www.wikidata.org/wiki/Q83250768
wikidata,Q83250768,Paramount Stage 8,34.08633,-118.31844,,US,sound stage,Q16290,Star Trek: The Next Generation,tv,1987,tt0092455,56,0,0.0,Patrick Stewart,Jean-Luc Picard,Jonathan Frakes,William Riker / Thomas Riker,,150,building/castle/station (default),,new_spot,no_wp_mention;needs_scene;studio_backlot(sound stage);no_city,https://www.wikidata.org/wiki/Q16290#P915 https://www.wikidata.org/wiki/Q83250768
wikidata,Q83250768,Paramount Stage 8,34.08633,-118.31844,,US,sound stage,Q108774,Star Trek: Deep Space Nine,tv,1993,tt0106145,48,0,0.0,Avery Brooks,Benjamin Sisko,René Auberjonois,Odo,,150,building/castle/station (default),,new_spot,via_season_or_episode;no_wp_mention;needs_scene;studio_backlot(sound stage);no_city,https://www.wikidata.org/wiki/Q108774#P915 https://www.wikidata.org/wiki/Q83250768
wikidata,Q56255706,Paramount Stage 9,34.08638,-118.31821,,US,sound stage,Q673198,Star Trek: Insurrection,film,1998,tt0120844,44,0,0.0,Patrick Stewart,Jean-Luc Picard,Jonathan Frakes,William Riker,,150,building/castle/station (default),,new_spot,no_wp_mention;needs_scene;studio_backlot(sound stage);no_city,https://www.wikidata.org/wiki/Q673198#P915 https://www.wikidata.org/wiki/Q56255706
wikidata,Q56255706,Paramount Stage 9,34.08638,-118.31821,,US,sound stage,Q723679,Star Trek Generations,film,1994,tt0111280,42,0,0.0,Jonathan Frakes,William Riker,Brent Spiner,Data,,150,building/castle/station (default),,new_spot,no_wp_mention;needs_scene;studio_backlot(sound stage);no_city,https://www.wikidata.org/wiki/Q723679#P915 https://www.wikidata.org/wiki/Q56255706
wikidata,Q56255706,Paramount Stage 9,34.08638,-118.31821,,US,sound stage,Q579757,Star Trek VI: The Undiscovered Country,film,1991,tt0102975,46,0,0.0,Christopher Plummer,Chang,Iman,Martia,,150,building/castle/station (default),,new_spot,"no_wp_mention;needs_scene;lead_without_role;cast_skips_unroled(William Shatner, DeForest Kelley);studio_backlot(sound stage);no_city",https://www.wikidata.org/wiki/Q579757#P915 https://www.wikidata.org/wiki/Q56255706
wikidata,Q56255706,Paramount Stage 9,34.08638,-118.31821,,US,sound stage,Q213081,Star Trek,film,2009,tt0796366,61,0,0.0,Zachary Quinto,Spock,Chris Pine,James T. Kirk,,150,building/castle/station (default),,new_spot,no_wp_mention;needs_scene;studio_backlot(sound stage);no_city,https://www.wikidata.org/wiki/Q213081#P915 https://www.wikidata.org/wiki/Q56255706
wikidata,Q56255706,Paramount Stage 9,34.08638,-118.31821,,US,sound stage,Q221236,Star Trek: First Contact,film,1996,tt0117731,54,0,0.0,Gates McFadden,Beverly Crusher,James Cromwell,Zefram Cochrane,,150,building/castle/station (default),,new_spot,no_wp_mention;needs_scene;studio_backlot(sound stage);no_city,https://www.wikidata.org/wiki/Q221236#P915 https://www.wikidata.org/wiki/Q56255706
wikidata,Q56255706,Paramount Stage 9,34.08638,-118.31821,,US,sound stage,Q221305,Star Trek III: The Search for Spock,film,1984,tt0088170,48,0,0.0,Leonard Nimoy,Spock,DeForest Kelley,Leonard McCoy,,150,building/castle/station (default),,new_spot,no_wp_mention;needs_scene;studio_backlot(sound stage);no_city,https://www.wikidata.org/wiki/Q221305#P915 https://www.wikidata.org/wiki/Q56255706
wikidata,Q56255706,Paramount Stage 9,34.08638,-118.31821,,US,sound stage,Q241218,Star Trek V: The Final Frontier,film,1989,tt0098382,45,0,0.0,Charles Cooper,Korrd,,,,150,building/castle/station (default),,new_spot,no_wp_mention;needs_scene;needs_roles;lead_without_role;cast_skips_unroled(Leonard Nimoy);studio_backlot(sound stage);no_city,https://www.wikidata.org/wiki/Q241218#P915 https://www.wikidata.org/wiki/Q56255706
wikidata,Q56255706,Paramount Stage 9,34.08638,-118.31821,,US,sound stage,Q388319,Star Trek: Nemesis,film,2002,tt0253754,46,0,0.0,Patrick Stewart,Jean-Luc Picard,Jonathan Frakes,William Riker,,150,building/castle/station (default),,new_spot,no_wp_mention;needs_scene;studio_backlot(sound stage);no_city,https://www.wikidata.org/wiki/Q388319#P915 https://www.wikidata.org/wiki/Q56255706
wikidata,Q56255706,Paramount Stage 9,34.08638,-118.31821,,US,sound stage,Q107940,Star Trek: The Motion Picture,film,1979,tt0079945,52,0,0.0,DeForest Kelley,Leonard McCoy,James Doohan,Montgomery Scott,,150,building/castle/station (default),,new_spot,no_wp_mention;needs_scene;studio_backlot(sound stage);no_city,https://www.wikidata.org/wiki/Q107940#P915 https://www.wikidata.org/wiki/Q56255706
wikidata,Q56255706,Paramount Stage 9,34.08638,-118.31821,,US,sound stage,Q465478,Star Trek II: The Wrath of Khan,film,1982,tt0084726,51,0,0.0,Ricardo Montalbán,Khan Noonien Singh,DeForest Kelley,Leonard McCoy,,150,building/castle/station (default),,new_spot,no_wp_mention;needs_scene;studio_backlot(sound stage);no_city,https://www.wikidata.org/wiki/Q465478#P915 https://www.wikidata.org/wiki/Q56255706
wikidata,Q56255706,Paramount Stage 9,34.08638,-118.31821,,US,sound stage,Q156329,Star Trek: Voyager,tv,1995,tt0112178,52,0,0.0,Robert Picardo,Doctor,Kate Mulgrew,Kathryn Janeway,,150,building/castle/station (default),,new_spot,no_wp_mention;needs_scene;studio_backlot(sound stage);no_city,https://www.wikidata.org/wiki/Q156329#P915 https://www.wikidata.org/wiki/Q56255706
wikidata,Q56255706,Paramount Stage 9,34.08638,-118.31821,,US,sound stage,Q380519,Star Trek: Enterprise,tv,2001,tt0244365,46,0,0.0,Scott Bakula,Jonathan Archer,John Billingsley,Phlox,,150,building/castle/station (default),,new_spot,no_wp_mention;needs_scene;studio_backlot(sound stage);no_city,https://www.wikidata.org/wiki/Q380519#P915 https://www.wikidata.org/wiki/Q56255706
wikidata,Q56255706,Paramount Stage 9,34.08638,-118.31821,,US,sound stage,Q16290,Star Trek: The Next Generation,tv,1987,tt0092455,56,0,0.0,Patrick Stewart,Jean-Luc Picard,Jonathan Frakes,William Riker / Thomas Riker,,150,building/castle/station (default),,new_spot,no_wp_mention;needs_scene;studio_backlot(sound stage);no_city,https://www.wikidata.org/wiki/Q16290#P915 https://www.wikidata.org/wiki/Q56255706
wikidata,Q107380230,Parco Teresio Olivelli,45.98161,9.22092,Tremezzina,IT,park; garden,Q181069,Star Wars: Episode II – Attack of the Clones,film,2002,tt0121765,82,0,0.0,Natalie Portman,Padmé Amidala,Ewan McGregor,Obi-Wan Kenobi,,300,beach/park/ranch/set (park),,new_spot,no_wp_mention;needs_scene,https://www.wikidata.org/wiki/Q181069#P915 https://www.wikidata.org/wiki/Q107380230
wikidata,Q27926477,Park Weggis,47.029563,8.421343,Weggis,CH,hotel,Q21980653,The Grand Tour,tv,2016,tt5712554,31,0,0.0,,,,,,150,building/castle/station (hotel),,new_spot,via_season_or_episode;no_wp_mention;needs_scene;needs_roles,https://www.wikidata.org/wiki/Q21980653#P915 https://www.wikidata.org/wiki/Q27926477
wikidata,Q24074171,Pasadena Masonic Temple,34.142513,-118.142733,Pasadena,US,building,Q205028,Iron Man 2,film,2010,tt1228705,74,0,0.0,Robert Downey Jr.,Tony Stark,Gwyneth Paltrow,Pepper Potts,,150,building/castle/station (building),,new_spot,no_wp_mention;needs_scene,https://www.wikidata.org/wiki/Q205028#P915 https://www.wikidata.org/wiki/Q24074171
wikidata,Q19385139,Pastoria Energy Facility,34.956,-118.84385,Kern County,US,natural gas-fired power station,Q213081,Star Trek,film,2009,tt0796366,61,0,0.0,Zachary Quinto,Spock,Chris Pine,James T. Kirk,,500,mountain/natural site (natural),,new_spot,"no_wp_mention;needs_scene;not_a_spot(power station, no visitor class)",https://www.wikidata.org/wiki/Q213081#P915 https://www.wikidata.org/wiki/Q19385139
wikidata,Q107356897,Penbryn Beach,52.1441,-4.4964,Penbryn,GB,beach,Q30931,Die Another Day,film,2002,tt0246460,62,0,0.0,Pierce Brosnan,James Bond,Halle Berry,Jinx Johnson,,300,beach/park/ranch/set (beach),,new_spot,no_wp_mention;needs_scene,https://www.wikidata.org/wiki/Q30931#P915 https://www.wikidata.org/wiki/Q107356897
wikidata,Q5659350,Peyresourde - Balestas Airport,42.796764,0.437458,Loudervielle,FR,sports venue; altiport,Q207916,Tomorrow Never Dies,film,1997,tt0120347,61,0,0.0,Pierce Brosnan,James Bond,Teri Hatcher,Paris Carver,,150,building/castle/station (default),,new_spot,no_wp_mention;needs_scene,https://www.wikidata.org/wiki/Q207916#P915 https://www.wikidata.org/wiki/Q5659350
wikidata,Q28662565,Peñón de Bernal,36.834973,-2.716401,Vícar,ES,protected area; promontory; natural monument of Spain; Natural monuments in Andalusia,Q309003,Conan the Barbarian,film,1982,tt0082198,52,0,0.0,Arnold Schwarzenegger,Conan the Barbarian,James Earl Jones,Thulsa Doom,,120,square/bridge/viaduct (monument),,new_spot,no_wp_mention;needs_scene;large_area_centroid,https://www.wikidata.org/wiki/Q309003#P915 https://www.wikidata.org/wiki/Q28662565
wikidata,Q3902158,Piazza Carignano,45.0692,7.68496,Turin,IT,square,Q21980653,The Grand Tour,tv,2016,tt5712554,31,0,0.0,,,,,,120,square/bridge/viaduct (square),wikidata:Q3895972,film_line_on_existing,via_season_or_episode;no_wp_mention;needs_scene;needs_roles,https://www.wikidata.org/wiki/Q21980653#P915 https://www.wikidata.org/wiki/Q3902158
wikidata,Q24075247,Pinewood Atlanta Studios,33.473836,-84.515247,Fayetteville,US,building complex,Q5901134,Ant-Man,film,2015,tt0478970,69,0,0.0,Paul Rudd,Scott Lang,Michael Douglas,Hank Pym,,150,building/castle/station (building),,new_spot,wp_mention;needs_scene;studio_backlot(name),https://www.wikidata.org/wiki/Q5901134#P915 https://www.wikidata.org/wiki/Q24075247
wikidata,Q24075247,Pinewood Atlanta Studios,33.473836,-84.515247,Fayetteville,US,building complex,Q20001199,Guardians of the Galaxy Vol. 2,film,2017,tt3896198,67,0,0.0,Chris Pratt,Peter Quill,Zoe Saldaña,Gamora,,150,building/castle/station (building),,new_spot,wp_mention;needs_scene;studio_backlot(name),https://www.wikidata.org/wiki/Q20001199#P915 https://www.wikidata.org/wiki/Q24075247
wikidata,Q24075247,Pinewood Atlanta Studios,33.473836,-84.515247,Fayetteville,US,building complex,Q18407657,Captain America: Civil War,film,2016,tt3498820,71,0,0.0,Chris Evans,Steve Rogers,Robert Downey Jr.,Tony Stark,,150,building/castle/station (building),,new_spot,no_wp_mention;needs_scene;studio_backlot(name),https://www.wikidata.org/wiki/Q18407657#P915 https://www.wikidata.org/wiki/Q24075247
wikidata,Q24075247,Pinewood Atlanta Studios,33.473836,-84.515247,Fayetteville,US,building complex,Q23010088,Spider-Man: Homecoming,film,2017,tt2250912,75,0,0.0,Tom Holland,Peter Parker,Michael Keaton,Adrian Toomes,,150,building/castle/station (building),,new_spot,no_wp_mention;needs_scene;studio_backlot(name),https://www.wikidata.org/wiki/Q23010088#P915 https://www.wikidata.org/wiki/Q24075247
wikidata,Q24075247,Pinewood Atlanta Studios,33.473836,-84.515247,Fayetteville,US,building complex,Q23780734,Black Panther,film,2018,tt1825683,76,0,0.0,Chadwick Boseman,T'Challa,Michael B. Jordan,Erik Killmonger,,150,building/castle/station (building),,new_spot,wp_mention;needs_scene;studio_backlot(name),https://www.wikidata.org/wiki/Q23780734#P915 https://www.wikidata.org/wiki/Q24075247
wikidata,Q24075247,Pinewood Atlanta Studios,33.473836,-84.515247,Fayetteville,US,building complex,Q23781155,Avengers: Endgame,film,2019,tt4154796,90,0,0.0,Robert Downey Jr.,Tony Stark,Chris Evans,Steve Rogers,,150,building/castle/station (building),,new_spot,wp_mention;needs_scene;studio_backlot(name),https://www.wikidata.org/wiki/Q23781155#P915 https://www.wikidata.org/wiki/Q24075247
wikidata,Q60685961,Pinewood Toronto Stage 4,43.64932,-79.34115,,CA,filming location,Q21296543,Star Trek: Discovery,tv,2017,tt5171438,41,0,0.0,Sonequa Martin-Green,Michael Burnham,Michelle Yeoh,Philippa Georgiou,,150,building/castle/station (default),,new_spot,via_season_or_episode;no_wp_mention;needs_scene;large_cast(101);no_city,https://www.wikidata.org/wiki/Q21296543#P915 https://www.wikidata.org/wiki/Q60685961
wikidata,Q60686103,Pinewood Toronto Stage 8,43.6484,-79.34091,,CA,sound stage,Q21296543,Star Trek: Discovery,tv,2017,tt5171438,41,0,0.0,Sonequa Martin-Green,Michael Burnham,Michelle Yeoh,Philippa Georgiou,,150,building/castle/station (default),,new_spot,via_season_or_episode;no_wp_mention;needs_scene;large_cast(101);studio_backlot(sound stage);no_city,https://www.wikidata.org/wiki/Q21296543#P915 https://www.wikidata.org/wiki/Q60686103
wikidata,Q6078775,Playa de la Caleta,36.72121,-4.40037,Málaga,ES,beach,Q30931,Die Another Day,film,2002,tt0246460,62,0,0.0,Pierce Brosnan,James Bond,Halle Berry,Jinx Johnson,,300,beach/park/ranch/set (beach),,new_spot,no_wp_mention;needs_scene,https://www.wikidata.org/wiki/Q30931#P915 https://www.wikidata.org/wiki/Q6078775
wikidata,Q49544564,Point Fermin Park,33.708333,-118.295556,Los Angeles County,US,park,Q644987,Chinatown,film,1974,tt0071315,61,0,0.0,Jack Nicholson,J. J. Gittes,John Huston,Noah Cross,,300,beach/park/ranch/set (park),,new_spot,no_wp_mention;needs_scene,https://www.wikidata.org/wiki/Q644987#P915 https://www.wikidata.org/wiki/Q49544564
wikidata,Q17373121,Porte d'Aval,49.707,0.194,Étretat,FR,natural arch,Q15624215,Lucy,film,2014,tt2872732,62,0,0.0,Morgan Freeman,Professor Norman,Choi Min-sik,Mr. Jang,,120,square/bridge/viaduct (arch),,new_spot,no_wp_mention;needs_scene,https://www.wikidata.org/wiki/Q15624215#P915 https://www.wikidata.org/wiki/Q17373121
wikidata,Q25393560,Porte des Lilas - Cinéma,48.877222,2.406667,Paris,FR,ghost station,Q484048,Amélie,film,2001,tt0211915,78,0,0.0,Audrey Tautou,Amélie Poulain,,,,150,building/castle/station (station),,new_spot,no_wp_mention;needs_scene;needs_roles,https://www.wikidata.org/wiki/Q484048#P915 https://www.wikidata.org/wiki/Q25393560
wikidata,Q65658837,Portugal Street,51.514818,-0.116486,London,GB,street,Q391101,Agatha Christie's Poirot,tv,1989,tt0094525,43,0,0.0,David Suchet,Hercule Poirot,Hugh Fraser,Arthur Hastings,,60,stairs/street/cafe/shop (street),,new_spot,via_season_or_episode;no_wp_mention;needs_scene,https://www.wikidata.org/wiki/Q391101#P915 https://www.wikidata.org/wiki/Q65658837
wikidata,Q850156,Párizsi udvar,47.4932,19.0548,Budapest,HU,edifice,Q681962,Tinker Tailor Soldier Spy,film,2011,tt1340800,43,0,0.0,Gary Oldman,George Smiley,Colin Firth,Bill Haydon,,150,building/castle/station (default),,new_spot,no_wp_mention;needs_scene;reuses_unstamped_row(wv:budapest-parisi-yard),https://www.wikidata.org/wiki/Q681962#P915 https://www.wikidata.org/wiki/Q850156
wikidata,Q135926192,Q135926192,52.506475,13.28047,Berlin,DE,subway,Q10307713,The Hunger Games: Mockingjay – Part 2,film,2015,tt1951266,46,0,0.0,Jennifer Lawrence,Katniss Everdeen,Josh Hutcherson,Peeta Mellark,,150,building/castle/station (default),,new_spot,no_wp_mention;needs_scene,https://www.wikidata.org/wiki/Q10307713#P915 https://www.wikidata.org/wiki/Q135926192
wikidata,Q135926192,Q135926192,52.506475,13.28047,Berlin,DE,subway,Q18407657,Captain America: Civil War,film,2016,tt3498820,71,0,0.0,Chris Evans,Steve Rogers,Robert Downey Jr.,Tony Stark,,150,building/castle/station (default),,new_spot,no_wp_mention;needs_scene,https://www.wikidata.org/wiki/Q18407657#P915 https://www.wikidata.org/wiki/Q135926192
wikidata,Q135926192,Q135926192,52.506475,13.28047,Berlin,DE,subway,Q156608,The Bourne Supremacy,film,2004,tt0372183,59,0,0.0,Franka Potente,Marie Kreutz,Brian Cox,Ward Abbott,,150,building/castle/station (default),,new_spot,no_wp_mention;needs_scene,https://www.wikidata.org/wiki/Q156608#P915 https://www.wikidata.org/wiki/Q135926192
wikidata,Q137104896,Q137104896,51.462754,-0.135943,,GB,nightclub,Q92590789,The Sandman,tv,2022,tt1751634,35,0,0.0,Tom Sturridge,Dream,Boyd Holbrook,Corinthian,,150,building/castle/station (default),,new_spot,no_wp_mention;needs_scene;cast_skips_unroled(Vivienne Acheampong);no_city,https://www.wikidata.org/wiki/Q92590789#P915 https://www.wikidata.org/wiki/Q137104896
wikidata,Q141575997,Q141575997,45.313534,8.410682,Vercelli,IT,hotel,Q33162,Top Gear,tv,2002,tt1628033,47,0,0.0,,,,,,150,building/castle/station (hotel),,new_spot,via_season_or_episode;no_wp_mention;needs_scene;needs_roles,https://www.wikidata.org/wiki/Q33162#P915 https://www.wikidata.org/wiki/Q141575997
wikidata,Q2970710,Q2970710,47.1614,0.32583,Cravant-les-Côteaux,FR,château,Q64584978,Emily in Paris,tv,2020,tt8962124,41,0,0.0,Lily Collins,Emily Cooper,Lucas Bravo,Gabriel,,150,building/castle/station (default),,new_spot,no_wp_mention;needs_scene;cast_skips_unroled(Ashley Park),https://www.wikidata.org/wiki/Q64584978#P915 https://www.wikidata.org/wiki/Q2970710
wikidata,Q83715730,Q83715730,48.742202,2.615091,Lésigny,FR,château,Q830553,Dangerous Liaisons,film,1988,tt0094947,42,0,0.0,Glenn Close,Marquise de Merteuil,John Malkovich,Vicomte de Valmont,,150,building/castle/station (default),,new_spot,no_wp_mention;needs_scene,https://www.wikidata.org/wiki/Q830553#P915 https://www.wikidata.org/wiki/Q83715730
wikidata,Q24662538,Queen's Buildings,51.483788,-3.16896,Roath,GB,university building,Q34316,Doctor Who,tv,1963,,99,0,0.0,Sylvester McCoy,Seventh Doctor,Samuel Anderson,Danny Pink,,150,building/castle/station (building),,new_spot,via_season_or_episode;no_wp_mention;needs_scene;large_cast(66),https://www.wikidata.org/wiki/Q34316#P915 https://www.wikidata.org/wiki/Q24662538
wikidata,Q44878237,Reseda Theatre,34.201189,-118.535263,Los Angeles,US,vacant building,Q291170,Boogie Nights,film,1997,tt0118749,42,0,0.0,Mark Wahlberg,Eddie Adams / Dirk Diggler,Burt Reynolds,Jack Horner,,150,building/castle/station (building),,new_spot,no_wp_mention;needs_scene,https://www.wikidata.org/wiki/Q291170#P915 https://www.wikidata.org/wiki/Q44878237
wikidata,Q16424328,Reynisfjall,63.425657,-19.030657,Mýrdalshreppur,IS,mountain,Q171711,Star Trek Into Darkness,film,2013,tt1408101,59,0,0.0,Zoe Saldaña,Nyota Uhura,John Cho,Hikaru Sulu,,500,mountain/natural site (mountain),,new_spot,no_wp_mention;needs_scene;large_area_centroid,https://www.wikidata.org/wiki/Q171711#P915 https://www.wikidata.org/wiki/Q16424328
wikidata,Q3451167,Rue de l'Abreuvoir,48.8882,2.33892,Paris,FR,street,Q64584978,Emily in Paris,tv,2020,tt8962124,41,0,0.0,Lily Collins,Emily Cooper,Lucas Bravo,Gabriel,,60,stairs/street/cafe/shop (street),,new_spot,no_wp_mention;needs_scene;cast_skips_unroled(Ashley Park),https://www.wikidata.org/wiki/Q64584978#P915 https://www.wikidata.org/wiki/Q3451167
wikidata,Q138665036,Safari Inn Burbank,34.165783,-118.325208,Burbank,US,motel,Q1127709,True Romance,film,1993,tt0108399,45,0,0.0,Val Kilmer,Elvis Presley,,,,150,building/castle/station (default),,new_spot,no_wp_mention;needs_scene;needs_roles;lead_without_role;cast_skips_unroled(Christian Slater),https://www.wikidata.org/wiki/Q1127709#P915 https://www.wikidata.org/wiki/Q138665036
wikidata,Q111372215,Santa Clarita Studios,34.43218,-118.57646,Santa Clarita,US,film studio,Q62573305,Star Trek: Picard,tv,2020,tt8806524,33,0,0.0,Patrick Stewart,Jean-Luc Picard,Santiago Cabrera,Cristóbal Rios,,300,beach/park/ranch/set (studio),,new_spot,via_season_or_episode;wp_mention;needs_scene;studio_backlot(film studio),https://www.wikidata.org/wiki/Q62573305#P915 https://www.wikidata.org/wiki/Q111372215
wikidata,Q27267395,Seongap-do,37.09444,126.07917,Incheon,KR,island,Q106582931,Squid Game,tv,2021,tt10919420,110,0,0.0,,,,,,500,mountain/natural site (island),,new_spot,no_wp_mention;needs_scene;needs_roles;lead_without_role;large_area_centroid,https://www.wikidata.org/wiki/Q106582931#P915 https://www.wikidata.org/wiki/Q27267395
wikidata,Q16096047,Seonghui Girls' High School,36.551578,128.729142,Andong,KR,girls' high school,Q96414952,All of Us Are Dead,tv,2022,tt14169960,43,0,0.0,Yoon Chan-yeong,이청산,Park Ji-hu,남온조,,150,building/castle/station (school),,new_spot,no_wp_mention;needs_scene,https://www.wikidata.org/wiki/Q96414952#P915 https://www.wikidata.org/wiki/Q16096047
wikidata,Q10276148,Shubra El-Kheima,30.1224,31.2446,,EG,metro station; station located on surface,Q160060,The King's Speech,film,2010,tt1504320,78,0,0.0,Colin Firth,George VI,Geoffrey Rush,Lionel Logue,,150,building/castle/station (station),,new_spot,no_wp_mention;needs_scene;no_city,https://www.wikidata.org/wiki/Q160060#P915 https://www.wikidata.org/wiki/Q10276148
wikidata,Q84155695,Skyrose Chapel,34.01084,-118.02173,,US,chapel,Q213081,Star Trek,film,2009,tt0796366,61,0,0.0,Zachary Quinto,Spock,Chris Pine,James T. Kirk,,150,building/castle/station (default),,new_spot,no_wp_mention;needs_scene;no_city,https://www.wikidata.org/wiki/Q213081#P915 https://www.wikidata.org/wiki/Q84155695
wikidata,Q1000951,Snoqualmie,47.529906,-121.826639,King County,US,city in the United States,Q2085,Twin Peaks,tv,1990,tt0098936,61,0,0.0,Kyle MacLachlan,Dale Cooper,Michael Ontkean,Harry S. Truman,,150,building/castle/station (default),,new_spot,coord_from_qualifier;needs_spot_name;city_level_suspect;wp_mention;needs_scene;large_cast(125),https://www.wikidata.org/wiki/Q2085#P915 https://www.wikidata.org/wiki/Q1000951 https://en.wikipedia.org/wiki/Snoqualmie%2C_Washington
wikidata,Q2551906,Sony Pictures Plaza,34.02058,-118.3977,Culver City,US,building,Q62573305,Star Trek: Picard,tv,2020,tt8806524,33,0,0.0,Patrick Stewart,Jean-Luc Picard,Santiago Cabrera,Cristóbal Rios,,150,building/castle/station (building),,new_spot,via_season_or_episode;no_wp_mention;needs_scene,https://www.wikidata.org/wiki/Q62573305#P915 https://www.wikidata.org/wiki/Q2551906
wikidata,Q60686172,Sony Stage 15,34.01706,-118.40224,,US,sound stage,Q171711,Star Trek Into Darkness,film,2013,tt1408101,59,0,0.0,Zoe Saldaña,Nyota Uhura,John Cho,Hikaru Sulu,,150,building/castle/station (default),,new_spot,no_wp_mention;needs_scene;studio_backlot(sound stage);no_city;possible_dup:near_stamp_distinct_item(Sony Pictures Studio Tour|55m),https://www.wikidata.org/wiki/Q171711#P915 https://www.wikidata.org/wiki/Q60686172
wikidata,Q125588487,Southgate Shopping Center,28.013607,-81.958249,Lakeland,US,shopping center,Q217182,Edward Scissorhands,film,1990,tt0099487,58,0,0.0,Johnny Depp,Edward,Winona Ryder,Kim Boggs,,60,stairs/street/cafe/shop (shop),,new_spot,wp_mention;needs_scene,https://www.wikidata.org/wiki/Q217182#P915 https://www.wikidata.org/wiki/Q125588487
wikidata,Q24074528,SpaceX Headquarters,33.920952,-118.326856,Hawthorne,US,building,Q205028,Iron Man 2,film,2010,tt1228705,74,0,0.0,Robert Downey Jr.,Tony Stark,Gwyneth Paltrow,Pepper Potts,,150,building/castle/station (building),wikidata:Q193701,film_line_on_existing,no_wp_mention;needs_scene,https://www.wikidata.org/wiki/Q205028#P915 https://www.wikidata.org/wiki/Q24074528
wikidata,Q84240533,Spruce Goose Hangar,33.97754,-118.40836,Los Angeles,US,hangar,Q24871,Avatar,film,2009,tt0499549,122,0,0.0,Sam Worthington,Jake Sully,Zoe Saldaña,Neytiri,,150,building/castle/station (default),,new_spot,no_wp_mention;needs_scene,https://www.wikidata.org/wiki/Q24871#P915 https://www.wikidata.org/wiki/Q84240533
wikidata,Q84240533,Spruce Goose Hangar,33.97754,-118.40836,Los Angeles,US,hangar,Q849656,End of Days,film,1999,tt0146675,40,0,0.0,Gabriel Byrne,Satan,,,,150,building/castle/station (default),,new_spot,no_wp_mention;needs_scene;needs_roles;lead_without_role;cast_skips_unroled(Arnold Schwarzenegger),https://www.wikidata.org/wiki/Q849656#P915 https://www.wikidata.org/wiki/Q84240533
wikidata,Q84240533,Spruce Goose Hangar,33.97754,-118.40836,Los Angeles,US,hangar,Q171453,Transformers,film,2007,tt0418279,68,0,0.0,Shia LaBeouf,Sam Witwicky,Tyrese Gibson,Robert Epps,,150,building/castle/station (default),,new_spot,no_wp_mention;needs_scene,https://www.wikidata.org/wiki/Q171453#P915 https://www.wikidata.org/wiki/Q84240533
wikidata,Q84240533,Spruce Goose Hangar,33.97754,-118.40836,Los Angeles,US,hangar,Q171711,Star Trek Into Darkness,film,2013,tt1408101,59,0,0.0,Zoe Saldaña,Nyota Uhura,John Cho,Hikaru Sulu,,150,building/castle/station (default),,new_spot,no_wp_mention;needs_scene,https://www.wikidata.org/wiki/Q171711#P915 https://www.wikidata.org/wiki/Q84240533
wikidata,Q84240533,Spruce Goose Hangar,33.97754,-118.40836,Los Angeles,US,hangar,Q105387,Independence Day,film,1996,tt0116629,71,0,0.0,Will Smith,Steven Hiller,Jeff Goldblum,David Levinson,,150,building/castle/station (default),,new_spot,no_wp_mention;needs_scene,https://www.wikidata.org/wiki/Q105387#P915 https://www.wikidata.org/wiki/Q84240533
wikidata,Q84240533,Spruce Goose Hangar,33.97754,-118.40836,Los Angeles,US,hangar,Q44578,Titanic,film,1997,tt0120338,137,0,0.0,Leonardo DiCaprio,Jack Dawson,Kate Winslet,Rose DeWitt Bukater,,150,building/castle/station (default),,new_spot,no_wp_mention;needs_scene,https://www.wikidata.org/wiki/Q44578#P915 https://www.wikidata.org/wiki/Q84240533
wikidata,Q106620558,St Mary's Street,51.811194,-2.713,Monmouth,GB,street,Q34316,Doctor Who,tv,1963,,99,0,0.0,Sylvester McCoy,Seventh Doctor,Samuel Anderson,Danny Pink,,60,stairs/street/cafe/shop (street),,new_spot,via_season_or_episode;no_wp_mention;needs_scene;large_cast(66),https://www.wikidata.org/wiki/Q34316#P915 https://www.wikidata.org/wiki/Q106620558
wikidata,Q41514785,Staircase of the Queen,48.80439,2.12083,Versailles,FR,stairs,Q829695,Marie Antoinette,film,2006,tt0422720,41,0,0.0,Kirsten Dunst,Marie Antoinette,Jason Schwartzman,Louis XVI of France,,60,stairs/street/cafe/shop (stair),,new_spot,no_wp_mention;needs_scene;possible_dup:near_stamp_distinct_item(Palace of Versailles|54m);possible_dup:near_stamp_distinct_item(Hall of Mirrors|59m),https://www.wikidata.org/wiki/Q829695#P915 https://www.wikidata.org/wiki/Q41514785
wikidata,Q12056409,Sterneggovský palác,50.0867,14.4056,Prague,CZ,palace,Q1141186,Kolya,film,1996,tt0116790,41,0,0.0,Zdeněk Svěrák,František Louka,Libuše Šafránková,Klára,,150,building/castle/station (palace),,new_spot,no_wp_mention;needs_scene,https://www.wikidata.org/wiki/Q1141186#P915 https://www.wikidata.org/wiki/Q12056409
wikidata,Q17529448,Stourhead House,51.108,-2.31914,Stourton with Gasper,GB,country house,Q471716,Barry Lyndon,film,1975,tt0072684,60,0,0.0,Hardy Krüger,Captain Potzdorf,Ryan O'Neal,Redmond Barry,,150,building/castle/station (house),,new_spot,no_wp_mention;needs_scene;not_a_spot(country);possible_dup:near_stamp(wikidata:Q301338|230m),https://www.wikidata.org/wiki/Q471716#P915 https://www.wikidata.org/wiki/Q17529448
wikidata,Q12056498,Strahov Library,50.085878,14.389242,Prague,CZ,monastic library,Q151904,Casino Royale,film,2006,tt0381061,71,0,0.0,Daniel Craig,James Bond,Mads Mikkelsen,Le Chiffre,,150,building/castle/station (library),wikidata:Q969482,film_line_on_existing,no_wp_mention;needs_scene,https://www.wikidata.org/wiki/Q151904#P915 https://www.wikidata.org/wiki/Q12056498
wikidata,Q18736638,Studios de Bry-sur-Marne,48.834167,2.531667,Bry-sur-Marne,FR,motion picture studio,Q829695,Marie Antoinette,film,2006,tt0422720,41,0,0.0,Kirsten Dunst,Marie Antoinette,Jason Schwartzman,Louis XVI of France,,300,beach/park/ranch/set (studio),,new_spot,no_wp_mention;needs_scene;studio_backlot(name),https://www.wikidata.org/wiki/Q829695#P915 https://www.wikidata.org/wiki/Q18736638
wikidata,Q83612528,Sunstone Winery & Villa,34.58693,-120.10313,,US,villa; winery,Q62573305,Star Trek: Picard,tv,2020,tt8806524,33,0,0.0,Patrick Stewart,Jean-Luc Picard,Santiago Cabrera,Cristóbal Rios,,150,building/castle/station (default),,new_spot,via_season_or_episode;no_wp_mention;needs_scene;no_city,https://www.wikidata.org/wiki/Q62573305#P915 https://www.wikidata.org/wiki/Q83612528
wikidata,Q44927724,Surrey City Hall,49.191297,-122.849242,Surrey,CA,building,Q13098946,The 100,tv,2014,tt2661044,51,0,0.0,Eliza Taylor,Clarke Griffin,Paige Turco,Abigail Griffin,,150,building/castle/station (building),,new_spot,no_wp_mention;needs_scene,https://www.wikidata.org/wiki/Q13098946#P915 https://www.wikidata.org/wiki/Q44927724
wikidata,Q1394271,Tangalooma,-27.176694,153.376,Queensland,AU,seaside resort,Q936302,Scooby-Doo,film,2002,tt0267913,42,0,0.0,Sarah Michelle Gellar,Daphne Blake,Freddie Prinze Jr.,Fred Jones,,300,beach/park/ranch/set (resort),,new_spot,coord_from_qualifier;needs_spot_name;city_level_suspect;wp_mention;needs_scene,https://www.wikidata.org/wiki/Q936302#P915 https://www.wikidata.org/wiki/Q1394271 https://en.wikipedia.org/wiki/Tangalooma%2C_Queensland
wikidata,Q42420453,Teatro Principe,45.45065,9.19382,Milan,IT,theatre building; art gallery,Q427186,Rocco and His Brothers,film,1960,tt0054248,43,0,0.0,,,,,,150,building/castle/station (building),,new_spot,no_wp_mention;needs_scene;needs_roles;lead_without_role,https://www.wikidata.org/wiki/Q427186#P915 https://www.wikidata.org/wiki/Q42420453
wikidata,Q17549614,The George Hotel,51.6439,-1.16575,Dorchester,GB,hotel; pub,Q391101,Agatha Christie's Poirot,tv,1989,tt0094525,43,0,0.0,David Suchet,Hercule Poirot,Hugh Fraser,Arthur Hastings,,60,stairs/street/cafe/shop (pub),,new_spot,via_season_or_episode;no_wp_mention;needs_scene,https://www.wikidata.org/wiki/Q391101#P915 https://www.wikidata.org/wiki/Q17549614
wikidata,Q124407367,Tomnadashan Mine,56.5145,-4.1286,Perth and Kinross,GB,mine,Q25043,Monty Python and the Holy Grail,film,1975,tt0071853,56,0,0.0,Graham Chapman,King Arthur,John Cleese,Lancelot / Black Knight,,150,building/castle/station (default),,new_spot,no_wp_mention;needs_scene,https://www.wikidata.org/wiki/Q25043#P915 https://www.wikidata.org/wiki/Q124407367
wikidata,Q122221556,Trefil Quarries North,51.818276,-3.282145,Blaenau Gwent,GB,quarry,Q226773,Wrath of the Titans,film,2012,tt1646987,44,0,0.0,Sam Worthington,Perseus,Liam Neeson,Zeus,,150,building/castle/station (default),,new_spot,no_wp_mention;needs_scene,https://www.wikidata.org/wiki/Q226773#P915 https://www.wikidata.org/wiki/Q122221556
wikidata,Q122221556,Trefil Quarries North,51.818276,-3.282145,Blaenau Gwent,GB,quarry,Q24251026,Transformers: The Last Knight,film,2017,tt3371366,50,0,0.0,Stanley Tucci,Merlin,Liam Garrigan,King Arthur,,150,building/castle/station (default),,new_spot,no_wp_mention;needs_scene;lead_without_role;cast_skips_unroled(Mark Wahlberg),https://www.wikidata.org/wiki/Q24251026#P915 https://www.wikidata.org/wiki/Q122221556
wikidata,Q104470664,Trinity Church of Wilmette,42.07914,-87.70421,Wilmette,US,church building,Q105031,Home Alone,film,1990,tt0099785,82,0,0.0,Macaulay Culkin,Kevin McCallister,Joe Pesci,Harry,,150,building/castle/station (building),,new_spot,no_wp_mention;needs_scene,https://www.wikidata.org/wiki/Q105031#P915 https://www.wikidata.org/wiki/Q104470664
wikidata,Q1510339,Tukwila,47.487513,-122.296079,King County,US,city in the United States,Q2085,Twin Peaks,tv,1990,tt0098936,61,0,0.0,Kyle MacLachlan,Dale Cooper,Michael Ontkean,Harry S. Truman,,150,building/castle/station (default),,new_spot,coord_from_qualifier;needs_spot_name;city_level_suspect;no_wp_mention;needs_scene;large_cast(125),https://www.wikidata.org/wiki/Q2085#P915 https://www.wikidata.org/wiki/Q1510339 https://en.wikipedia.org/wiki/Tukwila%2C_Washington
wikidata,Q10719191,Valdštejnská zahrada,50.09,14.4075,Prague,CZ,park,Q190956,Amadeus,film,1984,tt0086879,72,0,0.0,Tom Hulce,Wolfgang Amadeus Mozart,Elizabeth Berridge,Constanze Mozart,,300,beach/park/ranch/set (park),,new_spot,no_wp_mention;needs_scene;possible_dup:near_stamp_distinct_item(Wallenstein Palace|132m),https://www.wikidata.org/wiki/Q190956#P915 https://www.wikidata.org/wiki/Q10719191
wikidata,Q17548819,Vann,51.1288,-0.59702,Hambledon,GB,garden; English country house,Q391101,Agatha Christie's Poirot,tv,1989,tt0094525,43,0,0.0,David Suchet,Hercule Poirot,Hugh Fraser,Arthur Hastings,,300,beach/park/ranch/set (garden),,new_spot,via_season_or_episode;no_wp_mention;needs_scene,https://www.wikidata.org/wiki/Q391101#P915 https://www.wikidata.org/wiki/Q17548819
wikidata,Q133684996,Vehbi Koç Büyükdere House,41.165245,29.052755,Sarıyer,TR,yalı; museum building,Q794784,Aşk-ı Memnu,tv,2008,tt1286677,33,0,0.0,,,,,,150,building/castle/station (building),,new_spot,no_wp_mention;needs_scene;needs_roles;lead_without_role,https://www.wikidata.org/wiki/Q794784#P915 https://www.wikidata.org/wiki/Q133684996
wikidata,Q42413938,Viale Bligny,45.450889,9.191566,Milan,IT,street,Q18407,La Dolce Vita,film,1960,tt0053779,61,0,0.0,,,,,,60,stairs/street/cafe/shop (street),,new_spot,no_wp_mention;needs_scene;needs_roles;lead_without_role,https://www.wikidata.org/wiki/Q18407#P915 https://www.wikidata.org/wiki/Q42413938
wikidata,Q42413938,Viale Bligny,45.450889,9.191566,Milan,IT,street,Q427186,Rocco and His Brothers,film,1960,tt0054248,43,0,0.0,,,,,,60,stairs/street/cafe/shop (street),,new_spot,no_wp_mention;needs_scene;needs_roles;lead_without_role,https://www.wikidata.org/wiki/Q427186#P915 https://www.wikidata.org/wiki/Q42413938
wikidata,Q112172904,Villa Riesenfeld,45.122045,10.892553,Roncoferraro,IT,villa; architectural ensemble,Q657977,"Salò, or the 120 Days of Sodom",film,1975,tt0073650,42,0,0.0,Paolo Bonacelli,The Duke,,,,120,square/bridge/viaduct (arch),,new_spot,no_wp_mention;needs_scene;needs_roles,https://www.wikidata.org/wiki/Q657977#P915 https://www.wikidata.org/wiki/Q112172904
wikidata,Q1862280,Villefranche-sur-Mer railway station,43.706955,7.314281,Villefranche-sur-Mer,FR,railway station,Q64584978,Emily in Paris,tv,2020,tt8962124,41,0,0.0,Lily Collins,Emily Cooper,Lucas Bravo,Gabriel,,150,building/castle/station (station),,new_spot,no_wp_mention;needs_scene;cast_skips_unroled(Ashley Park),https://www.wikidata.org/wiki/Q64584978#P915 https://www.wikidata.org/wiki/Q1862280
wikidata,Q24677890,Weymouth Port,50.60922,-2.44653,Weymouth,GB,port,Q21935651,Dunkirk,film,2017,tt5013056,64,0,0.0,Kenneth Branagh,Commander Bolton,Aneurin Barnard,Gibson,,150,building/castle/station (default),,new_spot,no_wp_mention;needs_scene;cast_skips_unroled(Olivia Wilde),https://www.wikidata.org/wiki/Q21935651#P915 https://www.wikidata.org/wiki/Q24677890
wikidata,Q104657817,Working Street,51.48065,-3.177535,Castle,GB,street,Q34316,Doctor Who,tv,1963,,99,0,0.0,Sylvester McCoy,Seventh Doctor,Samuel Anderson,Danny Pink,,60,stairs/street/cafe/shop (street),,new_spot,via_season_or_episode;no_wp_mention;needs_scene;large_cast(66);possible_dup:near_stamp_distinct_item(St. David's Hall|71m),https://www.wikidata.org/wiki/Q34316#P915 https://www.wikidata.org/wiki/Q104657817
wikidata,Q4539736,Yakhroma,56.286667,37.502222,Yakhroma,RU,railway station,Q85808226,The Queen's Gambit,tv,2020,tt10048342,48,0,0.0,Anya Taylor-Joy,Beth Harmon,,,,150,building/castle/station (station),,new_spot,no_wp_mention;needs_scene;needs_roles,https://www.wikidata.org/wiki/Q85808226#P915 https://www.wikidata.org/wiki/Q4539736
wikidata,Q17417798,Yongle Fabric Market,25.055,121.5105,Taipei,TW,building,Q15624215,Lucy,film,2014,tt2872732,62,0,0.0,Morgan Freeman,Professor Norman,Choi Min-sik,Mr. Jang,,150,building/castle/station (building),,new_spot,no_wp_mention;needs_scene,https://www.wikidata.org/wiki/Q15624215#P915 https://www.wikidata.org/wiki/Q17417798
wikidata,Q2873947,avenue de Saxe,48.847819,2.310487,Paris,FR,avenue,Q29261993,Mission: Impossible – Fallout,film,2018,tt4912910,55,0,0.0,Rebecca Ferguson,Ilsa Faust,Henry Cavill,August Walker,,150,building/castle/station (default),,new_spot,no_wp_mention;needs_scene,https://www.wikidata.org/wiki/Q29261993#P915 https://www.wikidata.org/wiki/Q2873947
wikidata,Q3162586,jardin du Palais-Royal,48.865,2.33775,Paris,FR,urban park,Q29261993,Mission: Impossible – Fallout,film,2018,tt4912910,55,0,0.0,Rebecca Ferguson,Ilsa Faust,Henry Cavill,August Walker,,300,beach/park/ranch/set (park),,new_spot,no_wp_mention;needs_scene;possible_dup:near_stamp(curated:france-paris-palais-royal|194m),https://www.wikidata.org/wiki/Q29261993#P915 https://www.wikidata.org/wiki/Q3162586
wikidata,Q3162586,jardin du Palais-Royal,48.865,2.33775,Paris,FR,urban park,Q64584978,Emily in Paris,tv,2020,tt8962124,41,0,0.0,Lily Collins,Emily Cooper,Lucas Bravo,Gabriel,,300,beach/park/ranch/set (park),,new_spot,no_wp_mention;needs_scene;cast_skips_unroled(Ashley Park);possible_dup:near_stamp(curated:france-paris-palais-royal|194m),https://www.wikidata.org/wiki/Q64584978#P915 https://www.wikidata.org/wiki/Q3162586
wikidata,Q43755714,main building of National Museum in Prague,50.078831,14.430797,New Town,CZ,museum building,Q1741232,Mission: Impossible,film,1996,tt0117060,56,0,0.0,Tom Cruise,Ethan Hunt,Jon Voight,Jim Phelps,,150,building/castle/station (building),,new_spot,no_wp_mention;needs_scene;possible_dup:near_stamp(wikidata:Q188112|167m),https://www.wikidata.org/wiki/Q1741232#P915 https://www.wikidata.org/wiki/Q43755714
wikidata,Q3390210,place d'Iéna,48.8647,2.29389,Paris,FR,square,Q996020,Fantômas,film,1964,tt0058089,41,0,0.0,Mylène Demongeot,Hélène,,,,120,square/bridge/viaduct (square),,new_spot,no_wp_mention;needs_scene;needs_roles;lead_without_role;cast_skips_unroled(Jean Marais);possible_dup:near_stamp_distinct_item(Guimet Museum|64m),https://www.wikidata.org/wiki/Q996020#P915 https://www.wikidata.org/wiki/Q3390210
wikidata,Q3390268,place de Valois,48.8632,2.33812,Paris,FR,square,Q64584978,Emily in Paris,tv,2020,tt8962124,41,0,0.0,Lily Collins,Emily Cooper,Lucas Bravo,Gabriel,,120,square/bridge/viaduct (square),,new_spot,no_wp_mention;needs_scene;cast_skips_unroled(Ashley Park);possible_dup:near_stamp_distinct_item(Palais-Royal|87m);possible_dup:near_stamp_distinct_item(Le Palais Royal|87m);possible_dup:near_stamp(wikidata:Q1362670|365m);inside_stamp_footprint(wikidata:Q691375|344m),https://www.wikidata.org/wiki/Q64584978#P915 https://www.wikidata.org/wiki/Q3390268
wikidata,Q659373,quai de Conti,48.857102,2.338155,Paris,FR,riverfront,Q29261993,Mission: Impossible – Fallout,film,2018,tt4912910,55,0,0.0,Rebecca Ferguson,Ilsa Faust,Henry Cavill,August Walker,,500,mountain/natural site (river),,new_spot,no_wp_mention;needs_scene;possible_dup:near_stamp_distinct_item(Monnaie de Paris|82m),https://www.wikidata.org/wiki/Q29261993#P915 https://www.wikidata.org/wiki/Q659373
wikidata,Q3446874,rue Albert-de-Lapparent,48.8483,2.30815,Paris,FR,street,Q29261993,Mission: Impossible – Fallout,film,2018,tt4912910,55,0,0.0,Rebecca Ferguson,Ilsa Faust,Henry Cavill,August Walker,,60,stairs/street/cafe/shop (street),,new_spot,no_wp_mention;needs_scene,https://www.wikidata.org/wiki/Q29261993#P915 https://www.wikidata.org/wiki/Q3446874
wikidata,Q3447304,rue Campagne-Première,48.8399,2.33281,Paris,FR,street,Q86427,Breathless,film,1960,tt0053472,53,0,0.0,Jean-Paul Belmondo,Michel Poiccard alias Laszlo Kovacs,,,,60,stairs/street/cafe/shop (street),,new_spot,wp_mention;needs_scene;needs_roles,https://www.wikidata.org/wiki/Q86427#P915 https://www.wikidata.org/wiki/Q3447304
wikidata,Q3447977,rue François-Miron,48.8558,2.35639,Paris,FR,street,Q29261993,Mission: Impossible – Fallout,film,2018,tt4912910,55,0,0.0,Rebecca Ferguson,Ilsa Faust,Henry Cavill,August Walker,,60,stairs/street/cafe/shop (street),,new_spot,no_wp_mention;needs_scene;possible_dup:near_stamp_distinct_item(Mémorial de la Shoah|107m),https://www.wikidata.org/wiki/Q29261993#P915 https://www.wikidata.org/wiki/Q3447977
wikidata,Q3451180,rue Marietta-Alboni,48.858,2.2853,Paris,FR,street,Q570567,Last Tango in Paris,film,1972,tt0070849,57,0,0.0,,,,,,60,stairs/street/cafe/shop (street),,new_spot,no_wp_mention;needs_scene;needs_roles;lead_without_role,https://www.wikidata.org/wiki/Q570567#P915 https://www.wikidata.org/wiki/Q3451180
wikidata,Q3451821,rue des Fossés-Saint-Jacques,48.8456,2.34433,Paris,FR,street,Q64584978,Emily in Paris,tv,2020,tt8962124,41,0,0.0,Lily Collins,Emily Cooper,Lucas Bravo,Gabriel,,60,stairs/street/cafe/shop (street),,new_spot,no_wp_mention;needs_scene;cast_skips_unroled(Ashley Park);possible_dup:near_stamp_distinct_item(Panthéon|123m),https://www.wikidata.org/wiki/Q64584978#P915 https://www.wikidata.org/wiki/Q3451821
wikidata,Q3494657,square Jean-XXIII,48.8525,2.35139,Paris,FR,urban park,Q206124,Midnight in Paris,film,2011,tt1605783,64,0,0.0,Owen Wilson,Gil Pender,Rachel McAdams,Inez,,300,beach/park/ranch/set (park),,new_spot,no_wp_mention;needs_scene;possible_dup:near_stamp_distinct_item(Notre-Dame Cathedral|128m),https://www.wikidata.org/wiki/Q206124#P915 https://www.wikidata.org/wiki/Q3494657
