spot_article,work_article,status,source_url,evidence_sentence
Ko Phi Phi Le,The Beach (film),verified,https://en.wikipedia.org/wiki/Ko_Phi_Phi_Le,Ko Phi Phi Le is home of the famous Maya Bay Beach which was used in 2000 the film The Beach.
Ko Phi Phi Le,The Beach (film),verified,https://en.wikipedia.org/wiki/Ko_Phi_Phi_Le,"Controversy arose regarding the 1999 production of the film The Beach, released February 2000, due to 20th Century Fox bulldozing and landscaping the natural beach setting of Ko Phi Phi Le to make it more ""paradise-like""."
Khao Phing Kan,The Man with the Golden Gun (film),verified,https://en.wikipedia.org/wiki/Khao_Phing_Kan,"Since 1974, when they were featured in the James Bond movie The Man with the Golden Gun, Khao Phing Kan and Ko Ta Pu – both separately and collectively – have been popularly called James Bond Island."
Khao Phing Kan,The Man with the Golden Gun (film),verified,https://en.wikipedia.org/wiki/Khao_Phing_Kan,"After appearing in the 1974 James Bond movie The Man with the Golden Gun, Khao Phing Kan and sometimes Ko Ta Pu became widely referred to as James Bond Island, especially in tourist guides, and their original names are rarely used by locals."
Khao Phing Kan,The Man with the Golden Gun (film),verified,https://en.wikipedia.org/wiki/Khao_Phing_Kan,"Its international recognition escalated following its selection as a filming location for the 1974 James Bond film, The Man with the Golden Gun."
Khao Phing Kan,The Man with the Golden Gun (film),verified,https://en.wikipedia.org/wiki/Khao_Phing_Kan,"Ko Ta Pu gained prominence in popular culture through its depiction in the James Bond film, The Man with the Golden Gun, where it was described as a 'mushroom-shaped rock' housing solar panels by Francisco Scaramanga."
Khao Phing Kan,The Man with the Golden Gun (film),verified,https://en.wikipedia.org/wiki/The_Man_with_the_Golden_Gun_%28film%29,"Thai locations included Bangkok, Thonburi, Phuket and nearby Phang Nga Province, on the islands of Ko Khao Phing Kan (Thai: เกาะเขาพิงกัน) and Ko Tapu (Thai: เกาะตะปู)."
Khao Phing Kan,The Man with the Golden Gun (film),verified,https://en.wikipedia.org/wiki/The_Man_with_the_Golden_Gun_%28film%29,"Scaramanga's hideout is on Ko Khao Phing Kan, and Ko Tapu is often now referred to as ""James Bond Island"" both by locals and in tourist guidebooks."
Ta Prohm,Lara Croft: Tomb Raider,verified,https://en.wikipedia.org/wiki/Ta_Prohm,"The temple is referred to as the ""Tomb Raider Temple"" or the ""Angelina Jolie Temple"" due to its depiction in the film Lara Croft: Tomb Raider (2001)."
Ta Prohm,Lara Croft: Tomb Raider,verified,https://en.wikipedia.org/wiki/Ta_Prohm,Ta Prohm was used as a location in the film Lara Croft: Tomb Raider (2001).
Ta Prohm,Lara Croft: Tomb Raider,verified,https://en.wikipedia.org/wiki/Lara_Croft%3A_Tomb_Raider,"Portions of the film were shot on location at the Ta Prohm temple, located in Angkor, Siem Reap Province, Cambodia."
Angkor Wat,In the Mood for Love,verified,https://en.wikipedia.org/wiki/In_the_Mood_for_Love,"In its final sequences, the film also incorporates footage of Angkor Wat, Cambodia, where Leung's character is working as a journalist."
Angkor Wat,In the Mood for Love,verified,https://en.wikipedia.org/wiki/In_the_Mood_for_Love,"During the Vietnam War, Chow travels to Cambodia and visits Angkor Wat."
Angkor Wat,In the Mood for Love,verified,https://en.wikipedia.org/wiki/In_the_Mood_for_Love,"Michael Galasso: ""Angkor Wat Theme"", ""ITMFL"", ""Casanova/Flute"""
Hạ Long Bay,Kong: Skull Island,verified,https://en.wikipedia.org/wiki/Kong%3A_Skull_Island,"Filming took place in the northern portion of Vietnam, including Tràng An, Vân Long and Tam Cốc (Ninh Bình Province), Hạ Long Bay (Quảng Ninh Province), and the entrance of Tú Làn Caves System (Tân Hoá, Trung Hoá Village, Minh Hoá District Quảng Bình Province) with the help of The Creatv Company in Vietnam and Nicholas Simon as line producer."
Hạ Long Bay,Indochine (film),verified,https://en.wikipedia.org/wiki/Indochine_%28film%29,"The film was shot mainly in Imperial City, Hue, Ha Long (Ha Long Bay) and Ninh Binh (Phát Diệm Cathedral) in Vietnam."
Tràng An,Kong: Skull Island,verified,https://en.wikipedia.org/wiki/Kong%3A_Skull_Island,"Filming took place in the northern portion of Vietnam, including Tràng An, Vân Long and Tam Cốc (Ninh Bình Province), Hạ Long Bay (Quảng Ninh Province), and the entrance of Tú Làn Caves System (Tân Hoá, Trung Hoá Village, Minh Hoá District Quảng Bình Province) with the help of The Creatv Company in Vietnam and Nicholas Simon as line producer."
Tú Làn Caves System,Kong: Skull Island,verified,https://en.wikipedia.org/wiki/Kong%3A_Skull_Island,"Filming took place in the northern portion of Vietnam, including Tràng An, Vân Long and Tam Cốc (Ninh Bình Province), Hạ Long Bay (Quảng Ninh Province), and the entrance of Tú Làn Caves System (Tân Hoá, Trung Hoá Village, Minh Hoá District Quảng Bình Province) with the help of The Creatv Company in Vietnam and Nicholas Simon as line producer."
Padang Padang Beach,Eat Pray Love,verified,https://en.wikipedia.org/wiki/Padang_Padang_Beach,"Padang Padang gained international fame as one of the filming locations for the 2010 movie Eat Pray Love, starring Julia Roberts."
Petronas Towers,Entrapment (film),verified,https://en.wikipedia.org/wiki/Entrapment_%28film%29,"Filming locations for the film include Blenheim Palace, Savoy Hotel London, Lloyd's of London, Borough Market, London, Duart Castle on the Isle of Mull in Scotland, the Petronas Towers in Kuala Lumpur (with other filming completed at Pinewood Studios) and the Bukit Jalil LRT station."
Petronas Towers,Entrapment (film),verified,https://en.wikipedia.org/wiki/Entrapment_%28film%29,Mahathir took issue with the film splicing images of the Petronas Twin Towers with slums from Malacca.
Petronas Towers,Entrapment (film),verified,https://en.wikipedia.org/wiki/Entrapment_%28film%29,"In Kuala Lumpur, Gin reveals her plan to infiltrate the Malaysian branch of the International Clearance Bank (ICB) housed in the Petronas Towers."
Petronas Towers,Entrapment (film),verified,https://en.wikipedia.org/wiki/Entrapment_%28film%29,"As the Millennium celebrations commence on New Year's Eve, Cruz oversees increased security forces in the Petronas Towers."
Marina Bay Sands,Crazy Rich Asians (film),verified,https://en.wikipedia.org/wiki/Marina_Bay_Sands,"It was also featured in the 2018 film Crazy Rich Asians, both in scenic B-roll of Singapore, as well as a setting towards the end of the film."
Marina Bay Sands,Crazy Rich Asians (film),verified,https://en.wikipedia.org/wiki/Crazy_Rich_Asians,The film's closing scenes are set at the Marina Bay Sands.
Marina Bay Sands,Crazy Rich Asians (film),verified,https://en.wikipedia.org/wiki/Crazy_Rich_Asians,"Tourism to Singapore increased following the release of Crazy Rich Asians, attributed in part to the numerous attractions showcased in the film, such as the Marina Bay Sands and Raffles Hotel."
Marina Bay Sands,Crazy Rich Asians (film),verified,https://en.wikipedia.org/wiki/Marina_Bay_Sands,"list entry: It was also featured in the 2018 film Crazy Rich Asians, both in scenic B-roll of Singapore, as well as a setting towards the end of the film."
Gardens by the Bay,Crazy Rich Asians (film),verified,https://en.wikipedia.org/wiki/Gardens_by_the_Bay,The Supertree Grove in the park was featured in the 2018 film Crazy Rich Asians.
Gardens by the Bay,Crazy Rich Asians (film),verified,https://en.wikipedia.org/wiki/Crazy_Rich_Asians,"After the wedding, the reception is held in the Supertree Grove at Gardens by the Bay."
Gardens by the Bay,Crazy Rich Asians (film),verified,https://en.wikipedia.org/wiki/Gardens_by_the_Bay,list entry: The Supertree Grove in the park was featured in the 2018 film Crazy Rich Asians.
Newton Food Centre,Crazy Rich Asians (film),verified,https://en.wikipedia.org/wiki/Newton_Food_Centre,Newton Food Centre was shown in the 2018 film Crazy Rich Asians.
Newton Food Centre,Crazy Rich Asians (film),verified,https://en.wikipedia.org/wiki/Crazy_Rich_Asians,The scenes where Rachel and Nick arrive at Changi Airport and are then whisked away to Newton Food Centre by Colin and Araminta were shot on location.
Newton Food Centre,Crazy Rich Asians (film),verified,https://en.wikipedia.org/wiki/Crazy_Rich_Asians,"He also criticized certain decisions regarding representation, such as how the scene at the Newton Food Centre lacked accurate cultural diversity, and that the roles for the limited number of non-Chinese Singaporeans, such as guards and valets, was tokenism."
Raffles Hotel,Crazy Rich Asians (film),verified,https://en.wikipedia.org/wiki/Raffles_Hotel,"In the 2018 film Crazy Rich Asians, the main characters stay in Raffles Hotel when they arrive in Singapore."
Raffles Hotel,Crazy Rich Asians (film),verified,https://en.wikipedia.org/wiki/Crazy_Rich_Asians,"After settling in, Rachel and Nick stay at a luxury hotel (scenes were shot at the Raffles Hotel) instead of the ancestral Young estate at Tyersall."
Raffles Hotel,Crazy Rich Asians (film),verified,https://en.wikipedia.org/wiki/Crazy_Rich_Asians,"Tourism to Singapore increased following the release of Crazy Rich Asians, attributed in part to the numerous attractions showcased in the film, such as the Marina Bay Sands and Raffles Hotel."
Raffles Hotel,Crazy Rich Asians (film),verified,https://en.wikipedia.org/wiki/Raffles_Hotel,"list entry: In the 2018 film Crazy Rich Asians, the main characters stay in Raffles Hotel when they arrive in Singapore."
CHIJMES,Crazy Rich Asians (film),verified,https://en.wikipedia.org/wiki/CHIJMES,The wedding scene in Crazy Rich Asians took place at CHIJMES Hall.
CHIJMES,Crazy Rich Asians (film),verified,https://en.wikipedia.org/wiki/Crazy_Rich_Asians,"The wedding of Araminta and Colin was shot at the CHIJMES, a former convent in Singapore built in the 19th century."
Cheong Fatt Tze Mansion,Indochine (film),verified,https://en.wikipedia.org/wiki/Cheong_Fatt_Tze_Mansion,"The mansion has been featured in various films including the 1993 Oscar-winning French film Indochine starring Catherine Deneuve, The Red Kebaya, Road to Dawn, 3rd Generation and the critically acclaimed The Blue Mansion in 2009 by Singapore director Glen Goei of Forever Fever fame."
Cheong Fatt Tze Mansion,Indochine (film),verified,https://en.wikipedia.org/wiki/Cheong_Fatt_Tze_Mansion,Most recently the mansion served as one of the locations for the Hollywood blockbuster Crazy Rich Asians.
Cheong Fatt Tze Mansion,Indochine (film),verified,https://en.wikipedia.org/wiki/Indochine_%28film%29,"Some parts were filmed in Cheong Fatt Tze Mansion, in George Town, Penang."
Cheong Fatt Tze Mansion,Crazy Rich Asians (film),verified,https://en.wikipedia.org/wiki/Cheong_Fatt_Tze_Mansion,Most recently the mansion served as one of the locations for the Hollywood blockbuster Crazy Rich Asians.
Cheong Fatt Tze Mansion,Crazy Rich Asians (film),verified,https://en.wikipedia.org/wiki/Crazy_Rich_Asians,"Eleanor strides through archways in Ann Siang Hill near Singapore's Chinatown before arriving for the mahjong showdown with Rachel, which was filmed at the Cheong Fatt Tze Mansion in Penang, redecorated for the film as a mahjong parlor."
Kellie's Castle,Anna and the King,verified,https://en.wikipedia.org/wiki/Kellie%27s_Castle,It was used as a setting in the 1999 film Anna and the King and in 2001's Skyline Cruisers.
Hotel Continental Saigon,The Quiet American (2002 film),verified,https://en.wikipedia.org/wiki/Hotel_Continental_Saigon,The hotel features prominently in Graham Greene's novel The Quiet American and in its two film adaptations in 1958 and 2002.
Hotel Continental Saigon,The Quiet American (2002 film),verified,https://en.wikipedia.org/wiki/Hotel_Continental_Saigon,"Graham Greene, long-term guest in room 214, who conceived the work The Quiet American about the aftermath of the French Colonial period"
Hotel Continental Saigon,The Quiet American (2002 film),verified,https://en.wikipedia.org/wiki/Hotel_Continental_Saigon,"list entry: Graham Greene, long-term guest in room 214, who conceived the work The Quiet American about the aftermath of the French Colonial period"
Hotel Continental Saigon,Indochine (film),verified,https://en.wikipedia.org/wiki/Hotel_Continental_Saigon,The Continental also is a central locale in the 1992 film Indochine.
Kitulgala,The Bridge on the River Kwai,verified,https://en.wikipedia.org/wiki/Kitulgala,"The Academy Award-winning The Bridge on the River Kwai was filmed on the Kelani River near Kitulgala, although nothing remains now except the concrete foundations for the bridge."
Kitulgala,The Bridge on the River Kwai,verified,https://en.wikipedia.org/wiki/Kitulgala,Scene creation of the movie The Bridge on the River Kwai
Kitulgala,The Bridge on the River Kwai,verified,https://en.wikipedia.org/wiki/Kitulgala,The Bridge on the River Kwai is a 1957 British World War II film by David Lean based on the novel The Bridge over the River Kwai by French writer Pierre Boulle.
Kitulgala,The Bridge on the River Kwai,verified,https://en.wikipedia.org/wiki/The_Bridge_on_the_River_Kwai,The bridge in the film was near Kitulgala.
Kitulgala,The Bridge on the River Kwai,verified,https://en.wikipedia.org/wiki/The_Bridge_on_the_River_Kwai,"Tamil film director Balu Mahendra observed the shooting of the film at Kitulgala, Sri Lanka during his school trip and was inspired to become a film director."
Chhatrapati Shivaji Terminus,Slumdog Millionaire,verified,https://en.wikipedia.org/wiki/Chhatrapati_Shivaji_Terminus,"The station was a filming location for the ""Jai Ho"" in Slumdog Millionaire, and the 2011 Bollywood Ra.One,; and is represented in the 2013 film The Attacks of 26/11, though permission to film at the station was denied due to sensitivity issues."
Chhatrapati Shivaji Terminus,Slumdog Millionaire,verified,https://en.wikipedia.org/wiki/Chhatrapati_Shivaji_Terminus,"list entry: The station was a filming location for the ""Jai Ho"" in Slumdog Millionaire, and the 2011 Bollywood Ra.One,; and is represented in the 2013 film The Attacks of 26/11, though permission to film at the station was denied due to sensitivity issues."
Lake Palace,Octopussy,verified,https://en.wikipedia.org/wiki/Lake_Palace,"1983: the James Bond film Octopussy, as the home of titular character Octopussy (played by Maud Adams)."
Lake Palace,Octopussy,verified,https://en.wikipedia.org/wiki/Octopussy,"The Monsoon Palace served as the exterior of Kamal Khan's palace, while scenes set at Octopussy's palace were filmed at the Lake Palace and Jag Mandir, and Bond's hotel was the Shiv Niwas Palace."
Lake Palace,Octopussy,verified,https://en.wikipedia.org/wiki/Lake_Palace,"list entry: 1983: the James Bond film Octopussy, as the home of titular character Octopussy (played by Maud Adams). It was also shot in the other palaces of Udaipur: Jag Mandir and Monsoon Palace."
Jag Mandir,Octopussy,verified,https://en.wikipedia.org/wiki/Jag_Mandir_Palace,"The 1983 James Bond film, Octopussy featured the Jag Mandir as one of its main locations."
Jag Mandir,Octopussy,verified,https://en.wikipedia.org/wiki/Octopussy,"The Monsoon Palace served as the exterior of Kamal Khan's palace, while scenes set at Octopussy's palace were filmed at the Lake Palace and Jag Mandir, and Bond's hotel was the Shiv Niwas Palace."
Monsoon Palace,Octopussy,verified,https://en.wikipedia.org/wiki/Monsoon_Palace,"The palace appeared in the 1983 James Bond film Octopussy as the residence of Kamal Khan (Portrayed by Louis Jourdan), an exiled Afghan prince."
Monsoon Palace,Octopussy,verified,https://en.wikipedia.org/wiki/Monsoon_Palace,"The Monsoon Palace was used as a location for the filming of the 1983 James Bond film, Octopussy."
Monsoon Palace,Octopussy,verified,https://en.wikipedia.org/wiki/Octopussy,"The Monsoon Palace served as the exterior of Kamal Khan's palace, while scenes set at Octopussy's palace were filmed at the Lake Palace and Jag Mandir, and Bond's hotel was the Shiv Niwas Palace."
"City Palace, Udaipur",Octopussy,verified,https://en.wikipedia.org/wiki/City_Palace%2C_Udaipur,"The palace was picturised as a hotel in the 1983 James Bond film Octopussy, where Bond (played by Roger Moore) stayed as he began his quest to apprehend the antagonist Kamal Khan (Louis Jourdan).Octopussy (1983) - Filming & production - IMDb"
"City Palace, Udaipur",Octopussy,verified,https://en.wikipedia.org/wiki/Octopussy,"The Monsoon Palace served as the exterior of Kamal Khan's palace, while scenes set at Octopussy's palace were filmed at the Lake Palace and Jag Mandir, and Bond's hotel was the Shiv Niwas Palace."
Mehrangarh,The Dark Knight Rises,verified,https://en.wikipedia.org/wiki/Mehrangarh,"The fort was one of the filming locations for Disney's 1994 live-action film The Jungle Book, as well as the 2012 film The Dark Knight Rises."
Mehrangarh,The Dark Knight Rises,verified,https://en.wikipedia.org/wiki/The_Dark_Knight_Rises,"Principal photography commenced on May 6, 2011, in Jodhpur, India, at the Mehrangarh Fort before moving to Pittsburgh, where it operated under the ruse title Magnus Rex to reduce the visibility of the production."
Mehrangarh,The Jungle Book (1994 film),verified,https://en.wikipedia.org/wiki/Mehrangarh,"The fort was one of the filming locations for Disney's 1994 live-action film The Jungle Book, as well as the 2012 film The Dark Knight Rises."
Pangong Tso,3 Idiots,verified,https://en.wikipedia.org/wiki/3_Idiots,The climax was shot at the Pangong Tso lake in Ladakh.
Druk White Lotus School,3 Idiots,verified,https://en.wikipedia.org/wiki/Druk_White_Lotus_School,"The school was featured in a 2007 episode of the PBS series Design e2, Cisco Systems ""Human Network"" advertisement as well as the Aamir Khan movie 3 Idiots."
Druk White Lotus School,3 Idiots,verified,https://en.wikipedia.org/wiki/3_Idiots,The scenes were shot at the Druk White Lotus School instead.
Ramanagara,Sholay,verified,https://en.wikipedia.org/wiki/Ramanagara,The Bollywood movie Sholay was shot in 1975 at the surrounding hills of Ramanagara now called Ramagiri hills but also has nickname of Sholay hills.
Ramanagara,Sholay,verified,https://en.wikipedia.org/wiki/Sholay,"Filming took place in the rocky terrain of Ramanagara, in the southern state of Karnataka, over two and a half years, beginning in October 1973."
Ramanagara,Sholay,verified,https://en.wikipedia.org/wiki/Sholay,"Much of Sholay was shot in the rocky terrain of Ramanagara, a town near Bangalore, Karnataka."
Ramanagara,Sholay,verified,https://en.wikipedia.org/wiki/Sholay,The filmmakers had to build a road from the Bangalore highway to Ramanagara for convenient access to the sets.
Ramanagara,Sholay,verified,https://en.wikipedia.org/wiki/Sholay,"One part of Ramanagara was for a time called ""Sippy Nagar"" as a tribute to the director of the film."
Ramanagara,Sholay,verified,https://en.wikipedia.org/wiki/Sholay,"As of 2010, a visit to the ""Sholay rocks"" (where much of the film was shot) was still being offered to tourists travelling through Ramanagara."
Jaisalmer Fort,Sonar Kella,verified,https://en.wikipedia.org/wiki/Jaisalmer_Fort,"The name Sonar Kella (Bengali for Golden Fortress) was popularized by tourists after the famous Bengali film of the same name, which was shot in this fort by eminent filmmaker Satyajit Ray."
Jaisalmer Fort,Sonar Kella,verified,https://en.wikipedia.org/wiki/Jaisalmer_Fort,"The famous Indian film director Satyajit Ray wrote the Sonar Kella (The Golden Fortress), a detective novel, based on the fort and he later filmed it here."
Jaisalmer Fort,Sonar Kella,verified,https://en.wikipedia.org/wiki/Sonar_Kella,"After visiting a few fortresses, Burman successfully hypnotizes Mukul, who reveals that the Golden Fortress is in Jaisalmer."
Jaisalmer Fort,Sonar Kella,verified,https://en.wikipedia.org/wiki/Sonar_Kella,Hajra reaches to the same conclusion by learning about the history of the Fort of Jaisalmer from a police inspector.
Jaisalmer Fort,Sonar Kella,verified,https://en.wikipedia.org/wiki/Sonar_Kella,"Feluda learns that the Jaisalmer Fort is made of yellow limestone, giving it a golden glow."
Jaisalmer Fort,Sonar Kella,verified,https://en.wikipedia.org/wiki/Sonar_Kella,Burman leaves for Jaisalmer with Mukul immediately instructing Bose to follow suit after misguiding Feluda and others.
Jaisalmer Fort,Sonar Kella,verified,https://en.wikipedia.org/wiki/Sonar_Kella,"He is now sure about the man impersonating as Dr Hajra, and leaves for Jaisalmer by car."
Jaisalmer Fort,Sonar Kella,verified,https://en.wikipedia.org/wiki/Sonar_Kella,"Undaunted, Feluda and his team takes a camel caravan to the nearest train station Ramdevra, from which he boards on the next train to Jaisalmer."
Nahargarh Fort,Rang De Basanti,verified,https://en.wikipedia.org/wiki/Nahargarh_Fort,"Some scenes in the films Rang De Basanti, Shuddh Desi Romance and Sonar Kella were shot at Nahargarh Fort."
Nahargarh Fort,Rang De Basanti,verified,https://en.wikipedia.org/wiki/Rang_De_Basanti,"Nahargarh Fort, which oversees the city of Jaipur, was another such historical location where one of the songs was filmed."
Dudhsagar Falls,Chennai Express,verified,https://en.wikipedia.org/wiki/Chennai_Express,A romantic scene on board a train passing next to Dudhsagar Falls was also shot.
Athirappilly Falls,Baahubali: The Beginning,verified,https://en.wikipedia.org/wiki/Athirappilly_Falls,"Scenes and a song from Baahubali, India's biggest motion picture, a 2015 Tamil/Telugu bilingual movie"
Athirappilly Falls,Baahubali: The Beginning,verified,https://en.wikipedia.org/wiki/Baahubali%3A_The_Beginning,"The waterfall scenes were shot at Athirappilly Falls in Kerala, huge sets for the Mahishmati kingdom were constructed at Ramoji Film City in Hyderabad, and the snow episodes in the film were shot in Bulgaria."
Athirappilly Falls,Baahubali: The Beginning,verified,https://en.wikipedia.org/wiki/Athirappilly_Falls,"list entry: Scenes and a song from Baahubali, India's biggest motion picture, a 2015 Tamil/Telugu bilingual movie"
Ramoji Film City,Baahubali: The Beginning,verified,https://en.wikipedia.org/wiki/Ramoji_Film_City,"Key elements include an amusement park, gardens, and film sets from notable productions such as Baahubali (2015) and Baahubali 2 (2017)."
Ramoji Film City,Baahubali: The Beginning,verified,https://en.wikipedia.org/wiki/Baahubali%3A_The_Beginning,"The waterfall scenes were shot at Athirappilly Falls in Kerala, huge sets for the Mahishmati kingdom were constructed at Ramoji Film City in Hyderabad, and the snow episodes in the film were shot in Bulgaria."
Ramoji Film City,Baahubali: The Beginning,verified,https://en.wikipedia.org/wiki/Baahubali%3A_The_Beginning,"Producers announced plans to create a film museum at Ramoji Film City in Hyderabad to showcase the weapons, armour, and costumes used by actors in the film."
Betaab Valley,Betaab,verified,https://en.wikipedia.org/wiki/Betaab_Valley,The valley was named after the 1983  film Betaab.
Betaab Valley,Betaab,verified,https://en.wikipedia.org/wiki/Betaab_Valley,"Natively known as Hagan Valley or Hagoon, the location became a popular tourist destination after the film Betaab, starring Sunny Deol and Amrita Singh, was shot there."
Betaab Valley,Betaab,verified,https://en.wikipedia.org/wiki/Betaab_Valley,"Betaab Valley, also known as Hajan Valley, Hagan Valley or Hagoon, is situated at a distance of 15 km (9.3 mi) from Pahalgam in the Anantnag district in India's union territory of Jammu and Kashmir."
Betaab Valley,Betaab,verified,https://en.wikipedia.org/wiki/Betaab_Valley,"Betaab Valley, which is a part of Pahalgam area – one of the several sub-valleys of Kashmir Valley came into existence during the post geosynclinal stage of the development of the Himalayas."
Betaab Valley,Betaab,verified,https://en.wikipedia.org/wiki/Betaab_Valley,Betaab valley is a very popular tourist destination in Jammu and Kashmir.
Betaab Valley,Betaab,verified,https://en.wikipedia.org/wiki/Betaab,The famous tourist destination Betaab Valley in the Kashmir was named after the film Betaab.
Betaab Valley,Betaab,verified,https://en.wikipedia.org/wiki/Betaab,Betaab Valley
Chapora Fort,Dil Chahta Hai,verified,https://en.wikipedia.org/wiki/Chapora_Fort,"The Fort of Chapora got popularized by the movie Dil Chahta Hai (Starring Amir Khan, Saif Ali Khan, and Akshaye Khanna) and is now a prime attraction of Goa."
Chapora Fort,Dil Chahta Hai,verified,https://en.wikipedia.org/wiki/Dil_Chahta_Hai,"Notably, the scene featuring the trio at Chapora Fort in Goa became iconic, contributing to the fort's popularity as a tourist destination."
Howrah Bridge,Lion (2016 film),verified,https://en.wikipedia.org/wiki/Howrah_Bridge,The bridge was also featured in Garth Davis' Academy Award-nominated 2016 film Lion.
Howrah Bridge,Lion (2016 film),verified,https://en.wikipedia.org/wiki/Lion_%282016_film%29,"After two months of living near the Howrah Bridge, Saroo is taken to the police and placed into an orphanage when authorities are unable to find his family."
Howrah Bridge,Howrah Bridge (film),verified,https://en.wikipedia.org/wiki/Howrah_Bridge,"The bridge has been shown in numerous films, such as Bimal Roy's 1953 film Do Bigha Zamin, Ritwik Ghatak's Bari Theke Paliye in 1958, Satyajit Ray's Parash Pathar in the same year, Mrinal Sen's Neel Akasher Neechey in 1959, Shakti Samanta's Howrah Bridge (1958), that featured the famous song Mera Naam Chin Chin Chu and China Town (1962) and Amar Prem (1971), Amar Jeet's 1965 Teen Devian in 1965, Mrinal Sen's 1972 National Award winning Bengali film Calcutta 71 and Sen's Calcutta Trilogy its sequel in 1973, Padatik, Richard Attenborough's 1982 Academy Award winning film Gandhi, Goutam Ghose's 1984 Hindi film Paar, Raj Kapoor's  Ram Teri Ganga Maili in 1985, Nicolas Klotz's The Bengali Night in 1988, Roland Joffé's English language film City of Joy in 1992, Florian Gallenberger's Bengali film Shadows of Time in 2004, Mani Ratnam's Bollywood film Yuva in 2004, Pradeep Sarkar's 2005 Bollywood film Parineeta, Subhrajit Mitra's 2008 Bengali film Mon Amour: Shesher Kobita Revisited, Mira Nair's 2006 film The Namesake, Blessy's 2008 Malayalam Film Calcutta News, Surya Sivakumar's 2009 Tamil film Aadhavan, Imtiaz Ali's 2009 Hindi film Love Aaj Kal, Abhik Mukhopadhyay's 2010 Bengali film Ekti Tarar Khonje, Sujoy Ghosh's 2012 Bollywood film Kahaani, Anurag Basu's 2012 Hindi film Barfi!, Riingo Banerjee's 2012 Bengali film Na Hannyate, Rana Basu's 2013 Bengali film Namte Namte, and Ali Abbas Zafar's 2014 Hindi film Gunday, 2015 YRF release from director Dibakar Banerjee's Detective Byomkesh Bakshy!, and even the 2024 Hindi hit Bhool Bhulaiyaa 3."
Howrah Bridge,Howrah Bridge (film),verified,https://en.wikipedia.org/wiki/Howrah_Bridge_%281958_film%29,Howrah Bridge is a 1958 Indian Hindi-language crime thriller film directed by Shakti Samanta.
Howrah Bridge,Howrah Bridge (film),verified,https://en.wikipedia.org/wiki/Howrah_Bridge_%281958_film%29,Howrah Bridge was a major critical and commercial success upon its release and has become a cult film over years.
Howrah Bridge,Howrah Bridge (film),verified,https://en.wikipedia.org/wiki/Howrah_Bridge_%281958_film%29,"Except the climax, all other scenes of the film in which Howrah Bridge is shown were actually shot somewhere else, according to Madhubala's biographer Mohan Deep."
Howrah Bridge,Howrah Bridge (film),verified,https://en.wikipedia.org/wiki/Howrah_Bridge_%281958_film%29,"Howrah Bridge was Samanta's first release under his banner Shakti Films, which he had set up in 1957."
Howrah Bridge,Howrah Bridge (film),verified,https://en.wikipedia.org/wiki/Howrah_Bridge_%281958_film%29,"Howrah Bridge overall grossed ₹1.1 crore, with a net of ₹0.55 crore to become the ninth highest-grossing Bollywood film of 1958."
Howrah Bridge,Howrah Bridge (film),verified,https://en.wikipedia.org/wiki/Howrah_Bridge_%281958_film%29,"Its success established Shakti Samanta as a leading director; he later recalled: ""We made a lot of money from re-print of the records and ... [the film] did really well, I came to be recognized as a hit film maker from Howrah Bridge onwards."""
Rinpung Dzong,Little Buddha,verified,https://en.wikipedia.org/wiki/Rinpung_Dzong,The dzong has also appeared in popular culture; several scenes from the 1993 film Little Buddha were filmed at Paro Rinpung Dzong.
Forbidden City,The Last Emperor,verified,https://en.wikipedia.org/wiki/Forbidden_City,"The Last Emperor (1987), a biographical film about Puyi, was the first feature film ever authorised by the government of the People's Republic of China to be filmed in the Forbidden City."
Forbidden City,The Last Emperor,verified,https://en.wikipedia.org/wiki/The_Last_Emperor,It was the first Western feature film authorised by the People's Republic of China to film in the Forbidden City in Beijing.
Forbidden City,The Last Emperor,verified,https://en.wikipedia.org/wiki/The_Last_Emperor,"Puyi then sets about reforming the Forbidden City, including expelling the palace eunuchs."
Forbidden City,The Last Emperor,verified,https://en.wikipedia.org/wiki/The_Last_Emperor,"Bertolucci was given complete freedom by the authorities to shoot in the Forbidden City, which had never before been opened up for use in a Western film."
Forbidden City,The Last Emperor,verified,https://en.wikipedia.org/wiki/The_Last_Emperor,"The film contains several other historical inaccuracies: in real life, Puyi left the Forbidden City when his mother died; as he recounts in his memoirs, he did not have sex with his wives; Puyi actually stopped the Japanese from killing the Empress's lover rather than let him be murdered; although the film mentions the 1924 Beijing Coup, it erroneously claims that the president fled the capital instead of being put under house arrest; the testimonies that Puyi gives to his Chinese interrogators were in fact given at the Tokyo Trials."
Forbidden City,The Last Emperor,verified,https://en.wikipedia.org/wiki/The_Last_Emperor,"Roger Ebert was notably enthusiastic in his praise of the film, awarding it four out of four: ""Bertolucci is able to make Pu Yi's imprisonment seem all the more ironic because this entire film was shot on location inside the People's Republic of China, and he was even given permission to film inside the Forbidden City — a vast, medieval complex covering some 250 acres (100 ha) and containing 9,999 rooms (only heaven, the Chinese believed, had 10,000 rooms)."
Forbidden City,The Last Emperor,verified,https://en.wikipedia.org/wiki/The_Last_Emperor,"It probably is unforgivably bourgeois to admire a film because of its locations, but in the case of The Last Emperor the narrative cannot be separated from the awesome presence of the Forbidden City, and from Bertolucci's astonishing use of locations, authentic costumes, and thousands of extras to create the everyday reality of this strange little boy."""
Forbidden City,The Last Emperor,verified,https://en.wikipedia.org/wiki/Forbidden_City,"list entry: The Last Emperor (1987), a biographical film about Puyi, was the first feature film ever authorised by the government of the People's Republic of China to be filmed in the Forbidden City."
Jiuzhaigou,Hero (2002 film),verified,https://en.wikipedia.org/wiki/Jiuzhaigou,"It lies at an elevation of 2,618 m, and was a main feature site for the 2002 Chinese film Hero."
Jiuzhaigou,Hero (2002 film),verified,https://en.wikipedia.org/wiki/Hero_%282002_film%29,"The lake sequences were filmed in the Jiuzhaigou national park in northern Sichuan, China."
Jiuzhaigou,Hero (2002 film),verified,https://en.wikipedia.org/wiki/Jiuzhaigou,"list entry: Arrow Bamboo Lake (箭竹海, Jiànzhú Hǎi), covering an area of 170,000&nbsp;m<sup>2</sup>, is a shallow lake with a depth of 6&nbsp;m. It lies at an elevation of 2,618&nbsp;m, and was a main feature site for the 2002 Chinese film Hero."
Hongcun,"Crouching Tiger, Hidden Dragon",verified,https://en.wikipedia.org/wiki/Hongcun,"Scenes from the film Crouching Tiger, Hidden Dragon were filmed on location in Hongcun."
Xitang,Mission: Impossible III,verified,https://en.wikipedia.org/wiki/Xitang,Xitang locations were featured in the final sequences of the motion picture Mission: Impossible III.
Xitang,Mission: Impossible III,verified,https://en.wikipedia.org/wiki/Mission%3A_Impossible_III,"Location filming took place in China (Shanghai and Xitang), Germany (Berlin), Italy (Rome and Caserta), the United States (California, Virginia and Maryland) and Vatican City."
Hengdian World Studios,Hero (2002 film),verified,https://en.wikipedia.org/wiki/Hengdian_World_Studios,The director Zhang Yimou used this building as the backdrop for the Emperor Qin's palace for his 2002 movie Hero.
Chungking Mansions,Chungking Express,verified,https://en.wikipedia.org/wiki/Chungking_Mansions,Chungking Mansions served as one of the filming locations for Wong Kar-wai's 1994 movie Chungking Express.
Chungking Mansions,Chungking Express,verified,https://en.wikipedia.org/wiki/Chungking_Mansions,"The only exception to the disconnected blocks is the separate Chungking Express (Cke) Shopping Mall, accessed by escalator via a separate entrance a few meters north of the main entrance."
Chungking Mansions,Chungking Express,verified,https://en.wikipedia.org/wiki/Chungking_Mansions,"Chungking Express Shopping Mall (Cke, Chinese: 重慶站)."
Chungking Mansions,Chungking Express,verified,https://en.wikipedia.org/wiki/Chungking_Mansions,The new Chungking Express mall was relaunched at the end of 2004.
Chungking Mansions,Chungking Express,verified,https://en.wikipedia.org/wiki/Chungking_Express,"""Chungking"" in the title refers to Chungking Mansions in Tsim Sha Tsui, Hong Kong, where much of the action in the first story transpires."
Chungking Mansions,Chungking Express,verified,https://en.wikipedia.org/wiki/Chungking_Express,"He visits his usual food store in Chungking Mansions, where he collides with a new staff member, Faye."
Chungking Mansions,Chungking Express,verified,https://en.wikipedia.org/wiki/Chungking_Mansions,"list entry: Chungking Express Shopping Mall (Cke, ). In 2003, the first and second floors were acquired by a developer for approximately HK$200&nbsp;million, who spent HK$50&nbsp;million on renovations. Under the new building plan, the  second floor was divided into 360 small shops measuring 50 to  each and resold. The new Chungking Express mall was relaunched at the end of 2004. It was later renamed Cke mall."
Central–Mid-Levels escalator,Chungking Express,verified,https://en.wikipedia.org/wiki/Central%E2%80%93Mid-Levels_escalator,Chungking Express (1994).
Central–Mid-Levels escalator,Chungking Express,verified,https://en.wikipedia.org/wiki/Central%E2%80%93Mid-Levels_escalator,"list entry: Chungking Express (1994). Director Wong Kar-wai stated: ""That interests me because no one has made a movie there. When we were scouting for locations we found the light there entirely appropriate."""
Central–Mid-Levels escalator,The Dark Knight,verified,https://en.wikipedia.org/wiki/Central%E2%80%93Mid-Levels_escalator,The Batman film The Dark Knight (2008).
Central–Mid-Levels escalator,The Dark Knight,verified,https://en.wikipedia.org/wiki/The_Dark_Knight,"The final nine days of production took place in Hong Kong and included aerial footage from atop the International Finance Centre, as well as filming at Central to Mid-Levels escalator, The Center, Central, The Peninsula Hong Kong, and Queen's Road; and a stunt involving Batman catching an in-flight C-130 aircraft."
Central–Mid-Levels escalator,The Dark Knight,verified,https://en.wikipedia.org/wiki/Central%E2%80%93Mid-Levels_escalator,list entry: The Batman film The Dark Knight (2008). Filming took place there 6–11 November 2007.
Yick Cheong Building,Transformers: Age of Extinction,verified,https://en.wikipedia.org/wiki/Monster_Building,"The structure has inspired locations in films like Transformers: Age of Extinction and Ghost in the Shell and music videos like ""Labyrinth"" by Mondo Grosso and Hikari Mitsushima and ""Cave Me In"" by Gallant and Eric Nam."
Two International Finance Centre,The Dark Knight,verified,https://en.wikipedia.org/wiki/International_Finance_Centre_%28Hong_Kong%29,"The IFC towers have been featured in several Hollywood films, including Lara Croft: Tomb Raider – The Cradle of Life, where Lara Croft leaps off the then-under-construction 2 International Finance Centre, landing on a ship out in the Kowloon Bay, The Dark Knight, where Batman leapt from 2 IFC to 1 IFC, and Godzilla vs Kong, where an action scene then takes place."
Two International Finance Centre,The Dark Knight,verified,https://en.wikipedia.org/wiki/The_Dark_Knight,"The final nine days of production took place in Hong Kong and included aerial footage from atop the International Finance Centre, as well as filming at Central to Mid-Levels escalator, The Center, Central, The Peninsula Hong Kong, and Queen's Road; and a stunt involving Batman catching an in-flight C-130 aircraft."
The Peninsula Hong Kong,The Dark Knight,verified,https://en.wikipedia.org/wiki/The_Peninsula_Hong_Kong,"In 2007, The Peninsula was used for a scene in the superhero film The Dark Knight, involving actors Morgan Freeman and Chin Han, who played Lucius Fox and Lau, respectively."
The Peninsula Hong Kong,The Dark Knight,verified,https://en.wikipedia.org/wiki/The_Dark_Knight,"The final nine days of production took place in Hong Kong and included aerial footage from atop the International Finance Centre, as well as filming at Central to Mid-Levels escalator, The Center, Central, The Peninsula Hong Kong, and Queen's Road; and a stunt involving Batman catching an in-flight C-130 aircraft."
Jiufen,A City of Sadness,verified,https://en.wikipedia.org/wiki/Jiufen,"In 1989, Hou Hsiao-hsien's A City of Sadness, the first film to touch on the February 28 incident, then a taboo subject in Taiwan, won acclaim around the world."
Jiufen,A City of Sadness,verified,https://en.wikipedia.org/wiki/Jiufen,"Soon retro-Chinese style cafés, tea houses, and souvenir stores bearing the name ""City of Sadness"" were built."
Jiufen,A City of Sadness,verified,https://en.wikipedia.org/wiki/A_City_of_Sadness,"A City of Sadness was filmed on location in Jiufen, a former Japanese and declined gold mining town that continued to operate in the postwar period until the 1960s."
Jiufen,A City of Sadness,verified,https://en.wikipedia.org/wiki/A_City_of_Sadness,The shooting of the scenes of train travel to Jiufen particularly evoked his nostalgic rhetoric and joyful memories of a high school trip to Jiufen with his school friends.
Jiufen,A City of Sadness,verified,https://en.wikipedia.org/wiki/A_City_of_Sadness,"The film's release brought widespread attention to its shooting locations, particularly Jiufen and Jinguashi."
Jiufen,A City of Sadness,verified,https://en.wikipedia.org/wiki/A_City_of_Sadness,"Jiufen is located in the northeast of Taiwan, an area isolated from the rest of Taipei County and Yilan County."
Jiufen,A City of Sadness,verified,https://en.wikipedia.org/wiki/A_City_of_Sadness,"There are only rough county roads and a local commuter railway line connecting Jiufen to the outside world, which designated a low priority for urban revitalization and land development."
Jiufen,A City of Sadness,verified,https://en.wikipedia.org/wiki/A_City_of_Sadness,"Jiufen's hillside communities were constructed before the modern zoning codes were put in place, and therefore provided a small Taiwanese town feeling and atmosphere that symbolizes the historical period that is presented in the plot of A City of Sadness."
Park Hyatt Tokyo,Lost in Translation (film),verified,https://en.wikipedia.org/wiki/Shinjuku_Park_Tower,The hotel featured prominently in Academy Award-winning film Lost in Translation.
Park Hyatt Tokyo,Lost in Translation (film),verified,https://en.wikipedia.org/wiki/Lost_in_Translation,"She began forming a story about two characters experiencing a ""romantic melancholy"" in the Park Hyatt Tokyo, where she stayed while promoting her first feature film, the 1999 drama The Virgin Suicides."
Park Hyatt Tokyo,Lost in Translation (film),verified,https://en.wikipedia.org/wiki/Lost_in_Translation,"After many years, she settled on a career in filmmaking and returned to the city, staying at the Park Hyatt Tokyo to promote her first feature film, the 1999 drama The Virgin Suicides."
Park Hyatt Tokyo,Lost in Translation (film),verified,https://en.wikipedia.org/wiki/Lost_in_Translation,"Having been influenced by her background in Tokyo, she resolved to write a screenplay set there and began forming a story about two characters experiencing a ""romantic melancholy"" in the Park Hyatt Tokyo."
Park Hyatt Tokyo,Lost in Translation (film),verified,https://en.wikipedia.org/wiki/Lost_in_Translation,"For interior sequences in the Park Hyatt Tokyo, he relied mostly on the hotel's practical lighting sources, shooting at a wide open f-stop and heavily cutting the light to eliminate reflections in the hotel window."
Park Hyatt Tokyo,Lost in Translation (film),verified,https://en.wikipedia.org/wiki/Lost_in_Translation,"Many of the shooting locations were local places of business and public areas at the time of filming, including rooms, bar and swimming pool in the Park Hyatt Tokyo and Shibuya Crossing in Tokyo."
Park Hyatt Tokyo,Lost in Translation (film),verified,https://en.wikipedia.org/wiki/Lost_in_Translation,The film has remained closely associated with the Park Hyatt Tokyo—especially its New York Bar—which became a recurring destination for visitors seeking to recreate scenes from the movie.
Shibuya Crossing,Lost in Translation (film),verified,https://en.wikipedia.org/wiki/Shibuya_Crossing,"Shibuya Crossing is often featured in films and television shows which take place in Tokyo, such as Lost in Translation, The Fast and the Furious: Tokyo Drift, Alice in Borderland, Jujutsu Kaisen, Resident Evil: Retribution, Sonic The Hedgehog 3, as well as on domestic and international news broadcasts."
Shibuya Crossing,Lost in Translation (film),verified,https://en.wikipedia.org/wiki/Shibuya_Crossing,"The iconic video screen featured in the above films, in particular Lost in Translation with its 'walking dinosaur' scene, was taken down for a period of time and replaced with static advertising, although it resumed operation in July 2013."
Shibuya Crossing,Lost in Translation (film),verified,https://en.wikipedia.org/wiki/Lost_in_Translation,"Many of the shooting locations were local places of business and public areas at the time of filming, including rooms, bar and swimming pool in the Park Hyatt Tokyo and Shibuya Crossing in Tokyo."
Fushimi Inari-taisha,Memoirs of a Geisha (film),verified,https://en.wikipedia.org/wiki/Memoirs_of_a_Geisha_%28film%29,"Production was split between southern and northern California and a number of locations in Kyoto, including the Kiyomizu temple and the Fushimi Inari shrine."
Fushimi Inari-taisha,Memoirs of a Geisha (film),verified,https://en.wikipedia.org/wiki/Memoirs_of_a_Geisha_%28film%29,"Towards the end of production, some scenes were shot in Kyoto, including the Fushimi Inari-Taisha, the head shrine of Inari, located in Fushimi-ku, Kyoto."
Kiyomizu-dera,Memoirs of a Geisha (film),verified,https://en.wikipedia.org/wiki/Memoirs_of_a_Geisha_%28film%29,"Production was split between southern and northern California and a number of locations in Kyoto, including the Kiyomizu temple and the Fushimi Inari shrine."
Himeji Castle,You Only Live Twice (film),verified,https://en.wikipedia.org/wiki/Himeji_Castle,"The castle has been featured extensively in foreign and Japanese films, including the James Bond movie You Only Live Twice (1967), and Akira Kurosawa's Kagemusha (1980) and Ran (1985)."
Himeji Castle,You Only Live Twice (film),verified,https://en.wikipedia.org/wiki/You_Only_Live_Twice_%28film%29,Himeji Castle in Hyōgo Prefecture was depicted as Tanaka's ninja training camp.
Engyō-ji,The Last Samurai,verified,https://en.wikipedia.org/wiki/Engy%C5%8D-ji,"In recent years, the temple has been used as a filming location for the Hollywood movie ""The Last Samurai"" released in 2003 (Heisei 15), the NHK Taiga drama ""Musashi"" (2003), ""The Tale of Genji: A Thousand-Year Mystery"" (2011), ""Tenchi Meisatsu"" (2012), the NHK Taiga drama ""Gunshi Kanbei"" (2014), ""Kakekomi Onna to Kakedashi Otoko"" and ""Kuroi no Shikaku"" (2015), ""Honnoji Hotel"", ""March Comes in Like a Lion"", ""Sekigahara"" (2017), and ""G.I."
Shinmoedake,You Only Live Twice (film),verified,https://en.wikipedia.org/wiki/Shinmoedake,"Shinmoedake was used as a location in 1967 James Bond film, You Only Live Twice, as the volcano in which the villains' secret rocket base is located."
Shinmoedake,You Only Live Twice (film),verified,https://en.wikipedia.org/wiki/You_Only_Live_Twice_%28film%29,Mount Shinmoe-dake in Kyūshū was used for the exteriors of SPECTRE's headquarters.
Shinmoedake,You Only Live Twice (film),verified,https://en.wikipedia.org/wiki/You_Only_Live_Twice_%28film%29,The shots of the volcano were filmed at Shinmoedake on Kyushu Island.
Suga Shrine (Shinjuku),Your Name,verified,https://en.wikipedia.org/wiki/Suga_Shrine_%28Shinjuku%29,"A staircase on the premises of the shrine is a popular destination for fans of the 2016 film Your Name, the closing scene of which takes place there."
Suga Shrine (Shinjuku),Your Name,verified,https://en.wikipedia.org/wiki/Suga_Shrine_%28Shinjuku%29,"A staircase on the premises of Suga Shrine was popularized by the 2016 film Your Name, which ends with a shot of the protagonists at the stairs."
Suga Shrine (Shinjuku),Your Name,verified,https://en.wikipedia.org/wiki/Your_Name,"On the steps of Suga Shrine, Taki calls out to Mitsuha, and they simultaneously ask for each other's names."
Shinjuku Gyoen,The Garden of Words,verified,https://en.wikipedia.org/wiki/Shinjuku_Gyo-en,It is the setting of the 2013 anime film The Garden of Words.
Shinjuku Gyoen,The Garden of Words,verified,https://en.wikipedia.org/wiki/The_Garden_of_Words,"The film focuses on Takao Akizuki, an aspiring 15-year-old shoemaker, and Yukari Yukino, a mysterious 27-year-old woman he keeps meeting at Shinjuku Gyoen National Garden on rainy mornings."
Shinjuku Gyoen,The Garden of Words,verified,https://en.wikipedia.org/wiki/The_Garden_of_Words,"Wanting to share the peace and harmony of his favorite locations in Japan with the hope that it would encourage people to visit, Shinkai modeled the garden in the film to match Shinjuku Gyoen National Garden in Tokyo."
Shinjuku Gyoen,The Garden of Words,verified,https://en.wikipedia.org/wiki/The_Garden_of_Words,"Jon Hayward was impressed by the ""almost photo realistic"" quality of the scenery, particularly in Shinjuku Gyoen."
Shinjuku Gyoen,The Garden of Words,verified,https://en.wikipedia.org/wiki/The_Garden_of_Words,"The Garden of Words opens at the start of the rainy season in Tokyo with Takao Akizuki (秋月 孝雄, Akizuki Takao), a 15-year-old student and aspiring shoemaker, opting to skip his first class and sketch shoe designs in the garden at Shinjuku Gyoen."
Shinjuku Gyoen,The Garden of Words,verified,https://en.wikipedia.org/wiki/The_Garden_of_Words,"However, neither could ""learn to walk again"" if they continued to isolate themselves from the rest of the world and take shelter with each other in the garden at Shinjuku Gyoen."
Kamakurakōkōmae Station,Slam Dunk (manga),verified,https://en.wikipedia.org/wiki/Kamakurak%C5%8Dk%C5%8Dmae_Station,"In particular, the railway crossing on the east side of the station is prominently featured in the theme song of Slam Dunk, Rascal Does Not Dream of Bunny Girl Senpai and a scene in Tari Tari anime, which attracted a lot of Taiwanese tourists to visit."
Kamakurakōkōmae Station,Slam Dunk (manga),verified,https://en.wikipedia.org/wiki/Slam_Dunk_%28manga%29,The Kamakurakōkōmae No.
Namiseom,Winter Sonata,verified,https://en.wikipedia.org/wiki/Namiseom,"In 2002, the area around Nami Island became the filming stage for the KBS TV drama Winter Sonata, and the number of Japanese tourists visiting Nami increased significantly."
Namiseom,Winter Sonata,verified,https://en.wikipedia.org/wiki/Winter_Sonata,Filming primarily took place on the resort island of Namiseom and Seoul.
Namiseom,Winter Sonata,verified,https://en.wikipedia.org/wiki/Winter_Sonata,"The number of visitors to the island of Namiseom (where the series was shot) grew from 250,000 to over 650,000 after the series was aired."
Mona Yongpyong,Winter Sonata,verified,https://en.wikipedia.org/wiki/Mona_Yongpyong,Some scenes of the 2002 Korean Broadcasting System drama Winter Sonata were filmed at the resort.
Mona Yongpyong,Guardian: The Lonely and Great God,verified,https://en.wikipedia.org/wiki/Mona_Yongpyong,It was also featured in the Korean drama Goblin (2016–17) and the Korean drama Sad Love Story (2005).
,All In (TV series),no_coordinates,https://en.wikipedia.org/wiki/All_In_%28TV_series%29,"Most scenes filmed in Jeju were shot on the Seopjikoji coast, located in the city Seogwipo."
,All In (TV series),no_coordinates,https://en.wikipedia.org/wiki/All_In_%28TV_series%29,"Over 6,000 visitors came to Seopjikoji during the samiljeol holiday of 2003, and in April that year the series' cast members and staff became PR ambassadors for Jeju Island."
Wadi Rum,Lawrence of Arabia (film),verified,https://en.wikipedia.org/wiki/Wadi_Rum,Desert scenes of Wadi Rum in Lawrence of Arabia from 1962 kick-started Jordan's tourism industry.
Wadi Rum,Lawrence of Arabia (film),verified,https://en.wikipedia.org/wiki/Wadi_Rum,Lawrence of Arabia – David Lean filmed much of this 1962 film on location in Wadi Rum.
Wadi Rum,Lawrence of Arabia (film),verified,https://en.wikipedia.org/wiki/Lawrence_of_Arabia_%28film%29,"Several scenes directly recall Ford's film, most notably Ali's entrance at the well and the composition of many of the desert scenes and the dramatic exit from Wadi Rum."
Wadi Rum,Lawrence of Arabia (film),verified,https://en.wikipedia.org/wiki/Lawrence_of_Arabia_%28film%29,Lean biographer Kevin Brownlow noted a physical similarity between Wadi Rum and Ford's Monument Valley.
Wadi Rum,Lawrence of Arabia (film),verified,https://en.wikipedia.org/wiki/Wadi_Rum,list entry: Lawrence of Arabia – David Lean filmed much of this 1962 film on location in Wadi Rum.
Wadi Rum,The Martian (film),verified,https://en.wikipedia.org/wiki/Wadi_Rum,"The Martian – filming for the Ridley Scott film began in March 2015, for shots that stood in for the surface of Mars."
Wadi Rum,The Martian (film),verified,https://en.wikipedia.org/wiki/Wadi_Rum,The RFC was previously nominated for its work with The Martian.
Wadi Rum,The Martian (film),verified,https://en.wikipedia.org/wiki/The_Martian_%28film%29,Wadi Rum in Jordan was also used for exterior filming.
Wadi Rum,The Martian (film),verified,https://en.wikipedia.org/wiki/The_Martian_%28film%29,"External scenes depicting Mars were filmed in Wadi Rum, a UNESCO world heritage site in Jordan, over eight days in March 2015."
Wadi Rum,The Martian (film),verified,https://en.wikipedia.org/wiki/The_Martian_%28film%29,"Wadi Rum had been used as a location for other films set on Mars, including Mission to Mars (2000), Red Planet (2000) and The Last Days on Mars (2013)."
Wadi Rum,The Martian (film),verified,https://en.wikipedia.org/wiki/The_Martian_%28film%29,"Todd McCarthy of The Hollywood Reporter wrote: ""The scenes back on Earth provide a hectic, densely populated counterweight to the Martian aridity, which is magnificently represented by exteriors shot in the vicinity of Wadi Rum in Jordan."" Damon said he and Scott were inspired by the documentary film Touching the Void (2003), which featured trapped mountain climbers."
Wadi Rum,The Martian (film),verified,https://en.wikipedia.org/wiki/Wadi_Rum,"list entry: The Martian – filming for the Ridley Scott film began in March 2015, for shots that stood in for the surface of Mars."
Wadi Rum,Rogue One,verified,https://en.wikipedia.org/wiki/Wadi_Rum,"The Location Managers Guild recognized the Jordanian Royal Film Commission with its LMGI Award for Outstanding Film Commission in 2017 for its work on Rogue One, which was filmed at Wadi Rum."
Wadi Rum,Rogue One,verified,https://en.wikipedia.org/wiki/Wadi_Rum,"Rogue One: A Star Wars Story, used for scenes set on Jedha."
Wadi Rum,Rogue One,verified,https://en.wikipedia.org/wiki/Rogue_One,Wadi Rum in Jordan and the fortification of Masada in Israel was used to represent Jedha.
Wadi Rum,Rogue One,verified,https://en.wikipedia.org/wiki/Wadi_Rum,"list entry: Rogue One: A Star Wars Story, used for scenes set on Jedha."
Wadi Rum,Prometheus (2012 film),verified,https://en.wikipedia.org/wiki/Wadi_Rum,Prometheus – scenes for the Alien Planet
Wadi Rum,Prometheus (2012 film),verified,https://en.wikipedia.org/wiki/Prometheus_%282012_film%29,Filming also took place in the Wadi Rum valley in Jordan.
Wadi Rum,Prometheus (2012 film),verified,https://en.wikipedia.org/wiki/Prometheus_%282012_film%29,He also used aerial photographs of locations in Iceland and Wadi Rum shot by VFX supervisor Richard Stammers and his team.
Wadi Rum,Prometheus (2012 film),verified,https://en.wikipedia.org/wiki/Prometheus_%282012_film%29,"MPC developed a digital representation of Wadi Rum using the design material, modified it to locate the alien pyramid and a landing area for the Prometheus, and resized the planet's natural features relative to the alien structures."
Wadi Rum,Prometheus (2012 film),verified,https://en.wikipedia.org/wiki/Wadi_Rum,list entry: Prometheus – scenes for the Alien Planet
Al-Khazneh,Indiana Jones and the Last Crusade,verified,https://en.wikipedia.org/wiki/Al-Khazneh,"The Treasury has appeared in many Hollywood films, gaining particular fame after being featured in climactic scenes in the 1989 film Indiana Jones and the Last Crusade, in which its façade is represented as the entrance to the final resting place of the Holy Grail."
Al-Khazneh,Indiana Jones and the Last Crusade,verified,https://en.wikipedia.org/wiki/Indiana_Jones_and_the_Last_Crusade,"The next day, filming moved to the ancient city of Petra, Jordan, where Al Khazneh (The Treasury) stood in for the temple housing the Grail."
Burj Khalifa,Mission: Impossible – Ghost Protocol,verified,https://en.wikipedia.org/wiki/Mission%3A_Impossible_%E2%80%93_Ghost_Protocol,"Although Cruise appears to be free solo climbing in the film with the help of special gloves, in reality, he was securely attached to the Burj Khalifa at all times by multiple cables; Industrial Light & Magic digitally erased the cables in post-production."
Burj Khalifa,Mission: Impossible – Ghost Protocol,verified,https://en.wikipedia.org/wiki/Mission%3A_Impossible_%E2%80%93_Ghost_Protocol,"Following Cruise's example, Patton and Seydoux also chose to forgo the use of stunt doubles for their fight scene at the Burj Khalifa."
Burj Khalifa,Mission: Impossible – Ghost Protocol,verified,https://en.wikipedia.org/wiki/Mission%3A_Impossible_%E2%80%93_Ghost_Protocol,"In June 2011, a teaser trailer for Ghost Protocol was released in front of Transformers: Dark of the Moon, illustrating new shots from the film, one of which being Tom Cruise scaling the world's tallest building, the Burj Khalifa in Dubai."
Burj Khalifa,Mission: Impossible – Ghost Protocol,verified,https://en.wikipedia.org/wiki/Mission%3A_Impossible_%E2%80%93_Ghost_Protocol,"They plan to infiltrate a meeting between Hendricks's associate, Wistrom, and Moreau at the Burj Khalifa in Dubai, where Wistrom will buy the stolen launch codes."
Burj Khalifa,Mission: Impossible – Ghost Protocol,verified,https://en.wikipedia.org/wiki/Mission%3A_Impossible_%E2%80%93_Ghost_Protocol,"Sidorov attempts but fails to apprehend Ethan, who flees the Burj Khalifa and pursues Wistrom."
Emirates Palace,Furious 7,verified,https://en.wikipedia.org/wiki/Emirates_Palace_Mandarin_Oriental%2C_Abu_Dhabi,"The hotel has also served as a filming location for The Kingdom (2007), Fast and Furious 7 (2015), 6 Underground (2019), and Bade Miyan Chote Miyan (2024)."
Liwa Oasis,Star Wars: The Force Awakens,verified,https://en.wikipedia.org/wiki/Liwa_Oasis,"Desert areas east of the Liwa Oasis, in the Rub' Al Khali desert, were the set of the 2015 film Star Wars: The Force Awakens, which was used to represent the desert planet Jakku."
Liwa Oasis,Star Wars: The Force Awakens,verified,https://en.wikipedia.org/wiki/Star_Wars%3A_The_Force_Awakens,"In April, Walt Disney Studios chairman Alan Horn confirmed that filming had begun, filming in secret in the United Arab Emirates around Liwa Oasis, part of the emirate of Abu Dhabi, by a second unit."
"Grand Bazaar, Istanbul",Skyfall,verified,https://en.wikipedia.org/wiki/Skyfall,"Parts of Istanbul—including the Spice Bazaar, Yeni Camii, the Grand Post Office, Sultanahmet Square and the Grand Bazaar—were closed for filming in April."
Spice Bazaar,Skyfall,verified,https://en.wikipedia.org/wiki/Skyfall,"Parts of Istanbul—including the Spice Bazaar, Yeni Camii, the Grand Post Office, Sultanahmet Square and the Grand Bazaar—were closed for filming in April."
Varda Viaduct,Skyfall,verified,https://en.wikipedia.org/wiki/Varda_Viaduct,"The Varda Viaduct was featured in the opening chase scene in the James Bond film Skyfall, released in October 2012."
Varda Viaduct,Skyfall,verified,https://en.wikipedia.org/wiki/Skyfall,"The train scene depicted in trailers showed the Varda Viaduct outside Adana, during which Bond stunt double Andy Lister dived backwards off the 300-foot (91 m) drop, with a crane on a train carriage holding a safety line."
Basilica Cistern,From Russia with Love (film),verified,https://en.wikipedia.org/wiki/Basilica_Cistern,The cistern was used as a location for the 1963 James Bond film From Russia with Love.
Basilica Cistern,From Russia with Love (film),verified,https://en.wikipedia.org/wiki/From_Russia_with_Love_%28film%29,"Locations included the Basilica Cistern, Hagia Sophia and the Sirkeci railway station, which also was used for the Belgrade and Zagreb railway stations."
Basilica Cistern,Inferno (2016 film),verified,https://en.wikipedia.org/wiki/Basilica_Cistern,The cistern with its inverted Medusa pillar featured in the 2013 Dan Brown novel Inferno (as well as its 2016 film adaptation).
Basilica Cistern,Inferno (2016 film),verified,https://en.wikipedia.org/wiki/Inferno_%282016_film%29,They deduce the weapon is in a plastic bag hidden underwater in the Basilica Cistern in Istanbul.
Hagia Sophia,From Russia with Love (film),verified,https://en.wikipedia.org/wiki/From_Russia_with_Love_%28film%29,"Red Grant was added to the Istanbul scenes just prior to the film crew's trip to Turkey; this brought more focus to the SPECTRE plot, as Grant started saving Bond's life there (a late change during shooting involved Grant killing the bespectacled spy at Hagia Sophia instead of Bond, who ends up just finding the man dead)."
Hagia Sophia,From Russia with Love (film),verified,https://en.wikipedia.org/wiki/From_Russia_with_Love_%28film%29,"Locations included the Basilica Cistern, Hagia Sophia and the Sirkeci railway station, which also was used for the Belgrade and Zagreb railway stations."
Sirkeci railway station,From Russia with Love (film),verified,https://en.wikipedia.org/wiki/From_Russia_with_Love_%28film%29,"Locations included the Basilica Cistern, Hagia Sophia and the Sirkeci railway station, which also was used for the Belgrade and Zagreb railway stations."
Maiden's Tower,The World Is Not Enough,verified,https://en.wikipedia.org/wiki/Maiden%27s_Tower,"Then in 1998 it was restored again, shortly before appearing in the James Bond movie The World Is Not Enough."
Maiden's Tower,The World Is Not Enough,verified,https://en.wikipedia.org/wiki/Maiden%27s_Tower,It also featured in the James Bond film The World Is Not Enough and was visible in the background in the 1963 Bond film From Russia with Love.
Maiden's Tower,The World Is Not Enough,verified,https://en.wikipedia.org/wiki/The_World_Is_Not_Enough,"Other locations include Baku, Azerbaijan, the Azerbaijan Oil Rocks and Istanbul, Turkey, where Maiden's Tower and Küçüksu Palace are shown."
Maiden's Tower,The World Is Not Enough,verified,https://en.wikipedia.org/wiki/The_World_Is_Not_Enough,"Istanbul, Turkey, was used in the film, also using the famous Maiden's Tower which was used as Renard's hideout in Turkey."
Maiden's Tower,The World Is Not Enough,verified,https://en.wikipedia.org/wiki/The_World_Is_Not_Enough,Bond gets a signal from the locator card at the Maiden's Tower before Zukovsky's henchman Bull blows up the command centre.
Maiden's Tower,The World Is Not Enough,verified,https://en.wikipedia.org/wiki/Maiden%27s_Tower,list entry: It also featured in the James Bond film The World Is Not Enough and was visible in the background in the 1963 Bond film From Russia with Love.
Küçüksu Palace,The World Is Not Enough,verified,https://en.wikipedia.org/wiki/K%C3%BC%C3%A7%C3%BCksu_Pavilion,"The pavilion appeared in the James Bond film ""The World Is Not Enough"" as the mansion of oil heiress Elektra King in Baku."
Küçüksu Palace,The World Is Not Enough,verified,https://en.wikipedia.org/wiki/The_World_Is_Not_Enough,"Other locations include Baku, Azerbaijan, the Azerbaijan Oil Rocks and Istanbul, Turkey, where Maiden's Tower and Küçüksu Palace are shown."
Küçüksu Palace,The World Is Not Enough,verified,https://en.wikipedia.org/wiki/The_World_Is_Not_Enough,"Exteriors for Elektra King's Baku villa were shot at Küçüksu Pavilion in Istanbul, and interiors were shot at Luton Hoo in Bedfordshire, England."
Avdat,Jesus Christ Superstar (film),verified,https://en.wikipedia.org/wiki/Avdat,Avdat was also the filming location of Jesus Christ Superstar.
Avdat,Jesus Christ Superstar (film),verified,https://en.wikipedia.org/wiki/Jesus_Christ_Superstar_%28film%29,The abandoned Nabataean city of Avdat was used for the scenes with the priests.
Aït Benhaddou,Gladiator (2000 film),verified,https://en.wikipedia.org/wiki/A%C3%AFt_Benhaddou,list entry: Gladiator (2000)
Aït Benhaddou,Lawrence of Arabia (film),verified,https://en.wikipedia.org/wiki/A%C3%AFt_Benhaddou,list entry: Lawrence of Arabia (1962)
Aït Benhaddou,Game of Thrones,verified,https://en.wikipedia.org/wiki/A%C3%AFt_Benhaddou,"Aït Benhaddou was also used in parts of the TV series Game of Thrones, the Brazilian TV series O Clone, The Amazing Race Australia 6 and Outer Banks."
Atlas Studios,Kingdom of Heaven (film),verified,https://en.wikipedia.org/wiki/Ouarzazate,"Films such as Lawrence of Arabia (1962), The Man Who Would Be King (1975), The Living Daylights (1987), The Last Temptation of Christ (1988), The Mummy (1999), Gladiator (2000), Kingdom of Heaven (2005), Kundun (1997), Legionnaire (1998), The Hills Have Eyes (2006), Salmon Fishing in the Yemen (2011), The Wages of Fear (2024) and The Odyssey (2026) were shot here, as was part of the TV series Game of Thrones."
Atlas Studios,Kingdom of Heaven (film),verified,https://en.wikipedia.org/wiki/Ouarzazate,"Movies were shot here including The Living Daylights, Asterix & Obelix: Mission Cleopatra, Lawrence of Arabia, The Man Who Would Be King, The Mummy, Kingdom of Heaven, Gladiator, Hanna, and Babel."
Atlas Studios,Kingdom of Heaven (film),verified,https://en.wikipedia.org/wiki/Ouarzazate,Atlas Studios is the largest movie studios in the world in terms of land area.
Atlas Studios,Kingdom of Heaven (film),verified,https://en.wikipedia.org/wiki/Atlas_Corporation_Studios,list entry: Gladiator
Atlas Studios,Kingdom of Heaven (film),verified,https://en.wikipedia.org/wiki/Atlas_Corporation_Studios,list entry: Kingdom of Heaven
Atlas Studios,Kingdom of Heaven (film),verified,https://en.wikipedia.org/wiki/Atlas_Corporation_Studios,list entry: Asterix & Obelix: Mission Cleopatra
"Matmata, Tunisia",Star Wars (film),verified,https://en.wikipedia.org/wiki/Matmata%2C_Tunisia,"The Hotel Sidi Idriss in Matmata was used in 1976 as a filming location in  Star Wars Episode IV: A New Hope, in which it was featured as the home of Luke Skywalker, his Aunt Beru Lars and Uncle Owen Lars on the planet Tatooine."
"Matmata, Tunisia",Star Wars (film),verified,https://en.wikipedia.org/wiki/Matmata%2C_Tunisia,It was featured again in the 2002 prequel film Star Wars: Episode II – Attack of the Clones.
"Matmata, Tunisia",Star Wars (film),verified,https://en.wikipedia.org/wiki/Matmata%2C_Tunisia,"The Real Star Wars? - Associated Press article, videos and photo gallery about Matmata by Andy Carvin"
"Matmata, Tunisia",Star Wars (film),verified,https://en.wikipedia.org/wiki/Star_Wars_%28film%29,"The scenes of Luke's Tatooine home were filmed at the Hotel Sidi Driss, in Matmata."
"Matmata, Tunisia",Star Wars (film),verified,https://en.wikipedia.org/wiki/Matmata%2C_Tunisia,"list entry: The Hotel Sidi Idriss in Matmata was used in 1976 as a filming location in  Star Wars Episode IV: A New Hope, in which it was featured as the home of Luke Skywalker, his Aunt Beru Lars and Uncle Owen Lars on the planet Tatooine. The hotel is designed as a traditional Berber troglodyte underground building. It was featured again in the 2002 prequel film Star Wars: Episode II – Attack of the Clones."
"Matmata, Tunisia",Star Wars (film),verified,https://en.wikipedia.org/wiki/Matmata%2C_Tunisia,"list entry: [https://web.archive.org/web/20111013093231/http://asap.ap.org/stories/319404.s The Real Star Wars?] - Associated Press article, videos and photo gallery about Matmata by Andy Carvin"
Ksar Ouled Soltane,Star Wars: Episode I – The Phantom Menace,verified,https://en.wikipedia.org/wiki/Ksar_Ouled_Soltane,"It was also featured in the film Star Wars: Episode I – The Phantom Menace in some of the scenes used to represent the slave quarters of Mos Espa, where the character Anakin Skywalker lived as a boy."
Ksar Hadada,Star Wars: Episode I – The Phantom Menace,verified,https://en.wikipedia.org/wiki/Ksar_Hadada,It is well known as being a filming location for 1999 film Star Wars: Episode I – The Phantom Menace.
Ksar Hadada,Star Wars: Episode I – The Phantom Menace,verified,https://en.wikipedia.org/wiki/Ksar_Hadada,"In June 1997, American film director George Lucas used the area to shoot on-location scenes for Star Wars: Episode I – The Phantom Menace (1999) to represent Mos Espa on the planet Tatooine, the birthplace of Anakin Skywalker."
Chott el Djerid,Star Wars (film),verified,https://en.wikipedia.org/wiki/Chott_el_Djerid,"Chott el Djerid was used as a filming location for the Star Wars series, among others."
Chott el Djerid,Star Wars (film),verified,https://en.wikipedia.org/wiki/Star_Wars_%28film%29,Principal photography began in Chott el Djerid in March 1976.
Ajim,Star Wars (film),verified,https://en.wikipedia.org/wiki/Ajim,Star Wars filming location
Ajim,Star Wars (film),verified,https://en.wikipedia.org/wiki/Ajim,The city and surrounding areas were used as filming locations for Star Wars.
Ribat of Monastir,Monty Python's Life of Brian,verified,https://en.wikipedia.org/wiki/Ribat_of_Monastir,The Ribat of Monastir in Tunisia was used as a location for the film Monty Python's Life of Brian.
Ribat of Monastir,Monty Python's Life of Brian,verified,https://en.wikipedia.org/wiki/Monty_Python%27s_Life_of_Brian,"The film was shot on location in Monastir, Tunisia, which allowed the production to reuse sets from Franco Zeffirelli's Jesus of Nazareth (1977)."
Amphitheatre of El Jem,Monty Python's Life of Brian,verified,https://en.wikipedia.org/wiki/Amphitheatre_of_El_Jem,It was featured in films such as Monty Python's Life of Brian and the television travel series Long Way Down.
Karnak,The Spy Who Loved Me (film),verified,https://en.wikipedia.org/wiki/The_Spy_Who_Loved_Me_%28film%29,"The film was shot at the Pinewood Studios in London, Porto Cervo in Sardinia (Hotel Cala di Volpe), Egypt (Karnak, Mosque of Ibn Tulun, Gayer-Anderson Museum, Abu Simbel temples), Malta, Scotland, Hayling Island UK, Okinawa, Switzerland and Mount Asgard on Baffin Island in the then northern Canadian territory of Northwest Territories (now located in Nunavut)."
Karnak,Death on the Nile (1978 film),verified,https://en.wikipedia.org/wiki/Death_on_the_Nile_%281978_film%29,"Various famous Ancient Egyptian sights are featured in the film, such as the Great Pyramids, the Sphinx, and temples at Abu Simbel and Karnak."
Karnak,Death on the Nile (1978 film),verified,https://en.wikipedia.org/wiki/Death_on_the_Nile_%281978_film%29,"Four weeks filming were on the steamer Karnak (the historic ship SS Memnon) and the rest at places such as Aswan, Abu Simbel, Luxor, and Cairo."
Karnak,Death on the Nile (1978 film),verified,https://en.wikipedia.org/wiki/Death_on_the_Nile_%281978_film%29,"To avoid her, the Doyles pretend to take a train to Alexandria, then board the Nile paddle steamer, SS Karnak."
Karnak,Death on the Nile (1978 film),verified,https://en.wikipedia.org/wiki/Death_on_the_Nile_%281978_film%29,"During an excursion to the Temple of Karnak in the city of Luxor, a falling stone narrowly misses the Doyles."
Karnak,Death on the Nile (1978 film),verified,https://en.wikipedia.org/wiki/Death_on_the_Nile_%281978_film%29,"For example, the characters are shown visiting the temples at Abu Simbel and Karnak the same day, apparently with no intervening journey time; these temples are some 480 km apart."
Karnak,Death on the Nile (1978 film),verified,https://en.wikipedia.org/wiki/Death_on_the_Nile_%281978_film%29,"Bessner claims that the pillars of the Great Hypostyle Hall at Karnak were built (presumably, he means repaired) in 1788 - this is incorrect, though eleven of the columns did collapse in 1899 and were reerected."
Abu Simbel temples,Death on the Nile (1978 film),verified,https://en.wikipedia.org/wiki/Abu_Simbel,The temples appear in the 1978 film Death on the Nile based on the book of the same name by Agatha Christie.
Abu Simbel temples,Death on the Nile (1978 film),verified,https://en.wikipedia.org/wiki/Death_on_the_Nile_%281978_film%29,"Various famous Ancient Egyptian sights are featured in the film, such as the Great Pyramids, the Sphinx, and temples at Abu Simbel and Karnak."
Abu Simbel temples,Death on the Nile (1978 film),verified,https://en.wikipedia.org/wiki/Death_on_the_Nile_%281978_film%29,"Four weeks filming were on the steamer Karnak (the historic ship SS Memnon) and the rest at places such as Aswan, Abu Simbel, Luxor, and Cairo."
Abu Simbel temples,Death on the Nile (1978 film),verified,https://en.wikipedia.org/wiki/Death_on_the_Nile_%281978_film%29,"For example, the characters are shown visiting the temples at Abu Simbel and Karnak the same day, apparently with no intervening journey time; these temples are some 480 km apart."
Abu Simbel temples,Death on the Nile (1978 film),verified,https://en.wikipedia.org/wiki/Death_on_the_Nile_%281978_film%29,Bessner also refers to the 'easternmost figure' as the 'Vocal Statue' at Abu Simbel.
Abu Simbel temples,Death on the Nile (1978 film),verified,https://en.wikipedia.org/wiki/Death_on_the_Nile_%281978_film%29,"This seems to be a confusion with the northern of the Colossi of Memnon, though that statue has not 'sung' since ancient times - and there is in fact no 'easternmost' figure at the Abu Simbel site, which faces due east as its builders intended the temple to catch the sunrise."
Abu Simbel temples,The Spy Who Loved Me (film),verified,https://en.wikipedia.org/wiki/The_Spy_Who_Loved_Me_%28film%29,"The film was shot at the Pinewood Studios in London, Porto Cervo in Sardinia (Hotel Cala di Volpe), Egypt (Karnak, Mosque of Ibn Tulun, Gayer-Anderson Museum, Abu Simbel temples), Malta, Scotland, Hayling Island UK, Okinawa, Switzerland and Mount Asgard on Baffin Island in the then northern Canadian territory of Northwest Territories (now located in Nunavut)."
Great Sphinx of Giza,The Spy Who Loved Me (film),verified,https://en.wikipedia.org/wiki/The_Spy_Who_Loved_Me_%28film%29,"While the Great Sphinx of Giza was shot on location, lighting problems caused the pyramids to be replaced with miniatures."
Mosque of Ibn Tulun,The Spy Who Loved Me (film),verified,https://en.wikipedia.org/wiki/Mosque_of_Ibn_Tulun,Parts of the James Bond film The Spy Who Loved Me were filmed at the mosque.
Mosque of Ibn Tulun,The Spy Who Loved Me (film),verified,https://en.wikipedia.org/wiki/The_Spy_Who_Loved_Me_%28film%29,"The film was shot at the Pinewood Studios in London, Porto Cervo in Sardinia (Hotel Cala di Volpe), Egypt (Karnak, Mosque of Ibn Tulun, Gayer-Anderson Museum, Abu Simbel temples), Malta, Scotland, Hayling Island UK, Okinawa, Switzerland and Mount Asgard on Baffin Island in the then northern Canadian territory of Northwest Territories (now located in Nunavut)."
Gayer-Anderson Museum,The Spy Who Loved Me (film),verified,https://en.wikipedia.org/wiki/Gayer-Anderson_Museum,"The James Bond film The Spy Who Loved Me was partially shot in the museum, in the ceremonial reception hall and the rooftop terrace."
Gayer-Anderson Museum,The Spy Who Loved Me (film),verified,https://en.wikipedia.org/wiki/The_Spy_Who_Loved_Me_%28film%29,"The film was shot at the Pinewood Studios in London, Porto Cervo in Sardinia (Hotel Cala di Volpe), Egypt (Karnak, Mosque of Ibn Tulun, Gayer-Anderson Museum, Abu Simbel temples), Malta, Scotland, Hayling Island UK, Okinawa, Switzerland and Mount Asgard on Baffin Island in the then northern Canadian territory of Northwest Territories (now located in Nunavut)."
Deadvlei,The Cell (film),verified,https://en.wikipedia.org/wiki/Deadvlei,"Feature films partly shot there include The Cell, The Fall, Ghajini and Ayan."
Deadvlei,The Cell (film),verified,https://en.wikipedia.org/wiki/The_Cell_%28film%29,"Other filming locations included in Africa at Deadvlei in the Namib-Naukluft National Park, as well as several locations in California, including the Neurosciences Institute in La Jolla, California; Bakersfield; and at Linda Vista Community Hospital in Los Angeles."
Deadvlei,The Fall (2006 film),verified,https://en.wikipedia.org/wiki/Deadvlei,"Feature films partly shot there include The Cell, The Fall, Ghajini and Ayan."
Deadvlei,The Fall (2006 film),verified,https://en.wikipedia.org/wiki/The_Fall_%282006_film%29,Deadvlei from the Sossusvlei dune in Namib-Naukluft National Park in Namibia
Kolmanskop,Dust Devil (film),verified,https://en.wikipedia.org/wiki/Kolmanskop,The town was used as one of the locations in the 1993 film Dust Devil.
Kolmanskop,Dust Devil (film),verified,https://en.wikipedia.org/wiki/Dust_Devil_%28film%29,He finds Wendy reaches the abandoned town of Kolmanskop but is stabbed by Dust Devil.
Kolmanskop,Dust Devil (film),verified,https://en.wikipedia.org/wiki/Kolmanskop,list entry: The town was used as one of the locations in the 1993 film Dust Devil.
Spitzkoppe,2001: A Space Odyssey,verified,https://en.wikipedia.org/wiki/Spitzkoppe,"Photographs of the Spitzkoppe Mountains were used as backgrounds for 2001: A Space Odyssey in the ""Dawn of Man"" sequences."
Spitzkoppe,2001: A Space Odyssey,verified,https://en.wikipedia.org/wiki/2001%3A_A_Space_Odyssey,The still photographs used as backgrounds for the Dawn of Man sequence were taken at the Spitzkoppe mountains in what was then South West Africa.
Essaouira,Game of Thrones,verified,https://en.wikipedia.org/wiki/Essaouira,"The skala or fortified harbor was used as a filming location in the third season of the American TV series Game of Thrones, representing Astapor."
Essaouira,Game of Thrones,verified,https://en.wikipedia.org/wiki/Game_of_Thrones,The third season also returned to Morocco (including the city of Essaouira) to film Daenerys's scenes in Essos.
Essaouira,Game of Thrones,verified,https://en.wikipedia.org/wiki/Valar_Dohaeris,"Unusual for a production such as Game of Thrones, the first scene Hinds filmed was the first one where his character appears: the meeting with Jon Snow at his tent."
Essaouira,Game of Thrones,verified,https://en.wikipedia.org/wiki/Valar_Dohaeris,"To depict the slaver city of Astapor, the production used the Moroccan city of Essaouira."
Essaouira,Game of Thrones,verified,https://en.wikipedia.org/wiki/Valar_Dohaeris,"The website's critical consensus reads, ""'Valar Dohaeris' overextends itself trying to reintroduce a multitude of characters and plotlines, but is strengthened by its brilliantly acted two-person scenes (and three growing baby dragons)."" In an advance review for The Daily Beast, Jace Lacob wrote that the season premiere lacks ""energy and intensity, but provides a necessary foundation,"" and that the season, like the novel it is based on, ""takes a little to get going."" Matt Fowler, writing for IGN, gave the episode an 8.6/10, writing that ""while understandably not showing us everyone, Game of Thrones returned in fine form with dragons, zombies and giants."" Neela Dabnath of The Independent felt that ""Valar Dohaeris"" was a strong start to Season 3 and ""deftly picked up the various story strands from the last season ... even if it was just a series of brief check-in."" She also praised the show for taking ""creative liberties which always pay off in bucket loads,"" commenting on how this can ""add to Martin’s world and flesh it out in new ways."""
Essaouira,Game of Thrones,verified,https://en.wikipedia.org/wiki/Valar_Dohaeris,"""Valar Dohaeris"" is the third season premiere episode of the HBO fantasy television series Game of Thrones."
Essaouira,Othello (1951 film),verified,https://en.wikipedia.org/wiki/Essaouira,"In the early 1950s, film director and actor Orson Welles stayed at the Hotel des Iles just south of the town walls during the filming of his 1952 film adaptation of Othello."
Essaouira,Othello (1951 film),verified,https://en.wikipedia.org/wiki/Essaouira,"Brigitte Tast, Hans-Jürgen Tast: Orson Welles – Othello – Mogador."
Essaouira,Othello (1951 film),verified,https://en.wikipedia.org/wiki/Essaouira,"list entry: Brigitte Tast, Hans-Jürgen Tast: Orson Welles – Othello – Mogador. Aufenthalte in Essaouira, Kulleraugen Vis.Komm. Nr. 42, Schellerten 2013,"
Mismaloya,The Night of the Iguana (film),verified,https://en.wikipedia.org/wiki/Mismaloya,Mismaloya is most famous as the site where the 1963 film The Night of the Iguana was filmed.
Mismaloya,The Night of the Iguana (film),verified,https://en.wikipedia.org/wiki/The_Night_of_the_Iguana_%28film%29,"While approaching the group's hotel in the bus, Shannon suddenly veers off and recklessly drives the terrified passengers to a cheap Costa Verde hotel in Mismaloya, then removes the distributor cap from the engine."
Mismaloya,The Night of the Iguana (film),verified,https://en.wikipedia.org/wiki/The_Night_of_the_Iguana_%28film%29,"In September 1963, Huston, Lyon, and Burton, accompanied by Elizabeth Taylor, arrived at Puerto Vallarta – a ""remote little fishing village"" – for principal photography in Mismaloya, which lasted 72 days."
Zócalo,Spectre (2015 film),verified,https://en.wikipedia.org/wiki/Z%C3%B3calo,"The Day of the Dead celebrations at the Zocalo have been a common event, and a formal parade has been held at the square since 2016 after the James Bond film Spectre featured a parade there."
Zócalo,Spectre (2015 film),verified,https://en.wikipedia.org/wiki/Z%C3%B3calo,"The pre-title sequence of the 2015 James Bond film Spectre takes place largely above the Zócalo, as Bond takes command of a SPECTRE getaway helicopter."
Zócalo,Spectre (2015 film),verified,https://en.wikipedia.org/wiki/Spectre_%282015_film%29,"Scenes for the Day of the Dead festival filmed in and around the Zócalo and the Centro Histórico district, including at the Gran Hotel Ciudad de México."
Gran Hotel Ciudad de México,Spectre (2015 film),verified,https://en.wikipedia.org/wiki/Old_Portal_de_Mercaderes,"It has been featured in multiple films, including the James Bond films Licence to Kill and Spectre and the Palme d'Or-winning political drama Missing, in which it doubles for the Hotel Carrera in Santiago."
Gran Hotel Ciudad de México,Spectre (2015 film),verified,https://en.wikipedia.org/wiki/Spectre_%282015_film%29,"Scenes for the Day of the Dead festival filmed in and around the Zócalo and the Centro Histórico district, including at the Gran Hotel Ciudad de México."
Baja Studios,Titanic (1997 film),verified,https://en.wikipedia.org/wiki/Baja_Studios,"Originally built by Mexican businessman José Galicot and 20th Century Fox for the reconstruction of RMS Titanic in the 1997 film Titanic, it has since then built some of the largest sets for numerous other films, including MGM's Tomorrow Never Dies, Amblin Entertainment's In Dreams, Warner Bros.'s Deep Blue Sea, Phoenix Pictures's The Weight of Water, Disney's Pearl Harbor and Fox's Master and Commander: The Far Side of the World."
Baja Studios,Titanic (1997 film),verified,https://en.wikipedia.org/wiki/Baja_Studios,"The studio's design was heavily influenced by the production needs of the first film to be shot there, James Cameron's epic Titanic, where there was a requirement to shoot a 775-foot-long (236 m) replica of the ship in a water tank."
Baja Studios,Titanic (1997 film),verified,https://en.wikipedia.org/wiki/Baja_Studios,"Built to film Titanic, it is a 360,000 square feet (33,000 m2) concrete pool with a full capacity of 17 million gallons, used for exterior shooting, wet or dry, and consists of three depth levels from 3+1⁄2 to 40 feet (1.1 to 12.2 m)."
Baja Studios,Titanic (1997 film),verified,https://en.wikipedia.org/wiki/Baja_Studios,"Fox created a Studio Tour named Foxploration, which opened in May 2001 consisting largely of Titanic exhibits, Fox-derived displays, and items from other films, notably Master and Commander."
Baja Studios,Titanic (1997 film),verified,https://en.wikipedia.org/wiki/Baja_Studios,Titanic (1997)
Baja Studios,Titanic (1997 film),verified,https://en.wikipedia.org/wiki/Titanic_%281997_film%29,"Scale models, computer-generated imagery (CGI), and a reconstruction of the Titanic built at Baja Studios were used to recreate the sinking."
Baja Studios,Titanic (1997 film),verified,https://en.wikipedia.org/wiki/Titanic_%281997_film%29,"In September, the production moved to the newly built Fox Baja Studios in Rosarito, Mexico, where a full-scale Titanic replica had been constructed."
Baja Studios,Titanic (1997 film),verified,https://en.wikipedia.org/wiki/Baja_Studios,list entry: Titanic (1997)
Real de Catorce,The Mexican,verified,https://en.wikipedia.org/wiki/Real_de_Catorce,"Several major commercial motion pictures have been filmed in Real including Bandidas (featuring Salma Hayek and Penélope Cruz), The Mexican (featuring Brad Pitt and Julia Roberts), and some scenes of The Treasure of the Sierra Madre (featuring Humphrey Bogart), and of Puerto Escondido, directed by Gabriele Salvatores."
Real de Catorce,The Mexican,verified,https://en.wikipedia.org/wiki/The_Mexican,"The Mexican was filmed in Real de Catorce, San Luis Potosí, and Toluca International Airport in Toluca, State of Mexico, as well as various locations in Las Vegas, Nevada, and Los Angeles, California."
Eyipantla Falls,Apocalypto,verified,https://en.wikipedia.org/wiki/Eyipantla_Falls,"Two films have been shot here, Medicine Man with Sean Connery in the early 1990s and Mel Gibson’s Apocalypto in 2006."
Eyipantla Falls,Apocalypto,verified,https://en.wikipedia.org/wiki/Apocalypto,"The waterfall scene was filmed at Eyipantla Falls, located in San Andrés Tuxtla."
Tikal Temple IV,Star Wars (film),verified,https://en.wikipedia.org/wiki/Tikal_Temple_IV,It was used to shoot a scene for Star Wars.
Tikal Temple IV,Star Wars (film),verified,https://en.wikipedia.org/wiki/Star_Wars_%28film%29,"While visiting an English travel agency, Lucas saw a poster depicting Tikal, Guatemala, and decided to use the location for the moon Yavin 4."
Sugarloaf Mountain,Moonraker (film),verified,https://en.wikipedia.org/wiki/Moonraker_%28film%29,"Sugarloaf Mountain was a prominent location, and during filming of the midair cable car sequence in which Bond and Goodhead are attacked by Jaws, stuntman Richard Graydon slipped and narrowly avoided falling to his death."
Sugarloaf Mountain,Moonraker (film),verified,https://en.wikipedia.org/wiki/Moonraker_%28film%29,"Bond survives attacks by Jaws, now serving as Chang's replacement, during Rio Carnival and on the Sugarloaf Cable Car at Sugarloaf Mountain."
Iguazu Falls,The Mission (1986 film),verified,https://en.wikipedia.org/wiki/The_Mission_%281986_film%29,In the 1970s producer Fernando Ghia had the idea for a film about the Jesuits in South America set around Iguazu Falls.
Iguazu Falls,The Mission (1986 film),verified,https://en.wikipedia.org/wiki/The_Mission_%281986_film%29,"He sends another priest to make contact with them, but the man is thrown to his death from Iguazu Falls."
Iguazu Falls,The Mission (1986 film),verified,https://en.wikipedia.org/wiki/The_Mission_%281986_film%29,Iguazu Falls
Iguazu Falls,The Mission (1986 film),verified,https://en.wikipedia.org/wiki/Iguazu_Falls,list entry: The Mission (1986)
Iguazu Falls,Moonraker (film),verified,https://en.wikipedia.org/wiki/Iguazu_Falls,list entry: Moonraker (1979)
Casa Rosada,Evita (1996 film),verified,https://en.wikipedia.org/wiki/Evita_%281996_film%29,"In June 1995, with assistance from the United States Department of State and United States Senator Chris Dodd, Parker arranged a private meeting with Menem in Argentina to discuss the film's production and request permission to film at the Casa Rosada, the executive mansion."
Casa Rosada,Evita (1996 film),verified,https://en.wikipedia.org/wiki/Evita_%281996_film%29,"Although he expressed his discontent with the production, Menem granted the filmmakers creative freedom to shoot in Argentina, but not in the Casa Rosada."
Casa Rosada,Evita (1996 film),verified,https://en.wikipedia.org/wiki/Evita_%281996_film%29,"Parker had the film's production designer Brian Morris take photographs of the Casa Rosada, so that the production could construct a replica at Shepperton Studios in England."
Casa Rosada,Evita (1996 film),verified,https://en.wikipedia.org/wiki/Evita_%281996_film%29,"On February 23, 1996, Menem arranged a meeting with Parker, Madonna, Pryce and Banderas, and granted the crew permission to film in the Casa Rosada shortly before they were scheduled to leave Buenos Aires."
Casa Rosada,Evita (1996 film),verified,https://en.wikipedia.org/wiki/Evita_%281996_film%29,"Perón wins election to the presidency and marries Eva, who promises that the new government will serve the descamisados (""On the Balcony of the Casa Rosada"")."
Casa Rosada,Evita (1996 film),verified,https://en.wikipedia.org/wiki/Evita_%281996_film%29,"•	""On the Balcony of the Casa Rosada"" – Perón, Che and Crowd"
ESO Hotel,Quantum of Solace,verified,https://en.wikipedia.org/wiki/ESO_Hotel,"The hotel's exterior was featured in the 2008 Bond film Quantum of Solace, in which the structure was depicted as the ""Perla de Las Dunas"" fictional eco-hotel in Bolivia."
ESO Hotel,Quantum of Solace,verified,https://en.wikipedia.org/wiki/Quantum_of_Solace,"Forster chose the desert and the observatory's ESO Hotel to represent Bond's rigid emotions, and being on the verge of committing a vengeful act as he confronts Greene in the film's climax."
Salar de Uyuni,Star Wars: The Last Jedi,verified,https://en.wikipedia.org/wiki/Salar_de_Uyuni,"The Salar has been used as a filming location for movies such as The Fall (2006), Salt and Fire (2016), The Unseen (2017), Star Wars: The Last Jedi (2017), and several others."
Salar de Uyuni,Star Wars: The Last Jedi,verified,https://en.wikipedia.org/wiki/Star_Wars%3A_The_Last_Jedi,Location filming for the battle scenes on the planet Crait took place at the Salar de Uyuni salt flats in Bolivia.
Machu Picchu,Transformers: Rise of the Beasts,verified,https://en.wikipedia.org/wiki/Machu_Picchu,"Contemporary appearances include the footage of Machu Picchu in multimedia artist Kimsooja's Thread Routes series (2010) and the blockbuster Transformers: Rise of the Beasts (2023), which filmed sequences at Machu Picchu and other Cusco sites."
Machu Picchu,Transformers: Rise of the Beasts,verified,https://en.wikipedia.org/wiki/Transformers%3A_Rise_of_the_Beasts,"Filming also took place in parts of Peru such as Machu Picchu, Cusco, Tarapoto, and San Martín, Montreal, New Mexico, Iceland, and Brooklyn."
Angel Falls,Point Break (2015 film),verified,https://en.wikipedia.org/wiki/Angel_Falls,Angel Falls was used as a setting for a scene in the action film remake Point Break (2015).
Angel Falls,Point Break (2015 film),verified,https://en.wikipedia.org/wiki/Point_Break_%282015_film%29,Utah finds the location of the next ordeal: free solo climbing with no safety beside Angel Falls in Venezuela.
Angel Falls,Point Break (2015 film),verified,https://en.wikipedia.org/wiki/Point_Break_%282015_film%29,"For the rock climbing sequence, the cast and crew travelled to Angel Falls in Venezuela, where they set up three camps; one base was below the falls; one was on the rim; and one was high on the tepui."
Paraty,The Twilight Saga: Breaking Dawn – Part 1,verified,https://en.wikipedia.org/wiki/Paraty,Paraty was also the set for Isle Esme (the place of Edward and Bella's honeymoon) in the movie The Twilight Saga: Breaking Dawn.
Paraty,The Twilight Saga: Breaking Dawn – Part 1,verified,https://en.wikipedia.org/wiki/The_Twilight_Saga%3A_Breaking_Dawn_%E2%80%93_Part_1,"Principal photography officially began on November 1, 2010 in Brazil, with locations in Rio de Janeiro and Paraty, Rio de Janeiro."
Paraty,The Twilight Saga: Breaking Dawn – Part 1,verified,https://en.wikipedia.org/wiki/The_Twilight_Saga%3A_Breaking_Dawn_%E2%80%93_Part_1,"Shooting then moved to Paraty, Rio de Janeiro where the honeymoon scenes were shot."
Paraty,The Twilight Saga: Breaking Dawn – Part 1,verified,https://en.wikipedia.org/wiki/The_Twilight_Saga%3A_Breaking_Dawn_%E2%80%93_Part_1,"According to Paraty's Tourism Office, filming took place in the Taquari area, near an unidentified waterfall, and at Mamangua Bay where a mansion is located."
Paraty,The Twilight Saga: Breaking Dawn – Part 1,verified,https://en.wikipedia.org/wiki/The_Twilight_Saga%3A_Breaking_Dawn_%E2%80%93_Part_1,"When the filming started on November 7, 2010 in the Lapa District and Paraty, Rio de Janeiro, Brazil, leaked set photos and footage videos surfaced online."
Staniel Cay,Thunderball (film),verified,https://en.wikipedia.org/wiki/Staniel_Cay,"Thunderball Grotto, a limestone cave situated on the western coast of Staniel cay, was the setting of the 1965 James Bond film Thunderball."
Staniel Cay,Thunderball (film),verified,https://en.wikipedia.org/wiki/Staniel_Cay,It was from this film the name Thunderball was given to the grotto.
Staniel Cay,Thunderball (film),verified,https://en.wikipedia.org/wiki/Staniel_Cay,"According to the BNT, 16,665 people visited Thunderball Grotto between November 2012 and April 2013."
Staniel Cay,Thunderball (film),verified,https://en.wikipedia.org/wiki/Staniel_Cay,"Grottos can be found around the island, including Thunderball grotto which is a natural limestone cavern which can be entered underwater or at low tide."
Indian River (Dominica),Pirates of the Caribbean: Dead Man's Chest,verified,https://en.wikipedia.org/wiki/Indian_River_%28Dominica%29,Some of the scenes of Pirates of the Caribbean: Dead Man's Chest were filmed at Indian River.
Marigot Bay,Doctor Dolittle (1967 film),verified,https://en.wikipedia.org/wiki/Marigot_Bay,The bay was used as the setting for the 1967 film adaptation of Hugh Lofting's Doctor Dolittle books.
Marigot Bay,Doctor Dolittle (1967 film),verified,https://en.wikipedia.org/wiki/Doctor_Dolittle_%281967_film%29,"In October, the shoot moved to Marigot Bay in Saint Lucia."
Monuriki,Cast Away,verified,https://en.wikipedia.org/wiki/Monuriki,The 2000 film Cast Away starring Tom Hanks was filmed on the island.
Monuriki,Cast Away,verified,https://en.wikipedia.org/wiki/Monuriki,"The uninhabited island was used as the filming location for the 2000 film Cast Away, starring Tom Hanks."
Monuriki,Cast Away,verified,https://en.wikipedia.org/wiki/Monuriki,"Monuriki was featured as the anonymous island in the 2000 Robert Zemeckis film Cast Away, starring Tom Hanks; some tourists and travel agents refer to Monuriki as 'Cast Away Island', which is not to be confused with Castaway Island, or Qalito, an actual Fijian island within the Mamanuca Islands."
Monuriki,Cast Away,verified,https://en.wikipedia.org/wiki/Cast_Away,"Cast Away was filmed on Monuriki, one of the Mamanuca Islands in Fiji."
Nanuya Levu,The Blue Lagoon (1980 film),verified,https://en.wikipedia.org/wiki/Nanuya_Levu,"Nanuya Levu (pronounced [naˈnuja ˈleβu]) is a privately owned island of the Yasawa Group in Fiji and the site of the Turtle Island Resort, a sustainable luxury resort and also the locale for the romance adventure film The Blue Lagoon (1980)."
Nanuya Levu,The Blue Lagoon (1980 film),verified,https://en.wikipedia.org/wiki/The_Blue_Lagoon_%281980_film%29,"Principal photography of this film began on June 18, 1979, and it was shot at Nanuya Levu, a privately owned island in Fiji."
Nanuya Levu,The Blue Lagoon (1980 film),verified,https://en.wikipedia.org/wiki/The_Blue_Lagoon_%281980_film%29,"The flora and fauna featured in the film includes an array of animals from multiple continents, including a species of iguana then unknown to Nanuya Levu."
Rocky Steps,Rocky,verified,https://en.wikipedia.org/wiki/Rocky_Steps,The Rocky Steps is an informal name to the 72 stone steps leading up to the East entrance of the Philadelphia Museum of Art in Philadelphia that gained global fame after being featured in a notable scene from the 1976 film Rocky.
Rocky Steps,Rocky,verified,https://en.wikipedia.org/wiki/Rocky_Steps,"In the scene, Rocky Balboa, an unpolished but ambitious boxer from Kensington played by Sylvester Stallone, begins intense physical training after deciding to fight Apollo Creed, the World Heavyweight Champion."
Rocky Steps,Rocky,verified,https://en.wikipedia.org/wiki/Rocky_Steps,"Rocky creator Sylvester Stallone has recounted that the genesis of the iconic scene occurred when the 1976 film crew for the movie, constrained by a tight budget, identified the steps one night while searching for filming locations around the city."
Rocky Steps,Rocky,verified,https://en.wikipedia.org/wiki/Rocky_Steps,"Stallone first thought Rocky should carry his dog Butkus up the steps, but the big bull mastiff proved too heavy for the scene to work."
Rocky Steps,Rocky,verified,https://en.wikipedia.org/wiki/Rocky_Steps,"In the 2006 film Rocky Balboa, Rocky lifts his dog Punchy when he reaches the top of the steps."
Rocky Steps,Rocky,verified,https://en.wikipedia.org/wiki/Rocky_Steps,"The first was installed atop the steps for the filming of Rocky III, after which it was relocated to the Philadelphia Spectrum and then to the bottom of the Rocky Steps, where it remained for many years before it was again moved, this time permanently, to the top of the steps."
Rocky Steps,Rocky,verified,https://en.wikipedia.org/wiki/Rocky,"Principal photography began in January 1976, with filming primarily held in Philadelphia; several locations featured in the film, such as the Rocky Steps, are now considered cultural landmarks."
Rocky Steps,Rocky,verified,https://en.wikipedia.org/wiki/Rocky,"Inventor Garrett Brown's new Steadicam was used to accomplish smooth photography while running alongside Rocky during the film's Philadelphia street training sequences and the run up the Art Museum's flight of stairs, now colloquially known as the Rocky Steps."
Rocky Steps,Rocky,verified,https://en.wikipedia.org/wiki/Rocky,"The famous scene of Rocky running up the steps of the Philadelphia Museum of Art has become a cultural icon, with the steps acquiring the vernacular title of ""Rocky Steps""."
Rocky Steps,Rocky,verified,https://en.wikipedia.org/wiki/Rocky,"In 2006, E! named the ""Rocky Steps"" scene number 13 on its 101 Most Awesome Moments in Entertainment list."
Rocky Steps,Rocky,verified,https://en.wikipedia.org/wiki/Rocky,Rocky Steps
Rocky Steps,Rocky,verified,https://en.wikipedia.org/wiki/Rocky,"In 1982, a statue of Rocky, commissioned by Stallone for Rocky III, was placed at the top of the Rocky Steps."
Rocky Steps,Rocky,verified,https://en.wikipedia.org/wiki/Rocky_Steps,"list entry: The first was installed atop the steps for the filming of Rocky III, after which it was relocated to the Philadelphia Spectrum and then to the bottom of the Rocky Steps, where it remained for many years before it was again moved, this time permanently, to the top of the steps."
Rocky Steps,Rocky,verified,https://en.wikipedia.org/wiki/Rocky_Steps,"list entry: The second Rocky statue, which was created as a backup, was displayed in the San Diego Hall of Champions Sports Museum in San Diego, California, until it closed in 2017. The statue was then put up for auction, and purchased by an anonymous buyer who was later revealed to be Stallone himself. It was later temporarily installed at the top of the Rocky Steps, before it was returned to Stallone."
Rocky Steps,Rocky,verified,https://en.wikipedia.org/wiki/Rocky_Steps,"list entry: In The Simpsons 2003 episode ""I'm Spelling as Fast as I Can"", Lisa Simpson runs up a flight of stairs wearing a tracksuit similar to Rocky's."
Café des 2 Moulins,Amélie,verified,https://en.wikipedia.org/wiki/Caf%C3%A9_des_2_Moulins,"The café has gained considerable fame since its appearance in the 2001 film Amélie, in which it is the workplace of the title character."
Café des 2 Moulins,Amélie,verified,https://en.wikipedia.org/wiki/Caf%C3%A9_des_2_Moulins,It had already been used for two other films before it was in Amélie.
Café des 2 Moulins,Amélie,verified,https://en.wikipedia.org/wiki/Am%C3%A9lie,"The chairs at the Café des 2 Moulins, the actual Paris café where Amélie works in the film were frequently stolen by fans following the movie's release."
Café des 2 Moulins,Amélie,verified,https://en.wikipedia.org/wiki/Am%C3%A9lie,"Amélie leaves home at the age of 18 and becomes a waitress at the Café des 2 Moulins in Montmartre, which is staffed and frequented by a collection of eccentrics."
Café des 2 Moulins,Amélie,verified,https://en.wikipedia.org/wiki/Am%C3%A9lie,"The Café des 2 Moulins (15 Rue Lepic, Montmartre, Paris) where Amélie works is a real café."
Joker Stairs,Joker (2019 film),verified,https://en.wikipedia.org/wiki/Joker_Stairs,"Located near the 167th Street station on the New York City Subway's 4 train, the stairs served as one of the filming locations for the 2019 film Joker, as well as its 2024 sequel Joker: Folie à Deux."
Joker Stairs,Joker (2019 film),verified,https://en.wikipedia.org/wiki/Joker_Stairs,"In the film, the character Arthur Fleck, the Joker (played by Joaquin Phoenix), is repeatedly shown walking up and down the stairs as part of his daily routine."
Joker Stairs,Joker (2019 film),verified,https://en.wikipedia.org/wiki/Joker_Stairs,"Many visitors have re-enacted the scene from the film, sometimes in Joker attire, to the point that the stairs have become crowded with sightseers."
Joker Stairs,Joker (2019 film),verified,https://en.wikipedia.org/wiki/Joker_Stairs,"India Today notes, ""Even though the stairs have been around for years and lead to some of the most famous spots in New York [...] they were never really popular because of their association with crime in the area."" The New York Times notes that stairs used in the 2007 biographical crime film American Gangster, located in a South Bronx neighborhood, were originally to be used in the Joker scenes, but had been repaved and beautified too much to be aesthetically acceptable for the film."
Joker Stairs,Joker (2019 film),verified,https://en.wikipedia.org/wiki/Joker_Stairs,"NBC New York notes that the Joker Stairs have joined ""the ranks of well-known movie settings, like that of the steps at the Philadelphia Museum of Art"" seen in the 1976 American sports drama Rocky."
Joker Stairs,Joker (2019 film),verified,https://en.wikipedia.org/wiki/Joker_Stairs,"The West 167th Street Stairs, colloquially known as the Joker Stairs and also as the Shakespeare Steps, are a step street connecting Shakespeare and Anderson avenues at West 167th Street in the Highbridge neighborhood of the Bronx in New York City."
Joker Stairs,Joker (2019 film),verified,https://en.wikipedia.org/wiki/Joker_%282019_film%29,"In The Hollywood Reporter interview, Emma Tillinger Koskoff said that most stressful filming was the ""stair dance"" scene on what is now colloquially known as the Joker Stairs; because there were no laws on paparazzi in New York City, filming was disrupted by them."
Joker Stairs,Joker (2019 film),verified,https://en.wikipedia.org/wiki/Joker_%282019_film%29,"One of the locations seen in the film, a set of stairs in the Bronx, New York City, has been dubbed the Joker Stairs."
