spot_qid,spot_name,work_qid,work_title,scene,scene_source_url,cast1,role1,cast2,role2,cast_source_url,notes,verdict
Q309436,Aït Benhaddou,Q23572,Game of Thrones,"In season three, the ksar stood in for Yunkai, a city Daenerys visits in Essos.",https://en.wikipedia.org/wiki/Game_of_Thrones_season_3,Peter Dinklage,Tyrion Lannister,Nikolaj Coster-Waldau,Jaime Lannister,https://en.wikipedia.org/wiki/Game_of_Thrones_season_3,first two of the season's main cast (Sean Bean is only in season 1),keep
Q216939,"Skala (fortified harbour), Essaouira",Q23572,Game of Thrones,,,Peter Dinklage,Tyrion Lannister,Nikolaj Coster-Waldau,Jaime Lannister,https://en.wikipedia.org/wiki/Game_of_Thrones_season_3,seed scene is sourced and specific; first two of the season's main cast (Sean Bean is only in season 1),keep
Q1496690,Gaztelugatxe,Q23572,Game of Thrones,"In season seven, the islet stood in for Dragonstone, with a digitally created castle on top.",https://en.wikipedia.org/wiki/Gaztelugatxe,Peter Dinklage,Tyrion Lannister,Nikolaj Coster-Waldau,Jaime Lannister,https://en.wikipedia.org/wiki/Game_of_Thrones_season_7,first two of the season 7 main cast (Sean Bean is only in season 1),keep
Q48972968,Baja Studios,Q44578,Titanic,,,,,,,,"working film studio; its Foxploration tour has closed (Baja Studios article), so not a visitable place - recommend drop",check
Q129143,Trafalgar Square,Q5890,V for Vendetta,,,Natalie Portman,Evey Hammond,Hugo Weaving,V,https://en.wikipedia.org/wiki/V_for_Vendetta_(film),"no scene detail in sources; the only tie is that the area from Trafalgar Square up to Parliament was closed to film the Westminster finale, so the square itself is not tied to a scene; billing order",check
Q34924754,Chippewa Square,Q134773,Forrest Gump,Forrest tells his life story from a bus-stop bench on the north edge of the square.,https://en.wikipedia.org/wiki/Forrest_Gump,Tom Hanks,Forrest Gump,Robin Wright,Jenny Curran,https://en.wikipedia.org/wiki/Forrest_Gump,second-billed is Robin Wright,keep
Q3888479,Four Corners Monument,Q1079,Breaking Bad,"In season four, Skyler stops at the monument and weighs escaping to Colorado.",https://en.wikipedia.org/wiki/Cornered_(Breaking_Bad),Bryan Cranston,Walter White,Anna Gunn,Skyler White,https://en.wikipedia.org/wiki/Breaking_Bad,top-billed lead was missing,keep
Q15246,International Finance Centre,Q163872,The Dark Knight,,,,,,,,,keep
Q21578,Princeton University,Q164103,A Beautiful Mind,John Nash arrives at Princeton in 1947 on a mathematics scholarship; the crew filmed on the campus.,https://en.wikipedia.org/wiki/A_Beautiful_Mind_(film),Russell Crowe,John Nash,Ed Harris,William Parcher,https://en.wikipedia.org/wiki/A_Beautiful_Mind,role name per article,keep
Q181172,Tikal,Q17738,Star Wars: Episode IV – A New Hope,Stood in for the moon Yavin 4.,https://en.wikipedia.org/wiki/Tikal,Mark Hamill,Luke Skywalker,Harrison Ford,Han Solo,https://en.wikipedia.org/wiki/Star_Wars_(film),"duplicate of rank 49 (Tikal Temple IV, same film and scene); keep one of the two; top-billed lead was missing",check
Q19813,Hatfield House,Q5890,V for Vendetta,,,Natalie Portman,Evey Hammond,Hugo Weaving,V,https://en.wikipedia.org/wiki/V_for_Vendetta_(film),no scene detail in sources (the house article lists V for Vendetta among its films); billing order,keep
Q859404,Central–Mid-levels escalators,Q163872,The Dark Knight,,,,,,,,no scene detail in sources (filming there 6-11 Nov 2007 only); seed line is generic - recommend blanking it,keep
Q1757744,The Peninsula Hong Kong,Q163872,The Dark Knight,,,,,,,,,keep
Q192017,Monument Valley,Q103474,2001: A Space Odyssey,"Its landscapes, colour-filtered, appear in the film's Star Gate sequence.",https://en.wikipedia.org/wiki/2001:_A_Space_Odyssey,,,,,,,keep
Q239935,City of Arts and Sciences,Q34316,Doctor Who,"Filmed here: the Doctor and Bill explore a far-future Earth colony in the series 10 episode ""Smile"".",https://en.wikipedia.org/wiki/Smile_(Doctor_Who),Peter Capaldi,the Twelfth Doctor,Pearl Mackie,Bill Potts,https://en.wikipedia.org/wiki/Smile_(Doctor_Who),leads of the episode 'Smile' (series 10),keep
Q270263,London Zoo,Q102438,Harry Potter and the Philosopher's Stone,"In the Reptile House, Harry accidentally sets a python loose on his cousin Dudley.",https://en.wikipedia.org/wiki/Harry_Potter_and_the_Philosopher%27s_Stone_(film),,,,,,,keep
Q262500,Gloucester Cathedral,Q102438,Harry Potter and the Philosopher's Stone,One of the two main locations used for Hogwarts school.,https://en.wikipedia.org/wiki/Harry_Potter_and_the_Philosopher%27s_Stone_(film),,,,,,,keep
Q19835,"Warner Bros. Studios, Leavesden",Q102438,Harry Potter and the Philosopher's Stone,"The Harry Potter films were made at this studio, now home to the Making of Harry Potter studio tour.","https://en.wikipedia.org/wiki/Warner_Bros._Studios,_Leavesden",,,,,,"studio; visitable only through the Studio Tour, which is probably the existing stamp 339 m away (possible_dup icon:Q27924395) - attach the film line there instead of a new spot",check
Q5519656,Gamble House,Q91540,Back to the Future,Its exterior plays Doc Brown's mansion in 1955.,"https://en.wikipedia.org/wiki/Gamble_House_(Pasadena,_California)",Michael J. Fox,Marty McFly,Christopher Lloyd,Doc Brown,https://en.wikipedia.org/wiki/Back_to_the_Future,top-billed lead was missing,keep
Q961148,Leadenhall Market,Q102438,Harry Potter and the Philosopher's Stone,Stood in for the part of London near the Leaky Cauldron and Diagon Alley.,https://en.wikipedia.org/wiki/Leadenhall_Market,,,,,,,keep
Q235884,Chhatrapati Shivaji Maharaj Terminus,Q125076,Slumdog Millionaire,,,Dev Patel,Jamal Malik,Freida Pinto,Latika,https://en.wikipedia.org/wiki/Slumdog_Millionaire,seed listed Jamal twice (child actor),keep
Q990658,Aldwych tube station,Q5890,V for Vendetta,The disused station stood in for the film's abandoned London Underground.,https://en.wikipedia.org/wiki/V_for_Vendetta_(film),Natalie Portman,Evey Hammond,Hugo Weaving,V,https://en.wikipedia.org/wiki/V_for_Vendetta_(film),billing order,keep
Q15523,Lake Como,Q181069,Star Wars: Episode II – Attack of the Clones,,,Ewan McGregor,Obi-Wan Kenobi,Natalie Portman,Padmé Amidala,https://en.wikipedia.org/wiki/Star_Wars:_Episode_II_%E2%80%93_Attack_of_the_Clones,no scene detail in sources (location shooting at Villa del Balbianello on Lake Como); the villa would be a better point than the lake centroid; billing order,keep
Q569978,Caesars Palace,Q192724,Iron Man,,,,,,,,no scene detail in sources (filming concluded at Caesars Palace),keep
Q1071445,Cheyenne Mountain,Q13417189,Interstellar,,,,,,,,story setting only: the article says the mountain 'serves as NASA's secret headquarters' in the film; no source says it was filmed there,drop_not_filmed_here
Q32378156,Cementerio de Sad Hill,Q41483,"The Good, the Bad and the Ugly","Built for the film: the graveyard where the three gunmen's $200,000 in gold is said to be buried.","https://en.wikipedia.org/wiki/The_Good,_the_Bad_and_the_Ugly",Clint Eastwood,Blondie,Eli Wallach,Tuco,"https://en.wikipedia.org/wiki/The_Good,_the_Bad_and_the_Ugly",second-billed is Eli Wallach; role names per article,keep
Q4918900,Mentmore Towers,Q166262,Batman Begins,"Stood in for Wayne Manor, Bruce Wayne's family home.",https://en.wikipedia.org/wiki/Batman_Begins,,,,,,,keep
Q849143,Chott el Djerid,Q17738,Star Wars: Episode IV – A New Hope,,,Mark Hamill,Luke Skywalker,Harrison Ford,Han Solo,https://en.wikipedia.org/wiki/Star_Wars_(film),no scene detail in sources (only 'principal photography began in Chott el Djerid'); the seed line is not a scene - recommend blanking it; top-billed lead was missing,keep
Q474326,Walt Disney Concert Hall,Q192724,Iron Man,Appears briefly as the venue of a Stark Industries party.,https://en.wikipedia.org/wiki/Walt_Disney_Concert_Hall,,,,,,,keep
Q2134416,Normandy American Cemetery and Memorial,Q165817,Saving Private Ryan,"The film opens here, with an elderly veteran and his family visiting the war graves.",https://en.wikipedia.org/wiki/Normandy_American_Cemetery_and_Memorial,Tom Hanks,John H. Miller,Edward Burns,Richard Reiben,https://en.wikipedia.org/wiki/Saving_Private_Ryan,second-billed is Edward Burns,keep
Q2670896,Ksar Ouled Soltane,Q165713,Star Wars: Episode I – The Phantom Menace,,,,,,,,,keep
Q285468,Hashima Island,Q4941,Skyfall,"Exterior shots of the island were used for the villain Silva's abandoned island lair, which it inspired.",https://en.wikipedia.org/wiki/Skyfall,,,,,,,keep
Q49148,Martha's Vineyard,Q189505,Jaws,"The island stood in for Amity Island, the beach town where a shark attack threatens the summer season.",https://en.wikipedia.org/wiki/Jaws_(film),Roy Scheider,Martin Brody,Robert Shaw,Quint,https://en.wikipedia.org/wiki/Jaws_(film),second-billed is Robert Shaw (infobox); roles from lead and casting text,keep
Q290355,pont de Bir-Hakeim,Q25188,Inception,Part of Cobb and Ariadne's pivotal dream scenes in Paris was filmed on the bridge.,https://en.wikipedia.org/wiki/Inception,,,,,,,keep
Q19675,Louvre Museum,Q160560,The Da Vinci Code,Robert Langdon is called to the museum after its curator is found murdered.,https://en.wikipedia.org/wiki/The_Da_Vinci_Code_(film),,,,,,,keep
Q131315947,Hotel Sidi Driss,Q17738,Star Wars: Episode IV – A New Hope,,,Mark Hamill,Luke Skywalker,Harrison Ford,Han Solo,https://en.wikipedia.org/wiki/Star_Wars_(film),top-billed lead was missing,keep
Q5575368,Goathland railway station,Q102438,Harry Potter and the Philosopher's Stone,"Played Hogsmeade station, where the Hogwarts Express stops.",https://en.wikipedia.org/wiki/Goathland_railway_station,,,,,,,keep
Q595439,Santa Monica Pier,Q192724,Iron Man,,,,,,,,no scene detail in sources (Iron Man appears only in the pier article's list of films),keep
Q40729,Wadi Rum,Q228186,Lawrence of Arabia,,,Peter O'Toole,T. E. Lawrence,Alec Guinness,Prince Faisal,https://en.wikipedia.org/wiki/Lawrence_of_Arabia_(film),seed line kept; sources give no single scene; Cast section order (O'Toole is the 'introducing' credit),keep
Q180788,National Gallery,Q4941,Skyfall,"Bond meets Q, MI6's new quartermaster, at the gallery.",https://en.wikipedia.org/wiki/Skyfall,,,,,,,keep
Q619505,Elland Road,Q160060,The King's Speech,"Stood in for Wembley Stadium, where the prince stammers through his 1925 speech in the opening scene.",https://en.wikipedia.org/wiki/The_King%27s_Speech,,,,,,,keep
Q205666,Hampton Court Palace,Q183555,Pirates of the Caribbean: On Stranger Tides,,,Johnny Depp,Jack Sparrow,Penélope Cruz,Angelica,https://en.wikipedia.org/wiki/Pirates_of_the_Caribbean:_On_Stranger_Tides,no scene detail in sources (listed among locations only); top-billed lead was missing,keep
Q208181,Blenheim Palace,Q18602670,Spectre,Scenes shot at the palace stood in for Rome.,https://en.wikipedia.org/wiki/Spectre_(2015_film),Daniel Craig,James Bond,Christoph Waltz,Ernst Stavro Blofeld,https://en.wikipedia.org/wiki/Spectre_(2015_film),dropped 'Franz Oberhauser' (plot reveal),keep
Q579004,Ely Cathedral,Q160060,The King's Speech,Stood in for Westminster Abbey.,https://en.wikipedia.org/wiki/The_King%27s_Speech,,,,,,,keep
Q505954,Grand Bazaar,Q4941,Skyfall,,,,,,,,no scene detail in sources (the bazaar was closed for filming; the plot names only Istanbul); seed line is generic; recommend blanking the seed's generic line,keep
Q240711,Hotel Chelsea,Q484675,Léon: The Professional,,,Jean Reno,Léon,Gary Oldman,Norman Stansfield,https://en.wikipedia.org/wiki/L%C3%A9on:_The_Professional,"no scene detail in sources (the hotel article lists Leon among films with scenes shot there); billing order: Reno, Oldman, Portman",keep
Q12506,Hagia Sophia,Q106571,From Russia with Love,,,,,,,,no scene detail in sources that avoids a spoiler (the only detail is a character found dead there); seed line is generic; recommend blanking the seed's generic line,keep
Q723336,Ascot Racecourse,Q4941,Skyfall,Stood in for Shanghai Pudong International Airport.,https://en.wikipedia.org/wiki/Ascot_Racecourse,,,,,,,keep
Q7801881,Tikal Temple IV,Q17738,Star Wars: Episode IV – A New Hope,,,Mark Hamill,Luke Skywalker,Harrison Ford,Han Solo,https://en.wikipedia.org/wiki/Star_Wars_(film),"same scene as rank 10 (Tikal); keep this one, it is the more precise point; top-billed lead was missing",keep
Q379656,Saint Vincent,Q161087,Pirates of the Caribbean: Dead Man's Chest,,,Johnny Depp,Jack Sparrow,Orlando Bloom,Will Turner,https://en.wikipedia.org/wiki/Pirates_of_the_Caribbean:_Dead_Man's_Chest,no scene detail in sources; the film article names only the country (Saint Vincent and the Grenadines) and the spot is a whole island; top-billed lead was missing,drop_weak_evidence
Q2124779,Spitzkoppe,Q103474,2001: A Space Odyssey,,,,,,,,"still photographs, not location filming; seed line says so honestly",keep
Q1920322,Fox Plaza,Q105598,Die Hard,"Played Nakatomi Plaza, the office tower where the film's hostage siege takes place.",https://en.wikipedia.org/wiki/2121_Avenue_of_the_Stars,Bruce Willis,John McClane,Alan Rickman,Hans Gruber,https://en.wikipedia.org/wiki/Die_Hard,exterior only; the building cannot be toured; second-billed is Alan Rickman,keep
Q198536,SIS Building,Q18602670,Spectre,"Plays MI6's bombed-out old headquarters, where the film's finale takes place.",https://en.wikipedia.org/wiki/Spectre_(2015_film),Daniel Craig,James Bond,Christoph Waltz,Ernst Stavro Blofeld,https://en.wikipedia.org/wiki/Spectre_(2015_film),dropped 'Franz Oberhauser' (plot reveal),keep
Q2946,Palace of Versailles,Q206124,Midnight in Paris,,,,,,,,no scene detail in sources (listed among locations only),keep
Q390169,Lincoln Cathedral,Q160560,The Da Vinci Code,Its cloisters stood in for Westminster Abbey.,https://en.wikipedia.org/wiki/The_Da_Vinci_Code_(film),,,,,,,keep
Q83101,Taipei 101,Q15624215,Lucy,,,Scarlett Johansson,Lucy,Morgan Freeman,Professor Norman,https://en.wikipedia.org/wiki/Lucy_(2014_film),no scene detail in sources (listed among Taipei locations only); top-billed lead was missing,keep
Q19841,Knebworth House,Q160060,The King's Speech,"Used for the Balmoral party scene, among others.",https://en.wikipedia.org/wiki/Knebworth_House,,,,,,,keep
Q745296,Flushing Meadows–Corona Park,Q205028,Iron Man 2,,,,,,,,"story setting only: the Stark Expo is set in the park, but the film article says the Expo exterior was shot at the Sepulveda Dam and a high school (rank 113 covers that)",drop_not_filmed_here
Q1146311,Lancaster House,Q160060,The King's Speech,Its interiors stood in for Buckingham Palace.,https://en.wikipedia.org/wiki/The_King%27s_Speech,,,,,,,keep
Q80290,Forbidden City,Q212775,The Last Emperor,,,,,,,,,keep
Q164946,St Bartholomew's Hospital,Q4941,Skyfall,Used for the scene in which Bond enters MI6's new underground headquarters.,https://en.wikipedia.org/wiki/Skyfall,,,,,,,keep
Q1753590,Old Royal Naval College,Q4941,Skyfall,,,,,,,,no scene detail in sources (listed among London locations only),keep
Q21083961,Shibuya scramble crossing,Q107270,Lost in Translation,,,,,,,,,keep
Q1093944,San Francisco City Hall,Q174284,Raiders of the Lost Ark,Its Grand Staircase stood in for a Washington government building; the final exterior scene was shot on its steps.,https://en.wikipedia.org/wiki/Raiders_of_the_Lost_Ark,Harrison Ford,Indiana Jones,Karen Allen,Marion Ravenwood,https://en.wikipedia.org/wiki/Raiders_of_the_Lost_Ark,billing order,keep
Q1081023,Bonneville Salt Flats,Q105387,Independence Day,,,Will Smith,Steven Hiller,Bill Pullman,Thomas J. Whitmore,https://en.wikipedia.org/wiki/Independence_Day_(1996_film),"no scene detail in sources (three scenes filmed on the flats, unnamed); second-billed is Bill Pullman",keep
Q1139488,Rocky Steps,Q188652,Rocky,,,Sylvester Stallone,Rocky Balboa,Talia Shire,Adrian,https://en.wikipedia.org/wiki/Rocky,top-billed lead was missing,keep
Q9141,Taj Mahal,Q208344,Armageddon,,,Bruce Willis,Harry S. Stamper,Billy Bob Thornton,Dan Truman,https://en.wikipedia.org/wiki/Armageddon_(1998_film),no scene detail in sources (listed among the film's worldwide locations); second-billed is Billy Bob Thornton,keep
Q476529,Winchester Cathedral,Q160560,The Da Vinci Code,Its north transept played the Vatican; the cathedral also stood in for Westminster Abbey.,https://en.wikipedia.org/wiki/Winchester_Cathedral,,,,,,,keep
Q1143701,Cumberland Lodge,Q160060,The King's Speech,,,,,,,,"no scene detail in sources (interior and exterior shots, unnamed)",keep
Q615949,Liwa Oasis,Q6074,Star Wars: Episode VII – The Force Awakens,,,,,,,,,keep
Q5049457,Cassiobury Park,Q165713,Star Wars: Episode I – The Phantom Menace,Whippendell Wood played the Naboo forest where Qui-Gon and Obi-Wan first meet Jar Jar Binks.,https://en.wikipedia.org/wiki/Cassiobury_Park,,,,,,,keep
Q44057,Millennium Bridge,Q5887360,Guardians of the Galaxy,Stood in for the planet Xandar during the climactic battle.,https://en.wikipedia.org/wiki/Guardians_of_the_Galaxy_(film),,,,,,,keep
Q3115714,Odsal Stadium,Q160060,The King's Speech,Its curved ends stood in for Wembley Stadium in the opening scene at the 1925 Empire Exhibition.,https://en.wikipedia.org/wiki/The_King%27s_Speech,,,,,,,keep
Q1015079,Burghley House,Q160560,The Da Vinci Code,,,,,,,,no scene detail in sources (listed among locations only),keep
Q1483099,Mehrangarh Fort,Q189330,The Dark Knight Rises,,,,,,,,no scene detail in sources (only 'principal photography commenced at the fort'); the seed line is not a scene - recommend blanking it,keep
Q125006,Brooklyn Bridge,Q212689,I Am Legend,Setting of the flashback in which New York is evacuated and the bridge is blown up to quarantine Manhattan.,https://en.wikipedia.org/wiki/I_Am_Legend_(film),Will Smith,Robert Neville,Alice Braga,Anna,https://en.wikipedia.org/wiki/I_Am_Legend_(film),cast was empty,keep
Q48821,Kennedy Space Center,Q106428,Apollo 13,,,Tom Hanks,Jim Lovell,Kevin Bacon,Jack Swigert,https://en.wikipedia.org/wiki/Apollo_13_(film),no scene detail in sources (the centre's article only lists the film; the film article names it as a story setting); second-billed is Kevin Bacon,check
Q795322,Charing Cross tube station,Q4941,Skyfall,,,,,,,,no scene detail in sources (listed among London locations only),keep
Q74077989,Joker stairs,Q42759035,Joker,,,Joaquin Phoenix,Arthur Fleck,Robert De Niro,Murray Franklin,https://en.wikipedia.org/wiki/Joker_(2019_film),second-billed is Robert De Niro,keep
Q49642,"Rosslyn Chapel, Roslin",Q160560,The Da Vinci Code,The cryptex's final clue leads Langdon and Sophie to the chapel.,https://en.wikipedia.org/wiki/The_Da_Vinci_Code_(film),,,,,,,keep
Q5555209,Halton House,Q160060,The King's Speech,,,,,,,,"no scene detail in sources (listed only); the house is RAF Halton's officers' mess, so check that it is visitable",check
Q185382,Trevi Fountain,Q18407,La Dolce Vita,Sylvia wades into the fountain at night and Marcello follows her in.,https://en.wikipedia.org/wiki/La_Dolce_Vita,Marcello Mastroianni,Marcello Rubini,Anita Ekberg,Sylvia,https://en.wikipedia.org/wiki/La_Dolce_Vita,cast was empty,keep
Q1259626,Al Khazneh,Q185658,Indiana Jones and the Last Crusade,,,Harrison Ford,Indiana Jones,Sean Connery,Henry Jones Sr.,https://en.wikipedia.org/wiki/Indiana_Jones_and_the_Last_Crusade,Cast section order; infobox lists Connery last (the 'and' credit),keep
Q1348507,Zócalo,Q18602670,Spectre,,,Daniel Craig,James Bond,Christoph Waltz,Ernst Stavro Blofeld,https://en.wikipedia.org/wiki/Spectre_(2015_film),dropped 'Franz Oberhauser' (plot reveal),keep
Q624409,Mapo Bridge,Q14171368,Avengers: Age of Ultron,,,,,,,,no scene detail in sources (filming in South Korea began on the bridge),keep
Q4972142,Broadcasting House,Q34316,Doctor Who,,,Christopher Eccleston,the Ninth Doctor,Billie Piper,Rose Tyler,https://en.wikipedia.org/wiki/Rose_(Doctor_Who_episode),the only tie is that a lift shot for the episode 'Rose' was recorded here; the building was the BBC's former Cardiff HQ - too thin for a stamp; leads of the episode 'Rose' (series 1),drop_weak_evidence
Q668641,Spice Bazaar,Q4941,Skyfall,,,,,,,,no scene detail in sources (the bazaar was closed for filming); seed line is generic; recommend blanking the seed's generic line,keep
Q2130840,Randy's Donuts,Q205028,Iron Man 2,"Tony Stark, in his armour, sits inside the giant doughnut sign eating a box of donuts.",https://en.wikipedia.org/wiki/Randy%27s_Donuts,,,,,,,keep
Q216511,Basilica Cistern,Q106571,From Russia with Love,,,,,,,,no scene detail in sources; seed line is generic; recommend blanking the seed's generic line,keep
Q979167,Ajim,Q17738,Star Wars: Episode IV – A New Hope,,,Mark Hamill,Luke Skywalker,Harrison Ford,Han Solo,https://en.wikipedia.org/wiki/Star_Wars_(film),"no scene detail in sources; town-level spot ('the city and surrounding areas'), seed line is generic; top-billed lead was missing; recommend blanking the seed's generic line",check
Q247420,Dodger Stadium,Q213081,Star Trek,A parking lot outside the stadium stood in for the ice planet Delta Vega and the Romulan drill on Vulcan.,https://en.wikipedia.org/wiki/Star_Trek_(2009_film),Chris Pine,James T. Kirk,Zachary Quinto,Spock,https://en.wikipedia.org/wiki/Star_Trek_(2009_film),Cast section order (infobox is alphabetical),keep
Q5713579,Hendon Police College,Q14171368,Avengers: Age of Ultron,,,,,,,,no scene detail in sources; a police training college is not a visitor place,check
Q12495,Burj Khalifa,Q628154,Mission: Impossible – Ghost Protocol,,,,,,,,,keep
Q7231999,Portland Place,Q160060,The King's Speech,No. 33 played Lionel Logue's consulting rooms and the Duke of York's family home.,https://en.wikipedia.org/wiki/The_King%27s_Speech,,,,,,the spot is the street; the building used is 33 Portland Place,keep
Q188754,Himeji Castle,Q107761,You Only Live Twice,,,Sean Connery,James Bond,Akiko Wakabayashi,Aki,https://en.wikipedia.org/wiki/You_Only_Live_Twice_(film),infobox lists only Connery; second from Cast section order,keep
Q1858111,Monuriki,Q213411,Cast Away,,,,,,,,,keep
Q49117,University of Pennsylvania,Q204057,Philadelphia,,,Tom Hanks,Andrew Beckett,Denzel Washington,Joe Miller,https://en.wikipedia.org/wiki/Philadelphia_(film),"the film article names only 'the University of Pennsylvania library' among other locations; the spot-side evidence is the university's opening line, and a campus is a weak stamp; seed leads were wrong (Julius Erving / Santa Claus)",check
Q3038022,Ksar Hadada,Q165713,Star Wars: Episode I – The Phantom Menace,,,,,,,,,keep
Q1046446,Casa Loma,Q106182,X-Men,Its interiors stood in for the X-Mansion.,https://en.wikipedia.org/wiki/X-Men_(film),Patrick Stewart,Charles Xavier,Hugh Jackman,Wolverine,https://en.wikipedia.org/wiki/X-Men_(film),second-billed is Hugh Jackman,keep
Q456960,Westminster Bridge,Q18602670,Spectre,"Scenes of the film's finale were shot on the bridge, with a helicopter flying low over the river.",https://en.wikipedia.org/wiki/Spectre_(2015_film),Daniel Craig,James Bond,Christoph Waltz,Ernst Stavro Blofeld,https://en.wikipedia.org/wiki/Spectre_(2015_film),dropped 'Franz Oberhauser' (plot reveal),keep
Q3649486,Cadogan Square,Q4941,Skyfall,,,,,,,,no scene detail in sources (listed among London locations only),keep
Q7400532,Sainsbury Centre,Q14171368,Avengers: Age of Ultron,,,,,,,,no scene detail in sources ('several scenes' filmed at the centre),keep
Q76122,Salar de Uyuni,Q18486021,Star Wars: Episode VIII – The Last Jedi,,,Mark Hamill,Luke Skywalker,Carrie Fisher,Leia Organa,https://en.wikipedia.org/wiki/Star_Wars:_The_Last_Jedi,billing order,keep
Q190210,Mykonos,Q105624,The Bourne Identity,"The film's final scene, set in a scooter rental shop, was shot on the island.",https://en.wikipedia.org/wiki/Mykonos,,,,,,,keep
Q745460,Cathedral of Our Lady of Strasbourg,Q243643,Sherlock Holmes: A Game of Shadows,,,,,,,,"no scene detail in sources (shooting took place on, around and inside the cathedral)",keep
Q5729651,Midtown High School,Q23010088,Spider-Man: Homecoming,,,,,,,,"no scene detail in sources: the film article lists Grady High School (the school's former name) among Atlanta locations; Peter's fictional school is the Midtown School of Science and Technology, but no source says this school played it",keep
Q2593762,Café des 2 Moulins,Q484048,Amélie,,,Audrey Tautou,Amélie Poulain,Mathieu Kassovitz,Nino Quincampoix,https://en.wikipedia.org/wiki/Am%C3%A9lie,second lead was missing,keep
Q29014,Millennium Dome,Q212145,The World Is Not Enough,"Bond's pre-title boat chase down the Thames ends at the Dome, where the assassin flees by hot-air balloon.",https://en.wikipedia.org/wiki/The_World_Is_Not_Enough,,,,,,the Dome is the same building as The O2 Arena stamp 64 m away - attach as a film line rather than a new spot,keep
Q5648547,Hankley Common,Q4941,Skyfall,Stood in for Scotland: Bond's family home was built here as a full-scale plywood and plaster model.,https://en.wikipedia.org/wiki/Skyfall,,,,,,,keep
Q207193,Skellig Michael,Q18486021,Star Wars: Episode VIII – The Last Jedi,"Played the island planet Ahch-To, where Rey seeks out Luke Skywalker.",https://en.wikipedia.org/wiki/Skellig_Michael,Mark Hamill,Luke Skywalker,Carrie Fisher,Leia Organa,https://en.wikipedia.org/wiki/Star_Wars:_The_Last_Jedi,billing order,keep
Q1435790,Fontainebleau Miami Beach,Q106440,Goldfinger,Seen in the aerial shot after the opening credits; Bond's poolside scenes were shot on a Pinewood recreation.,https://en.wikipedia.org/wiki/Goldfinger_(film),,,,,,,keep
Q43473,Angkor Wat,Q1056853,In the Mood for Love,"Chow, working as a journalist in Cambodia, visits the temple.",https://en.wikipedia.org/wiki/In_the_Mood_for_Love,Maggie Cheung,Su Li-zhen,Tony Leung Chiu-wai,Chow Mo-wan,https://en.wikipedia.org/wiki/In_the_Mood_for_Love,reworded to drop 'the final sequence'; cast was empty,keep
Q7452396,Sepulveda Dam,Q205028,Iron Man 2,Part of the Stark Expo exterior was shot here against a giant green screen.,https://en.wikipedia.org/wiki/Iron_Man_2,,,,,,,keep
Q648192,Six Flags New Orleans,Q3512046,Jurassic World,The Jurassic World park's Main Street and boardwalk were built in the abandoned park's parking lot.,https://en.wikipedia.org/wiki/Jurassic_World,,,,,,the park is abandoned and closed to the public,check
Q20725,Yonge Street,Q466611,The Incredible Hulk,"Closed for four nights to shoot the climactic fight between the Hulk and Blonsky, which is set in Harlem.",https://en.wikipedia.org/wiki/The_Incredible_Hulk_(film),,,,,,,keep
Q1032254,Pangong Tso,Q229633,3 Idiots,,,Aamir Khan,Rancho,R. Madhavan,Farhan Qureshi,https://en.wikipedia.org/wiki/3_Idiots,"cast was empty; Khan's full role name is a plot reveal, so 'Rancho'",keep
Q1049514,Castle Howard,Q471716,Barry Lyndon,Its exteriors played the Lyndon estate.,https://en.wikipedia.org/wiki/Barry_Lyndon,Ryan O'Neal,Redmond Barry,Marisa Berenson,Lady Lyndon,https://en.wikipedia.org/wiki/Barry_Lyndon,billing order,keep
Q25007,Bellagio Hotel & Casino,Q205447,Ocean's Eleven,The heist target: Danny Ocean's crew plans to rob the casino's underground vault.,https://en.wikipedia.org/wiki/Bellagio_(resort),George Clooney,Danny Ocean,Matt Damon,Linus Caldwell,https://en.wikipedia.org/wiki/Ocean's_Eleven,second-billed is Matt Damon,keep
Q130958,The Great Sphinx,Q320423,The Spy Who Loved Me,,,Roger Moore,James Bond,Barbara Bach,Anya Amasova,https://en.wikipedia.org/wiki/The_Spy_Who_Loved_Me_(film),second-billed is Barbara Bach,keep
Q1093950,Old City Hall,Q18602670,Spectre,"Played the headquarters of the Joint Intelligence Service, the new agency run by C.",https://en.wikipedia.org/wiki/110_The_Queen%27s_Walk,Daniel Craig,James Bond,Christoph Waltz,Ernst Stavro Blofeld,https://en.wikipedia.org/wiki/Spectre_(2015_film),city_level_suspect flag is a misfire - it is the former City Hall building; dropped 'Franz Oberhauser' (plot reveal),keep
Q127091,Pearl Harbor,Q194413,Pearl Harbor,The film recreates the 1941 attack; filming used the harbour's working naval facilities.,https://en.wikipedia.org/wiki/Pearl_Harbor_(film),Ben Affleck,Rafe McCawley,Josh Hartnett,Danny Walker,https://en.wikipedia.org/wiki/Pearl_Harbor_(film),role short form,keep
Q519826,Lawrence Livermore National Laboratory,Q171711,Star Trek Into Darkness,,,Chris Pine,James T. Kirk,Zachary Quinto,Spock,https://en.wikipedia.org/wiki/Star_Trek_Into_Darkness,no scene detail in sources; a secure national laboratory is not a visitor place (rank 159 is the same site); Cast section order (infobox is alphabetical),check
Q1726158,Longleat,Q471716,Barry Lyndon,,,Ryan O'Neal,Redmond Barry,Marisa Berenson,Lady Lyndon,https://en.wikipedia.org/wiki/Barry_Lyndon,no scene detail in sources (listed among locations without a role); billing order,keep
Q890802,Voidokilia beach,Q131547207,The Odyssey,Nestor's Cave above the beach was used for the scenes with the Cyclops Polyphemus.,https://en.wikipedia.org/wiki/The_Odyssey_(2026_film),Matt Damon,Odysseus,Tom Holland,Telemachus,https://en.wikipedia.org/wiki/The_Odyssey_(2026_film),second-billed is Tom Holland,keep
Q1275945,ESO Hotel,Q181540,Quantum of Solace,,,,,,,,the hotel is ESO staff accommodation at Paranal; check visitor access,keep
Q1032842,Canary Wharf,Q190588,Love Actually,,,,,,,,no scene detail in sources (the station is 'seen' in the film),keep
Q1812844,Ponte City Apartments,Q201819,District 9,"Several scenes were shot at the tower, which also appears in one of the film's final shots.",https://en.wikipedia.org/wiki/Ponte_City,Sharlto Copley,Wikus van de Merwe,Jason Cope,Christopher Johnson,https://en.wikipedia.org/wiki/District_9,second lead was missing; spelling per article,keep
Q207323,Vulcano,Q131547207,The Odyssey,"Used, with Lipari and Basiluzzo, for scenes set on the mythological island of Aeolia.",https://en.wikipedia.org/wiki/The_Odyssey_(2026_film),Matt Damon,Odysseus,Tom Holland,Telemachus,https://en.wikipedia.org/wiki/The_Odyssey_(2026_film),second-billed is Tom Holland,keep
Q795691,London Waterloo station,Q107226,The Bourne Ultimatum,Bourne meets the journalist Simon Ross at the station and tries to steer him clear of the CIA's watchers.,https://en.wikipedia.org/wiki/The_Bourne_Ultimatum_(film),Matt Damon,Jason Bourne,Julia Stiles,Nicky Parsons,https://en.wikipedia.org/wiki/The_Bourne_Ultimatum_(film),top-billed lead was missing,keep
Q952270,"Intrepid Sea, Air & Space Museum",Q212689,I Am Legend,,,Will Smith,Robert Neville,Alice Braga,Anna,https://en.wikipedia.org/wiki/I_Am_Legend_(film),no scene detail in sources (the flight deck was a location); same ship as the USS Intrepid stamp 118 m away; cast was empty,keep
Q909592,Washington Square Park,Q212689,I Am Legend,"Neville's fortified home in the deserted city is on the park, which was closed for filming.",https://en.wikipedia.org/wiki/I_Am_Legend_(film),Will Smith,Robert Neville,Alice Braga,Anna,https://en.wikipedia.org/wiki/I_Am_Legend_(film),cast was empty,keep
Q36332,Iguaçu Falls,Q334780,Moonraker,The falls appear in the film as a waterfall in the upper basin of the Amazon.,https://en.wikipedia.org/wiki/Moonraker_(film),Roger Moore,James Bond,Lois Chiles,Holly Goodhead,https://en.wikipedia.org/wiki/Moonraker_(film),second-billed is Lois Chiles,keep
Q1508450,Highclere Castle,Q83071,Downton Abbey,Plays Downton Abbey itself: the exterior and most of the upstairs interiors.,https://en.wikipedia.org/wiki/Downton_Abbey,Hugh Bonneville,Robert Crawley,Elizabeth McGovern,Cora Crawley,https://en.wikipedia.org/wiki/Downton_Abbey,article: 'The main cast ... is led by Hugh Bonneville ... and Elizabeth McGovern',keep
Q7596482,Stadium High School,Q169082,10 Things I Hate About You,,,Julia Stiles,Kat Stratford,Heath Ledger,Patrick Verona,https://en.wikipedia.org/wiki/10_Things_I_Hate_About_You,no scene detail in sources ('many of the scenes' were filmed at the school); a working school; billing order,keep
Q521155,Estates Theatre,Q190956,Amadeus,Most of the film's opera scenes were shot in the theatre where Mozart himself premiered Don Giovanni.,https://en.wikipedia.org/wiki/Estates_Theatre,F. Murray Abraham,Antonio Salieri,Tom Hulce,Wolfgang Amadeus Mozart,https://en.wikipedia.org/wiki/Amadeus_(film),top-billed lead was missing,keep
Q2802728,Contra Dam,Q19089,GoldenEye,Bond's opening bungee jump off a Soviet dam at Arkhangelsk was shot here.,https://en.wikipedia.org/wiki/GoldenEye,,,,,,,keep
Q1227891,Dirk Hartog Island,Q22665878,Thor: Ragnarok,,,,,,,,no scene detail in sources (second-unit filming only),keep
Q12858813,Lincoln Heights Jail,Q205028,Iron Man 2,Used for the scene in which Ivan Vanko is broken out of prison.,https://en.wikipedia.org/wiki/Lincoln_Heights_Jail,,,,,,a closed former jail; check that it can be visited,check
Q5365721,Elliott School,Q190588,Love Actually,Its assembly hall hosted the film's school Christmas pageant.,"https://en.wikipedia.org/wiki/Elliott_School,_Putney",,,,,,"a working school, not a visitor place",check
Q134140,Abu Simbel,Q320423,The Spy Who Loved Me,,,Roger Moore,James Bond,Barbara Bach,Anya Amasova,https://en.wikipedia.org/wiki/The_Spy_Who_Loved_Me_(film),no scene detail in sources (listed among Egyptian locations); seed line is generic; second-billed is Barbara Bach; recommend blanking the seed's generic line,keep
Q501003,Waterloo Bridge,Q109135,Trainspotting,Appears in the film's closing scene.,https://en.wikipedia.org/wiki/Waterloo_Bridge,Ewan McGregor,Mark Renton,Ewen Bremner,Spud,https://en.wikipedia.org/wiki/Trainspotting_(film),top-billed lead was missing,keep
Q848397,Maiden's Tower,Q212145,The World Is Not Enough,,,,,,,,,keep
Q1522793,Varda Viaduct,Q4941,Skyfall,,,,,,,,,keep
Q210280,Dettifoss,Q192686,Prometheus,The opening scene: the waterfall stands in for a landscape on a primordial Earth.,https://en.wikipedia.org/wiki/Dettifoss,Noomi Rapace,Elizabeth Shaw,Michael Fassbender,David,https://en.wikipedia.org/wiki/Prometheus_(2012_film),role per article,keep
Q7448348,Selfridges,Q190588,Love Actually,,,,,,,,no scene detail in sources (listed among London locations only),keep
Q585521,Biltmore Estate,Q722682,Hannibal,"Played the estate of Mason Verger, Lecter's wealthy surviving victim.",https://en.wikipedia.org/wiki/Hannibal_(2001_film),,,,,,city_level_suspect flag is a misfire - it is a single estate,keep
Q2628510,Badminton House,Q194413,Pearl Harbor,,,Ben Affleck,Rafe McCawley,Josh Hartnett,Danny Walker,https://en.wikipedia.org/wiki/Pearl_Harbor_(film),no scene detail in sources ('some scenes'); a private house; role short form,check
Q1051217,Crystal Cathedral,Q171711,Star Trek Into Darkness,,,Chris Pine,James T. Kirk,Zachary Quinto,Spock,https://en.wikipedia.org/wiki/Star_Trek_Into_Darkness,no scene detail in sources (listed among additional locations); Cast section order (infobox is alphabetical),keep
Q522862,Karnak Temple Complex,Q320423,The Spy Who Loved Me,,,Roger Moore,James Bond,Barbara Bach,Anya Amasova,https://en.wikipedia.org/wiki/The_Spy_Who_Loved_Me_(film),no scene detail in sources (listed among Egyptian locations); seed line is generic; second-billed is Barbara Bach; recommend blanking the seed's generic line,keep
Q6878725,Mission San Juan Bautista,Q202548,Vertigo,Scottie recognises the mission as the setting of Madeleine's nightmare; the film's tall bell tower was a matte painting.,https://en.wikipedia.org/wiki/Vertigo_(film),James Stewart,Scottie Ferguson,Kim Novak,Madeleine Elster,https://en.wikipedia.org/wiki/Vertigo_(film),"cast was empty; Novak's second role name is the twist, so left out",keep
Q204871,Charles Bridge,Q1741232,Mission: Impossible,Appears as itself during the team's Prague mission.,https://en.wikipedia.org/wiki/Mission:_Impossible_(film),,,,,,,keep
Q944225,Waddesdon Manor,Q20707362,The Crown,,,,,,,,no scene detail in sources (listed among additional UK locations),keep
Q2859435,Aragon Ballroom,Q14772351,Batman v Superman: Dawn of Justice,Doubled as the theatre in the scene with Thomas and Martha Wayne.,https://en.wikipedia.org/wiki/Aragon_Ballroom_(Chicago),,,,,,,keep
Q666628,Furka Pass,Q106440,Goldfinger,Tilly Masterson takes a rifle shot at Goldfinger here; one curve is now signed 'James Bond Strasse'.,https://en.wikipedia.org/wiki/Goldfinger_(film),,,,,,,keep
Q4022491,Tavern on the Green,Q108745,Ghostbusters,,,Bill Murray,Peter Venkman,Dan Aykroyd,Ray Stantz,https://en.wikipedia.org/wiki/Ghostbusters,no scene detail in sources (listed among New York locations); second-billed is Dan Aykroyd,keep
Q2914326,Roman amphitheatre of El Jem,Q24953,Monty Python’s Life of Brian,,,Graham Chapman,Brian Cohen,John Cleese,Reg,https://en.wikipedia.org/wiki/Monty_Python's_Life_of_Brian,no scene detail in sources ('featured in'); seed line is generic; second-billed is John Cleese; recommend blanking the seed's generic line,keep
Q1472049,Salisbury Plain,Q62721520,1917,,,George MacKay,Will Schofield,Dean-Charles Chapman,Tom Blake,https://en.wikipedia.org/wiki/1917_(2019_film),"no scene detail in sources (set construction on the plain); a large, partly restricted military training area; role short form",check
Q2616330,Bedford Park Boulevard,Q42759035,Joker,,,Joaquin Phoenix,Arthur Fleck,Robert De Niro,Murray Franklin,https://en.wikipedia.org/wiki/Joker_(2019_film),"the film article says the protest scene was shot at Church Avenue station in Brooklyn, dressed to look like Bedford Park Boulevard - not filmed here; second-billed is Robert De Niro",drop_not_filmed_here
Q1431014,National Ignition Facility,Q171711,Star Trek Into Darkness,Stood in for the starship Enterprise's warp core.,https://en.wikipedia.org/wiki/National_Ignition_Facility,Chris Pine,James T. Kirk,Zachary Quinto,Spock,https://en.wikipedia.org/wiki/Star_Trek_Into_Darkness,"inside a secure national laboratory, not a visitor place (rank 122 is the same site); Cast section order (infobox is alphabetical)",check
Q21712009,"Firehouse, Hook & Ladder Company 8",Q108745,Ghostbusters,Its exterior is the Ghostbusters' headquarters; the interiors were shot in Los Angeles.,"https://en.wikipedia.org/wiki/Firehouse,_Hook_%26_Ladder_Company_8",Bill Murray,Peter Venkman,Dan Aykroyd,Ray Stantz,https://en.wikipedia.org/wiki/Ghostbusters,second-billed is Dan Aykroyd,keep
Q1900452,Corrour railway station,Q109135,Trainspotting,"Setting of the 'great outdoors' scene, where Tommy suggests the group climb Leum Uilleim.",https://en.wikipedia.org/wiki/Trainspotting_(film),Ewan McGregor,Mark Renton,Ewen Bremner,Spud,https://en.wikipedia.org/wiki/Trainspotting_(film),top-billed lead was missing,keep
Q5580261,Goldney Hall,Q192837,Sherlock,"In series three, its orangery hosted John and Mary's wedding reception in 'The Sign of Three'.",https://en.wikipedia.org/wiki/The_Sign_of_Three,Benedict Cumberbatch,Sherlock Holmes,Martin Freeman,John Watson,https://en.wikipedia.org/wiki/Sherlock_(TV_series),seed leads were supporting cast,keep
Q1138183,Philadelphia City Hall,Q204057,Philadelphia,The film's courtroom scenes were shot here.,https://en.wikipedia.org/wiki/Philadelphia_(film),Tom Hanks,Andrew Beckett,Denzel Washington,Joe Miller,https://en.wikipedia.org/wiki/Philadelphia_(film),city_level_suspect flag is a misfire - it is the City Hall building; seed leads were wrong (Julius Erving / Santa Claus),keep
Q2919276,Nuevos Ministerios,Q29647346,Money Heist,"In seasons three and four, its exterior stood in for the Bank of Spain, the target of the second heist.",https://en.wikipedia.org/wiki/Nuevos_Ministerios,Úrsula Corberó,Tokyo,Álvaro Morte,the Professor,https://en.wikipedia.org/wiki/Money_Heist,billing order; roles from the article's lead,keep
Q25840,Powerscourt Estate,Q471716,Barry Lyndon,Several interiors were filmed in the house months before a fire destroyed them; the film is now their record.,https://en.wikipedia.org/wiki/Barry_Lyndon,Ryan O'Neal,Redmond Barry,Marisa Berenson,Lady Lyndon,https://en.wikipedia.org/wiki/Barry_Lyndon,billing order,keep
Q2723521,"City Palace, Udaipur",Q204398,Octopussy,,,,,,,,,keep
Q125138,Queens–Midtown Tunnel,Q51416,Men in Black,"The MIB car drives along the tunnel's ceiling, to Elvis's 'Promised Land'.",https://en.wikipedia.org/wiki/Men_in_Black_(1997_film),Tommy Lee Jones,Agent K,Will Smith,Agent J,https://en.wikipedia.org/wiki/Men_in_Black_(1997_film),sources describe the scene as set in the tunnel; none says it was shot there; second-billed is Will Smith,check
Q12066704,Queen Street Mill,Q160060,The King's Speech,,,,,,,,no scene detail in sources (the weaving shed was used in one scene),keep
Q29997039,Villa La Gaeta,Q151904,Casino Royale,Its exterior is the lakeside estate of the film's closing scene.,https://en.wikipedia.org/wiki/Villa_La_Gaeta,Daniel Craig,James Bond,Eva Green,Vesper Lynd,https://en.wikipedia.org/wiki/Casino_Royale_(2006_film),second-billed is Eva Green,keep
Q801124,Liverpool Street station,Q1741232,Mission: Impossible,,,,,,,,no scene detail in sources (used as a backdrop),keep
Q17570947,Ardverikie House,Q21534241,No Time to Die,,,Daniel Craig,James Bond,Rami Malek,Lyutsifer Safin,https://en.wikipedia.org/wiki/No_Time_to_Die,no scene detail in sources ('some scenes' shot at the estate); second-billed is Rami Malek,keep
Q18749113,Neir's Tavern,Q42047,Goodfellas,Several of the film's bar scenes were shot inside the tavern.,https://en.wikipedia.org/wiki/Neir%27s_Tavern,Robert De Niro,Jimmy Conway,Ray Liotta,Henry Hill,https://en.wikipedia.org/wiki/Goodfellas,billing order,keep
Q152207,Nürburgring,Q1768437,Rush,"The 1976 German Grand Prix scenes, where Lauda argues to call off the race in heavy rain, were shot here.",https://en.wikipedia.org/wiki/Rush_(2013_film),,,,,,,keep
Q12976928,Kelani River at Kitulgala,Q188718,The Bridge on the River Kwai,,,William Holden,Shears,Alec Guinness,Colonel Nicholson,https://en.wikipedia.org/wiki/The_Bridge_on_the_River_Kwai,billing order,keep
Q3125051,Meteora,Q332330,For Your Eyes Only,"Holy Trinity monastery played St Cyril's, the clifftop monastery Bond and Melina break into.",https://en.wikipedia.org/wiki/For_Your_Eyes_Only_(film),Roger Moore,James Bond,Carole Bouquet,Melina Havelock,https://en.wikipedia.org/wiki/For_Your_Eyes_Only_(film),second-billed is Carole Bouquet,keep
Q1337845,Emirates Palace,Q14650496,Furious 7,,,Vin Diesel,Dominic Toretto,Paul Walker,Brian O'Conner,https://en.wikipedia.org/wiki/Furious_7,no scene detail in sources (listed among the hotel's films); seed line is generic; top-billed lead was missing; recommend blanking the seed's generic line,keep
Q756561,Atlantic Ocean Road,Q21534241,No Time to Die,Bond's Aston Martin V8 Vantage driving sequence in Norway was shot along the road.,https://en.wikipedia.org/wiki/No_Time_to_Die,Daniel Craig,James Bond,Rami Malek,Lyutsifer Safin,https://en.wikipedia.org/wiki/No_Time_to_Die,second-billed is Rami Malek,keep
Q926350,The Beaufort Arms Hotel,Q34316,Doctor Who,Its courtyard played the exterior of Mr Sneed's funeral parlour in the 2005 episode 'The Unquiet Dead'.,https://en.wikipedia.org/wiki/The_Unquiet_Dead,Christopher Eccleston,the Ninth Doctor,Billie Piper,Rose Tyler,https://en.wikipedia.org/wiki/The_Unquiet_Dead,leads of the episode 'The Unquiet Dead' (series 1),keep
Q2081335,Petworth House,Q471716,Barry Lyndon,Its chapel appears in the film.,https://en.wikipedia.org/wiki/Barry_Lyndon,Ryan O'Neal,Redmond Barry,Marisa Berenson,Lady Lyndon,https://en.wikipedia.org/wiki/Barry_Lyndon,billing order,keep
Q7259437,Pullens buildings,Q160060,The King's Speech,Dressed as a street in 1930s London for the film.,https://en.wikipedia.org/wiki/The_King%27s_Speech,,,,,,,keep
Q3363986,Liberty State Park,Q51416,Men in Black,Agent J delivers a newborn alien squid on Morris Pesin Drive in the park.,https://en.wikipedia.org/wiki/Liberty_State_Park,Tommy Lee Jones,Agent K,Will Smith,Agent J,https://en.wikipedia.org/wiki/Men_in_Black_(1997_film),second-billed is Will Smith,keep
Q757166,Atlas Corporation Studios,Q207698,Kingdom of Heaven,,,Orlando Bloom,Balian of Ibelin,Eva Green,Sibylla,https://en.wikipedia.org/wiki/Kingdom_of_Heaven_(film),"no scene detail in sources (the film is only in the studio's filmography list); a working studio, though it runs tours; Bloom plays the protagonist; the article lists the uncredited Edward Norton first, which is ignored; recommend blanking the seed's generic line",check
Q5328880,East Los Angeles College,Q14772351,Batman v Superman: Dawn of Justice,Its stadium hosted the film's football game between Gotham City University and Metropolis State.,https://en.wikipedia.org/wiki/Batman_v_Superman:_Dawn_of_Justice,,,,,,,keep
Q3857987,The Biltmore Los Angeles,Q108745,Ghostbusters,"Played the Sedgewick Hotel, where the Ghostbusters are hired to remove a gluttonous ghost.",https://en.wikipedia.org/wiki/Ghostbusters,Bill Murray,Peter Venkman,Dan Aykroyd,Ray Stantz,https://en.wikipedia.org/wiki/Ghostbusters,second-billed is Dan Aykroyd,keep
Q694708,Glienicke Bridge,Q18067135,Bridge of Spies,The prisoner exchange was filmed on the bridge where the real 1962 exchange took place.,https://en.wikipedia.org/wiki/Bridge_of_Spies_(film),,,,,,,keep
Q4008,Hongcun,Q273978,"Crouching Tiger, Hidden Dragon",,,Chow Yun-fat,Li Mu Bai,Michelle Yeoh,Yu Shu Lien,"https://en.wikipedia.org/wiki/Crouching_Tiger,_Hidden_Dragon",no scene detail in sources; seed line is generic; roles without Chinese characters; recommend blanking the seed's generic line,keep
Q210722,Sugarloaf Mountain,Q334780,Moonraker,,,Roger Moore,James Bond,Lois Chiles,Holly Goodhead,https://en.wikipedia.org/wiki/Moonraker_(film),second-billed is Lois Chiles,keep
Q1195730,Khao Phing Kan (James Bond Island),Q309289,The Man with the Golden Gun,,,Roger Moore,James Bond,Christopher Lee,Francisco Scaramanga,https://en.wikipedia.org/wiki/The_Man_with_the_Golden_Gun_(film),second-billed is Christopher Lee,keep
Q502098,Baths of Caracalla,Q21451640,John Wick: Chapter 2,The scene of Gianna's coronation party was shot near the ruins.,https://en.wikipedia.org/wiki/John_Wick:_Chapter_2,,,,,,,keep
Q800974,Sirkeci railway station,Q106571,From Russia with Love,,,,,,,,,keep
Q1348023,Park Hyatt Tokyo (Shinjuku Park Tower),Q107270,Lost in Translation,,,,,,,,,keep
Q6021427,Indian River,Q161087,Pirates of the Caribbean: Dead Man's Chest,,,Johnny Depp,Jack Sparrow,Orlando Bloom,Will Turner,https://en.wikipedia.org/wiki/Pirates_of_the_Caribbean:_Dead_Man's_Chest,no scene detail in sources; seed line is generic; top-billed lead was missing; recommend blanking the seed's generic line,keep
Q1621375,Hjörleifshöfði,Q131547207,The Odyssey,Its black sands were used for scenes set in the Greek underworld of Hades.,https://en.wikipedia.org/wiki/The_Odyssey_(2026_film),Matt Damon,Odysseus,Tom Holland,Telemachus,https://en.wikipedia.org/wiki/The_Odyssey_(2026_film),second-billed is Tom Holland,keep
Q4640603,55 Central Park West,Q108745,Ghostbusters,"Dana Barrett's apartment building, 'Spook Central', and the setting of the climactic battle with Gozer.",https://en.wikipedia.org/wiki/Ghostbusters,Bill Murray,Peter Venkman,Dan Aykroyd,Ray Stantz,https://en.wikipedia.org/wiki/Ghostbusters,second-billed is Dan Aykroyd,keep
Q5209517,Daintree Rainforest,Q221491,The Thin Red Line,Stood in for Guadalcanal's jungle; most of the film was shot here.,https://en.wikipedia.org/wiki/The_Thin_Red_Line_(1998_film),Sean Penn,Edward Welsh,Jim Caviezel,Robert Witt,https://en.wikipedia.org/wiki/The_Thin_Red_Line_(1998_film),"role short form; billing after Penn is alphabetical, pair kept from seed",keep
Q1548664,Princes Street,Q109135,Trainspotting,The opening scene: Renton and Spud are chased down the street by shop security guards.,https://en.wikipedia.org/wiki/Trainspotting_(film),Ewan McGregor,Mark Renton,Ewen Bremner,Spud,https://en.wikipedia.org/wiki/Trainspotting_(film),top-billed lead was missing,keep
Q7894738,University High School,Q204228,The Mentalist,,,Simon Baker,Patrick Jane,Robin Tunney,Teresa Lisbon,https://en.wikipedia.org/wiki/The_Mentalist,"no scene detail in sources (a bare list entry 'The Mentalist, aired 2012'); a working school; fixed actor-name typo",drop_weak_evidence
Q329948,Palais-Royal,Q29261993,Mission: Impossible – Fallout,,,Tom Cruise,Ethan Hunt,Henry Cavill,August Walker,https://en.wikipedia.org/wiki/Mission:_Impossible_%E2%80%93_Fallout,no scene detail in sources (listed among Paris locations); top-billed lead was missing,keep
Q5033525,Cantacuzino Castle,Q105553568,Wednesday,"Its exterior plays Nevermore Academy, Wednesday's school for outcasts.",https://en.wikipedia.org/wiki/Wednesday_(TV_series),Jenna Ortega,Wednesday Addams,Gwendoline Christie,Larissa Weems,https://en.wikipedia.org/wiki/Wednesday_(TV_series),second-billed is Gwendoline Christie (season 1),keep
Q16888858,Yick Cheong Building,Q6151665,Transformers: Age of Extinction,,,Mark Wahlberg,Cade Yeager,Stanley Tucci,Joshua Joyce,https://en.wikipedia.org/wiki/Transformers:_Age_of_Extinction,the only source says the building 'inspired locations' in the film; nothing says it was filmed there; cast was empty; recommend blanking the seed's generic line,drop_weak_evidence
Q2187746,Lake Palace,Q204398,Octopussy,,,,,,,,,keep
Q190128,Ha Long Bay,Q21203766,Kong: Skull Island,,,Tom Hiddleston,James Conrad,Samuel L. Jackson,Preston Packard,https://en.wikipedia.org/wiki/Kong:_Skull_Island,no scene detail in sources (listed among northern Vietnam locations); seed line is generic; cast was empty; recommend blanking the seed's generic line,keep
Q704831,Ludwigsburg Palace,Q471716,Barry Lyndon,,,Ryan O'Neal,Redmond Barry,Marisa Berenson,Lady Lyndon,https://en.wikipedia.org/wiki/Barry_Lyndon,no scene detail in sources (listed among West German locations); billing order,keep
Q5610634,"Grosvenor Chapel, Mayfair",Q190588,Love Actually,The wedding at the start of the film takes place in the chapel.,https://en.wikipedia.org/wiki/Grosvenor_Chapel,,,,,,,keep
Q215255,Piccadilly Circus,Q221075,28 Days Later,Filmed empty in the early morning for the scenes of a deserted London.,https://en.wikipedia.org/wiki/28_Days_Later,Cillian Murphy,Jim,Naomie Harris,Selena,https://en.wikipedia.org/wiki/28_Days_Later,second lead was missing,keep
Q714828,Fushimi Inari-taisha,Q45839,Memoirs of a Geisha,,,Zhang Ziyi,Sayuri,Ken Watanabe,the Chairman,https://en.wikipedia.org/wiki/Memoirs_of_a_Geisha_(film),seed line only says scenes were shot here; no scene detail in sources; cast was empty,keep
Q2485027,Ford Island,Q194413,Pearl Harbor,,,Ben Affleck,Rafe McCawley,Josh Hartnett,Danny Walker,https://en.wikipedia.org/wiki/Pearl_Harbor_(film),"no scene detail in sources (the island article says it 'has been featured in films such as Tora! Tora! Tora! and Pearl Harbor'); the film article does not name it; a large, mostly military island next to the rank 121 row; role short form",check
Q13024284,Maya Bay,Q470692,The Beach,,,Leonardo DiCaprio,Richard,Tilda Swinton,Sal,https://en.wikipedia.org/wiki/The_Beach_(film),second-billed is Tilda Swinton,keep
Q2749189,Buena Vista Park,Q5901134,Ant-Man,,,Paul Rudd,Scott Lang,Evangeline Lilly,Hope van Dyne,https://en.wikipedia.org/wiki/Ant-Man_(film),no scene detail in sources ('scenes were shot' in the park); second-billed is Evangeline Lilly,keep
Q421678,Old Town Square,Q1741232,Mission: Impossible,Appears as itself during the team's Prague mission.,https://en.wikipedia.org/wiki/Mission:_Impossible_(film),,,,,,,keep
Q3031994,LaSalle Street Station,Q223139,North by Northwest,Thornhill and Eve Kendall arrive in Chicago here; she passes him the instructions for meeting Kaplan.,https://en.wikipedia.org/wiki/North_by_Northwest,Cary Grant,Roger Thornhill,Eva Marie Saint,Eve Kendall,https://en.wikipedia.org/wiki/North_by_Northwest,billing order,keep
Q169101,10 Downing Street,Q591272,Casino Royale,The exterior of No. 10 appears in the film's London sequences.,https://en.wikipedia.org/wiki/Casino_Royale_(1967_film),Peter Sellers,Evelyn Tremble,Ursula Andress,Vesper Lynd,https://en.wikipedia.org/wiki/Casino_Royale_(1967_film),top-billed is Peter Sellers,keep
Q953935,Lulworth Cove,Q28196,World War Z,,,Brad Pitt,Gerry Lane,Mireille Enos,Karin Lane,https://en.wikipedia.org/wiki/World_War_Z_(film),no scene detail in sources (a bare list entry in the cove's article); cast was empty,keep
Q860172,Canal Saint-Martin,Q29261993,Mission: Impossible – Fallout,Ethan Hunt and his team use the canal as an escape route.,https://en.wikipedia.org/wiki/Canal_Saint-Martin,Tom Cruise,Ethan Hunt,Henry Cavill,August Walker,https://en.wikipedia.org/wiki/Mission:_Impossible_%E2%80%93_Fallout,top-billed lead was missing,keep
Q1066676,Plaza Hotel,Q615254,Crocodile Dundee,,,Paul Hogan,Mick 'Crocodile' Dundee,Linda Kozlowski,Sue Charlton,https://en.wikipedia.org/wiki/Crocodile_Dundee,no scene detail in sources (listed among films that show the hotel); top-billed lead was missing,keep
Q671774,Piz Gloria,Q107894,On Her Majesty's Secret Service,"The revolving restaurant played Blofeld's mountaintop allergy clinic, from which Bond escapes on skis.",https://en.wikipedia.org/wiki/On_Her_Majesty%27s_Secret_Service_(film),George Lazenby,James Bond,Diana Rigg,Tracy di Vicenzo,https://en.wikipedia.org/wiki/On_Her_Majesty's_Secret_Service_(film),role per article (seed name gave away the marriage),keep
Q3321537,Monsoon Palace,Q204398,Octopussy,,,,,,,,,keep
Q221716,Kiyomizu-dera,Q45839,Memoirs of a Geisha,,,Zhang Ziyi,Sayuri,Ken Watanabe,the Chairman,https://en.wikipedia.org/wiki/Memoirs_of_a_Geisha_(film),no scene detail in sources; seed line is generic; cast was empty; recommend blanking the seed's generic line,keep
Q2982877,Invalidovna,Q190956,Amadeus,,,F. Murray Abraham,Antonio Salieri,Tom Hulce,Wolfgang Amadeus Mozart,https://en.wikipedia.org/wiki/Amadeus_(film),no scene detail in sources ('several other scenes' shot in the building); top-billed lead was missing,keep
Q1662947,Landeyjahöfn,Q131547207,The Odyssey,Its black sand beaches were used for scenes set in the Greek underworld of Hades.,https://en.wikipedia.org/wiki/The_Odyssey_(2026_film),Matt Damon,Odysseus,Tom Holland,Telemachus,https://en.wikipedia.org/wiki/The_Odyssey_(2026_film),second-billed is Tom Holland,keep
Q668710,Washington National Cathedral,Q3577037,The West Wing,"In the season two finale, Bartlet stays behind after a funeral here to rail at God in Latin.",https://en.wikipedia.org/wiki/Two_Cathedrals,Martin Sheen,Josiah Bartlet,Rob Lowe,Sam Seaborn,https://en.wikipedia.org/wiki/The_West_Wing,"Rob Lowe is first in the credits, Sheen closes them; Richard Schiff is not a lead over Lowe",keep
Q695840,Bendlerblock,Q159054,Valkyrie,Filmed in the real building from which Stauffenberg's 20 July plot was run.,https://en.wikipedia.org/wiki/Valkyrie_(film),Tom Cruise,Claus von Stauffenberg,Kenneth Branagh,Henning von Tresckow,https://en.wikipedia.org/wiki/Valkyrie_(film),role per article,keep
Q3160448,Jag Mandir,Q204398,Octopussy,,,,,,,,,keep
Q2103611,Maillé-Brézé,Q21935651,Dunkirk,The retired French destroyer was dressed as a 1940 British warship for the evacuation scenes.,https://en.wikipedia.org/wiki/Dunkirk_(2017_film),Fionn Whitehead,Tommy,Tom Glynn-Carney,Peter Dawson,https://en.wikipedia.org/wiki/Dunkirk_(2017_film),billing order,keep
Q3359372,Sgwd Henrhyd,Q189330,The Dark Knight Rises,The film's exterior waterfall scene was shot here.,https://en.wikipedia.org/wiki/The_Dark_Knight_Rises,,,,,,,keep
Q3570,Washington Union Station,Q722682,Hannibal,Lecter summons Starling to the station and urges her to quit her job.,https://en.wikipedia.org/wiki/Hannibal_(2001_film),,,,,,,keep
Q117284042,Echo Park Lake,Q644987,Chinatown,"Jake, out in a rowboat, pretends to photograph his associate as cover for snapping Hollis and Katherine.",https://en.wikipedia.org/wiki/Echo_Park_Lake,Jack Nicholson,J. J. Gittes,Faye Dunaway,Evelyn Mulwray,https://en.wikipedia.org/wiki/Chinatown_(1974_film),second-billed is Faye Dunaway,keep
Q1332478,Wye Valley,Q55632932,Sex Education,,,Asa Butterfield,Otis Milburn,Gillian Anderson,Jean Milburn,https://en.wikipedia.org/wiki/Sex_Education_(TV_series),"no scene detail in sources; the valley is a large area (filming was in Llandogo, Tintern, Symonds Yat, Monmouth and Redbrook) - a single village would be a better point; billing order",check
Q915413,Mosque of Ibn Tulun,Q320423,The Spy Who Loved Me,,,Roger Moore,James Bond,Barbara Bach,Anya Amasova,https://en.wikipedia.org/wiki/The_Spy_Who_Loved_Me_(film),no scene detail in sources; seed line is generic; second-billed is Barbara Bach; recommend blanking the seed's generic line,keep
Q7084756,Old Portal de Mercaderes,Q18602670,Spectre,,,Daniel Craig,James Bond,Christoph Waltz,Ernst Stavro Blofeld,https://en.wikipedia.org/wiki/Spectre_(2015_film),dropped 'Franz Oberhauser' (plot reveal),keep
Q214855,Bank of China Tower,Q156329,Star Trek: Voyager,Its exterior appears as the Starfleet Communications Research Center.,https://en.wikipedia.org/wiki/Bank_of_China_Tower_(Hong_Kong),Kate Mulgrew,Kathryn Janeway,Robert Beltran,Chakotay,https://en.wikipedia.org/wiki/Star_Trek:_Voyager,"exterior shot only, probably stock footage rather than location filming; billing order",check
Q17529210,Corsham Court,Q471716,Barry Lyndon,"Used for various interiors, including the music room scene.",https://en.wikipedia.org/wiki/Barry_Lyndon,Ryan O'Neal,Redmond Barry,Marisa Berenson,Lady Lyndon,https://en.wikipedia.org/wiki/Barry_Lyndon,billing order,keep
Q1754640,Seven Sisters,Q486822,Robin Hood: Prince of Thieves,The cliffs are where Robin lands on his return to England from the Crusades.,https://en.wikipedia.org/wiki/Robin_Hood:_Prince_of_Thieves,Kevin Costner,Robin of Locksley,Morgan Freeman,Azeem,https://en.wikipedia.org/wiki/Robin_Hood:_Prince_of_Thieves,role per article,keep
Q172880,Brands Hatch,Q1768437,Rush,"Stood in for several circuits, including Monza.",https://en.wikipedia.org/wiki/Brands_Hatch,,,,,,,keep
Q14220885,"Thunderball Grotto, Staniel Cay",Q107724,Thunderball,,,Sean Connery,James Bond,Claudine Auger,Domino,https://en.wikipedia.org/wiki/Thunderball_(film),role per article,keep
Q7191010,Pico House,Q204228,The Mentalist,Its rear stood in for the CBI headquarters in Sacramento.,https://en.wikipedia.org/wiki/The_Mentalist,Simon Baker,Patrick Jane,Robin Tunney,Teresa Lisbon,https://en.wikipedia.org/wiki/The_Mentalist,fixed actor-name typo,keep
Q926729,Paraty,Q60506,The Twilight Saga: Breaking Dawn – Part 1,,,,,,,,,keep
Q390508,Berlin-Hohenschönhausen Memorial,Q18067135,Bridge of Spies,,,,,,,,no scene detail in sources (listed among other locations),keep
Q3054354,Engyō-ji Temple,Q207130,The Last Samurai,,,Tom Cruise,Nathan Algren,Ken Watanabe,Katsumoto,https://en.wikipedia.org/wiki/The_Last_Samurai,"no scene detail in sources; seed line is generic; Cast section order (the infobox credit order puts Timothy Spall second); seed role for Watanabe was the historical model, not the character; recommend blanking the seed's generic line",keep
Q129470,Dead Horse Point State Park,Q505790,Mission: Impossible 2,"Ethan Hunt's entrance scene, free-solo climbing the cliffs, was shot in the park.",https://en.wikipedia.org/wiki/Mission:_Impossible_2,Tom Cruise,Ethan Hunt,Dougray Scott,Sean Ambrose,https://en.wikipedia.org/wiki/Mission:_Impossible_2,second-billed is Dougray Scott,keep
Q17374602,Regent Taipei,Q15624215,Lucy,Lucy is forced to deliver a briefcase to the drug lord Mr. Jang at the hotel.,https://en.wikipedia.org/wiki/Lucy_(2014_film),Scarlett Johansson,Lucy,Morgan Freeman,Professor Norman,https://en.wikipedia.org/wiki/Lucy_(2014_film),top-billed lead was missing,keep
Q5544754,George Square,Q28196,World War Z,Stood in for Philadelphia's financial district.,https://en.wikipedia.org/wiki/George_Square,Brad Pitt,Gerry Lane,Mireille Enos,Karin Lane,https://en.wikipedia.org/wiki/World_War_Z_(film),cast was empty,keep
Q733230,USS Ranger,Q471842,Star Trek IV: The Voyage Home,"Stood in for the aircraft carrier USS Enterprise, which Uhura and Chekov visit.",https://en.wikipedia.org/wiki/Star_Trek_IV:_The_Voyage_Home,William Shatner,James T. Kirk,Leonard Nimoy,Spock,https://en.wikipedia.org/wiki/Star_Trek_IV:_The_Voyage_Home,"the ship no longer exists - scrapped at Brownsville, completed November 2017 (USS Ranger article); nothing to visit; second-billed is Leonard Nimoy",drop_not_filmed_here
Q5451467,Fire Station No. 23,Q108745,Ghostbusters,Its interiors served as the inside of the Ghostbusters' firehouse headquarters.,"https://en.wikipedia.org/wiki/Firehouse,_Hook_%26_Ladder_Company_8",Bill Murray,Peter Venkman,Dan Aykroyd,Ray Stantz,https://en.wikipedia.org/wiki/Ghostbusters,second-billed is Dan Aykroyd,keep
Q1755906,Küçüksu Pavillion,Q212145,The World Is Not Enough,,,,,,,,,keep
Q1267296,Durdle Door,Q107105860,Project Hail Mary,Stood in for the alien planet Erid.,https://en.wikipedia.org/wiki/Durdle_Door,,,,,,"the source's fuller wording gives away the ending, so it is left out",keep
Q1786944,Ramoji Film City,Q13897247,Baahubali: The Beginning,,,Prabhas,Sivudu / Amarendra Baahubali,Rana Daggubati,Bhallaladeva,https://en.wikipedia.org/wiki/Baahubali:_The_Beginning,"cast was empty; Prabhas plays a triple role, the two main ones given",keep
Q1250287,Dorothy Chandler Pavilion,Q156329,Star Trek: Voyager,"Appears in the season three episode ""Future's End, Part II"".",https://en.wikipedia.org/wiki/Dorothy_Chandler_Pavilion,Kate Mulgrew,Kathryn Janeway,Robert Beltran,Chakotay,https://en.wikipedia.org/wiki/Star_Trek:_Voyager,billing order,keep
Q49136,Fenway Park,Q725539,The Town,The crew's final heist: the park's $3.5 million in gate cash.,https://en.wikipedia.org/wiki/The_Town_(2010_film),Ben Affleck,Doug MacRay,Rebecca Hall,Claire Keesey,https://en.wikipedia.org/wiki/The_Town_(2010_film),sources give the park as the story's heist setting and the premiere venue; none says the scenes were shot there; seed lead was a minor role,check
Q1093941,Toronto City Hall,Q161400,Resident Evil: Apocalypse,"Alice's fight with Nemesis was shot in the open space outside the hall, in a Toronto standing in for Raccoon City.",https://en.wikipedia.org/wiki/Resident_Evil:_Apocalypse,Milla Jovovich,Alice,Sienna Guillory,Jill Valentine,https://en.wikipedia.org/wiki/Resident_Evil:_Apocalypse,city_level_suspect flag is a misfire - it is the City Hall building; role per article,keep
Q173882,St Paul's Cathedral,Q27590871,Paddington 2,,,Hugh Bonneville,Henry Brown,Sally Hawkins,Mary Brown,https://en.wikipedia.org/wiki/Paddington_2,no scene detail in sources (listed among central London locations); cast was empty,keep
Q795302,Titan Missile Museum,Q221236,Star Trek: First Contact,"The museum's disarmed Titan missile stood in for the booster of Zefram Cochrane's warp ship, the Phoenix.",https://en.wikipedia.org/wiki/Star_Trek:_First_Contact,Patrick Stewart,Jean-Luc Picard,Jonathan Frakes,William Riker,https://en.wikipedia.org/wiki/Star_Trek:_First_Contact,billing order,keep
Q3430097,Ribat of Monastir,Q24953,Monty Python’s Life of Brian,,,Graham Chapman,Brian Cohen,John Cleese,Reg,https://en.wikipedia.org/wiki/Monty_Python's_Life_of_Brian,no scene detail in sources; seed line is generic; second-billed is John Cleese; recommend blanking the seed's generic line,keep
Q6664933,Loch Laggan,Q21534241,No Time to Die,,,Daniel Craig,James Bond,Rami Malek,Lyutsifer Safin,https://en.wikipedia.org/wiki/No_Time_to_Die,no scene detail in sources ('some scenes' on the banks of the loch); second-billed is Rami Malek,keep
Q2760139,Puck Building,Q212135,Will & Grace,An exterior shot of the building appears in the sitcom.,https://en.wikipedia.org/wiki/Puck_Building,,,,,,exterior shot only; the sitcom was studio-made,keep
Q16995495,Joyce Grove,Q14918344,The Imitation Game,Its exterior stood in for Bletchley Park.,https://en.wikipedia.org/wiki/Joyce_Grove,Benedict Cumberbatch,Alan Turing,Keira Knightley,Joan Clarke,https://en.wikipedia.org/wiki/The_Imitation_Game,the house was a Sue Ryder hospice until 2020; check that it is visitable; seed gave Joan Clarke to the wrong actor,check
Q4949432,Boughton House,Q28234,Les Misérables,,,,,,,,no scene detail in sources (listed among English locations),keep
Q514392,Shinmoedake,Q107761,You Only Live Twice,,,Sean Connery,James Bond,Akiko Wakabayashi,Aki,https://en.wikipedia.org/wiki/You_Only_Live_Twice_(film),infobox lists only Connery; second from Cast section order,keep
Q592846,Ta Prohm,Q464014,Lara Croft: Tomb Raider,,,Angelina Jolie,Lara Croft,Jon Voight,Richard Croft,https://en.wikipedia.org/wiki/Lara_Croft:_Tomb_Raider,second lead was missing,keep
Q4752659,The Anchor,Q1741232,Mission: Impossible,Appears in the film's closing scenes.,"https://en.wikipedia.org/wiki/The_Anchor,_Bankside",,,,,,,keep
Q25212617,Carlton Hotel,Q201819,District 9,"Scenes were shot at the hotel, which with the Carlton Centre served as the headquarters of the MNU.",https://en.wikipedia.org/wiki/Carlton_Hotel_(Johannesburg),Sharlto Copley,Wikus van de Merwe,Jason Cope,Christopher Johnson,https://en.wikipedia.org/wiki/District_9,the hotel has been closed since 1998 (its article); the Carlton Centre next door is open; second lead was missing; spelling per article,check
Q739641,Howrah Bridge,Q23013699,Lion,,,Dev Patel,Saroo Brierley,Sunny Pawar,young Saroo,https://en.wikipedia.org/wiki/Lion_(2016_film),top-billed lead was missing,keep
Q2630372,Top Gear test track,Q33162,Top Gear,"The programme's test track, laid out on the runways of Dunsfold Aerodrome.",https://en.wikipedia.org/wiki/Top_Gear_test_track,,,,,,"a private airfield, not a visitor place; presenter-led show, no character roles; cast left empty",check
Q390028,Independence Hall,Q309366,National Treasure,A clue leads Ben's team to the hall's bell tower; parts of the scene used the replica hall at Knott's Berry Farm.,https://en.wikipedia.org/wiki/National_Treasure_(film),Nicolas Cage,Ben Gates,Harvey Keitel,Peter Sadusky,https://en.wikipedia.org/wiki/National_Treasure_(film),second-billed is Harvey Keitel,keep
Q7208013,Point Dume State Beach,Q192724,Iron Man,Tony Stark's clifftop mansion was digitally added to footage of the point.,https://en.wikipedia.org/wiki/Iron_Man_(2008_film),,,,,,,keep
Q4993391,Waverly Place,Q184342,Wizards of Waverly Place,,,,,,,,story setting only: the series is set on a fictionalised Waverly Place but was filmed at Hollywood Center Studios (series article),drop_not_filmed_here
Q2092214,University of North Carolina Wilmington,Q203385,One Tree Hill,,,Chad Michael Murray,Lucas Scott,James Lafferty,Nathan Scott,https://en.wikipedia.org/wiki/One_Tree_Hill_(TV_series),no scene detail in sources ('many of the scenes' shot on the campus); a campus is a weak stamp; second-billed is James Lafferty,check
Q810177,Basiluzzo,Q131547207,The Odyssey,"Used, with Lipari and Vulcano, for scenes set on the mythological island of Aeolia.",https://en.wikipedia.org/wiki/The_Odyssey_(2026_film),Matt Damon,Odysseus,Tom Holland,Telemachus,https://en.wikipedia.org/wiki/The_Odyssey_(2026_film),second-billed is Tom Holland,keep
Q3569306,Windsor Great Park,Q17361809,The Legend of Tarzan,A scene was shot at the park's Obelisk Pond.,https://en.wikipedia.org/wiki/Windsor_Great_Park,Alexander Skarsgård,Tarzan,Samuel L. Jackson,George Washington Williams,https://en.wikipedia.org/wiki/The_Legend_of_Tarzan_(film),second-billed is Samuel L. Jackson,keep
Q6464680,La Purisima Mission,Q117085614,One Battle After Another,,,Leonardo DiCaprio,Bob Ferguson,Sean Penn,Steven J. Lockjaw,https://en.wikipedia.org/wiki/One_Battle_After_Another,no scene detail in sources (listed among other filming locations); role short form,keep
Q694747,Vienna Volksoper,Q272064,The Living Daylights,"Its exterior played the concert hall in Bratislava, then behind the Iron Curtain; the interiors were the Sofiensaal.",https://en.wikipedia.org/wiki/The_Living_Daylights,,,,,,,keep
Q37563,Athirappilly Falls,Q13897247,Baahubali: The Beginning,,,Prabhas,Sivudu / Amarendra Baahubali,Rana Daggubati,Bhallaladeva,https://en.wikipedia.org/wiki/Baahubali:_The_Beginning,"cast was empty; Prabhas plays a triple role, the two main ones given",keep
Q16255974,Byfleet Manor,Q83071,Downton Abbey,"Played the Dower House, home of Violet, the Dowager Countess of Grantham.",https://en.wikipedia.org/wiki/Downton_Abbey,Hugh Bonneville,Robert Crawley,Elizabeth McGovern,Cora Crawley,https://en.wikipedia.org/wiki/Downton_Abbey,article: 'The main cast ... is led by Hugh Bonneville ... and Elizabeth McGovern',keep
Q5468939,Forest Hill,Q201687,Milk,,,,,,,,no scene detail in sources (scenes shot inside the station),keep
Q332474,Harrods,Q27964337,Peter Rabbit,Thomas McGregor works in the store's toy department before he inherits his great-uncle's manor.,https://en.wikipedia.org/wiki/Peter_Rabbit_(film),Rose Byrne,Bea,Domhnall Gleeson,Thomas McGregor,https://en.wikipedia.org/wiki/Peter_Rabbit_(film),sources give Harrods as a story setting; none says the scenes were shot in the store; billing order (infobox: 'per credits billing'),check
Q6117554,Eyipantla Falls,Q188035,Apocalypto,,,,,,,,,keep
Q649419,Marylebone station,Q21001651,The Conjuring 2,,,Vera Farmiga,Lorraine Warren,Patrick Wilson,Ed Warren,https://en.wikipedia.org/wiki/The_Conjuring_2,no scene detail in sources (filming took place at the station on one day); cast was empty,keep
Q13371953,"Ramagiri (Sholay) hills, Ramanagara",Q949228,Sholay,,,Dharmendra,Veeru,Sanjeev Kumar,Thakur Baldev Singh,https://en.wikipedia.org/wiki/Sholay,billing order,keep
Q7653554,Swanage railway station,Q21935651,Dunkirk,"The final scenes, of the evacuated soldiers' train arriving in England, were shot at the station.",https://en.wikipedia.org/wiki/Dunkirk_(2017_film),Fionn Whitehead,Tommy,Tom Glynn-Carney,Peter Dawson,https://en.wikipedia.org/wiki/Dunkirk_(2017_film),billing order,keep
Q83063,Petronas Towers,Q578873,Entrapment,,,Sean Connery,Robert MacDougal,Catherine Zeta-Jones,Virginia Baker,https://en.wikipedia.org/wiki/Entrapment_(film),second lead was missing,keep
Q8034994,Workingman's Institute and Memorial Hall,Q192837,Sherlock,Its auditorium and vestibule appear in the series one episode 'The Blind Banker'.,https://en.wikipedia.org/wiki/Workingman%27s_Institute_and_Memorial_Hall,Benedict Cumberbatch,Sherlock Holmes,Martin Freeman,John Watson,https://en.wikipedia.org/wiki/Sherlock_(TV_series),seed leads were supporting cast,keep
Q8194022,Tomonoura,Q197491,The Wolverine,,,Hugh Jackman,Logan,Hiroyuki Sanada,Shingen Yashida,https://en.wikipedia.org/wiki/The_Wolverine_(film),no scene detail in sources (filming in the port concluded in September 2012); second-billed is Hiroyuki Sanada,keep
Q10810559,Tràng An,Q21203766,Kong: Skull Island,,,Tom Hiddleston,James Conrad,Samuel L. Jackson,Preston Packard,https://en.wikipedia.org/wiki/Kong:_Skull_Island,no scene detail in sources; seed line is generic; cast was empty; recommend blanking the seed's generic line,keep
Q7826925,Torrance High School,Q117590,"Beverly Hills, 90210","Played West Beverly Hills High School, where Brandon and Brenda enrol.","https://en.wikipedia.org/wiki/Beverly_Hills,_90210",Jason Priestley,Brandon Walsh,Shannen Doherty,Brenda Walsh,"https://en.wikipedia.org/wiki/Beverly_Hills,_90210","a working school, not a visitor place; seed lead was a minor role",check
Q4167619,Druk White Lotus School,Q229633,3 Idiots,The film's Ladakh school scenes were shot here.,https://en.wikipedia.org/wiki/3_Idiots,Aamir Khan,Rancho,R. Madhavan,Farhan Qureshi,https://en.wikipedia.org/wiki/3_Idiots,"cast was empty; Khan's full role name is a plot reveal, so 'Rancho'",keep
Q24196295,Waterford Castle,Q471716,Barry Lyndon,,,Ryan O'Neal,Redmond Barry,Marisa Berenson,Lady Lyndon,https://en.wikipedia.org/wiki/Barry_Lyndon,no scene detail in sources ('some exterior shots'); now a hotel; billing order,keep
Q23035239,Terminal Station,Q23894626,Black Widow,"Dressed as Albany, New York, for the film.",https://en.wikipedia.org/wiki/Black_Widow_(2021_film),Scarlett Johansson,Natasha Romanoff,Florence Pugh,Yelena Belova,https://en.wikipedia.org/wiki/Black_Widow_(2021_film),second-billed is Florence Pugh,keep
Q7832424,Trafalgar Park,Q221075,28 Days Later,Stood in for the film's mansion.,https://en.wikipedia.org/wiki/28_Days_Later,Cillian Murphy,Jim,Naomie Harris,Selena,https://en.wikipedia.org/wiki/28_Days_Later,a private house; check visitor access; second lead was missing,keep
Q739976,Vaux-le-Vicomte,Q1123463,The Man in the Iron Mask,"Played the king's residence, Versailles still being under construction in the story's time.",https://en.wikipedia.org/wiki/The_Man_in_the_Iron_Mask_(1998_film),Leonardo DiCaprio,Louis XIV / Philippe,Jeremy Irons,Aramis,https://en.wikipedia.org/wiki/The_Man_in_the_Iron_Mask_(1998_film),second-billed is Jeremy Irons,keep
Q1461848,Château de Ferrières,Q19405,The Ninth Gate,Played the mansion of Liana Telfer.,https://en.wikipedia.org/wiki/The_Ninth_Gate,,,,,,,keep
Q7372382,Stone Canyon Reservoir,Q644987,Chinatown,,,Jack Nicholson,J. J. Gittes,Faye Dunaway,Evelyn Mulwray,https://en.wikipedia.org/wiki/Chinatown_(1974_film),no scene detail in sources ('used as a location'); a fenced reservoir is a weak visitor place; second-billed is Faye Dunaway,check
Q781255,Xitang,Q288173,Mission: Impossible III,,,Tom Cruise,Ethan Hunt,Philip Seymour Hoffman,Owen Davian,https://en.wikipedia.org/wiki/Mission:_Impossible_III,second-billed is Philip Seymour Hoffman,keep
Q676203,Machu Picchu,Q107174193,Transformers: Rise of the Beasts,,,Anthony Ramos,Noah Diaz,Dominique Fishback,Elena Wallace,https://en.wikipedia.org/wiki/Transformers:_Rise_of_the_Beasts,no scene detail in sources ('filmed sequences'); seed line is generic; cast was empty; recommend blanking the seed's generic line,keep
Q4111,Jiuzhaigou Valley,Q260379,Hero,"The film's lake sequences were shot in the park, with Arrow Bamboo Lake a main site.",https://en.wikipedia.org/wiki/Jiuzhaigou,Jet Li,Nameless,Tony Leung Chiu-wai,Broken Sword,https://en.wikipedia.org/wiki/Hero_(2002_film),cast was empty,keep
Q5087663,Chatham Historic Dockyard,Q28234,Les Misérables,,,,,,,,no scene detail in sources (listed among English locations),keep
Q891095,Villa Erba,Q504053,Ocean's Twelve,"Played the villa of the master thief François Toulour, the 'Night Fox'.",https://en.wikipedia.org/wiki/Villa_Erba,,,,,,,keep
Q680166,Schleißheim palace complex,Q747936,Paths of Glory,"The palace and its grounds were used extensively; the whole film was shot in Bavaria, mostly here.",https://en.wikipedia.org/wiki/Paths_of_Glory,Kirk Douglas,Colonel Dax,Ralph Meeker,Philippe Paris,https://en.wikipedia.org/wiki/Paths_of_Glory,second-billed is Ralph Meeker,keep
Q1766982,Westin Grand Berlin,Q156608,The Bourne Supremacy,,,Matt Damon,Jason Bourne,Franka Potente,Marie Kreutz,https://en.wikipedia.org/wiki/The_Bourne_Supremacy_(film),no scene detail in sources ('parts of the film' filmed in the hotel); top-billed lead was missing,keep
Q2190649,Gayer-Anderson Museum,Q320423,The Spy Who Loved Me,,,Roger Moore,James Bond,Barbara Bach,Anya Amasova,https://en.wikipedia.org/wiki/The_Spy_Who_Loved_Me_(film),second-billed is Barbara Bach,keep
Q478926,Casa Rosada,Q245271,Evita,,,,,,,,,keep
Q5288554,Edward L. Doheny Jr. Memorial Library,Q217627,The Graduate,"Benjamin waits by the fountain for Elaine, who comes out of the library's main door.",https://en.wikipedia.org/wiki/Doheny_Library,Anne Bancroft,Mrs. Robinson,Dustin Hoffman,Benjamin Braddock,https://en.wikipedia.org/wiki/The_Graduate,cast was empty; billing order,keep
Q3295796,Lake Lanier,Q25205293,Ozark,"Stood in for the Lake of the Ozarks, where the Byrdes launder cartel money.",https://en.wikipedia.org/wiki/Ozark_(TV_series),Jason Bateman,Marty Byrde,Laura Linney,Wendy Byrde,https://en.wikipedia.org/wiki/Ozark_(TV_series),cast was empty,keep
Q1241943,Narragansett Bay,Q217112,Moonrise Kingdom,,,Bruce Willis,Captain Sharp,Edward Norton,Scout Master Ward,https://en.wikipedia.org/wiki/Moonrise_Kingdom,"no scene detail in sources; the bay is a large area (filming was at Conanicut Island, Prudence Island, Fort Wetherill, Yawgoog Scout Reservation, Trinity Church and Ballard Park) - pick one of those instead; cast was empty; billing order (the child leads are billed lower)",check
Q1802429,St. Andrew's School,Q3577037,The West Wing,Played young Bartlet's boarding school in the season two finale 'Two Cathedrals'.,https://en.wikipedia.org/wiki/Two_Cathedrals,Martin Sheen,Josiah Bartlet,Rob Lowe,Sam Seaborn,https://en.wikipedia.org/wiki/The_West_Wing,"a working boarding school, not a visitor place; Rob Lowe is first in the credits, Sheen closes them; Richard Schiff is not a lead over Lowe",check
Q692578,Dolder Grand,Q474093,The Girl with the Dragon Tattoo,,,,,,,,no scene detail in sources (locations were established at the hotel),keep
Q1049842,Kilmainham Gaol,Q304074,In the Name of the Father,Stood in for Park Royal Prison.,https://en.wikipedia.org/wiki/In_the_Name_of_the_Father,,,,,,,keep
Q17052246,Kellie's Castle,Q563743,Anna and the King,,,Jodie Foster,Anna Leonowens,Chow Yun-fat,King Mongkut,https://en.wikipedia.org/wiki/Anna_and_the_King,no scene detail in sources; seed line is generic; role per article; recommend blanking the seed's generic line,keep
Q485409,Yongpyong Resort,Q24859151,Guardian: The Lonely and Great God,,,Gong Yoo,Kim Shin,Kim Go-eun,Ji Eun-tak,https://en.wikipedia.org/wiki/Guardian:_The_Lonely_and_Great_God,no scene detail in sources; seed line is generic; cast was empty; recommend blanking the seed's generic line,keep
Q7936468,Vista Theatre,Q1127709,True Romance,,,Christian Slater,Clarence Worley,Patricia Arquette,Alabama Whitman,https://en.wikipedia.org/wiki/True_Romance,no scene detail in sources (listed among the theatre's film appearances); seed lead was a supporting role,keep
Q2281281,Rhode Island State House,Q472361,Amistad,Its exterior stood in for the United States Capitol.,https://en.wikipedia.org/wiki/Rhode_Island_State_House,Djimon Hounsou,Joseph Cinqué,Matthew McConaughey,Roger Sherman Baldwin,https://en.wikipedia.org/wiki/Amistad_(film),infobox is alphabetical; Cast section order,keep
Q740442,Hengdian World Studios,Q260379,Hero,,,Jet Li,Nameless,Tony Leung Chiu-wai,Broken Sword,https://en.wikipedia.org/wiki/Hero_(2002_film),cast was empty,keep
Q1097,Berlin Central Station,Q158759,Unknown,,,Liam Neeson,Martin Harris,Diane Kruger,Gina,https://en.wikipedia.org/wiki/Unknown_(2011_film),no scene detail in sources (listed among Berlin locations); role short form,keep
Q2443707,Kedleston Hall,Q17361809,The Legend of Tarzan,Stood in for Greystoke Manor.,https://en.wikipedia.org/wiki/The_Legend_of_Tarzan_(film),Alexander Skarsgård,Tarzan,Samuel L. Jackson,George Washington Williams,https://en.wikipedia.org/wiki/The_Legend_of_Tarzan_(film),second-billed is Samuel L. Jackson,keep
Q5706359,Hell's Half Acre,Q478626,Starship Troopers,Its buttes and pinnacles played the alien planets Klendathu and Planet P.,https://en.wikipedia.org/wiki/Starship_Troopers_(film),Casper Van Dien,Johnny Rico,Dina Meyer,Dizzy Flores,https://en.wikipedia.org/wiki/Starship_Troopers_(film),second-billed is Dina Meyer,keep
Q243921,555 California Street,Q372959,The Towering Inferno,"Its plaza stood in for that of the Glass Tower, which catches fire on the night of its dedication.",https://en.wikipedia.org/wiki/555_California_Street,,,,,,,keep
Q943856,Chungking Mansions,Q766263,Chungking Express,,,Brigitte Lin,the woman in the blonde wig,Takeshi Kaneshiro,Cop 223,https://en.wikipedia.org/wiki/Chungking_Express,cast was empty; the pair of the film's first story,keep
Q965011,Millard House,Q108774,Star Trek: Deep Space Nine,Its exterior played the Albino's fortress in the 1994 episode 'Blood Oath'.,https://en.wikipedia.org/wiki/Blood_Oath_(Star_Trek:_Deep_Space_Nine),,,,,,a private house; exterior only,keep
Q548679,Marina Bay Sands,Q29588623,Crazy Rich Asians,,,Constance Wu,Rachel Chu,Henry Golding,Nick Young,https://en.wikipedia.org/wiki/Crazy_Rich_Asians,cast was empty,keep
Q1025346,Cadwell Park,Q1768437,Rush,Some of the film's racing scenes were shot at the circuit.,https://en.wikipedia.org/wiki/Cadwell_Park,,,,,,,keep
Q2068997,Alexander Hamilton U.S. Custom House,Q492214,Ghostbusters II,"Its exterior and lobby played the Manhattan Museum of Art, home of the Vigo painting.",https://en.wikipedia.org/wiki/Alexander_Hamilton_U.S._Custom_House,,,,,,,keep
Q1674405,Low Force,Q62721520,1917,"Sections of the film were shot near the falls, in a nod to the river Styx.",https://en.wikipedia.org/wiki/1917_(2019_film),George MacKay,Will Schofield,Dean-Charles Chapman,Tom Blake,https://en.wikipedia.org/wiki/1917_(2019_film),role short form,keep
Q37545,Dudhsagar Falls,Q2962658,Chennai Express,,,Deepika Padukone,Meenamma,Shah Rukh Khan,Rahul Mithaiwala,https://en.wikipedia.org/wiki/Chennai_Express,cast was empty; order per article,keep
Q12988204,Morningside Park,Q466611,The Incredible Hulk,Part of the Culver University battle was shot in the park.,https://en.wikipedia.org/wiki/The_Incredible_Hulk_(film),,,,,,,keep
Q263764,La Pallice,Q62730,Das Boot,Used as a backdrop for the U-boat's home port of La Rochelle.,https://en.wikipedia.org/wiki/La_Pallice,Jürgen Prochnow,the Captain,Herbert Grönemeyer,Werner,https://en.wikipedia.org/wiki/Das_Boot,second-billed is Herbert Grönemeyer,keep
Q6970416,National Archives Building,Q309366,National Treasure,Ben steals the Declaration of Independence from the Archives' preservation room during a gala.,https://en.wikipedia.org/wiki/National_Treasure_(film),Nicolas Cage,Ben Gates,Harvey Keitel,Peter Sadusky,https://en.wikipedia.org/wiki/National_Treasure_(film),sources say the section 'takes place' in the building; none says it was filmed there; second-billed is Harvey Keitel,check
Q15225335,Horsted Keynes railway station,Q83071,Downton Abbey,Plays Downton station.,https://en.wikipedia.org/wiki/Downton_Abbey,Hugh Bonneville,Robert Crawley,Elizabeth McGovern,Cora Crawley,https://en.wikipedia.org/wiki/Downton_Abbey,article: 'The main cast ... is led by Hugh Bonneville ... and Elizabeth McGovern',keep
Q8038699,Wrotham Park,Q391101,Agatha Christie's Poirot,,,,,,,,no scene detail in sources (a bare list entry); a private house,check
Q751174,Praha hlavní nádraží,Q642559,EuroTrip,Stood in for the Paris station where the friends board their train.,https://en.wikipedia.org/wiki/EuroTrip,Scott Mechlowicz,Scott Thomas,Jacob Pitts,Cooper Harris,https://en.wikipedia.org/wiki/EuroTrip,cast was empty,keep
Q1142351,Crystal Cove State Park,Q108946,A Few Good Men,"Stood in for Guantanamo Bay, with Fort MacArthur and Point Mugu.",https://en.wikipedia.org/wiki/A_Few_Good_Men,Tom Cruise,Daniel Kaffee,Jack Nicholson,Nathan Jessup,https://en.wikipedia.org/wiki/A_Few_Good_Men,second-billed is Jack Nicholson,keep
Q7127748,Grand Central,Q61876370,Mission: Impossible – Dead Reckoning Part One,,,Tom Cruise,Ethan Hunt,Hayley Atwell,Grace,https://en.wikipedia.org/wiki/Mission:_Impossible_%E2%80%93_Dead_Reckoning_Part_One,no scene detail in sources (filming commenced at the shopping centre); second-billed is Hayley Atwell,keep
Q4999737,Burnham Beeches,Q486822,Robin Hood: Prince of Thieves,Stood in for Sherwood Forest: the outlaws' camp was built here.,https://en.wikipedia.org/wiki/Robin_Hood:_Prince_of_Thieves,Kevin Costner,Robin of Locksley,Morgan Freeman,Azeem,https://en.wikipedia.org/wiki/Robin_Hood:_Prince_of_Thieves,role per article,keep
Q5319309,Dyrham Park,Q1625242,The Remains of the Day,Its exterior and driveway stood in for Darlington Hall.,https://en.wikipedia.org/wiki/The_Remains_of_the_Day_(film),Anthony Hopkins,James Stevens,Emma Thompson,Sarah Kenton,https://en.wikipedia.org/wiki/The_Remains_of_the_Day_(film),role short form,keep
Q1500264,Mýrdalssandur,Q19590955,Rogue One: A Star Wars Story,"Stood in for the planet Lah'mu, home of the Erso family, in the opening scenes.",https://en.wikipedia.org/wiki/Rogue_One,,,,,,,keep
Q149942,Primrose Hill,Q27590871,Paddington 2,,,Hugh Bonneville,Henry Brown,Sally Hawkins,Mary Brown,https://en.wikipedia.org/wiki/Paddington_2,no scene detail in sources ('a main location' of both Paddington films); cast was empty,keep
Q852908,Royal Mile,Q124393045,Frankenstein,,,Oscar Isaac,Victor Frankenstein,Jacob Elordi,the Creature,https://en.wikipedia.org/wiki/Frankenstein_(2025_film),no scene detail in sources (additional filming took place here); role per article,keep
Q10664609,Scripps College,Q43370937,Bird Box,The film's final scene was shot on the campus.,https://en.wikipedia.org/wiki/Bird_Box_(film),,,,,,"the source's fuller wording gives away the ending, so it is left out",keep
Q469014,Glen Canyon,Q528095,Superman III,Exteriors of the villain's supercomputer hideout were shot in the canyon.,https://en.wikipedia.org/wiki/Superman_III,Christopher Reeve,Superman,Richard Pryor,Gus Gorman,https://en.wikipedia.org/wiki/Superman_III,second-billed is Richard Pryor,keep
Q7300572,Reading Terminal Market,Q309366,National Treasure,,,Nicolas Cage,Ben Gates,Harvey Keitel,Peter Sadusky,https://en.wikipedia.org/wiki/National_Treasure_(film),no scene detail in sources (listed among the market's films); second-billed is Harvey Keitel,keep
Q15901512,Former Taipei Railway Workshop,Q15624215,Lucy,,,Scarlett Johansson,Lucy,Morgan Freeman,Professor Norman,https://en.wikipedia.org/wiki/Lucy_(2014_film),no scene detail in sources ('featured' in the film); top-billed lead was missing,keep
Q3137221,University of Toronto Scarborough,Q634810,Total Recall,,,Colin Farrell,Douglas Quaid,Kate Beckinsale,Lori,https://en.wikipedia.org/wiki/Total_Recall_(2012_film),no scene detail in sources (listed among Toronto locations); a campus is a weak stamp; second-billed is Kate Beckinsale,check
Q32659772,Neue Nationalgalerie,Q158759,Unknown,,,Liam Neeson,Martin Harris,Diane Kruger,Gina,https://en.wikipedia.org/wiki/Unknown_(2011_film),no scene detail in sources (listed among Berlin locations); role short form,keep
Q120450702,"Supertree Grove, Gardens by the Bay",Q29588623,Crazy Rich Asians,,,Constance Wu,Rachel Chu,Henry Golding,Nick Young,https://en.wikipedia.org/wiki/Crazy_Rich_Asians,cast was empty,keep
Q956090,Mereworth Castle,Q591272,Casino Royale,"Played the country home of Sir James Bond, blown up early in the film.",https://en.wikipedia.org/wiki/Casino_Royale_(1967_film),Peter Sellers,Evelyn Tremble,Ursula Andress,Vesper Lynd,https://en.wikipedia.org/wiki/Casino_Royale_(1967_film),a private house; exterior only; top-billed is Peter Sellers,keep
Q649329,Ennerdale Water,Q221075,28 Days Later,"The film's closing scenes were filmed around the lake, including a panoramic view of it.",https://en.wikipedia.org/wiki/Ennerdale_Water,Cillian Murphy,Jim,Naomie Harris,Selena,https://en.wikipedia.org/wiki/28_Days_Later,second lead was missing,keep
Q1781967,Aysgarth Falls,Q486822,Robin Hood: Prince of Thieves,Robin's fight with Little John was shot at the falls.,https://en.wikipedia.org/wiki/Robin_Hood:_Prince_of_Thieves,Kevin Costner,Robin of Locksley,Morgan Freeman,Azeem,https://en.wikipedia.org/wiki/Robin_Hood:_Prince_of_Thieves,role per article,keep
Q3355636,Hardraw Force,Q486822,Robin Hood: Prince of Thieves,Maid Marian comes upon Robin bathing beneath the waterfall.,https://en.wikipedia.org/wiki/Hardraw_Force,Kevin Costner,Robin of Locksley,Morgan Freeman,Azeem,https://en.wikipedia.org/wiki/Robin_Hood:_Prince_of_Thieves,role per article,keep
Q702402,Berlin-Friedrichstraße railway station,Q158759,Unknown,,,Liam Neeson,Martin Harris,Diane Kruger,Gina,https://en.wikipedia.org/wiki/Unknown_(2011_film),no scene detail in sources (listed among Berlin locations); role short form,keep
Q2373648,Santuario della Madonna del Divino Amore,Q18405,Nights of Cabiria,,,Giulietta Masina,Cabiria,François Périer,Oscar D'Onofrio,https://en.wikipedia.org/wiki/Nights_of_Cabiria,no scene detail in sources (listed among Italian locations); cast was empty,keep
Q1025686,Café de Flore,Q64584978,Emily in Paris,"A scene in season one, episode six, was filmed in the café.",https://en.wikipedia.org/wiki/Caf%C3%A9_de_Flore,Lily Collins,Emily Cooper,Philippine Leroy-Beaulieu,Sylvie Grateau,https://en.wikipedia.org/wiki/Emily_in_Paris,second-billed is Philippine Leroy-Beaulieu,keep
Q1538837,Raffles Hotel,Q29588623,Crazy Rich Asians,,,Constance Wu,Rachel Chu,Henry Golding,Nick Young,https://en.wikipedia.org/wiki/Crazy_Rich_Asians,cast was empty,keep
Q1727138,Los Angeles City College,Q728553,Community,Exterior shots of the college stand in for Greendale Community College.,https://en.wikipedia.org/wiki/Community_(TV_series),,,,,,a working college campus is a weak stamp,check
Q2375304,Plaza Athénée,Q64584978,Emily in Paris,,,Lily Collins,Emily Cooper,Philippine Leroy-Beaulieu,Sylvie Grateau,https://en.wikipedia.org/wiki/Emily_in_Paris,no scene detail in sources (listed among the hotel's screen appearances); second-billed is Philippine Leroy-Beaulieu,keep
Q613702,Nanuya Levu,Q83767,The Blue Lagoon,,,,,,,,a private resort island; seed line only says filming took place,keep
Q253375,Tindhólmur,Q118904382,How to Train Your Dragon,Used for some of the film's dragon-flight scenes; the islet also inspired the animated film's Berk.,https://en.wikipedia.org/wiki/How_to_Train_Your_Dragon_(2025_film),Mason Thames,Hiccup,Nico Parker,Astrid Hofferson,https://en.wikipedia.org/wiki/How_to_Train_Your_Dragon_(2025_film),billing order,keep
Q6514066,Valldalen,Q16635326,Ex Machina,Two weeks of filming took place at the Juvet Landscape Hotel in the valley.,https://en.wikipedia.org/wiki/Ex_Machina_(film),Domhnall Gleeson,Caleb Smith,Alicia Vikander,Ava,https://en.wikipedia.org/wiki/Ex_Machina_(film),the hotel would be a better point than the valley centroid; billing order,keep
Q543254,Scarborough Bluffs,Q21296543,Star Trek: Discovery,,,Sonequa Martin-Green,Michael Burnham,Doug Jones,Saru,https://en.wikipedia.org/wiki/Star_Trek:_Discovery,no scene detail in sources (listed among Ontario locations); second-billed is Doug Jones,keep
Q7269642,Qube,Q210257,MacGyver,"Played the headquarters of the Phoenix Foundation, MacGyver's employer.",https://en.wikipedia.org/wiki/Westcoast_Building,Richard Dean Anderson,MacGyver,Dana Elcar,Pete Thornton,https://en.wikipedia.org/wiki/MacGyver_(1985_TV_series),role per article,keep
Q2919335,Constitution Gardens,Q19481099,Jason Bourne,,,Matt Damon,Jason Bourne,Tommy Lee Jones,Robert Dewey,https://en.wikipedia.org/wiki/Jason_Bourne_(film),no scene detail in sources (shooting took place in the gardens); role short form,keep
Q156716,Pariser Platz,Q158759,Unknown,,,Liam Neeson,Martin Harris,Diane Kruger,Gina,https://en.wikipedia.org/wiki/Unknown_(2011_film),no scene detail in sources (listed among Berlin locations); role short form,keep
Q869501,Deutsche Oper,Q468697,Run Lola Run,,,,,,,,no scene detail in sources (the station is 'featured' in the film),keep
Q14912349,Tiergarten Spreebogen Tunnel,Q156608,The Bourne Supremacy,Parts of the film were shot in the tunnel two years before it opened to traffic.,https://en.wikipedia.org/wiki/Tiergarten_Spreebogen_Tunnel,Matt Damon,Jason Bourne,Franka Potente,Marie Kreutz,https://en.wikipedia.org/wiki/The_Bourne_Supremacy_(film),top-billed lead was missing,keep
Q2243801,Tjolöholm Castle,Q165699,Melancholia,The film's exterior scenes were shot at the castle and its grounds.,https://en.wikipedia.org/wiki/Tjol%C3%B6holm_Castle,Kirsten Dunst,Justine,Charlotte Gainsbourg,Claire,https://en.wikipedia.org/wiki/Melancholia_(2011_film),cast was empty,keep
Q13641502,"Killeen Castle, Dunsany",Q591272,Casino Royale,Stood in for M's Scottish castle.,https://en.wikipedia.org/wiki/Casino_Royale_(1967_film),Peter Sellers,Evelyn Tremble,Ursula Andress,Vesper Lynd,https://en.wikipedia.org/wiki/Casino_Royale_(1967_film),top-billed is Peter Sellers,keep
Q4930882,Blythe House,Q681962,Tinker Tailor Soldier Spy,"Its exterior played the Circus, the headquarters of British intelligence.",https://en.wikipedia.org/wiki/Tinker_Tailor_Soldier_Spy_(film),,,,,,,keep
Q7494978,Sheriff Street,Q304074,In the Name of the Father,,,,,,,,the flats complex used for the riot scene has been demolished (film article); only the street name remains,check
Q5559351,Gibson House Museum,Q56881140,Little Women,,,Saoirse Ronan,Jo March,Emma Watson,Meg March,https://en.wikipedia.org/wiki/Little_Women_(2019_film),no scene detail in sources (scenes were filmed in the museum); top-billed is Saoirse Ronan,keep
Q2723401,Nahargarh Fort,Q924135,Rang De Basanti,,,Aamir Khan,DJ,Siddharth,Karan Singhania,https://en.wikipedia.org/wiki/Rang_De_Basanti,cast was empty,keep
Q7427501,Saunton Sands,Q91226161,Aquaman and the Lost Kingdom,,,Jason Momoa,Aquaman,Patrick Wilson,Orm,https://en.wikipedia.org/wiki/Aquaman_and_the_Lost_Kingdom,no scene detail in sources (location filming on the beach); second-billed is Patrick Wilson,keep
Q3389781,place Dalida,Q64584978,Emily in Paris,Appears in the series' fifth episode.,https://en.wikipedia.org/wiki/Place_Dalida,Lily Collins,Emily Cooper,Philippine Leroy-Beaulieu,Sylvie Grateau,https://en.wikipedia.org/wiki/Emily_in_Paris,second-billed is Philippine Leroy-Beaulieu,keep
Q6781672,Maryon Park,Q658204,Blowup,Thomas secretly photographs two lovers in the park; Antonioni had the grass painted greener.,https://en.wikipedia.org/wiki/Blowup,Vanessa Redgrave,Jane,David Hemmings,Thomas,https://en.wikipedia.org/wiki/Blowup,cast was empty; billing order,keep
Q2963308,Chicago Fire Department,Q1187416,Chicago Fire,,,,,,,,wrong spot: the item is the fire department as an organisation; the series article says the firehouse exteriors are the working Engine 18 house at 1360 South Blue Island Avenue - use that instead,drop_not_filmed_here
Q537149,Grand-Hôtel du Cap-Ferrat,Q64584978,Emily in Paris,,,Lily Collins,Emily Cooper,Philippine Leroy-Beaulieu,Sylvie Grateau,https://en.wikipedia.org/wiki/Emily_in_Paris,no scene detail in sources (listed among season two locations); second-billed is Philippine Leroy-Beaulieu,keep
Q4979489,Brunswick Centre,Q60462338,Andor,"Stood in for the Imperial capital, Coruscant.",https://en.wikipedia.org/wiki/Brunswick_Centre,Diego Luna,Cassian Andor,Kyle Soller,Syril Karn,https://en.wikipedia.org/wiki/Andor,second-billed is Kyle Soller,keep
Q18683358,Integral House,Q21296543,Star Trek: Discovery,"In season two, the house played the Vulcan home of Ambassador Sarek and his family.",https://en.wikipedia.org/wiki/Integral_House,Sonequa Martin-Green,Michael Burnham,Doug Jones,Saru,https://en.wikipedia.org/wiki/Star_Trek:_Discovery,a private residence; second-billed is Doug Jones,check
Q7973425,Water Wizz,Q121810,Grown Ups,"The families' day out at the water park was shot here, the park playing itself.",https://en.wikipedia.org/wiki/Grown_Ups_(film),Adam Sandler,Lenny Feder,Kevin James,Eric Lamonsoff,https://en.wikipedia.org/wiki/Grown_Ups_(film),top-billed lead was missing,keep
Q705366,Oranienburger Straße,Q158759,Unknown,,,Liam Neeson,Martin Harris,Diane Kruger,Gina,https://en.wikipedia.org/wiki/Unknown_(2011_film),no scene detail in sources (listed among Berlin locations); role short form,keep
Q2314592,Drangarnir,Q118904382,How to Train Your Dragon,Used for some of the film's dragon-flight scenes; its sea arch inspired the one Hiccup flies through in the animated film.,https://en.wikipedia.org/wiki/How_to_Train_Your_Dragon_(2025_film),Mason Thames,Hiccup,Nico Parker,Astrid Hofferson,https://en.wikipedia.org/wiki/How_to_Train_Your_Dragon_(2025_film),billing order,keep
Q16899452,Rotherfield Park,Q391101,Agatha Christie's Poirot,,,,,,,,no scene detail in sources (a location for the 2006 episode 'After the Funeral'); a private house,check
Q1534537,Schnals Valley,Q15631013,Everest,,,,,,,,no scene detail in sources (six weeks of shooting in the Ötztal Alps); a large valley centroid,check
Q3390301,Place de l'Estrapade,Q64584978,Emily in Paris,"Home of Emily's apartment, the restaurant Les Deux Compères and the bakery; many scenes are filmed here.",https://en.wikipedia.org/wiki/Emily_in_Paris,Lily Collins,Emily Cooper,Philippine Leroy-Beaulieu,Sylvie Grateau,https://en.wikipedia.org/wiki/Emily_in_Paris,second-billed is Philippine Leroy-Beaulieu,keep
Q3141845,rue de la Paix,Q147068,Funny Face,,,Audrey Hepburn,Jo Stockton,Fred Astaire,Dick Avery,https://en.wikipedia.org/wiki/Funny_Face,the only tie is that the street is mentioned in the song 'Bonjour Paris'; nothing says it was filmed there; cast was empty,drop_weak_evidence
Q5475526,Four Seasons Resort Maui,Q106679014,The White Lotus,Stood in for the White Lotus resort in the first season.,https://en.wikipedia.org/wiki/The_White_Lotus,Jennifer Coolidge,Tanya McQuoid,Natasha Rothwell,Belinda Lindsey,https://en.wikipedia.org/wiki/The_White_Lotus,"cast was empty; ensemble, first two in the infobox, both in season 1",keep
Q28197238,Tú Làn Caves System,Q21203766,Kong: Skull Island,,,Tom Hiddleston,James Conrad,Samuel L. Jackson,Preston Packard,https://en.wikipedia.org/wiki/Kong:_Skull_Island,no scene detail in sources; seed line is generic; cast was empty; recommend blanking the seed's generic line,keep
Q59330112,Rinpung Dzong,Q1141873,Little Buddha,"The monastery of Lama Norbu, whose monks set out to find a great teacher's reincarnation.",https://en.wikipedia.org/wiki/Little_Buddha,Keanu Reeves,Siddhartha,Chris Isaak,Dean Conrad,https://en.wikipedia.org/wiki/Little_Buddha,cast was empty,keep
Q5270901,Diamond Ranch High School,Q691611,Serenity,Its modernist campus stood in for the planet Miranda.,https://en.wikipedia.org/wiki/Serenity_(2005_film),Nathan Fillion,Malcolm Reynolds,Gina Torres,Zoë Washburne,https://en.wikipedia.org/wiki/Serenity_(2005_film),"a working school, not a visitor place; role spelling per article",check
Q11664822,Suga Shrine stairs,Q21697406,Your Name,The shrine's staircase is the setting of the film's closing scene.,https://en.wikipedia.org/wiki/Suga_Shrine_(Shinjuku),Ryunosuke Kamiki,Taki,Mone Kamishiraishi,Mitsuha,https://en.wikipedia.org/wiki/Your_Name,reworded so the ending is not given away; cast was empty; voice roles,keep
Q1072593,CHIJMES,Q29588623,Crazy Rich Asians,,,Constance Wu,Rachel Chu,Henry Golding,Nick Young,https://en.wikipedia.org/wiki/Crazy_Rich_Asians,cast was empty,keep
Q6743398,Malibu Creek State Park,Q494244,M*A*S*H,The outdoor set for the 4077th's camp: most exterior and tent scenes of every season were shot here.,https://en.wikipedia.org/wiki/M*A*S*H_(TV_series),Alan Alda,Hawkeye Pierce,Wayne Rogers,Trapper John McIntyre,https://en.wikipedia.org/wiki/M%2AA%2AS%2AH_(TV_series),role short form,keep
Q125700900,Padang Padang Beach,Q304030,Eat Pray Love,,,Julia Roberts,Liz Gilbert,James Franco,David,https://en.wikipedia.org/wiki/Eat_Pray_Love,no scene detail in sources; seed line is generic; cast was empty; billing order; recommend blanking the seed's generic line,keep
Q4852137,Ballyglunin railway station,Q470560,The Quiet Man,Played Castletown station.,https://en.wikipedia.org/wiki/The_Quiet_Man,John Wayne,Sean Thornton,Maureen O'Hara,Mary Kate Danaher,https://en.wikipedia.org/wiki/The_Quiet_Man,cast was empty,keep
Q3324477,Gunlom Falls,Q615254,Crocodile Dundee,,,Paul Hogan,Mick 'Crocodile' Dundee,Linda Kozlowski,Sue Charlton,https://en.wikipedia.org/wiki/Crocodile_Dundee,no scene detail in sources (the falls are 'featured' in the film); top-billed lead was missing,keep
Q16957681,Chilworth Manor,Q391101,Agatha Christie's Poirot,,,,,,,,no scene detail in sources (a bare list entry for the 2006 episode); a private house,check
Q5091627,Cheong Fatt Tze Mansion,Q29588623,Crazy Rich Asians,,,Constance Wu,Rachel Chu,Henry Golding,Nick Young,https://en.wikipedia.org/wiki/Crazy_Rich_Asians,cast was empty,keep
Q899223,Pavillons de Bercy,Q64584978,Emily in Paris,,,Lily Collins,Emily Cooper,Philippine Leroy-Beaulieu,Sylvie Grateau,https://en.wikipedia.org/wiki/Emily_in_Paris,no scene detail in sources (listed among season two locations); second-billed is Philippine Leroy-Beaulieu,keep
Q161787,Château de Champs-sur-Marne,Q830553,Dangerous Liaisons,,,,,,,,no scene detail in sources (listed among historic buildings used),keep
Q5876859,Hofsta,Q474093,The Girl with the Dragon Tattoo,Played the Vanger family's manor house.,https://en.wikipedia.org/wiki/The_Girl_with_the_Dragon_Tattoo_(2011_film),,,,,,a private estate,keep
Q789427,Autódromo Internacional do Algarve,Q21980653,The Grand Tour,"In the first episode, Clarkson, Hammond and May test the McLaren P1, Porsche 918 and LaFerrari on the circuit.",https://en.wikipedia.org/wiki/The_Holy_Trinity_(The_Grand_Tour),,,,,,"presenter show, no character roles; presenter-led show, no character roles; cast left empty",keep
Q80299,Angel Falls,Q17410299,Point Break,,,Édgar Ramírez,Bodhi,Luke Bracey,Johnny Utah,https://en.wikipedia.org/wiki/Point_Break_(2015_film),cast was empty,keep
Q3817686,Kynance Cove,Q117662601,Harry Potter,,,Dominic McLaughlin,Harry Potter,Alastair Stout,Ron Weasley,https://en.wikipedia.org/wiki/Harry_Potter_(TV_series),no scene detail in sources (scenes were shot at the cove); the series has not aired; seed leads were supporting cast,keep
Q7053028,Normandale Community College,Q300555,A Serious Man,An office scene was shot at the college.,https://en.wikipedia.org/wiki/A_Serious_Man,Michael Stuhlbarg,Larry Gopnik,Richard Kind,Arthur Gopnik,https://en.wikipedia.org/wiki/A_Serious_Man,a college campus is a weak stamp; seed lead was a minor role,check
