rank,source,spot_qid,spot_name,lat,lng,city,country_code,spot_class,work_qid,work_title,work_type,year,imdb_id,sitelinks,spot_pageviews_12m,score,cast1,role1,cast2,role2,scene,also_in,radius_m,radius_rule,existing_attraction_id,action,flags,source_urls
1,curated,Q309436,Aït Benhaddou,31.05,-7.133333,Ait Zineb,MA,castle,Q23572,Game of Thrones,tv,2011,tt0944947,139,122769,707.38,Sean Bean,Eddard Stark,Nikolaj Coster-Waldau,Jaime Lannister,The ksar was used in parts of the series.,Gladiator (2000); Lawrence of Arabia (1962),150,building/castle/station (curated class castle),icon:Q309436,film_line_on_existing,scene_generic;large_cast(133),https://www.wikidata.org/wiki/Q309436 https://en.wikipedia.org/wiki/A%C3%AFt_Benhaddou
2,curated,Q216939,"Skala (fortified harbour), Essaouira",31.513023,-9.768696,Essaouira Province,MA,village,Q23572,Game of Thrones,tv,2011,tt0944947,139,114098,702.96,Sean Bean,Eddard Stark,Nikolaj Coster-Waldau,Jaime Lannister,The fortified harbour (skala) stood in for the slaver city of Astapor in season three.,Othello (1951),300,beach/park/ranch/set (curated class village),,new_spot,city_level_suspect;large_cast(133),https://www.wikidata.org/wiki/Q216939 https://en.wikipedia.org/wiki/Essaouira https://en.wikipedia.org/wiki/Game_of_Thrones https://en.wikipedia.org/wiki/Valar_Dohaeris
3,wikidata,Q1496690,Gaztelugatxe,43.447,-2.785,Bermeo,ES,mountain; island; biotope; hermitage church,Q23572,Game of Thrones,tv,2011,tt0944947,139,46845,649.22,Sean Bean,Eddard Stark,Nikolaj Coster-Waldau,Jaime Lannister,,,500,mountain/natural site (mountain),,new_spot,via_season_or_episode;wp_mention;needs_scene;large_cast(133);large_area_centroid,https://www.wikidata.org/wiki/Q23572#P915 https://www.wikidata.org/wiki/Q1496690 https://en.wikipedia.org/wiki/Gaztelugatxe
4,curated,Q48972968,Baja Studios,32.286,-117.036,,MX,set,Q44578,Titanic,film,1997,tt0120338,137,31416,616.11,Leonardo DiCaprio,Jack Dawson,Kate Winslet,Rose DeWitt Bukater,The studio was built for the film; its full-scale Titanic replica was shot in a giant water tank.,,300,beach/park/ranch/set (curated class set),,new_spot,no_city,https://www.wikidata.org/wiki/Q48972968 https://en.wikipedia.org/wiki/Baja_Studios https://en.wikipedia.org/wiki/Titanic_%281997_film%29
5,wikidata,Q129143,Trafalgar Square,51.508056,-0.128056,London,GB,square,Q5890,V for Vendetta,film,2005,tt0434409,98,290327,535.36,Hugo Weaving,V,Natalie Portman,Evey Hammond,,28 Days Later (2002); An American Werewolf in London (1981); Love Actually (2003); Spectre (2015),120,square/bridge/viaduct (square),wikidata:Q129143,film_line_on_existing,wp_mention;needs_scene;possible_dup:seed_neighbour(National Gallery|94m),https://www.wikidata.org/wiki/Q5890#P915 https://www.wikidata.org/wiki/Q129143 https://en.wikipedia.org/wiki/Trafalgar_Square
6,wikidata,Q34924754,Chippewa Square,32.075833,-81.092778,Chatham County,US,park,Q134773,Forrest Gump,film,1994,tt0109830,137,5868,516.29,Tom Hanks,Forrest Gump,Gary Sinise,Lieutenant Dan Taylor,,,300,beach/park/ranch/set (park),,new_spot,wp_mention;needs_scene;reuses_unstamped_row(wikidata:Q34924754),https://www.wikidata.org/wiki/Q134773#P915 https://www.wikidata.org/wiki/Q34924754 https://en.wikipedia.org/wiki/Chippewa_Square_%28Savannah%2C_Georgia%29
7,wikidata,Q3888479,Four Corners Monument,36.998976,-109.045172,San Juan County,US,boundary marker,Q1079,Breaking Bad,tv,2008,tt0903747,103,83985,507.19,Anna Gunn,Skyler White,Aaron Paul,Jesse Pinkman,,,150,building/castle/station (default),,new_spot,via_season_or_episode;wp_mention;needs_scene,https://www.wikidata.org/wiki/Q1079#P915 https://www.wikidata.org/wiki/Q3888479 https://en.wikipedia.org/wiki/Four_Corners_Monument
8,curated,Q15246,International Finance Centre,22.285,114.159167,Hong Kong,HK,building,Q163872,The Dark Knight,film,2008,tt0468569,107,52540,505.09,Christian Bale,Bruce Wayne,Michael Caine,Alfred Pennyworth,Batman leaps from 2 IFC to 1 IFC.,,150,building/castle/station (curated class building),,new_spot,,https://www.wikidata.org/wiki/Q15246 https://en.wikipedia.org/wiki/International_Finance_Centre_%28Hong_Kong%29 https://en.wikipedia.org/wiki/The_Dark_Knight
9,wikidata,Q21578,Princeton University,40.345278,-74.656111,Princeton,US,private university; colonial colleges; research university; private not-for-profit educational institution,Q164103,A Beautiful Mind,film,2001,tt0268978,86,680249,501.61,Russell Crowe,John Forbes Nash,Ed Harris,William Parcher,,,60,stairs/street/cafe/shop (pub),,new_spot,wp_mention;needs_scene,https://www.wikidata.org/wiki/Q164103#P915 https://www.wikidata.org/wiki/Q21578 https://en.wikipedia.org/wiki/Princeton_University
10,wikidata,Q181172,Tikal,17.222094,-89.623614,Petén Department,GT,archaeological site,Q17738,Star Wars: Episode IV – A New Hope,film,1977,tt0076759,96,159254,499.4,Harrison Ford,Han Solo,Alec Guinness,Obi-Wan Kenobi,,,120,square/bridge/viaduct (arch),icon:Q181172,film_line_on_existing,wp_mention;needs_scene,https://www.wikidata.org/wiki/Q17738#P915 https://www.wikidata.org/wiki/Q181172 https://en.wikipedia.org/wiki/Tikal
11,wikidata,Q19813,Hatfield House,51.7606,-0.2092,Hatfield,GB,English country house; historic house museum; country house,Q5890,V for Vendetta,film,2005,tt0434409,98,124135,499.2,Hugo Weaving,V,Natalie Portman,Evey Hammond,,Batman (1989); Sleepy Hollow (1999); The Favourite (2018); The King's Speech (2010),150,building/castle/station (museum),wikidata:Q19813,film_line_on_existing,wp_mention;needs_scene,https://www.wikidata.org/wiki/Q5890#P915 https://www.wikidata.org/wiki/Q19813 https://en.wikipedia.org/wiki/Hatfield_House
12,curated,Q859404,Central–Mid-levels escalators,22.28101,114.15251,Hong Kong,HK,street,Q163872,The Dark Knight,film,2008,tt0468569,107,44751,497.64,Christian Bale,Bruce Wayne,Michael Caine,Alfred Pennyworth,Part of the film's Hong Kong shoot took place on the escalator.,Chungking Express (1994),60,stairs/street/cafe/shop (curated class street),,new_spot,scene_generic;possible_dup:near_stamp_distinct_item(Jamia Mosque|115m);reuses_unstamped_row(wikidata:Q859404),https://www.wikidata.org/wiki/Q859404 https://en.wikipedia.org/wiki/Central%E2%80%93Mid-Levels_escalator https://en.wikipedia.org/wiki/The_Dark_Knight
13,curated,Q1757744,The Peninsula Hong Kong,22.295292,114.171531,Hong Kong,HK,building,Q163872,The Dark Knight,film,2008,tt0468569,107,35779,487.24,Christian Bale,Bruce Wayne,Michael Caine,Alfred Pennyworth,A scene with Lucius Fox and Lau was filmed at the hotel.,,150,building/castle/station (curated class building),,new_spot,,https://www.wikidata.org/wiki/Q1757744 https://en.wikipedia.org/wiki/The_Dark_Knight https://en.wikipedia.org/wiki/The_Peninsula_Hong_Kong
14,wikidata,Q192017,Monument Valley,36.983333,-110.1,San Juan County,US,valley; structural basin,Q103474,2001: A Space Odyssey,film,1968,tt0062622,90,251520,486.05,Keir Dullea,David Bowman,Gary Lockwood,Frank Poole,,Back to the Future Part III (1990),500,mountain/natural site (valley),icon:Q192017,film_line_on_existing,wp_mention;needs_scene;large_area_centroid,https://www.wikidata.org/wiki/Q103474#P915 https://www.wikidata.org/wiki/Q192017 https://en.wikipedia.org/wiki/Monument_Valley
15,wikidata,Q239935,City of Arts and Sciences,39.454528,-0.350364,Valencia,ES,museum; tourist destination; cultural center; building complex,Q34316,Doctor Who,tv,1963,,99,73736,481.9,Sylvester McCoy,Seventh Doctor,Samuel Anderson,Danny Pink,,,150,building/castle/station (building),,new_spot,via_season_or_episode;wp_mention;needs_scene;large_cast(66),https://www.wikidata.org/wiki/Q34316#P915 https://www.wikidata.org/wiki/Q239935 https://en.wikipedia.org/wiki/City_of_Arts_and_Sciences
16,wikidata,Q270263,London Zoo,51.535556,-0.155833,London,GB,zoo,Q102438,Harry Potter and the Philosopher's Stone,film,2001,tt0241527,99,69600,479.42,Daniel Radcliffe,Harry Potter,Rupert Grint,Ron Weasley,,Harry Potter (2026),300,beach/park/ranch/set (zoo),wikidata:Q270263,film_line_on_existing,wp_mention;needs_scene,https://www.wikidata.org/wiki/Q102438#P915 https://www.wikidata.org/wiki/Q270263 https://en.wikipedia.org/wiki/London_Zoo
17,wikidata,Q262500,Gloucester Cathedral,51.8673,-2.24654,Gloucester,GB,Anglican or Episcopal cathedral,Q102438,Harry Potter and the Philosopher's Stone,film,2001,tt0241527,99,67019,477.79,Daniel Radcliffe,Harry Potter,Rupert Grint,Ron Weasley,,Harry Potter and the Chamber of Secrets (2002); Harry Potter and the Half-Blood Prince (2009),150,building/castle/station (cathedral),wikidata:Q262500,film_line_on_existing,wp_mention;needs_scene,https://www.wikidata.org/wiki/Q102438#P915 https://www.wikidata.org/wiki/Q262500 https://en.wikipedia.org/wiki/Gloucester_Cathedral
18,wikidata,Q19835,"Warner Bros. Studios, Leavesden",51.693333,-0.419722,Abbots Langley,GB,film studio; film set,Q102438,Harry Potter and the Philosopher's Stone,film,2001,tt0241527,99,65379,476.73,Daniel Radcliffe,Harry Potter,Rupert Grint,Ron Weasley,,Barbie (2023); Edge of Tomorrow (2014); Fantastic Beasts and Where to Find Them (2016); Fantastic Beasts: The Crimes of Grindelwald (2018); Fantastic Beasts: The Secrets of Dumbledore (2022); Harry Potter (2026); Harry Potter and the Deathly Hallows – Part 1 (2010); House of the Dragon (2022); Jupiter Ascending (2015); Justice League (2017); Paddington 2 (2017); Sleepy Hollow (1999); Star Wars: Episode I – The Phantom Menace (1999); The Batman (2022); The Legend of Tarzan (2016); Wonka (2023); Zack Snyder's Justice League (2021),300,beach/park/ranch/set (film set),,new_spot,wp_mention;needs_scene;possible_dup:near_stamp(icon:Q27924395|339m),https://www.wikidata.org/wiki/Q102438#P915 https://www.wikidata.org/wiki/Q19835 https://en.wikipedia.org/wiki/Warner_Bros._Studios_Leavesden
19,wikidata,Q5519656,Gamble House,34.151561,-118.1608,Pasadena,US,single-family detached home,Q91540,Back to the Future,film,1985,tt0088763,103,39655,473.63,Christopher Lloyd,Emmett Brown,Lea Thompson,Lorraine Baines McFly,,,150,building/castle/station (default),,new_spot,wp_mention;needs_scene;reuses_unstamped_row(wikidata:Q5519656),https://www.wikidata.org/wiki/Q91540#P915 https://www.wikidata.org/wiki/Q5519656 https://en.wikipedia.org/wiki/Gamble_House_%28Pasadena%2C_California%29
20,wikidata,Q961148,Leadenhall Market,51.5127,-0.0835,City of London,GB,market; market hall,Q102438,Harry Potter and the Philosopher's Stone,film,2001,tt0241527,99,59079,472.37,Daniel Radcliffe,Harry Potter,Rupert Grint,Ron Weasley,,,150,building/castle/station (hall),,new_spot,wp_mention;needs_scene;possible_dup:near_stamp_distinct_item(Lloyds of London|72m),https://www.wikidata.org/wiki/Q102438#P915 https://www.wikidata.org/wiki/Q961148 https://en.wikipedia.org/wiki/Leadenhall_Market
21,curated,Q235884,Chhatrapati Shivaji Maharaj Terminus,18.9398,72.8355,Mumbai City district,IN,station,Q125076,Slumdog Millionaire,film,2008,tt1010048,89,176425,466.94,Dev Patel,Jamal Malik,Tanay Chheda,Jamal Malik,"The ""Jai Ho"" dance number was filmed at the station.",,150,building/castle/station (curated class station),wikidata:Q235884,film_line_on_existing,cast_skips_unroled(Freida Pinto),https://www.wikidata.org/wiki/Q235884 https://en.wikipedia.org/wiki/Chhatrapati_Shivaji_Terminus
22,wikidata,Q990658,Aldwych tube station,51.51215,-0.11595,London,GB,underground railway station; filming location; station building; former railway station,Q5890,V for Vendetta,film,2005,tt0434409,98,56875,465.98,Hugo Weaving,V,Natalie Portman,Evey Hammond,,The Imitation Game (2014),150,building/castle/station (building),wikidata:Q990658,film_line_on_existing,wp_mention;needs_scene,https://www.wikidata.org/wiki/Q5890#P915 https://www.wikidata.org/wiki/Q990658 https://en.wikipedia.org/wiki/Aldwych_tube_station
23,wikidata,Q15523,Lake Como,46.0,9.266667,Lombardy,IT,glacial lake,Q181069,Star Wars: Episode II – Attack of the Clones,film,2002,tt0121765,82,345247,454.13,Natalie Portman,Padmé Amidala,Ewan McGregor,Obi-Wan Kenobi,,Andor (2022); Casino Royale (2006); Man on Fire (2004); Ocean's Eleven (2001); Ocean's Twelve (2004); Once Upon a Time in America (1984); Quantum of Solace (2008); Rocco and His Brothers (1960); The Bold and the Beautiful (1987); The Sea Inside (2004),500,mountain/natural site (lake),icon:Q15523,film_line_on_existing,wp_mention;needs_scene;large_area_centroid,https://www.wikidata.org/wiki/Q181069#P915 https://www.wikidata.org/wiki/Q15523 https://en.wikipedia.org/wiki/Lake_Como
24,wikidata,Q569978,Caesars Palace,36.1165,-115.174,Clark County,US,hotel; casino; music venue,Q192724,Iron Man,film,2008,tt0371746,84,228952,450.22,Robert Downey Jr.,Tony Stark,Terrence Howard,James Rhodes,,,150,building/castle/station (hotel),,new_spot,wp_mention;needs_scene,https://www.wikidata.org/wiki/Q192724#P915 https://www.wikidata.org/wiki/Q569978 https://en.wikipedia.org/wiki/Caesars_Palace
25,wikidata,Q1071445,Cheyenne Mountain,38.737194,-104.881,Colorado,US,mountain,Q13417189,Interstellar,film,2014,tt0816692,98,34122,444.24,Matthew McConaughey,Joseph Cooper,Anne Hathaway,Amelia Brand,,,500,mountain/natural site (mountain),,new_spot,wp_mention;needs_scene;large_area_centroid,https://www.wikidata.org/wiki/Q13417189#P915 https://www.wikidata.org/wiki/Q1071445 https://en.wikipedia.org/wiki/Cheyenne_Mountain
26,wikidata,Q32378156,Cementerio de Sad Hill,41.990506,-3.40845,Santo Domingo de Silos,ES,filming location,Q41483,"The Good, the Bad and the Ugly",film,1966,tt0060196,95,45980,442.94,Clint Eastwood,Man with No Name,Lee Van Cleef,Angel Eyes,,,150,building/castle/station (default),,new_spot,wp_mention;needs_scene,https://www.wikidata.org/wiki/Q41483#P915 https://www.wikidata.org/wiki/Q32378156 https://en.wikipedia.org/wiki/Sad_Hill_Cemetery
27,wikidata,Q4918900,Mentmore Towers,51.868221,-0.690619,Mentmore,GB,English country house,Q166262,Batman Begins,film,2005,tt0372784,85,133248,435.6,Christian Bale,Bruce Wayne,Michael Caine,Alfred Pennyworth,,,150,building/castle/station (house),,new_spot,wp_mention;needs_scene,https://www.wikidata.org/wiki/Q166262#P915 https://www.wikidata.org/wiki/Q4918900 https://en.wikipedia.org/wiki/Mentmore_Towers
28,curated,Q849143,Chott el Djerid,33.7,8.433333,Kebili Governorate,TN,natural,Q17738,Star Wars: Episode IV – A New Hope,film,1977,tt0076759,96,29170,428.64,Harrison Ford,Han Solo,Alec Guinness,Obi-Wan Kenobi,Principal photography began on the salt flat in March 1976.,,500,mountain/natural site (curated class natural),,new_spot,large_area_centroid,https://www.wikidata.org/wiki/Q849143 https://en.wikipedia.org/wiki/Chott_el_Djerid https://en.wikipedia.org/wiki/Star_Wars_%28film%29
29,wikidata,Q474326,Walt Disney Concert Hall,34.055278,-118.25,Los Angeles,US,concert hall,Q192724,Iron Man,film,2008,tt0371746,84,116462,425.56,Robert Downey Jr.,Tony Stark,Terrence Howard,James Rhodes,,Star Trek: Picard (2020),150,building/castle/station (hall),curated:united-states-los-angeles-walt-disney-concert-hall,film_line_on_existing,wp_mention;needs_scene,https://www.wikidata.org/wiki/Q192724#P915 https://www.wikidata.org/wiki/Q474326 https://en.wikipedia.org/wiki/Walt_Disney_Concert_Hall
30,wikidata,Q2134416,Normandy American Cemetery and Memorial,49.36,-0.8575,Colleville-sur-Mer,FR,war cemetery,Q165817,Saving Private Ryan,film,1998,tt0120815,86,84275,423.61,Tom Hanks,Captain John H. Miller,Matt Damon,Private First Class James Francis Ryan,,,300,beach/park/ranch/set (cemetery),wikidata:Q2134416,film_line_on_existing,wp_mention;needs_scene,https://www.wikidata.org/wiki/Q165817#P915 https://www.wikidata.org/wiki/Q2134416 https://en.wikipedia.org/wiki/Normandy_American_Cemetery_and_Memorial
31,curated,Q2670896,Ksar Ouled Soltane,32.788533,10.514567,Tataouine Governorate,TN,castle,Q165713,Star Wars: Episode I – The Phantom Menace,film,1999,tt0120915,91,39557,418.35,Liam Neeson,Qui-Gon Jinn,Ewan McGregor,Obi-Wan Kenobi,"Stood in for the slave quarters of Mos Espa, where young Anakin lived.",,150,building/castle/station (curated class castle),wikidata:Q2670896,film_line_on_existing,,https://www.wikidata.org/wiki/Q2670896 https://en.wikipedia.org/wiki/Ksar_Ouled_Soltane
32,wikidata,Q285468,Hashima Island,32.627778,129.738333,Nagasaki,JP,island; mine; uninhabited island,Q4941,Skyfall,film,2012,tt1074638,78,229012,418.07,Daniel Craig,James Bond,Javier Bardem,Raoul Silva,,,500,mountain/natural site (island),wikidata:Q285468,film_line_on_existing,wp_mention;needs_scene;large_area_centroid,https://www.wikidata.org/wiki/Q4941#P915 https://www.wikidata.org/wiki/Q285468 https://en.wikipedia.org/wiki/Hashima_Island
33,wikidata,Q49148,Martha's Vineyard,41.4,-70.616667,Dukes County,US,island,Q189505,Jaws,film,1975,tt0073195,72,638016,417.95,Roy Scheider,Martin Brody,Richard Dreyfuss,Matt Hooper,,,500,mountain/natural site (island),wikidata:Q49148,film_line_on_existing,wp_mention;needs_scene;cast_skips_unroled(Robert Shaw);large_area_centroid,https://www.wikidata.org/wiki/Q189505#P915 https://www.wikidata.org/wiki/Q49148 https://en.wikipedia.org/wiki/Martha%27s_Vineyard
34,wikidata,Q290355,pont de Bir-Hakeim,48.855556,2.287778,Paris,FR,metro bridge,Q25188,Inception,film,2010,tt1375666,97,19953,417.1,Leonardo DiCaprio,Dominick Cobb,Ken Watanabe,Saito,,,120,square/bridge/viaduct (bridge),wikidata:Q290355,film_line_on_existing,wp_mention;needs_scene,https://www.wikidata.org/wiki/Q25188#P915 https://www.wikidata.org/wiki/Q290355 https://en.wikipedia.org/wiki/Pont_de_Bir-Hakeim
35,wikidata,Q19675,Louvre Museum,48.861111,2.335833,Paris,FR,art museum; archaeological museum,Q160560,The Da Vinci Code,film,2006,tt0382625,70,733553,410.58,Tom Hanks,Robert Langdon,Audrey Tautou,Sophie Neveu,,,120,square/bridge/viaduct (arch),icon:Q19675,film_line_on_existing,wp_mention;needs_scene,https://www.wikidata.org/wiki/Q160560#P915 https://www.wikidata.org/wiki/Q19675 https://en.wikipedia.org/wiki/Louvre
36,curated,Q131315947,Hotel Sidi Driss,33.542714,9.967273,Matmata,TN,building,Q17738,Star Wars: Episode IV – A New Hope,film,1977,tt0076759,96,16438,404.72,Harrison Ford,Han Solo,Alec Guinness,Obi-Wan Kenobi,The scenes of Luke Skywalker's Tatooine home were filmed at the hotel.,,150,building/castle/station (curated class building),,new_spot,"pageviews_proxy(Matmata, Tunisia);reuses_unstamped_row(wikidata:Q338512)",https://www.wikidata.org/wiki/Q131315947 https://en.wikipedia.org/wiki/Matmata%2C_Tunisia https://en.wikipedia.org/wiki/Star_Wars_%28film%29
37,wikidata,Q5575368,Goathland railway station,54.4007,-0.712124,Goathland,GB,railway station,Q102438,Harry Potter and the Philosopher's Stone,film,2001,tt0241527,99,11918,403.55,Daniel Radcliffe,Harry Potter,Rupert Grint,Ron Weasley,,,150,building/castle/station (station),,new_spot,wp_mention;needs_scene;reuses_unstamped_row(wikidata:Q5575368),https://www.wikidata.org/wiki/Q102438#P915 https://www.wikidata.org/wiki/Q5575368 https://en.wikipedia.org/wiki/Goathland_railway_station
38,wikidata,Q595439,Santa Monica Pier,34.008611,-118.498611,Santa Monica,US,amusement park; pier,Q192724,Iron Man,film,2008,tt0371746,84,60304,401.55,Robert Downey Jr.,Tony Stark,Terrence Howard,James Rhodes,,,120,square/bridge/viaduct (pier),curated:united-states-los-angeles-santa-monica-pier,film_line_on_existing,wp_mention;needs_scene,https://www.wikidata.org/wiki/Q192724#P915 https://www.wikidata.org/wiki/Q595439 https://en.wikipedia.org/wiki/Santa_Monica_Pier
39,curated,Q40729,Wadi Rum,29.5765,35.419928,Aqaba Governorate,JO,natural,Q228186,Lawrence of Arabia,film,1962,tt0056172,79,111132,398.62,Jack Hawkins,"Edmund Allenby, 1st Viscount Allenby",Anthony Quinn,Auda ibu Tayi,David Lean filmed much of the film's desert on location here.,Aladdin (2019); Dune (2021); Prometheus (2012); Rogue One: A Star Wars Story (2016); Star Wars: Episode IX – The Rise of Skywalker (2019); The Martian (2015),500,mountain/natural site (curated class natural),icon:Q40729,film_line_on_existing,large_area_centroid,https://www.wikidata.org/wiki/Q40729 https://en.wikipedia.org/wiki/Lawrence_of_Arabia_%28film%29 https://en.wikipedia.org/wiki/Wadi_Rum
40,wikidata,Q180788,National Gallery,51.508889,-0.128333,London,GB,national museum,Q4941,Skyfall,film,2012,tt1074638,78,124056,397.3,Daniel Craig,James Bond,Javier Bardem,Raoul Silva,,,150,building/castle/station (museum),curated:united-kingdom-london-the-national-gallery,film_line_on_existing,wp_mention;needs_scene;possible_dup:seed_neighbour(Trafalgar Square|94m),https://www.wikidata.org/wiki/Q4941#P915 https://www.wikidata.org/wiki/Q180788 https://en.wikipedia.org/wiki/National_Gallery
41,wikidata,Q619505,Elland Road,53.777778,-1.572222,Leeds,GB,association football venue; rugby union venue; rugby league venue,Q160060,The King's Speech,film,2010,tt1504320,78,123691,397.2,Colin Firth,George VI,Geoffrey Rush,Lionel Logue,,,150,building/castle/station (default),,new_spot,wp_mention;needs_scene,https://www.wikidata.org/wiki/Q160060#P915 https://www.wikidata.org/wiki/Q619505 https://en.wikipedia.org/wiki/Elland_Road
42,wikidata,Q205666,Hampton Court Palace,51.4034,-0.337499,London,GB,palace; theatre building; historic house museum; independent museum,Q183555,Pirates of the Caribbean: On Stranger Tides,film,2011,tt1298650,74,227523,396.42,Penélope Cruz,Angelica,Ian McShane,Blackbeard,,Cinderella (2015); Sherlock Holmes: A Game of Shadows (2011); The Theory of Everything (2014),150,building/castle/station (building),wikidata:Q205666,film_line_on_existing,wp_mention;needs_scene,https://www.wikidata.org/wiki/Q183555#P915 https://www.wikidata.org/wiki/Q205666 https://en.wikipedia.org/wiki/Hampton_Court_Palace
43,wikidata,Q208181,Blenheim Palace,51.841363,-1.360948,Blenheim,GB,garden; English country house; historic house museum,Q18602670,Spectre,film,2015,tt2379713,70,448141,395.6,Daniel Craig,James Bond,Christoph Waltz,Ernst Stavro Blofeld / Franz Oberhauser,,Barry Lyndon (1975); Mission: Impossible – Rogue Nation (2015),300,beach/park/ranch/set (garden),wikidata:Q208181,film_line_on_existing,wp_mention;needs_scene,https://www.wikidata.org/wiki/Q18602670#P915 https://www.wikidata.org/wiki/Q208181 https://en.wikipedia.org/wiki/Blenheim_Palace
44,wikidata,Q579004,Ely Cathedral,52.398611,0.263889,Ely,GB,Anglican or Episcopal cathedral,Q160060,The King's Speech,film,2010,tt1504320,78,111632,393.73,Colin Firth,George VI,Geoffrey Rush,Lionel Logue,,Jupiter Ascending (2015); The Crown (2016); The Other Boleyn Girl (2008),150,building/castle/station (cathedral),wikidata:Q579004,film_line_on_existing,wp_mention;needs_scene,https://www.wikidata.org/wiki/Q160060#P915 https://www.wikidata.org/wiki/Q579004 https://en.wikipedia.org/wiki/Ely_Cathedral
45,curated,Q505954,Grand Bazaar,41.010581,28.967933,Fatih,TR,building,Q4941,Skyfall,film,2012,tt1074638,78,108856,392.87,Daniel Craig,James Bond,Javier Bardem,Raoul Silva,The bazaar was closed for filming during the film's Istanbul shoot.,From Russia with Love (1963),150,building/castle/station (curated class building),icon:Q505954,film_line_on_existing,scene_generic,https://www.wikidata.org/wiki/Q505954 https://en.wikipedia.org/wiki/Skyfall
46,wikidata,Q240711,Hotel Chelsea,40.744444,-73.996944,New York City,US,hotel,Q484675,Léon: The Professional,film,1994,tt0110413,73,206968,388.06,Gary Oldman,Norman Stansfield,,,,,150,building/castle/station (hotel),,new_spot,wp_mention;needs_scene;needs_roles;lead_without_role;cast_skips_unroled(Natalie Portman),https://www.wikidata.org/wiki/Q484675#P915 https://www.wikidata.org/wiki/Q240711 https://en.wikipedia.org/wiki/Hotel_Chelsea
47,curated,Q12506,Hagia Sophia,41.008333,28.98,Istanbul,TR,building,Q106571,From Russia with Love,film,1963,tt0057076,64,1071497,385.92,Sean Connery,James Bond,Pedro Armendáriz,Ali Kerim Bey,One of the film's Istanbul locations.,,150,building/castle/station (curated class building),curated:turkey-istanbul-hagia-sophia,film_line_on_existing,scene_generic,https://www.wikidata.org/wiki/Q12506 https://en.wikipedia.org/wiki/From_Russia_with_Love_%28film%29
48,wikidata,Q723336,Ascot Racecourse,51.4161,-0.676944,Sunninghill and Ascot,GB,horse racing venue,Q4941,Skyfall,film,2012,tt1074638,78,85631,384.75,Daniel Craig,James Bond,Javier Bardem,Raoul Silva,,,150,building/castle/station (default),wikidata:Q723336,film_line_on_existing,wp_mention;needs_scene,https://www.wikidata.org/wiki/Q4941#P915 https://www.wikidata.org/wiki/Q723336 https://en.wikipedia.org/wiki/Ascot_Racecourse
49,curated,Q7801881,Tikal Temple IV,17.2237,-89.6299,Petén Department,GT,building,Q17738,Star Wars: Episode IV – A New Hope,film,1977,tt0076759,96,10109,384.46,Harrison Ford,Han Solo,Alec Guinness,Obi-Wan Kenobi,A scene for the moon Yavin 4 was shot at the temple.,,150,building/castle/station (curated class building),wikidata:Q7801881,film_line_on_existing,,https://www.wikidata.org/wiki/Q7801881 https://en.wikipedia.org/wiki/Star_Wars_%28film%29 https://en.wikipedia.org/wiki/Tikal_Temple_IV
50,wikidata,Q379656,Saint Vincent,13.25,-61.2,,VC,island,Q161087,Pirates of the Caribbean: Dead Man's Chest,film,2006,tt0383574,84,37620,384.34,Orlando Bloom,Will Turner,Keira Knightley,Elizabeth Swann,,,500,mountain/natural site (island),icon:Q379656,film_line_on_existing,wp_mention;needs_scene;large_area_centroid;no_city,https://www.wikidata.org/wiki/Q161087#P915 https://www.wikidata.org/wiki/Q379656 https://en.wikipedia.org/wiki/Saint_Vincent_%28Saint_Vincent_and_the_Grenadines%29
51,curated,Q2124779,Spitzkoppe,-21.825627,15.195108,,NA,mountain,Q103474,2001: A Space Odyssey,film,1968,tt0062622,90,16350,379.22,Keir Dullea,David Bowman,Gary Lockwood,Frank Poole,"Still photographs of the peaks became the backgrounds of the ""Dawn of Man"" sequence.",,500,mountain/natural site (curated class mountain),,new_spot,evidence_weak;no_city;reuses_unstamped_row(icon:Q2124779),https://www.wikidata.org/wiki/Q2124779 https://en.wikipedia.org/wiki/2001%3A_A_Space_Odyssey https://en.wikipedia.org/wiki/Spitzkoppe
52,wikidata,Q1920322,Fox Plaza,34.055282,-118.412804,Los Angeles,US,skyscraper,Q105598,Die Hard,film,1988,tt0095016,78,67355,376.61,Bruce Willis,John McClane,Alexander Godunov,Karl,,,150,building/castle/station (skyscraper),,new_spot,wp_mention;needs_scene;reuses_unstamped_row(wikidata:Q1920322),https://www.wikidata.org/wiki/Q105598#P915 https://www.wikidata.org/wiki/Q1920322 https://en.wikipedia.org/wiki/2121_Avenue_of_the_Stars
53,wikidata,Q198536,SIS Building,51.487222,-0.124167,London,GB,building of public administration,Q18602670,Spectre,film,2015,tt2379713,70,239938,376.61,Daniel Craig,James Bond,Christoph Waltz,Ernst Stavro Blofeld / Franz Oberhauser,,,60,stairs/street/cafe/shop (pub),,new_spot,wp_mention;needs_scene,https://www.wikidata.org/wiki/Q18602670#P915 https://www.wikidata.org/wiki/Q198536 https://en.wikipedia.org/wiki/SIS_Building
54,wikidata,Q2946,Palace of Versailles,48.804722,2.120278,Versailles,FR,palace; art museum; château; royal palace,Q206124,Midnight in Paris,film,2011,tt1605783,64,744083,375.78,Owen Wilson,Gil Pender,Rachel McAdams,Inez,,Emily in Paris (2020); Marie Antoinette (2006),150,building/castle/station (palace),icon:Q2946,film_line_on_existing,wp_mention;needs_scene,https://www.wikidata.org/wiki/Q206124#P915 https://www.wikidata.org/wiki/Q2946 https://en.wikipedia.org/wiki/Palace_of_Versailles
55,wikidata,Q390169,Lincoln Cathedral,53.234444,-0.536111,Lincoln,GB,Anglican or Episcopal cathedral,Q160560,The Da Vinci Code,film,2006,tt0382625,70,226673,374.88,Tom Hanks,Robert Langdon,Audrey Tautou,Sophie Neveu,,,150,building/castle/station (cathedral),wikidata:Q390169,film_line_on_existing,wp_mention;needs_scene,https://www.wikidata.org/wiki/Q160560#P915 https://www.wikidata.org/wiki/Q390169 https://en.wikipedia.org/wiki/Lincoln_Cathedral
56,wikidata,Q83101,Taipei 101,25.033611,121.564722,Xicun Village,TW,skyscraper,Q15624215,Lucy,film,2014,tt2872732,62,1087560,374.26,Morgan Freeman,Professor Norman,Choi Min-sik,Mr. Jang,,,150,building/castle/station (skyscraper),icon:Q83101,film_line_on_existing,wp_mention;needs_scene,https://www.wikidata.org/wiki/Q15624215#P915 https://www.wikidata.org/wiki/Q83101 https://en.wikipedia.org/wiki/Taipei_101
57,wikidata,Q19841,Knebworth House,51.8728,-0.2148,Knebworth,GB,English country house; historic house museum; country house,Q160060,The King's Speech,film,2010,tt1504320,78,62305,373.97,Colin Firth,George VI,Geoffrey Rush,Lionel Logue,,Batman (1989); Paddington 2 (2017),150,building/castle/station (museum),wikidata:Q19841,film_line_on_existing,wp_mention;needs_scene,https://www.wikidata.org/wiki/Q160060#P915 https://www.wikidata.org/wiki/Q19841 https://en.wikipedia.org/wiki/Knebworth_House
58,wikidata,Q745296,Flushing Meadows–Corona Park,40.743746,-73.84479,New York City,US,urban park,Q205028,Iron Man 2,film,2010,tt1228705,74,112232,373.71,Robert Downey Jr.,Tony Stark,Gwyneth Paltrow,Pepper Potts,,,300,beach/park/ranch/set (park),wikidata:Q745296,film_line_on_existing,wp_mention;needs_scene,https://www.wikidata.org/wiki/Q205028#P915 https://www.wikidata.org/wiki/Q745296 https://en.wikipedia.org/wiki/Flushing_Meadows%E2%80%93Corona_Park
59,wikidata,Q1146311,Lancaster House,51.503889,-0.139167,London,GB,building,Q160060,The King's Speech,film,2010,tt1504320,78,60844,373.17,Colin Firth,George VI,Geoffrey Rush,Lionel Logue,,The Crown (2016),150,building/castle/station (building),,new_spot,wp_mention;needs_scene;possible_dup:near_stamp_distinct_item(St James's Palace|125m),https://www.wikidata.org/wiki/Q160060#P915 https://www.wikidata.org/wiki/Q1146311 https://en.wikipedia.org/wiki/Lancaster_House
60,curated,Q80290,Forbidden City,39.915833,116.390833,Beijing,CN,castle,Q212775,The Last Emperor,film,1987,tt0093389,64,659028,372.41,John Lone,Puyi,Joan Chen,Empress Wanrong,The first Western feature allowed to film inside: the toddler Puyi is summoned here to become emperor.,,150,building/castle/station (curated class castle),icon:Q80290,film_line_on_existing,,https://www.wikidata.org/wiki/Q80290 https://en.wikipedia.org/wiki/Forbidden_City https://en.wikipedia.org/wiki/The_Last_Emperor
61,wikidata,Q164946,St Bartholomew's Hospital,51.5177,-0.100519,City of London,GB,medical school; building complex; hospital building,Q4941,Skyfall,film,2012,tt1074638,78,56817,370.85,Daniel Craig,James Bond,Javier Bardem,Raoul Silva,,,150,building/castle/station (building),wikidata:Q1093271,film_line_on_existing,wp_mention;needs_scene,https://www.wikidata.org/wiki/Q4941#P915 https://www.wikidata.org/wiki/Q164946 https://en.wikipedia.org/wiki/St_Bartholomew%27s_Hospital
62,wikidata,Q1753590,Old Royal Naval College,51.483667,-0.005944,London,GB,heritage site; museum; archaeological site,Q4941,Skyfall,film,2012,tt1074638,78,48231,365.3,Daniel Craig,James Bond,Javier Bardem,Raoul Silva,,Les Misérables (2012); Pirates of the Caribbean: On Stranger Tides (2011); The Crown (2016); The King's Speech (2010),120,square/bridge/viaduct (arch),,new_spot,wp_mention;needs_scene;possible_dup:near_stamp_distinct_item(Palace of Placentia|117m),https://www.wikidata.org/wiki/Q4941#P915 https://www.wikidata.org/wiki/Q1753590 https://en.wikipedia.org/wiki/Old_Royal_Naval_College
63,curated,Q21083961,Shibuya scramble crossing,35.659503,139.700544,Tokyo,JP,square,Q107270,Lost in Translation,film,2003,tt0335266,69,192542,364.63,Bill Murray,Bob Harris,Scarlett Johansson,Charlotte,"Filmed at the crossing, including the ""walking dinosaur"" video screen scene.",,120,square/bridge/viaduct (curated class square),icon:Q21083961,film_line_on_existing,,https://www.wikidata.org/wiki/Q21083961 https://en.wikipedia.org/wiki/Lost_in_Translation https://en.wikipedia.org/wiki/Shibuya_Crossing
64,wikidata,Q1093944,San Francisco City Hall,37.779278,-122.419278,San Francisco,US,Rathaus; city hall,Q174284,Raiders of the Lost Ark,film,1981,tt0082971,80,35418,363.94,John Rhys-Davies,Sallah,Harrison Ford,Indiana Jones,,,150,building/castle/station (hall),,new_spot,wp_mention;needs_scene;city_level_suspect;reuses_unstamped_row(wikidata:Q1093944),https://www.wikidata.org/wiki/Q174284#P915 https://www.wikidata.org/wiki/Q1093944 https://en.wikipedia.org/wiki/San_Francisco_City_Hall
65,wikidata,Q1081023,Bonneville Salt Flats,40.8,-113.8,Tooele County,US,plain; salt pan,Q105387,Independence Day,film,1996,tt0116629,71,120355,360.71,Will Smith,Steven Hiller,Jeff Goldblum,David Levinson,,Star Wars: Episode VIII – The Last Jedi (2017),500,mountain/natural site (salt),wikidata:Q1081023,film_line_on_existing,wp_mention;needs_scene,https://www.wikidata.org/wiki/Q105387#P915 https://www.wikidata.org/wiki/Q1081023 https://en.wikipedia.org/wiki/Bonneville_Salt_Flats
66,curated,Q1139488,Rocky Steps,39.9649,-75.1802,Pennsylvania,US,stairs,Q188652,Rocky,film,1976,tt0075148,72,101184,360.37,Talia Shire,Adrian Pennino,Carl Weathers,Apollo Creed,Rocky runs up the 72 steps of the Philadelphia Museum of Art in training.,,60,stairs/street/cafe/shop (curated class stairs),,new_spot,possible_dup:near_stamp_distinct_item(Philadelphia Museum of Art|138m),https://www.wikidata.org/wiki/Q1139488 https://en.wikipedia.org/wiki/Rocky https://en.wikipedia.org/wiki/Rocky_Steps
67,wikidata,Q9141,Taj Mahal,27.175,78.041944,Agra,IN,mausoleum; tomb,Q208344,Armageddon,film,1998,tt0120591,58,1628329,360.28,Bruce Willis,Harry S. Stamper,Steve Buscemi,Rockhound,,,150,building/castle/station (default),icon:Q9141,film_line_on_existing,wp_mention;needs_scene,https://www.wikidata.org/wiki/Q208344#P915 https://www.wikidata.org/wiki/Q9141 https://en.wikipedia.org/wiki/Taj_Mahal
68,wikidata,Q476529,Winchester Cathedral,51.060722,-1.313333,Winchester,GB,Anglican or Episcopal cathedral,Q160560,The Da Vinci Code,film,2006,tt0382625,70,138162,359.83,Tom Hanks,Robert Langdon,Audrey Tautou,Sophie Neveu,,Les Misérables (2012),150,building/castle/station (cathedral),wikidata:Q476529,film_line_on_existing,wp_mention;needs_scene,https://www.wikidata.org/wiki/Q160560#P915 https://www.wikidata.org/wiki/Q476529 https://en.wikipedia.org/wiki/Winchester_Cathedral
69,wikidata,Q1143701,Cumberland Lodge,51.4339,-0.6079,Old Windsor,GB,English country house,Q160060,The King's Speech,film,2010,tt1504320,78,39429,358.47,Colin Firth,George VI,Geoffrey Rush,Lionel Logue,,,150,building/castle/station (house),,new_spot,wp_mention;needs_scene,https://www.wikidata.org/wiki/Q160060#P915 https://www.wikidata.org/wiki/Q1143701 https://en.wikipedia.org/wiki/Cumberland_Lodge
70,curated,Q615949,Liwa Oasis,23.133333,53.783333,Emirate of Abu Dhabi,AE,natural,Q6074,Star Wars: Episode VII – The Force Awakens,film,2015,tt2488496,75,56809,356.58,Harrison Ford,Han Solo,Mark Hamill,Luke Skywalker,The desert east of the oasis stood in for the desert planet Jakku.,Dune (2021),500,mountain/natural site (curated class natural),,new_spot,large_area_centroid,https://www.wikidata.org/wiki/Q615949 https://en.wikipedia.org/wiki/Liwa_Oasis https://en.wikipedia.org/wiki/Star_Wars%3A_The_Force_Awakens
71,wikidata,Q5049457,Cassiobury Park,51.6597,-0.416667,Watford,GB,park,Q165713,Star Wars: Episode I – The Phantom Menace,film,1999,tt0120915,91,8135,355.85,Liam Neeson,Qui-Gon Jinn,Ewan McGregor,Obi-Wan Kenobi,,,300,beach/park/ranch/set (park),,new_spot,wp_mention;needs_scene,https://www.wikidata.org/wiki/Q165713#P915 https://www.wikidata.org/wiki/Q5049457 https://en.wikipedia.org/wiki/Cassiobury_Park
72,wikidata,Q44057,Millennium Bridge,51.510173,-0.098438,City of London,GB,suspension bridge; footbridge,Q5887360,Guardians of the Galaxy,film,2014,tt2015381,72,85459,355.09,Chris Pratt,Peter Quill,Zoe Saldaña,Gamora,,,120,square/bridge/viaduct (bridge),wikidata:Q44057,film_line_on_existing,wp_mention;needs_scene,https://www.wikidata.org/wiki/Q5887360#P915 https://www.wikidata.org/wiki/Q44057 https://en.wikipedia.org/wiki/Millennium_Bridge%2C_London
73,wikidata,Q3115714,Odsal Stadium,53.765,-1.756944,Bradford,GB,stadium; motorsport racing track; rugby league venue,Q160060,The King's Speech,film,2010,tt1504320,78,35419,354.84,Colin Firth,George VI,Geoffrey Rush,Lionel Logue,,,300,beach/park/ranch/set (stadium),,new_spot,wp_mention;needs_scene,https://www.wikidata.org/wiki/Q160060#P915 https://www.wikidata.org/wiki/Q3115714 https://en.wikipedia.org/wiki/Odsal_Stadium
74,wikidata,Q1015079,Burghley House,52.6425,-0.453056,Barnack,GB,historic house museum; prodigy house; country house,Q160560,The Da Vinci Code,film,2006,tt0382625,70,112566,353.6,Tom Hanks,Robert Langdon,Audrey Tautou,Sophie Neveu,,Elizabeth: The Golden Age (2007); Pride & Prejudice (2005),150,building/castle/station (museum),wikidata:Q1015079,film_line_on_existing,wp_mention;needs_scene,https://www.wikidata.org/wiki/Q160560#P915 https://www.wikidata.org/wiki/Q1015079 https://en.wikipedia.org/wiki/Burghley_House
75,curated,Q1483099,Mehrangarh Fort,26.298056,73.018889,Jodhpur,IN,castle,Q189330,The Dark Knight Rises,film,2012,tt1345836,71,92790,352.69,Christian Bale,Bruce Wayne,Michael Caine,Alfred Pennyworth,Principal photography for the film began at the fort in May 2011.,Rudyard Kipling's The Jungle Book (1994),150,building/castle/station (curated class castle),wikidata:Q1483099,film_line_on_existing,,https://www.wikidata.org/wiki/Q1483099 https://en.wikipedia.org/wiki/Mehrangarh https://en.wikipedia.org/wiki/The_Dark_Knight_Rises
76,wikidata,Q125006,Brooklyn Bridge,40.705667,-73.996333,New York City,US,suspension bridge; cable-stayed bridge; road bridge; railway bridge,Q212689,I Am Legend,film,2007,tt0480249,62,480916,352.29,,,,,,Enchanted (2007),120,square/bridge/viaduct (bridge),curated:united-states-new-york-city-brooklyn-bridge,film_line_on_existing,wp_mention;needs_scene;needs_roles;lead_without_role,https://www.wikidata.org/wiki/Q212689#P915 https://www.wikidata.org/wiki/Q125006 https://en.wikipedia.org/wiki/Brooklyn_Bridge
77,wikidata,Q48821,Kennedy Space Center,28.524722,-80.648611,Brevard County,US,research institute; spaceport; NASA facility; Moonport,Q106428,Apollo 13,film,1995,tt0112384,64,316349,352.01,Tom Hanks,Jim Lovell,Bill Paxton,Fred Haise,,,150,building/castle/station (default),wikidata:Q48821,film_line_on_existing,wp_mention;needs_scene,https://www.wikidata.org/wiki/Q106428#P915 https://www.wikidata.org/wiki/Q48821 https://en.wikipedia.org/wiki/Kennedy_Space_Center
78,wikidata,Q795322,Charing Cross tube station,51.508056,-0.124722,London,GB,underground railway station; London Underground station,Q4941,Skyfall,film,2012,tt1074638,78,32132,351.54,Daniel Craig,James Bond,Javier Bardem,Raoul Silva,,,150,building/castle/station (station),wikidata:Q216185,film_line_on_existing,wp_mention;needs_scene,https://www.wikidata.org/wiki/Q4941#P915 https://www.wikidata.org/wiki/Q795322 https://en.wikipedia.org/wiki/Charing_Cross_tube_station
79,curated,Q74077989,Joker stairs,40.835833,-73.923889,New York City,US,stairs,Q42759035,Joker,film,2019,tt7286456,76,40806,350.42,Joaquin Phoenix,The Joker / Arthur Fleck,Zazie Beetz,Sophie Dumond,Arthur Fleck climbs the stairs daily - and dances down them in his Joker attire.,Joker: Folie à Deux (2024),60,stairs/street/cafe/shop (curated class stairs),,new_spot,also_in_wikidata;reuses_unstamped_row(curated:united-states-new-york-joker-stairs),https://www.wikidata.org/wiki/Q74077989 https://en.wikipedia.org/wiki/Joker_%282019_film%29 https://en.wikipedia.org/wiki/Joker_Stairs
80,wikidata,Q49642,"Rosslyn Chapel, Roslin",55.8554,-3.1599,Midlothian,GB,Anglican church building,Q160560,The Da Vinci Code,film,2006,tt0382625,70,98106,349.42,Tom Hanks,Robert Langdon,Audrey Tautou,Sophie Neveu,,,150,building/castle/station (building),wikidata:Q49642,film_line_on_existing,wp_mention;needs_scene,https://www.wikidata.org/wiki/Q160560#P915 https://www.wikidata.org/wiki/Q49642 https://en.wikipedia.org/wiki/Rosslyn_Chapel
81,wikidata,Q5555209,Halton House,51.781367,-0.726406,Halton,GB,English country house,Q160060,The King's Speech,film,2010,tt1504320,78,29634,348.8,Colin Firth,George VI,Geoffrey Rush,Lionel Logue,,,150,building/castle/station (house),,new_spot,wp_mention;needs_scene,https://www.wikidata.org/wiki/Q160060#P915 https://www.wikidata.org/wiki/Q5555209 https://en.wikipedia.org/wiki/Halton_House
82,wikidata,Q185382,Trevi Fountain,41.900932,12.483313,Rome,IT,fountain; sculpture,Q18407,La Dolce Vita,film,1960,tt0053779,61,496279,347.44,,,,,,,120,square/bridge/viaduct (fountain),icon:Q185382,film_line_on_existing,wp_mention;needs_scene;needs_roles;lead_without_role,https://www.wikidata.org/wiki/Q18407#P915 https://www.wikidata.org/wiki/Q185382 https://en.wikipedia.org/wiki/Trevi_Fountain
83,curated,Q1259626,Al Khazneh,30.32206,35.45145,Al-Betrā',JO,building,Q185658,Indiana Jones and the Last Crusade,film,1989,tt0097576,68,128000,347.29,Sean Connery,Henry Jones,John Rhys-Davies,Sallah,The Treasury's facade stands in for the temple housing the Holy Grail.,,150,building/castle/station (curated class building),wikidata:Q1259626,film_line_on_existing,,https://www.wikidata.org/wiki/Q1259626 https://en.wikipedia.org/wiki/Al-Khazneh https://en.wikipedia.org/wiki/Indiana_Jones_and_the_Last_Crusade
84,curated,Q1348507,Zócalo,19.432778,-99.133333,Mexico City,MX,square,Q18602670,Spectre,film,2015,tt2379713,70,91074,347.16,Daniel Craig,James Bond,Christoph Waltz,Ernst Stavro Blofeld / Franz Oberhauser,The pre-title sequence: Bond takes over a helicopter above the Day of the Dead crowds in the square.,,120,square/bridge/viaduct (curated class square),icon:Q1348507,film_line_on_existing,also_in_wikidata;possible_dup:seed_neighbour(Old Portal de Mercaderes|110m),https://www.wikidata.org/wiki/Q1348507 https://en.wikipedia.org/wiki/Spectre_%282015_film%29 https://en.wikipedia.org/wiki/Z%C3%B3calo
85,wikidata,Q624409,Mapo Bridge,37.533611,126.936389,Seoul,KR,road bridge,Q14171368,Avengers: Age of Ultron,film,2015,tt2395427,82,16524,345.89,Robert Downey Jr.,Tony Stark,Chris Hemsworth,Thor,,,120,square/bridge/viaduct (bridge),,new_spot,wp_mention;needs_scene,https://www.wikidata.org/wiki/Q14171368#P915 https://www.wikidata.org/wiki/Q624409 https://en.wikipedia.org/wiki/Mapo_Bridge
86,wikidata,Q4972142,Broadcasting House,51.4976,-3.2273,Cardiff,GB,broadcasting house,Q34316,Doctor Who,tv,1963,,99,3099,345.64,Sylvester McCoy,Seventh Doctor,Samuel Anderson,Danny Pink,,,150,building/castle/station (house),,new_spot,via_season_or_episode;wp_mention;needs_scene;large_cast(66),https://www.wikidata.org/wiki/Q34316#P915 https://www.wikidata.org/wiki/Q4972142 https://en.wikipedia.org/wiki/Broadcasting_House%2C_Cardiff
87,curated,Q668641,Spice Bazaar,41.016389,28.970556,Fatih,TR,building,Q4941,Skyfall,film,2012,tt1074638,78,24917,342.93,Daniel Craig,James Bond,Javier Bardem,Raoul Silva,The bazaar was closed for filming during the film's Istanbul shoot.,From Russia with Love (1963),150,building/castle/station (curated class building),curated:turkey-istanbul-spice-bazaar,film_line_on_existing,scene_generic,https://www.wikidata.org/wiki/Q668641 https://en.wikipedia.org/wiki/Skyfall
88,wikidata,Q2130840,Randy's Donuts,33.961773,-118.370355,California,US,restaurant chain,Q205028,Iron Man 2,film,2010,tt1228705,74,41656,341.86,Robert Downey Jr.,Tony Stark,Gwyneth Paltrow,Pepper Potts,,,60,stairs/street/cafe/shop (restaurant),,new_spot,wp_mention;needs_scene,https://www.wikidata.org/wiki/Q205028#P915 https://www.wikidata.org/wiki/Q2130840 https://en.wikipedia.org/wiki/Randy%27s_Donuts
89,curated,Q216511,Basilica Cistern,41.008404,28.977921,Fatih,TR,building,Q106571,From Russia with Love,film,1963,tt0057076,64,209706,340.58,Sean Connery,James Bond,Pedro Armendáriz,Ali Kerim Bey,The cistern was a location for the 1963 Bond film.,Inferno (2016),150,building/castle/station (curated class building),icon:Q216511,film_line_on_existing,scene_generic,https://www.wikidata.org/wiki/Q216511 https://en.wikipedia.org/wiki/Basilica_Cistern https://en.wikipedia.org/wiki/From_Russia_with_Love_%28film%29
90,curated,Q979167,Ajim,33.724868,10.748642,delegation of Djerba - Ajim,TN,village,Q17738,Star Wars: Episode IV – A New Hope,film,1977,tt0076759,96,3424,339.33,Harrison Ford,Han Solo,Alec Guinness,Obi-Wan Kenobi,The town and its surroundings were used as filming locations.,,300,beach/park/ranch/set (curated class village),,new_spot,city_level_suspect;scene_generic,https://www.wikidata.org/wiki/Q979167 https://en.wikipedia.org/wiki/Ajim
91,wikidata,Q247420,Dodger Stadium,34.073611,-118.24,Los Angeles,US,stadium; baseball venue,Q213081,Star Trek,film,2009,tt0796366,61,361419,339.04,Zachary Quinto,Spock,Chris Pine,James T. Kirk,,,300,beach/park/ranch/set (stadium),icon:Q247420,film_line_on_existing,wp_mention;needs_scene,https://www.wikidata.org/wiki/Q213081#P915 https://www.wikidata.org/wiki/Q247420 https://en.wikipedia.org/wiki/Dodger_Stadium
92,wikidata,Q5713579,Hendon Police College,51.593,-0.242,London,GB,police college,Q14171368,Avengers: Age of Ultron,film,2015,tt2395427,82,13296,338.15,Robert Downey Jr.,Tony Stark,Chris Hemsworth,Thor,,,150,building/castle/station (college),,new_spot,wp_mention;needs_scene,https://www.wikidata.org/wiki/Q14171368#P915 https://www.wikidata.org/wiki/Q5713579 https://en.wikipedia.org/wiki/Hendon_Police_College
93,curated,Q12495,Burj Khalifa,25.197222,55.274167,Dubai,AE,building,Q628154,Mission: Impossible – Ghost Protocol,film,2011,tt1229238,54,1719104,336.71,Tom Cruise,Ethan Hunt,Jeremy Renner,William Brandt,"Ethan Hunt climbs the outside of the tower - Cruise was really on the building, secured by cables.",,150,building/castle/station (curated class building),icon:Q12495,film_line_on_existing,,https://www.wikidata.org/wiki/Q12495 https://en.wikipedia.org/wiki/Mission%3A_Impossible_%E2%80%93_Ghost_Protocol
94,wikidata,Q7231999,Portland Place,51.520231,-0.144989,London,GB,street,Q160060,The King's Speech,film,2010,tt1504320,78,18357,332.58,Colin Firth,George VI,Geoffrey Rush,Lionel Logue,,,60,stairs/street/cafe/shop (street),,new_spot,wp_mention;needs_scene,https://www.wikidata.org/wiki/Q160060#P915 https://www.wikidata.org/wiki/Q7231999 https://en.wikipedia.org/wiki/Portland_Place
95,curated,Q188754,Himeji Castle,34.839444,134.693611,Himeji,JP,castle,Q107761,You Only Live Twice,film,1967,tt0062512,61,268176,331.13,Sean Connery,James Bond,Mie Hama,Kissy Suzuki,The castle was depicted as Tanaka's ninja training camp.,,150,building/castle/station (curated class castle),icon:Q188754,film_line_on_existing,,https://www.wikidata.org/wiki/Q188754 https://en.wikipedia.org/wiki/Himeji_Castle https://en.wikipedia.org/wiki/You_Only_Live_Twice_%28film%29
96,curated,Q1858111,Monuriki,-17.608889,177.033889,Ba,FJ,natural,Q213411,Cast Away,film,2000,tt0162222,68,69082,329.08,Tom Hanks,Chuck Noland,Helen Hunt,Kelly Frears,The uninhabited island plays the film's anonymous desert island.,,500,mountain/natural site (curated class natural),,new_spot,also_in_wikidata,https://www.wikidata.org/wiki/Q1858111 https://en.wikipedia.org/wiki/Cast_Away https://en.wikipedia.org/wiki/Monuriki
97,wikidata,Q49117,University of Pennsylvania,39.951944,-75.193611,Philadelphia,US,private university; colonial colleges; research university; private not-for-profit educational institution,Q204057,Philadelphia,film,1993,tt0107818,56,729763,328.34,Julius Erving,Julius Erving,Dennis Radesky,Santa Claus,,,150,building/castle/station (college),,new_spot,"wp_mention;needs_scene;lead_without_role;cast_skips_unroled(Tom Hanks, Denzel Washington)",https://www.wikidata.org/wiki/Q204057#P915 https://www.wikidata.org/wiki/Q49117 https://en.wikipedia.org/wiki/University_of_Pennsylvania
98,curated,Q3038022,Ksar Hadada,33.09928,10.312673,Tataouine Governorate,TN,castle,Q165713,Star Wars: Episode I – The Phantom Menace,film,1999,tt0120915,91,3974,327.54,Liam Neeson,Qui-Gon Jinn,Ewan McGregor,Obi-Wan Kenobi,"Used to represent Mos Espa on Tatooine, Anakin Skywalker's birthplace.",,150,building/castle/station (curated class castle),,new_spot,,https://www.wikidata.org/wiki/Q3038022 https://en.wikipedia.org/wiki/Ksar_Hadada
99,wikidata,Q1046446,Casa Loma,43.678117,-79.409342,Toronto,CA,villa; historic house museum,Q106182,X-Men,film,2000,tt0120903,64,130874,327.48,Patrick Stewart,Charles Xavier,Ian McKellen,Magneto,,Scott Pilgrim vs. the World (2010); X2 (2003),150,building/castle/station (museum),wikidata:Q1046446,film_line_on_existing,wp_mention;needs_scene,https://www.wikidata.org/wiki/Q106182#P915 https://www.wikidata.org/wiki/Q1046446 https://en.wikipedia.org/wiki/Casa_Loma
100,wikidata,Q456960,Westminster Bridge,51.500833,-0.121944,London,GB,arch bridge; road bridge; tram bridge,Q18602670,Spectre,film,2015,tt2379713,70,47024,327.06,Daniel Craig,James Bond,Christoph Waltz,Ernst Stavro Blofeld / Franz Oberhauser,,28 Days Later (2002),120,square/bridge/viaduct (bridge),,new_spot,wp_mention;needs_scene,https://www.wikidata.org/wiki/Q18602670#P915 https://www.wikidata.org/wiki/Q456960 https://en.wikipedia.org/wiki/Westminster_Bridge
101,wikidata,Q3649486,Cadogan Square,51.4953,-0.160556,London,GB,square,Q4941,Skyfall,film,2012,tt1074638,78,15554,326.97,Daniel Craig,James Bond,Javier Bardem,Raoul Silva,,,120,square/bridge/viaduct (square),,new_spot,wp_mention;needs_scene,https://www.wikidata.org/wiki/Q4941#P915 https://www.wikidata.org/wiki/Q3649486 https://en.wikipedia.org/wiki/Cadogan_Square
102,wikidata,Q7400532,Sainsbury Centre,52.6203,1.2347,Norwich,GB,art museum; university museum; university building,Q14171368,Avengers: Age of Ultron,film,2015,tt2395427,82,9543,326.34,Robert Downey Jr.,Tony Stark,Chris Hemsworth,Thor,,,150,building/castle/station (building),wikidata:Q7400532,film_line_on_existing,wp_mention;needs_scene,https://www.wikidata.org/wiki/Q14171368#P915 https://www.wikidata.org/wiki/Q7400532 https://en.wikipedia.org/wiki/Sainsbury_Centre_for_Visual_Arts
103,curated,Q76122,Salar de Uyuni,-20.33333,-67.7,Potosí Department,BO,natural,Q18486021,Star Wars: Episode VIII – The Last Jedi,film,2017,tt2527336,62,180043,325.83,Daisy Ridley,Rey,John Boyega,Finn,The salt flat was the location for the battle on the planet Crait.,,500,mountain/natural site (curated class natural),icon:Q76122,film_line_on_existing,large_area_centroid;also_in_wikidata,https://www.wikidata.org/wiki/Q76122 https://en.wikipedia.org/wiki/Salar_de_Uyuni https://en.wikipedia.org/wiki/Star_Wars%3A_The_Last_Jedi
104,wikidata,Q190210,Mykonos,37.445959,25.328619,Mykonos Municipality,GR,island,Q105624,The Bourne Identity,film,2002,tt0258463,62,171054,324.45,Matt Damon,Jason Bourne,Franka Potente,Marie Kreutz,,,500,mountain/natural site (island),icon:Q190210,film_line_on_existing,wp_mention;needs_scene;large_area_centroid,https://www.wikidata.org/wiki/Q105624#P915 https://www.wikidata.org/wiki/Q190210 https://en.wikipedia.org/wiki/Mykonos
105,wikidata,Q745460,Cathedral of Our Lady of Strasbourg,48.58189,7.751056,Strasbourg,FR,Catholic cathedral,Q243643,Sherlock Holmes: A Game of Shadows,film,2011,tt1515091,62,162493,323.07,Robert Downey Jr.,Sherlock Holmes,Jude Law,Dr. Watson,,,150,building/castle/station (cathedral),wikidata:Q745460,film_line_on_existing,wp_mention;needs_scene,https://www.wikidata.org/wiki/Q243643#P915 https://www.wikidata.org/wiki/Q745460 https://en.wikipedia.org/wiki/Strasbourg_Cathedral
106,wikidata,Q5729651,Midtown High School,33.7806,-84.3716,Georgia,US,high school,Q23010088,Spider-Man: Homecoming,film,2017,tt2250912,75,19640,321.99,Tom Holland,Peter Parker,Michael Keaton,Adrian Toomes,,,150,building/castle/station (school),,new_spot,wp_mention;needs_scene,https://www.wikidata.org/wiki/Q23010088#P915 https://www.wikidata.org/wiki/Q5729651 https://en.wikipedia.org/wiki/Midtown_High_School_%28Atlanta%29
107,curated,Q2593762,Café des 2 Moulins,48.884931,2.333611,Paris,FR,cafe,Q484048,Amélie,film,2001,tt0211915,78,13366,321.83,Audrey Tautou,Amélie Poulain,,,The Montmartre cafe where Amélie works as a waitress.,,60,stairs/street/cafe/shop (curated class cafe),,new_spot,needs_roles;possible_dup:near_stamp_distinct_item(Le Moulin Rouge|132m),https://www.wikidata.org/wiki/Q2593762 https://en.wikipedia.org/wiki/Am%C3%A9lie https://en.wikipedia.org/wiki/Caf%C3%A9_des_2_Moulins
108,wikidata,Q29014,Millennium Dome,51.502817,0.003117,London,GB,movie theater; built structure; event venue,Q212145,The World Is Not Enough,film,1999,tt0143145,62,154929,321.79,Pierce Brosnan,James Bond,Sophie Marceau,Elektra King,,,150,building/castle/station (theater),,new_spot,wp_mention;needs_scene;possible_dup:near_stamp_distinct_item(The O2 Arena|64m),https://www.wikidata.org/wiki/Q212145#P915 https://www.wikidata.org/wiki/Q29014 https://en.wikipedia.org/wiki/Millennium_Dome
109,wikidata,Q5648547,Hankley Common,51.1646,-0.7357,Surrey,GB,common land,Q4941,Skyfall,film,2012,tt1074638,78,13287,321.63,Daniel Craig,James Bond,Javier Bardem,Raoul Silva,,1917 (2019); Black Widow (2021),150,building/castle/station (default),,new_spot,wp_mention;needs_scene,https://www.wikidata.org/wiki/Q4941#P915 https://www.wikidata.org/wiki/Q5648547 https://en.wikipedia.org/wiki/Hankley_Common
110,wikidata,Q207193,Skellig Michael,51.771111,-10.540556,County Kerry,IE,island,Q18486021,Star Wars: Episode VIII – The Last Jedi,film,2017,tt2527336,62,122883,315.55,Daisy Ridley,Rey,John Boyega,Finn,,,500,mountain/natural site (island),icon:Q207193,film_line_on_existing,wp_mention;needs_scene;large_area_centroid,https://www.wikidata.org/wiki/Q18486021#P915 https://www.wikidata.org/wiki/Q207193 https://en.wikipedia.org/wiki/Skellig_Michael
111,wikidata,Q1435790,Fontainebleau Miami Beach,25.817837,-80.122712,Miami Beach,US,hotel; resort; convention center; landmark,Q106440,Goldfinger,film,1964,tt0058150,65,70392,315.09,Sean Connery,James Bond,Honor Blackman,Pussy Galore,,,300,beach/park/ranch/set (resort),,new_spot,wp_mention;needs_scene,https://www.wikidata.org/wiki/Q106440#P915 https://www.wikidata.org/wiki/Q1435790 https://en.wikipedia.org/wiki/Fontainebleau_Miami_Beach
112,curated,Q43473,Angkor Wat,13.4125,103.866667,Siem Reap Province,KH,building,Q1056853,In the Mood for Love,film,2000,tt0118694,53,850821,314.28,,,,,"The final sequence: Chow, now a journalist in Cambodia, visits Angkor Wat.",,150,building/castle/station (curated class building),icon:Q43473,film_line_on_existing,needs_roles;lead_without_role,https://www.wikidata.org/wiki/Q43473 https://en.wikipedia.org/wiki/In_the_Mood_for_Love
113,wikidata,Q7452396,Sepulveda Dam,34.1665,-118.473,Los Angeles County,US,dam; flood control dam,Q205028,Iron Man 2,film,2010,tt1228705,74,17238,313.5,Robert Downey Jr.,Tony Stark,Gwyneth Paltrow,Pepper Potts,,,150,building/castle/station (default),,new_spot,wp_mention;needs_scene,https://www.wikidata.org/wiki/Q205028#P915 https://www.wikidata.org/wiki/Q7452396 https://en.wikipedia.org/wiki/Sepulveda_Dam
114,wikidata,Q648192,Six Flags New Orleans,30.051111,-89.934417,New Orleans,US,amusement park,Q3512046,Jurassic World,film,2015,tt0369610,63,92602,312.9,Chris Pratt,Owen Grady,Bryce Dallas Howard,Claire Dearing,,,300,beach/park/ranch/set (park),,new_spot,wp_mention;needs_scene,https://www.wikidata.org/wiki/Q3512046#P915 https://www.wikidata.org/wiki/Q648192 https://en.wikipedia.org/wiki/Six_Flags_New_Orleans
115,wikidata,Q20725,Yonge Street,43.67026,-79.38677,Toronto,CA,street,Q466611,The Incredible Hulk,film,2008,tt0800080,63,92304,312.81,Edward Norton,Bruce Banner,Liv Tyler,Betty Ross,,,60,stairs/street/cafe/shop (street),,new_spot,wp_mention;needs_scene;reuses_unstamped_row(wikidata:Q20725),https://www.wikidata.org/wiki/Q466611#P915 https://www.wikidata.org/wiki/Q20725 https://en.wikipedia.org/wiki/Yonge_Street
116,curated,Q1032254,Pangong Tso,33.704722,78.75,Ladakh,IN,natural,Q229633,3 Idiots,film,2009,tt1187043,65,62903,311.91,,,,,The film's climax was shot at the lake.,,500,mountain/natural site (curated class natural),,new_spot,large_area_centroid;multi_country;needs_roles;lead_without_role,https://www.wikidata.org/wiki/Q1032254 https://en.wikipedia.org/wiki/3_Idiots
117,wikidata,Q1049514,Castle Howard,54.121389,-0.905833,Yorkshire,GB,château; garden; historic house museum,Q471716,Barry Lyndon,film,1975,tt0072684,60,155290,311.47,Hardy Krüger,Captain Potzdorf,Ryan O'Neal,Redmond Barry,,,300,beach/park/ranch/set (garden),,new_spot,wp_mention;needs_scene,https://www.wikidata.org/wiki/Q471716#P915 https://www.wikidata.org/wiki/Q1049514 https://en.wikipedia.org/wiki/Castle_Howard
118,wikidata,Q25007,Bellagio Hotel & Casino,36.11201,-115.17534,Clark County,US,skyscraper; hotel; casino,Q205447,Ocean's Eleven,film,2001,tt0240772,60,146756,310.0,George Clooney,Danny Ocean,Brad Pitt,Rusty Ryan,,Ocean's Thirteen (2007),150,building/castle/station (hotel),,new_spot,wp_mention;needs_scene,https://www.wikidata.org/wiki/Q205447#P915 https://www.wikidata.org/wiki/Q25007 https://en.wikipedia.org/wiki/Bellagio_%28resort%29
119,curated,Q130958,The Great Sphinx,29.97527,31.13768,Giza,EG,building,Q320423,The Spy Who Loved Me,film,1977,tt0076752,55,430680,309.88,Roger Moore,James Bond,Bernard Lee,M,The Sphinx was shot on location; the pyramids behind it were replaced with miniatures.,,150,building/castle/station (curated class building),icon:Q130958,film_line_on_existing,,https://www.wikidata.org/wiki/Q130958 https://en.wikipedia.org/wiki/The_Spy_Who_Loved_Me_%28film%29
120,wikidata,Q1093950,Old City Hall,51.504722,-0.078333,London,GB,Rathaus; city hall,Q18602670,Spectre,film,2015,tt2379713,70,26495,309.62,Daniel Craig,James Bond,Christoph Waltz,Ernst Stavro Blofeld / Franz Oberhauser,,,150,building/castle/station (hall),,new_spot,wp_mention;needs_scene;city_level_suspect;reuses_unstamped_row(wikidata:Q1093950),https://www.wikidata.org/wiki/Q18602670#P915 https://www.wikidata.org/wiki/Q1093950 https://en.wikipedia.org/wiki/110_The_Queen%27s_Walk
121,wikidata,Q127091,Pearl Harbor,21.361944,-157.953611,Honolulu County,US,lagoon; harbor,Q194413,Pearl Harbor,film,2001,tt0213149,57,260003,308.65,Ben Affleck,Rafe McCawley,Josh Hartnett,First Lieutenant / Captain Danny Walker,,,150,building/castle/station (default),wikidata:Q127091,film_line_on_existing,wp_mention;needs_scene,https://www.wikidata.org/wiki/Q194413#P915 https://www.wikidata.org/wiki/Q127091 https://en.wikipedia.org/wiki/Pearl_Harbor
122,wikidata,Q519826,Lawrence Livermore National Laboratory,37.686,-121.7095,California,US,research institute; science park; United States national laboratory,Q171711,Star Trek Into Darkness,film,2013,tt1408101,59,167258,308.18,Zoe Saldaña,Nyota Uhura,John Cho,Hikaru Sulu,,,300,beach/park/ranch/set (park),wikidata:Q519826,film_line_on_existing,wp_mention;needs_scene,https://www.wikidata.org/wiki/Q171711#P915 https://www.wikidata.org/wiki/Q519826 https://en.wikipedia.org/wiki/Lawrence_Livermore_National_Laboratory
123,wikidata,Q1726158,Longleat,51.18568,-2.27435,Horningsham,GB,English country house; stately home; prodigy house,Q471716,Barry Lyndon,film,1975,tt0072684,60,130394,306.92,Hardy Krüger,Captain Potzdorf,Ryan O'Neal,Redmond Barry,,,150,building/castle/station (house),wikidata:Q1726158,film_line_on_existing,wp_mention;needs_scene,https://www.wikidata.org/wiki/Q471716#P915 https://www.wikidata.org/wiki/Q1726158 https://en.wikipedia.org/wiki/Longleat
124,wikidata,Q890802,Voidokilia beach,36.96385,21.6628,Municipality of Pylos-Nestor,GR,sand beach,Q131547207,The Odyssey,film,2026,tt33764258,66,43606,306.21,Matt Damon,Odysseus,Anne Hathaway,Penelope,,,300,beach/park/ranch/set (beach),,new_spot,wp_mention;needs_scene;reuses_unstamped_row(wv:voidokilia-voidokilia-beach),https://www.wikidata.org/wiki/Q131547207#P915 https://www.wikidata.org/wiki/Q890802 https://en.wikipedia.org/wiki/Voidokilia_beach
125,curated,Q1275945,ESO Hotel,-24.640278,-70.388333,Antofagasta,CL,building,Q181540,Quantum of Solace,film,2008,tt0830515,69,27236,306.03,Daniel Craig,James Bond,Olga Kurylenko,Camille Montes,"The hotel's exterior plays the ""Perla de las Dunas"" eco-hotel where Bond confronts Greene.",,150,building/castle/station (curated class building),,new_spot,,https://www.wikidata.org/wiki/Q1275945 https://en.wikipedia.org/wiki/ESO_Hotel https://en.wikipedia.org/wiki/Quantum_of_Solace
126,wikidata,Q1032842,Canary Wharf,51.503611,-0.018611,London,GB,London Underground station; underground station,Q190588,Love Actually,film,2003,tt0314331,69,26746,305.48,Hugh Grant,David,Liam Neeson,Daniel,,28 Days Later (2002); Rogue One: A Star Wars Story (2016),150,building/castle/station (station),wikidata:Q124377,film_line_on_existing,wp_mention;needs_scene,https://www.wikidata.org/wiki/Q190588#P915 https://www.wikidata.org/wiki/Q1032842 https://en.wikipedia.org/wiki/Canary_Wharf_tube_station
127,wikidata,Q1812844,Ponte City Apartments,-26.190556,28.057083,Johannesburg,ZA,skyscraper,Q201819,District 9,film,2009,tt1136608,59,147529,304.96,Sharlto Copley,Wikus van der Merwe,,,,Chappie (2015),150,building/castle/station (skyscraper),wikidata:Q1812844,film_line_on_existing,wp_mention;needs_scene;needs_roles,https://www.wikidata.org/wiki/Q201819#P915 https://www.wikidata.org/wiki/Q1812844 https://en.wikipedia.org/wiki/Ponte_City
128,wikidata,Q207323,Vulcano,38.4042,14.9658,Lipari,IT,mountain; stratovolcano; volcanic island; complex volcano,Q131547207,The Odyssey,film,2026,tt33764258,66,41633,304.88,Matt Damon,Odysseus,Anne Hathaway,Penelope,,,500,mountain/natural site (mountain),,new_spot,wp_mention;needs_scene;large_area_centroid,https://www.wikidata.org/wiki/Q131547207#P915 https://www.wikidata.org/wiki/Q207323 https://en.wikipedia.org/wiki/Vulcano
129,wikidata,Q795691,London Waterloo station,51.5031,-0.1132,London,GB,dead-end railway station; central station,Q107226,The Bourne Ultimatum,film,2007,tt0440963,62,78095,303.34,Julia Stiles,Nicky Parsons,David Strathairn,Noah Vosen,,,150,building/castle/station (station),wikidata:Q795691,film_line_on_existing,wp_mention;needs_scene,https://www.wikidata.org/wiki/Q107226#P915 https://www.wikidata.org/wiki/Q795691 https://en.wikipedia.org/wiki/London_Waterloo_station
130,wikidata,Q952270,"Intrepid Sea, Air & Space Museum",40.764611,-73.999611,New York City,US,nonprofit organization; maritime museum; military museum; cultural institution,Q212689,I Am Legend,film,2007,tt0480249,62,77241,303.05,,,,,,,150,building/castle/station (museum),,new_spot,wp_mention;needs_scene;needs_roles;lead_without_role;possible_dup:near_stamp_distinct_item(USS Intrepid|118m);reuses_unstamped_row(curated:united-states-new-york-intrepid-sea-air-space-museum),https://www.wikidata.org/wiki/Q212689#P915 https://www.wikidata.org/wiki/Q952270 https://en.wikipedia.org/wiki/Intrepid_Museum
131,wikidata,Q909592,Washington Square Park,40.730833,-73.997778,New York City,US,urban park,Q212689,I Am Legend,film,2007,tt0480249,62,76547,302.8,,,,,,,300,beach/park/ranch/set (park),,new_spot,wp_mention;needs_scene;needs_roles;lead_without_role;possible_dup:near_stamp(curated:united-states-new-york-washington-square-arch|171m);reuses_unstamped_row(curated:united-states-new-york-washington-square-park),https://www.wikidata.org/wiki/Q212689#P915 https://www.wikidata.org/wiki/Q909592 https://en.wikipedia.org/wiki/Washington_Square_Park
132,curated,Q36332,Iguaçu Falls,-25.695278,-54.436667,Paraná,BR,natural,Q334780,Moonraker,film,1979,tt0079574,55,314058,302.34,Roger Moore,James Bond,Michael Lonsdale,Hugo Drax,The falls feature in the film.,The Mission (1986),500,mountain/natural site (curated class natural),icon:Q36332,film_line_on_existing,large_area_centroid;scene_generic;multi_country,https://www.wikidata.org/wiki/Q36332 https://en.wikipedia.org/wiki/Iguazu_Falls
133,wikidata,Q1508450,Highclere Castle,51.3267,-1.36139,Burghclere,GB,garden; English country house; historic house museum,Q83071,Downton Abbey,tv,2010,tt1606375,54,379694,301.29,Michelle Dockery,Lady Mary Talbot,Hugh Bonneville,"Robert Crawley, The Earl of Grantham",,,300,beach/park/ranch/set (garden),wikidata:Q1508450,film_line_on_existing,wp_mention;needs_scene;large_cast(166),https://www.wikidata.org/wiki/Q83071#P915 https://www.wikidata.org/wiki/Q1508450 https://en.wikipedia.org/wiki/Highclere_Castle
134,wikidata,Q7596482,Stadium High School,47.2662,-122.448,Tacoma,US,high school,Q169082,10 Things I Hate About You,film,1999,tt0147800,62,69612,300.25,Heath Ledger,Patrick Verona,Julia Stiles,Katarina Stratford,,,150,building/castle/station (school),,new_spot,wp_mention;needs_scene,https://www.wikidata.org/wiki/Q169082#P915 https://www.wikidata.org/wiki/Q7596482 https://en.wikipedia.org/wiki/Stadium_High_School
135,wikidata,Q521155,Estates Theatre,50.086111,14.423889,Prague,CZ,theatre building; opera house,Q190956,Amadeus,film,1984,tt0086879,72,14503,299.63,Tom Hulce,Wolfgang Amadeus Mozart,Elizabeth Berridge,Constanze Mozart,,,150,building/castle/station (building),wikidata:Q521155,film_line_on_existing,wp_mention;needs_scene,https://www.wikidata.org/wiki/Q190956#P915 https://www.wikidata.org/wiki/Q521155 https://en.wikipedia.org/wiki/Estates_Theatre
136,wikidata,Q2802728,Contra Dam,46.1966,8.84824,Canton of Ticino,CH,arch dam,Q19089,GoldenEye,film,1995,tt0113189,68,25338,299.46,Pierce Brosnan,James Bond,Sean Bean,Alec Trevelyan,,,120,square/bridge/viaduct (arch),wikidata:Q2802728,film_line_on_existing,wp_mention;needs_scene,https://www.wikidata.org/wiki/Q19089#P915 https://www.wikidata.org/wiki/Q2802728 https://en.wikipedia.org/wiki/Contra_Dam
137,wikidata,Q1227891,Dirk Hartog Island,-25.8,113.05,Shire of Shark Bay,AU,island,Q22665878,Thor: Ragnarok,film,2017,tt3501632,71,16328,299.12,Chris Hemsworth,Thor,Tom Hiddleston,Loki,,,500,mountain/natural site (island),wikidata:Q1227891,film_line_on_existing,wp_mention;needs_scene;large_area_centroid,https://www.wikidata.org/wiki/Q22665878#P915 https://www.wikidata.org/wiki/Q1227891 https://en.wikipedia.org/wiki/Dirk_Hartog_Island
138,wikidata,Q12858813,Lincoln Heights Jail,34.0775,-118.225,Los Angeles,US,fixed construction,Q205028,Iron Man 2,film,2010,tt1228705,74,10891,298.75,Robert Downey Jr.,Tony Stark,Gwyneth Paltrow,Pepper Potts,,,150,building/castle/station (default),,new_spot,wp_mention;needs_scene,https://www.wikidata.org/wiki/Q205028#P915 https://www.wikidata.org/wiki/Q12858813 https://en.wikipedia.org/wiki/Lincoln_Heights_Jail
139,wikidata,Q5365721,Elliott School,51.4548,-0.2259,London,GB,school; building,Q190588,Love Actually,film,2003,tt0314331,69,20352,297.3,Hugh Grant,David,Liam Neeson,Daniel,,,150,building/castle/station (building),,new_spot,wp_mention;needs_scene,https://www.wikidata.org/wiki/Q190588#P915 https://www.wikidata.org/wiki/Q5365721 https://en.wikipedia.org/wiki/Elliott_School%2C_Putney
140,curated,Q134140,Abu Simbel,22.336944,31.625556,Aswan Governorate,EG,building,Q320423,The Spy Who Loved Me,film,1977,tt0076752,55,247516,296.65,Roger Moore,James Bond,Bernard Lee,M,One of the Egyptian sites where the film was shot.,Death on the Nile (1978),150,building/castle/station (curated class building),icon:Q134140,film_line_on_existing,scene_generic,https://www.wikidata.org/wiki/Q134140 https://en.wikipedia.org/wiki/The_Spy_Who_Loved_Me_%28film%29
141,wikidata,Q501003,Waterloo Bridge,51.508611,-0.116944,London,GB,road bridge; girder bridge; box girder bridge; Zone 3 A road,Q109135,Trainspotting,film,1996,tt0117951,64,41492,295.55,Ewen Bremner,Spud,Jonny Lee Miller,Sick Boy,,,120,square/bridge/viaduct (bridge),,new_spot,wp_mention;needs_scene,https://www.wikidata.org/wiki/Q109135#P915 https://www.wikidata.org/wiki/Q501003 https://en.wikipedia.org/wiki/Waterloo_Bridge
142,curated,Q848397,Maiden's Tower,41.021111,29.004167,Üsküdar,TR,building,Q212145,The World Is Not Enough,film,1999,tt0143145,62,57128,294.93,Pierce Brosnan,James Bond,Sophie Marceau,Elektra King,"Renard's hideout in Turkey, where Bond traces the locator card.",,150,building/castle/station (curated class building),wikidata:Q848397,film_line_on_existing,,https://www.wikidata.org/wiki/Q848397 https://en.wikipedia.org/wiki/Maiden%27s_Tower https://en.wikipedia.org/wiki/The_World_Is_Not_Enough
143,curated,Q1522793,Varda Viaduct,37.2434,34.97678,Karaisalı district,TR,viaduct,Q4941,Skyfall,film,2012,tt1074638,78,5753,293.28,Daniel Craig,James Bond,Javier Bardem,Raoul Silva,The opening train chase crosses the viaduct; a stunt double dived backwards off the 300-foot drop.,,120,square/bridge/viaduct (curated class viaduct),,new_spot,,https://www.wikidata.org/wiki/Q1522793 https://en.wikipedia.org/wiki/Skyfall https://en.wikipedia.org/wiki/Varda_Viaduct
144,wikidata,Q210280,Dettifoss,65.8143,-16.384611,Northeastern Region,IS,waterfall,Q192686,Prometheus,film,2012,tt1446714,65,32026,292.86,Noomi Rapace,Elizabeth Shaw,Michael Fassbender,David 8,,,500,mountain/natural site (waterfall),wikidata:Q210280,film_line_on_existing,wp_mention;needs_scene,https://www.wikidata.org/wiki/Q192686#P915 https://www.wikidata.org/wiki/Q210280 https://en.wikipedia.org/wiki/Dettifoss
145,wikidata,Q7448348,Selfridges,51.514344,-0.152704,London,GB,department store,Q190588,Love Actually,film,2003,tt0314331,69,16432,290.88,Hugh Grant,David,Liam Neeson,Daniel,,,60,stairs/street/cafe/shop (store),,new_spot,wp_mention;needs_scene;inside_stamp_footprint(wikidata:Q932992|326m),https://www.wikidata.org/wiki/Q190588#P915 https://www.wikidata.org/wiki/Q7448348 https://en.wikipedia.org/wiki/Selfridges_flagship_store
146,wikidata,Q585521,Biltmore Estate,35.54,-82.551944,Asheville,US,residential building; estate; NRHP district,Q722682,Hannibal,film,2001,tt0212985,51,501231,290.7,Anthony Hopkins,Hannibal Lecter,Julianne Moore,Clarice Starling,,,300,beach/park/ranch/set (estate),wikidata:Q585521,film_line_on_existing,wp_mention;needs_scene;city_level_suspect,https://www.wikidata.org/wiki/Q722682#P915 https://www.wikidata.org/wiki/Q585521 https://en.wikipedia.org/wiki/Biltmore_Estate
147,wikidata,Q2628510,Badminton House,51.5455,-2.28045,Badminton,GB,English country house,Q194413,Pearl Harbor,film,2001,tt0213149,57,121434,289.81,Ben Affleck,Rafe McCawley,Josh Hartnett,First Lieutenant / Captain Danny Walker,,The Remains of the Day (1993),150,building/castle/station (house),,new_spot,wp_mention;needs_scene,https://www.wikidata.org/wiki/Q194413#P915 https://www.wikidata.org/wiki/Q2628510 https://en.wikipedia.org/wiki/Badminton_House
148,wikidata,Q1051217,Crystal Cathedral,33.787396,-117.898933,Garden Grove,US,cathedral; Catholic cathedral,Q171711,Star Trek Into Darkness,film,2013,tt1408101,59,81563,289.78,Zoe Saldaña,Nyota Uhura,John Cho,Hikaru Sulu,,,150,building/castle/station (cathedral),wikidata:Q1051217,film_line_on_existing,wp_mention;needs_scene,https://www.wikidata.org/wiki/Q171711#P915 https://www.wikidata.org/wiki/Q1051217 https://en.wikipedia.org/wiki/Christ_Cathedral_%28Garden_Grove%2C_California%29
149,curated,Q522862,Karnak Temple Complex,25.718333,32.658333,Karnak,EG,building,Q320423,The Spy Who Loved Me,film,1977,tt0076752,55,176149,288.52,Roger Moore,James Bond,Bernard Lee,M,One of the Egyptian sites where the film was shot.,Death on the Nile (1978),150,building/castle/station (curated class building),icon:Q522862,film_line_on_existing,scene_generic,https://www.wikidata.org/wiki/Q522862 https://en.wikipedia.org/wiki/The_Spy_Who_Loved_Me_%28film%29
150,wikidata,Q6878725,Mission San Juan Bautista,36.8451,-121.536,San Juan Bautista,US,museum; Spanish missions in California,Q202548,Vertigo,film,1958,tt0052357,66,23495,288.49,,,,,,,150,building/castle/station (museum),,new_spot,wp_mention;needs_scene;needs_roles;lead_without_role;reuses_unstamped_row(wikidata:Q6878725),https://www.wikidata.org/wiki/Q202548#P915 https://www.wikidata.org/wiki/Q6878725 https://en.wikipedia.org/wiki/Mission_San_Juan_Bautista
151,wikidata,Q204871,Charles Bridge,50.086389,14.411944,Prague,CZ,street; arch bridge; footbridge; stone bridge,Q1741232,Mission: Impossible,film,1996,tt0117060,56,140961,288.35,Tom Cruise,Ethan Hunt,Jon Voight,Jim Phelps,,Wanted (2008),60,stairs/street/cafe/shop (street),icon:Q204871,film_line_on_existing,wp_mention;needs_scene,https://www.wikidata.org/wiki/Q1741232#P915 https://www.wikidata.org/wiki/Q204871 https://en.wikipedia.org/wiki/Charles_Bridge
152,wikidata,Q944225,Waddesdon Manor,51.84243,-0.93727,Waddesdon,GB,English country house; historic house museum; history museum,Q20707362,The Crown,tv,2016,tt4786824,57,113375,288.11,Claire Foy,Elizabeth II,Matt Smith,"Prince Philip, Duke of Edinburgh",,,150,building/castle/station (museum),wikidata:Q944225,film_line_on_existing,wp_mention;needs_scene;large_cast(384),https://www.wikidata.org/wiki/Q20707362#P915 https://www.wikidata.org/wiki/Q944225 https://en.wikipedia.org/wiki/Waddesdon_Manor
153,wikidata,Q2859435,Aragon Ballroom,41.9695,-87.6581,Chicago,US,ballroom; music venue,Q14772351,Batman v Superman: Dawn of Justice,film,2016,tt2975590,65,26518,287.53,Ben Affleck,Batman,Henry Cavill,Superman,,,150,building/castle/station (default),,new_spot,wp_mention;needs_scene;reuses_unstamped_row(wikidata:Q2859435),https://www.wikidata.org/wiki/Q14772351#P915 https://www.wikidata.org/wiki/Q2859435 https://en.wikipedia.org/wiki/Aragon_Ballroom_%28Chicago%29
154,wikidata,Q666628,Furka Pass,46.572778,8.416667,Canton of Valais,CH,mountain pass; rail mountain pass,Q106440,Goldfinger,film,1964,tt0058150,65,26433,287.44,Sean Connery,James Bond,Honor Blackman,Pussy Galore,,,500,mountain/natural site (mountain),,new_spot,wp_mention;needs_scene;large_area_centroid,https://www.wikidata.org/wiki/Q106440#P915 https://www.wikidata.org/wiki/Q666628 https://en.wikipedia.org/wiki/Furka_Pass
155,wikidata,Q4022491,Tavern on the Green,40.7723,-73.9778,New York City,US,restaurant,Q108745,Ghostbusters,film,1984,tt0087332,60,61621,287.38,Bill Murray,Peter Venkman,Sigourney Weaver,Dana Barrett,,,60,stairs/street/cafe/shop (restaurant),,new_spot,wp_mention;needs_scene;possible_dup:seed_neighbour(55 Central Park West|92m),https://www.wikidata.org/wiki/Q108745#P915 https://www.wikidata.org/wiki/Q4022491 https://en.wikipedia.org/wiki/Tavern_on_the_Green
156,curated,Q2914326,Roman amphitheatre of El Jem,35.296389,10.706944,El Djem,TN,building,Q24953,Monty Python’s Life of Brian,film,1979,tt0079470,60,60528,286.92,Graham Chapman,Brian Cohen,Kenneth Colley,Jesus Christ,The amphitheatre features in the film.,,150,building/castle/station (curated class building),icon:Q2914326,film_line_on_existing,scene_generic;cast_skips_unroled(John Cleese),https://www.wikidata.org/wiki/Q2914326 https://en.wikipedia.org/wiki/Amphitheatre_of_El_Jem
157,wikidata,Q1472049,Salisbury Plain,51.155,-1.809,Wiltshire,GB,calcareous grassland,Q62721520,1917,film,2019,tt8579674,61,50457,286.88,George MacKay,Lance Corporal William Will Schofield / Lance Corporal Schofield,Dean-Charles Chapman,Lance Corporal Thomas Tom Blake / Lance Corporal Blake,,,150,building/castle/station (default),,new_spot,wp_mention;needs_scene,https://www.wikidata.org/wiki/Q62721520#P915 https://www.wikidata.org/wiki/Q1472049 https://en.wikipedia.org/wiki/Salisbury_Plain
158,wikidata,Q2616330,Bedford Park Boulevard,40.8725,-73.8879,New York City,US,metro station; underground station,Q42759035,Joker,film,2019,tt7286456,76,5939,286.81,Joaquin Phoenix,The Joker / Arthur Fleck,Zazie Beetz,Sophie Dumond,,,150,building/castle/station (station),,new_spot,wp_mention;needs_scene,https://www.wikidata.org/wiki/Q42759035#P915 https://www.wikidata.org/wiki/Q2616330 https://en.wikipedia.org/wiki/Bedford_Park_Boulevard_station
159,wikidata,Q1431014,National Ignition Facility,37.690833,-121.700556,California,US,research institute,Q171711,Star Trek Into Darkness,film,2013,tt1408101,59,67231,284.83,Zoe Saldaña,Nyota Uhura,John Cho,Hikaru Sulu,,,150,building/castle/station (default),,new_spot,wp_mention;needs_scene,https://www.wikidata.org/wiki/Q171711#P915 https://www.wikidata.org/wiki/Q1431014 https://en.wikipedia.org/wiki/National_Ignition_Facility
160,wikidata,Q21712009,"Firehouse, Hook & Ladder Company 8",40.7196,-74.0066,New York City,US,fire station,Q108745,Ghostbusters,film,1984,tt0087332,60,55004,284.42,Bill Murray,Peter Venkman,Sigourney Weaver,Dana Barrett,,,150,building/castle/station (station),,new_spot,wp_mention;needs_scene;reuses_unstamped_row(wikidata:Q21712009),https://www.wikidata.org/wiki/Q108745#P915 https://www.wikidata.org/wiki/Q21712009 https://en.wikipedia.org/wiki/Firehouse%2C_Hook_%26_Ladder_Company_8
161,wikidata,Q1900452,Corrour railway station,56.7602,-4.6907,Highland,GB,railway station,Q109135,Trainspotting,film,1996,tt0117951,64,26614,283.21,Ewen Bremner,Spud,Jonny Lee Miller,Sick Boy,,,150,building/castle/station (station),,new_spot,wp_mention;needs_scene,https://www.wikidata.org/wiki/Q109135#P915 https://www.wikidata.org/wiki/Q1900452 https://en.wikipedia.org/wiki/Corrour_railway_station
162,wikidata,Q5580261,Goldney Hall,51.4523,-2.6154,City of Bristol,GB,university dormitory,Q192837,Sherlock,tv,2010,tt1475582,77,4658,282.46,Rupert Graves,Inspector Lestrade,Mark Gatiss,Mycroft Holmes,,,150,building/castle/station (default),,new_spot,via_season_or_episode;wp_mention;needs_scene;cast_skips_unroled(Louise Brealey),https://www.wikidata.org/wiki/Q192837#P915 https://www.wikidata.org/wiki/Q5580261 https://en.wikipedia.org/wiki/Goldney_Hall
163,wikidata,Q1138183,Philadelphia City Hall,39.952247,-75.163894,Philadelphia,US,skyscraper; Rathaus; city hall,Q204057,Philadelphia,film,1993,tt0107818,56,108269,281.93,Julius Erving,Julius Erving,Dennis Radesky,Santa Claus,,National Treasure (2004),150,building/castle/station (skyscraper),wikidata:Q1138183,film_line_on_existing,"wp_mention;needs_scene;lead_without_role;cast_skips_unroled(Tom Hanks, Denzel Washington);city_level_suspect",https://www.wikidata.org/wiki/Q204057#P915 https://www.wikidata.org/wiki/Q1138183 https://en.wikipedia.org/wiki/Philadelphia_City_Hall
164,wikidata,Q2919276,Nuevos Ministerios,40.443964,-3.693464,Madrid,ES,building complex,Q29647346,Money Heist,tv,2017,tt6468322,75,5739,281.92,Álvaro Morte,Professor,Pedro Alonso,Berlin,,,150,building/castle/station (building),,new_spot,wp_mention;needs_scene;reuses_unstamped_row(wikidata:Q2919276),https://www.wikidata.org/wiki/Q29647346#P915 https://www.wikidata.org/wiki/Q2919276 https://en.wikipedia.org/wiki/Nuevos_Ministerios
165,wikidata,Q25840,Powerscourt Estate,53.184722,-6.186944,Enniskerry,IE,estate,Q471716,Barry Lyndon,film,1975,tt0072684,60,45201,279.31,Hardy Krüger,Captain Potzdorf,Ryan O'Neal,Redmond Barry,,,300,beach/park/ranch/set (estate),wikidata:Q25840,film_line_on_existing,wp_mention;needs_scene,https://www.wikidata.org/wiki/Q471716#P915 https://www.wikidata.org/wiki/Q25840 https://en.wikipedia.org/wiki/Powerscourt_Estate
166,curated,Q2723521,"City Palace, Udaipur",24.576,73.683,Udaipur,IN,castle,Q204398,Octopussy,film,1983,tt0086034,57,79271,279.25,Roger Moore,James Bond,Maud Adams,Octopussy,Bond's hotel in Udaipur: the palace appears as the hotel where he stays.,,150,building/castle/station (curated class castle),,new_spot,possible_dup:near_stamp(icon:Q2187746|299m);reuses_unstamped_row(wikidata:Q2723521),https://www.wikidata.org/wiki/Q2723521 https://en.wikipedia.org/wiki/City_Palace%2C_Udaipur https://en.wikipedia.org/wiki/Octopussy
167,wikidata,Q125138,Queens–Midtown Tunnel,40.745556,-73.964722,New York City,US,road tunnel,Q51416,Men in Black,film,1997,tt0119654,64,22927,279.06,Tommy Lee Jones,Agent K,Linda Fiorentino,Agent L,,,150,building/castle/station (default),,new_spot,wp_mention;needs_scene,https://www.wikidata.org/wiki/Q51416#P915 https://www.wikidata.org/wiki/Q125138 https://en.wikipedia.org/wiki/Queens%E2%80%93Midtown_Tunnel
168,wikidata,Q12066704,Queen Street Mill,53.81,-2.2,Briercliffe,GB,silk mill,Q160060,The King's Speech,film,2010,tt1504320,78,3702,278.35,Colin Firth,George VI,Geoffrey Rush,Lionel Logue,,,150,building/castle/station (default),,new_spot,wp_mention;needs_scene;reuses_unstamped_row(wikidata:Q12066704),https://www.wikidata.org/wiki/Q160060#P915 https://www.wikidata.org/wiki/Q12066704 https://en.wikipedia.org/wiki/Queen_Street_Mill
169,wikidata,Q29997039,Villa La Gaeta,46.040649,9.250898,San Siro,IT,villa; botanical garden; architectural ensemble,Q151904,Casino Royale,film,2006,tt0381061,71,8268,278.14,Daniel Craig,James Bond,Mads Mikkelsen,Le Chiffre,,,120,square/bridge/viaduct (arch),,new_spot,wp_mention;needs_scene,https://www.wikidata.org/wiki/Q151904#P915 https://www.wikidata.org/wiki/Q29997039 https://en.wikipedia.org/wiki/Villa_La_Gaeta
170,wikidata,Q801124,Liverpool Street station,51.5186,-0.0813,City of London,GB,dead-end railway station; railway station; underground station; station located on surface,Q1741232,Mission: Impossible,film,1996,tt0117060,56,91670,277.88,Tom Cruise,Ethan Hunt,Jon Voight,Jim Phelps,,,150,building/castle/station (station),,new_spot,wp_mention;needs_scene,https://www.wikidata.org/wiki/Q1741232#P915 https://www.wikidata.org/wiki/Q801124 https://en.wikipedia.org/wiki/Liverpool_Street_station
171,wikidata,Q17570947,Ardverikie House,56.9551,-4.45514,Highland,GB,mansion,Q21534241,No Time to Die,film,2021,tt2382320,61,35474,277.55,Daniel Craig,James Bond,Ralph Fiennes,Gareth Mallory,,,150,building/castle/station (mansion),,new_spot,wp_mention;needs_scene,https://www.wikidata.org/wiki/Q21534241#P915 https://www.wikidata.org/wiki/Q17570947 https://en.wikipedia.org/wiki/Ardverikie_House
172,wikidata,Q18749113,Neir's Tavern,40.6898,-73.8634,New York City,US,restaurant,Q42047,Goodfellas,film,1990,tt0099685,73,6268,277.2,Joe Pesci,Tommy DeVito,Robert De Niro,Jimmy Conway,,,60,stairs/street/cafe/shop (restaurant),,new_spot,wp_mention;needs_scene,https://www.wikidata.org/wiki/Q42047#P915 https://www.wikidata.org/wiki/Q18749113 https://en.wikipedia.org/wiki/Neir%27s_Tavern
173,wikidata,Q152207,Nürburgring,50.335556,6.9475,Rhineland-Palatinate,DE,motorsport racing track,Q1768437,Rush,film,2013,tt1979320,48,580096,276.65,Chris Hemsworth,James Hunt,Daniel Brühl,Niki Lauda,,,150,building/castle/station (default),wikidata:Q152207,film_line_on_existing,wp_mention;needs_scene,https://www.wikidata.org/wiki/Q1768437#P915 https://www.wikidata.org/wiki/Q152207 https://en.wikipedia.org/wiki/N%C3%BCrburgring
174,curated,Q12976928,Kelani River at Kitulgala,6.59,80.25,Sabaragamuwa Province,LK,natural,Q188718,The Bridge on the River Kwai,film,1957,tt0050212,71,7707,275.97,Jack Hawkins,Major Warden,William Holden,Commander Shears,The film's bridge stood on the Kelani River near here; only its concrete foundations remain.,,500,mountain/natural site (curated class natural),,new_spot,city_level_suspect,https://www.wikidata.org/wiki/Q12976928 https://en.wikipedia.org/wiki/Kitulgala https://en.wikipedia.org/wiki/The_Bridge_on_the_River_Kwai
175,wikidata,Q3125051,Meteora,39.7125,21.626667,Meteora Municipality,GR,rock formation; monastic community,Q332330,For Your Eyes Only,film,1981,tt0082398,52,201734,275.85,Roger Moore,James Bond,Julian Glover,Aristotle Kristatos,,,500,mountain/natural site (rock formation),icon:Q3125051,film_line_on_existing,wp_mention;needs_scene,https://www.wikidata.org/wiki/Q332330#P915 https://www.wikidata.org/wiki/Q3125051 https://en.wikipedia.org/wiki/Meteora
176,curated,Q1337845,Emirates Palace,24.461944,54.316667,Abu Dhabi,AE,building,Q14650496,Furious 7,film,2015,tt2820852,61,33059,275.68,Paul Walker,Brian O'Conner,Dwayne Johnson,Luke Hobbs,The hotel served as a filming location for the film.,,150,building/castle/station (curated class building),,new_spot,scene_generic,https://www.wikidata.org/wiki/Q1337845 https://en.wikipedia.org/wiki/Emirates_Palace_Mandarin_Oriental%2C_Abu_Dhabi
177,wikidata,Q756561,Atlantic Ocean Road,63.0167,7.3545,Møre og Romsdal,NO,road,Q21534241,No Time to Die,film,2021,tt2382320,61,32858,275.52,Daniel Craig,James Bond,Ralph Fiennes,Gareth Mallory,,,150,building/castle/station (default),,new_spot,wp_mention;needs_scene;reuses_unstamped_row(wikidata:Q756561),https://www.wikidata.org/wiki/Q21534241#P915 https://www.wikidata.org/wiki/Q756561 https://en.wikipedia.org/wiki/Atlantic_Ocean_Road
178,wikidata,Q926350,The Beaufort Arms Hotel,51.812,-2.71496,Monmouth,GB,hotel; pub; historic building,Q34316,Doctor Who,tv,1963,,99,601,275.18,Sylvester McCoy,Seventh Doctor,Samuel Anderson,Danny Pink,,,60,stairs/street/cafe/shop (pub),,new_spot,via_season_or_episode;wp_mention;needs_scene;large_cast(66),https://www.wikidata.org/wiki/Q34316#P915 https://www.wikidata.org/wiki/Q926350 https://en.wikipedia.org/wiki/Beaufort_Arms_Hotel%2C_Monmouth
179,wikidata,Q2081335,Petworth House,50.9881,-0.611,Petworth,GB,art museum; mansion; historic house museum,Q471716,Barry Lyndon,film,1975,tt0072684,60,37916,274.73,Hardy Krüger,Captain Potzdorf,Ryan O'Neal,Redmond Barry,,,150,building/castle/station (museum),,new_spot,wp_mention;needs_scene,https://www.wikidata.org/wiki/Q471716#P915 https://www.wikidata.org/wiki/Q2081335 https://en.wikipedia.org/wiki/Petworth_House
180,wikidata,Q7259437,Pullens buildings,51.4894,-0.1005,London,GB,building,Q160060,The King's Speech,film,2010,tt1504320,78,3316,274.62,Colin Firth,George VI,Geoffrey Rush,Lionel Logue,,,150,building/castle/station (building),,new_spot,wp_mention;needs_scene,https://www.wikidata.org/wiki/Q160060#P915 https://www.wikidata.org/wiki/Q7259437 https://en.wikipedia.org/wiki/Pullens_buildings
181,wikidata,Q3363986,Liberty State Park,40.70399,-74.05375,New Jersey,US,New Jersey state park,Q51416,Men in Black,film,1997,tt0119654,64,19010,273.86,Tommy Lee Jones,Agent K,Linda Fiorentino,Agent L,,,300,beach/park/ranch/set (park),wikidata:Q3363986,film_line_on_existing,wp_mention;needs_scene;large_area_centroid,https://www.wikidata.org/wiki/Q51416#P915 https://www.wikidata.org/wiki/Q3363986 https://en.wikipedia.org/wiki/Liberty_State_Park
182,curated,Q757166,Atlas Corporation Studios,30.941667,-6.966667,,MA,set,Q207698,Kingdom of Heaven,film,2005,tt0320661,67,12156,273.68,Eva Green,Sibylla,Jeremy Irons,Raymond III of Tripoli,The studio outside Ouarzazate is where many of the area's films were made.,,300,beach/park/ranch/set (curated class set),wikidata:Q757166,film_line_on_existing,evidence_weak;scene_generic;coord_from_wikipedia_geodata;no_city,https://www.wikidata.org/wiki/Q757166 https://en.wikipedia.org/wiki/Atlas_Corporation_Studios https://en.wikipedia.org/wiki/Ouarzazate
183,wikidata,Q5328880,East Los Angeles College,34.0416,-118.15,California,US,community college; public educational institution of the United States,Q14772351,Batman v Superman: Dawn of Justice,film,2016,tt2975590,65,15990,273.25,Ben Affleck,Batman,Henry Cavill,Superman,,,60,stairs/street/cafe/shop (pub),,new_spot,wp_mention;needs_scene,https://www.wikidata.org/wiki/Q14772351#P915 https://www.wikidata.org/wiki/Q5328880 https://en.wikipedia.org/wiki/East_Los_Angeles_College
184,wikidata,Q3857987,The Biltmore Los Angeles,34.0499,-118.25402,Los Angeles,US,hotel,Q108745,Ghostbusters,film,1984,tt0087332,60,35414,272.95,Bill Murray,Peter Venkman,Sigourney Weaver,Dana Barrett,,,150,building/castle/station (hotel),,new_spot,wp_mention;needs_scene;possible_dup:near_stamp_distinct_item(U.S. Bank Tower|121m),https://www.wikidata.org/wiki/Q108745#P915 https://www.wikidata.org/wiki/Q3857987 https://en.wikipedia.org/wiki/The_Biltmore_Los_Angeles
185,wikidata,Q694708,Glienicke Bridge,52.413333,13.090278,Berlin,DE,truss bridge; road bridge; self-anchored suspension bridge; steel bridge,Q18067135,Bridge of Spies,film,2015,tt3682448,58,49825,272.45,Tom Hanks,James B. Donovan,Mark Rylance,Rudolf Abel,,,120,square/bridge/viaduct (bridge),wikidata:Q694708,film_line_on_existing,wp_mention;needs_scene,https://www.wikidata.org/wiki/Q18067135#P915 https://www.wikidata.org/wiki/Q694708 https://en.wikipedia.org/wiki/Glienicke_Bridge
186,curated,Q4008,Hongcun,30.003611,117.981667,Hongcun,CN,village,Q273978,"Crouching Tiger, Hidden Dragon",film,2000,tt0190332,66,13231,272.03,Chow Yun-fat,Li Mu Bai / 李慕白,Michelle Yeoh,Yu Shu Lien / 俞秀蓮,Scenes of the film were filmed on location in the village.,,300,beach/park/ranch/set (curated class village),,new_spot,city_level_suspect;scene_generic,https://www.wikidata.org/wiki/Q4008 https://en.wikipedia.org/wiki/Hongcun
187,curated,Q210722,Sugarloaf Mountain,-22.949444,-43.156667,Rio de Janeiro,BR,mountain,Q334780,Moonraker,film,1979,tt0079574,55,88211,272.0,Roger Moore,James Bond,Michael Lonsdale,Hugo Drax,Bond and Goodhead are attacked by Jaws on the Sugarloaf cable car.,,500,mountain/natural site (curated class mountain),icon:Q210722,film_line_on_existing,,https://www.wikidata.org/wiki/Q210722 https://en.wikipedia.org/wiki/Moonraker_%28film%29
188,curated,Q1195730,Khao Phing Kan (James Bond Island),8.275378,98.500561,Krasom,TH,natural,Q309289,The Man with the Golden Gun,film,1974,tt0071807,56,70562,271.52,Roger Moore,James Bond,Britt Ekland,Mary Goodnight,Scaramanga's island hideout - the reason Khao Phing Kan and Ko Tapu are called James Bond Island.,,500,mountain/natural site (curated class natural),,new_spot,,https://www.wikidata.org/wiki/Q1195730 https://en.wikipedia.org/wiki/Khao_Phing_Kan https://en.wikipedia.org/wiki/The_Man_with_the_Golden_Gun_%28film%29
189,wikidata,Q502098,Baths of Caracalla,41.880264,12.492764,Roma Capitale,IT,museum; archaeological site; archaeological park; Italian national museum,Q21451640,John Wick: Chapter 2,film,2017,tt4425200,54,105956,271.36,Keanu Reeves,John Wick,Common,Cassian,,,120,square/bridge/viaduct (arch),wikidata:Q502098,film_line_on_existing,wp_mention;needs_scene,https://www.wikidata.org/wiki/Q21451640#P915 https://www.wikidata.org/wiki/Q502098 https://en.wikipedia.org/wiki/Baths_of_Caracalla
190,curated,Q800974,Sirkeci railway station,41.014967,28.976457,Fatih,TR,station,Q106571,From Russia with Love,film,1963,tt0057076,64,17127,270.96,Sean Connery,James Bond,Pedro Armendáriz,Ali Kerim Bey,The station also played the film's Belgrade and Zagreb stations.,,150,building/castle/station (curated class station),,new_spot,also_in_wikidata,https://www.wikidata.org/wiki/Q800974 https://en.wikipedia.org/wiki/From_Russia_with_Love_%28film%29
191,curated,Q1348023,Park Hyatt Tokyo (Shinjuku Park Tower),35.685639,139.69095,Tokyo,JP,building,Q107270,Lost in Translation,film,2003,tt0335266,69,8351,270.6,Bill Murray,Bob Harris,Scarlett Johansson,Charlotte,"Bob stays at the hotel; its rooms, bar and pool were used for filming.",,150,building/castle/station (curated class building),curated:japan-tokyo-shinjuku-park-tower,film_line_on_existing,,https://www.wikidata.org/wiki/Q1348023 https://en.wikipedia.org/wiki/Lost_in_Translation https://en.wikipedia.org/wiki/Shinjuku_Park_Tower
192,curated,Q6021427,Indian River,15.566667,-61.466667,Saint John Parish,DM,natural,Q161087,Pirates of the Caribbean: Dead Man's Chest,film,2006,tt0383574,84,1659,270.49,Orlando Bloom,Will Turner,Keira Knightley,Elizabeth Swann,Some of the film's scenes were shot on the river.,,500,mountain/natural site (curated class natural),,new_spot,scene_generic,https://www.wikidata.org/wiki/Q6021427 https://en.wikipedia.org/wiki/Indian_River_%28Dominica%29
193,wikidata,Q1621375,Hjörleifshöfði,63.416667,-18.766667,Mýrdalshreppur,IS,mountain,Q131547207,The Odyssey,film,2026,tt33764258,66,12417,270.21,Matt Damon,Odysseus,Anne Hathaway,Penelope,,,500,mountain/natural site (mountain),,new_spot,wp_mention;needs_scene;large_area_centroid,https://www.wikidata.org/wiki/Q131547207#P915 https://www.wikidata.org/wiki/Q1621375 https://en.wikipedia.org/wiki/Hj%C3%B6rleifsh%C3%B6f%C3%B0i
194,wikidata,Q4640603,55 Central Park West,40.772222,-73.978889,New York City,US,apartment building,Q108745,Ghostbusters,film,1984,tt0087332,60,31400,269.82,Bill Murray,Peter Venkman,Sigourney Weaver,Dana Barrett,,,150,building/castle/station (building),,new_spot,wp_mention;needs_scene;possible_dup:seed_neighbour(Tavern on the Green|92m),https://www.wikidata.org/wiki/Q108745#P915 https://www.wikidata.org/wiki/Q4640603 https://en.wikipedia.org/wiki/55_Central_Park_West
195,wikidata,Q5209517,Daintree Rainforest,-16.2,145.4,Queensland,AU,forest,Q221491,The Thin Red Line,film,1998,tt0120863,56,64545,269.35,Sean Penn,1st Sgt. Edward Welsh,Jim Caviezel,Pvt. Robert E. Lee Witt,,,500,mountain/natural site (forest),icon:Q5209517,film_line_on_existing,wp_mention;needs_scene;large_area_centroid,https://www.wikidata.org/wiki/Q221491#P915 https://www.wikidata.org/wiki/Q5209517 https://en.wikipedia.org/wiki/Daintree_Rainforest
196,wikidata,Q1548664,Princes Street,55.951314,-3.200878,City of Edinburgh,GB,street,Q109135,Trainspotting,film,1996,tt0117951,64,16094,269.23,Ewen Bremner,Spud,Jonny Lee Miller,Sick Boy,,,60,stairs/street/cafe/shop (street),,new_spot,wp_mention;needs_scene;reuses_unstamped_row(wikidata:Q980646),https://www.wikidata.org/wiki/Q109135#P915 https://www.wikidata.org/wiki/Q1548664 https://en.wikipedia.org/wiki/Princes_Street
197,wikidata,Q7894738,University High School,34.0456,-118.461,California,US,high school; public school,Q204228,The Mentalist,tv,2008,tt1196946,59,35316,268.33,Simon Baker,Patrick Jane,Robin Tunneyio,Teresa Lisbon,,,60,stairs/street/cafe/shop (pub),,new_spot,wp_mention;needs_scene;large_cast(160),https://www.wikidata.org/wiki/Q204228#P915 https://www.wikidata.org/wiki/Q7894738 https://en.wikipedia.org/wiki/University_High_School_%28Los_Angeles%29
198,wikidata,Q329948,Palais-Royal,48.863333,2.336944,Paris,FR,royal palace,Q29261993,Mission: Impossible – Fallout,film,2018,tt4912910,55,74385,267.93,Rebecca Ferguson,Ilsa Faust,Henry Cavill,August Walker,,,150,building/castle/station (palace),wikidata:Q329948,film_line_on_existing,wp_mention;needs_scene,https://www.wikidata.org/wiki/Q29261993#P915 https://www.wikidata.org/wiki/Q329948 https://en.wikipedia.org/wiki/Palais-Royal
199,wikidata,Q5033525,Cantacuzino Castle,45.414042,25.542847,Bușteni,RO,château,Q105553568,Wednesday,tv,2022,tt13443470,61,24264,267.48,Jenna Ortega,Wednesday Addams,Catherine Zeta-Jones,Morticia Addams,,,150,building/castle/station (default),,new_spot,wp_mention;needs_scene,https://www.wikidata.org/wiki/Q105553568#P915 https://www.wikidata.org/wiki/Q5033525 https://en.wikipedia.org/wiki/Cantacuzino_Castle
200,curated,Q16888858,Yick Cheong Building,22.28423,114.21231,Hong Kong,HK,building,Q6151665,Transformers: Age of Extinction,film,2014,tt2109248,55,64562,264.55,,,,,The housing block inspired locations in the film.,,150,building/castle/station (curated class building),,new_spot,evidence_weak;scene_generic;needs_roles;lead_without_role,https://www.wikidata.org/wiki/Q16888858 https://en.wikipedia.org/wiki/Monster_Building
201,curated,Q2187746,Lake Palace,24.57507,73.68022,Udaipur,IN,building,Q204398,Octopussy,film,1983,tt0086034,57,43339,264.3,Roger Moore,James Bond,Maud Adams,Octopussy,Octopussy's island palace home.,,150,building/castle/station (curated class building),icon:Q2187746,film_line_on_existing,,https://www.wikidata.org/wiki/Q2187746 https://en.wikipedia.org/wiki/Lake_Palace https://en.wikipedia.org/wiki/Octopussy
202,curated,Q190128,Ha Long Bay,20.9,107.2,,VN,natural,Q21203766,Kong: Skull Island,film,2017,tt3731562,51,151084,264.14,,,,,Location filming for the film took place in the bay.,Indochine (1992),500,mountain/natural site (curated class natural),icon:Q190128,film_line_on_existing,large_area_centroid;scene_generic;needs_roles;lead_without_role;no_city,https://www.wikidata.org/wiki/Q190128 https://en.wikipedia.org/wiki/Kong%3A_Skull_Island
203,wikidata,Q704831,Ludwigsburg Palace,48.899377,9.196065,Ludwigsburg,DE,palace; royal palace,Q471716,Barry Lyndon,film,1975,tt0072684,60,23639,262.42,Hardy Krüger,Captain Potzdorf,Ryan O'Neal,Redmond Barry,,,150,building/castle/station (palace),wikidata:Q704831,film_line_on_existing,wp_mention;needs_scene,https://www.wikidata.org/wiki/Q471716#P915 https://www.wikidata.org/wiki/Q704831 https://en.wikipedia.org/wiki/Ludwigsburg_Palace
204,wikidata,Q5610634,"Grosvenor Chapel, Mayfair",51.509,-0.1514,London,GB,church building,Q190588,Love Actually,film,2003,tt0314331,69,6115,261.27,Hugh Grant,David,Liam Neeson,Daniel,,,150,building/castle/station (building),,new_spot,wp_mention;needs_scene;possible_dup:near_stamp(wikidata:Q932992|280m);inside_stamp_footprint(wikidata:Q932992|280m);reuses_unstamped_row(wikidata:Q5610634),https://www.wikidata.org/wiki/Q190588#P915 https://www.wikidata.org/wiki/Q5610634 https://en.wikipedia.org/wiki/Grosvenor_Chapel
205,wikidata,Q215255,Piccadilly Circus,51.51,-0.134444,London,GB,road junction,Q221075,28 Days Later,film,2002,tt0289043,50,162179,260.5,Cillian Murphy,Jim,,,,,150,building/castle/station (default),wikidata:Q215255,film_line_on_existing,wp_mention;needs_scene;needs_roles,https://www.wikidata.org/wiki/Q221075#P915 https://www.wikidata.org/wiki/Q215255 https://en.wikipedia.org/wiki/Piccadilly_Circus
206,curated,Q714828,Fushimi Inari-taisha,34.967202,135.773386,Yamashiro Province,JP,park,Q45839,Memoirs of a Geisha,film,2005,tt0397535,49,183924,257.97,,,,,Some scenes were shot at the shrine near the end of production.,,300,beach/park/ranch/set (curated class park),icon:Q714828,film_line_on_existing,needs_roles;lead_without_role,https://www.wikidata.org/wiki/Q714828 https://en.wikipedia.org/wiki/Memoirs_of_a_Geisha_%28film%29
207,wikidata,Q2485027,Ford Island,21.363889,-157.960278,Honolulu County,US,island,Q194413,Pearl Harbor,film,2001,tt0213149,57,33058,257.6,Ben Affleck,Rafe McCawley,Josh Hartnett,First Lieutenant / Captain Danny Walker,,,500,mountain/natural site (island),,new_spot,wp_mention;needs_scene;large_area_centroid,https://www.wikidata.org/wiki/Q194413#P915 https://www.wikidata.org/wiki/Q2485027 https://en.wikipedia.org/wiki/Ford_Island
208,curated,Q13024284,Maya Bay,7.67688,98.76617,Ao Nang,TH,beach,Q470692,The Beach,film,2000,tt0163978,54,57059,256.84,Leonardo DiCaprio,Richard Fischer,Virginie Ledoyen,Françoise,"The film's hidden paradise beach; the crew landscaped the bay to look more ""paradise-like"".",,300,beach/park/ranch/set (curated class beach),icon:Q612821,film_line_on_existing,pageviews_proxy(Ko Phi Phi Le),https://www.wikidata.org/wiki/Q13024284 https://en.wikipedia.org/wiki/Ko_Phi_Phi_Le
209,wikidata,Q2749189,Buena Vista Park,37.76826,-122.44192,San Francisco,US,park,Q5901134,Ant-Man,film,2015,tt0478970,69,5273,256.83,Paul Rudd,Scott Lang,Michael Douglas,Hank Pym,,,300,beach/park/ranch/set (park),,new_spot,wp_mention;needs_scene;reuses_unstamped_row(auto:united-states-san-francisco-buena-vista-park),https://www.wikidata.org/wiki/Q5901134#P915 https://www.wikidata.org/wiki/Q2749189 https://en.wikipedia.org/wiki/Buena_Vista_Park
210,wikidata,Q421678,Old Town Square,50.0875,14.421389,Prague,CZ,square,Q1741232,Mission: Impossible,film,1996,tt0117060,56,38453,256.76,Tom Cruise,Ethan Hunt,Jon Voight,Jim Phelps,,,120,square/bridge/viaduct (square),curated:czech-republic-prague-old-town-square,film_line_on_existing,wp_mention;needs_scene,https://www.wikidata.org/wiki/Q1741232#P915 https://www.wikidata.org/wiki/Q421678 https://en.wikipedia.org/wiki/Old_Town_Square
211,wikidata,Q3031994,LaSalle Street Station,41.87553,-87.63239,Chicago,US,dead-end railway station; railway station; union station,Q223139,North by Northwest,film,1959,tt0053125,60,18220,255.63,Eva Marie Saint,Eve Kendall,Cary Grant,Roger Thornhill,,The Sting (1973),150,building/castle/station (station),,new_spot,wp_mention;needs_scene;cast_skips_unroled(James Mason),https://www.wikidata.org/wiki/Q223139#P915 https://www.wikidata.org/wiki/Q3031994 https://en.wikipedia.org/wiki/LaSalle_Street_Station
212,wikidata,Q169101,10 Downing Street,51.503333,-0.127778,London,GB,terrace house; seat of government,Q591272,Casino Royale,film,1967,tt0061452,46,351887,255.13,David Niven,James Bond,Ursula Andress,Vesper Lynd,,,150,building/castle/station (house),wikidata:Q192687,film_line_on_existing,wp_mention;needs_scene;cast_skips_unroled(Peter Sellers),https://www.wikidata.org/wiki/Q591272#P915 https://www.wikidata.org/wiki/Q169101 https://en.wikipedia.org/wiki/10_Downing_Street
213,wikidata,Q953935,Lulworth Cove,50.6183,-2.2469,West Lulworth,GB,cove,Q28196,World War Z,film,2013,tt0816711,57,28369,253.81,,,,,,,150,building/castle/station (default),wikidata:Q953935,film_line_on_existing,wp_mention;needs_scene;needs_roles;lead_without_role,https://www.wikidata.org/wiki/Q28196#P915 https://www.wikidata.org/wiki/Q953935 https://en.wikipedia.org/wiki/Lulworth_Cove
214,wikidata,Q860172,Canal Saint-Martin,48.847222,2.366667,Paris,FR,canal,Q29261993,Mission: Impossible – Fallout,film,2018,tt4912910,55,40572,253.45,Rebecca Ferguson,Ilsa Faust,Henry Cavill,August Walker,,Emily in Paris (2020),150,building/castle/station (default),wikidata:Q860172,film_line_on_existing,wp_mention;needs_scene,https://www.wikidata.org/wiki/Q29261993#P915 https://www.wikidata.org/wiki/Q860172 https://en.wikipedia.org/wiki/Canal_Saint-Martin
215,wikidata,Q1066676,Plaza Hotel,40.764528,-73.974444,New York City,US,skyscraper; tower block; hotel; workplace,Q615254,Crocodile Dundee,film,1986,tt0090555,46,311230,252.68,David Gulpilil,Neville Bell,,,,,150,building/castle/station (hotel),,new_spot,wp_mention;needs_scene;needs_roles;lead_without_role;cast_skips_unroled(Paul Hogan),https://www.wikidata.org/wiki/Q615254#P915 https://www.wikidata.org/wiki/Q1066676 https://en.wikipedia.org/wiki/Plaza_Hotel
216,wikidata,Q671774,Piz Gloria,46.557222,7.835278,Lauterbrunnen,CH,restaurant,Q107894,On Her Majesty's Secret Service,film,1969,tt0064757,57,26842,252.44,George Lazenby,James Bond,Diana Rigg,Tracy Bond,,,60,stairs/street/cafe/shop (restaurant),,new_spot,wp_mention;needs_scene,https://www.wikidata.org/wiki/Q107894#P915 https://www.wikidata.org/wiki/Q671774 https://en.wikipedia.org/wiki/Piz_Gloria
217,curated,Q3321537,Monsoon Palace,24.594,73.639,Udaipur,IN,building,Q204398,Octopussy,film,1983,tt0086034,57,26082,251.73,Roger Moore,James Bond,Maud Adams,Octopussy,The exterior of the villain Kamal Khan's palace.,,150,building/castle/station (curated class building),,new_spot,,https://www.wikidata.org/wiki/Q3321537 https://en.wikipedia.org/wiki/Monsoon_Palace https://en.wikipedia.org/wiki/Octopussy
218,curated,Q221716,Kiyomizu-dera,34.994831,135.785003,Kyoto,JP,building,Q45839,Memoirs of a Geisha,film,2005,tt0397535,49,134581,251.32,,,,,One of the Kyoto temples where the film was shot on location.,,150,building/castle/station (curated class building),icon:Q221716,film_line_on_existing,scene_generic;needs_roles;lead_without_role,https://www.wikidata.org/wiki/Q221716 https://en.wikipedia.org/wiki/Memoirs_of_a_Geisha_%28film%29
219,wikidata,Q2982877,Invalidovna,50.095,14.4617,Prague,CZ,hospital building,Q190956,Amadeus,film,1984,tt0086879,72,3074,251.12,Tom Hulce,Wolfgang Amadeus Mozart,Elizabeth Berridge,Constanze Mozart,,,150,building/castle/station (building),wikidata:Q2982877,film_line_on_existing,wp_mention;needs_scene,https://www.wikidata.org/wiki/Q190956#P915 https://www.wikidata.org/wiki/Q2982877 https://en.wikipedia.org/wiki/Invalidovna
220,wikidata,Q1662947,Landeyjahöfn,63.5307,-20.1174,Rangárþing eystra,IS,harbor,Q131547207,The Odyssey,film,2026,tt33764258,66,6117,249.92,Matt Damon,Odysseus,Anne Hathaway,Penelope,,,150,building/castle/station (default),,new_spot,wp_mention;needs_scene,https://www.wikidata.org/wiki/Q131547207#P915 https://www.wikidata.org/wiki/Q1662947 https://en.wikipedia.org/wiki/Landeyjah%C3%B6fn
221,wikidata,Q668710,Washington National Cathedral,38.930611,-77.070556,"Washington, D.C.",US,Anglican or Episcopal cathedral,Q3577037,The West Wing,tv,1999,tt0200276,47,206878,249.84,Martin Sheen,Josiah Bartlet,Richard Schiff,Toby Ziegler,,,150,building/castle/station (cathedral),wikidata:Q668710,film_line_on_existing,via_season_or_episode;wp_mention;needs_scene,https://www.wikidata.org/wiki/Q3577037#P915 https://www.wikidata.org/wiki/Q668710 https://en.wikipedia.org/wiki/Washington_National_Cathedral
222,wikidata,Q695840,Bendlerblock,52.5069,13.3614,Berlin,DE,building complex,Q159054,Valkyrie,film,2008,tt0985699,54,41970,249.64,Tom Cruise,Claus Schenk Graf von Stauffenberg,Kenneth Branagh,Henning von Tresckow,,,150,building/castle/station (building),wikidata:Q695840,film_line_on_existing,wp_mention;needs_scene,https://www.wikidata.org/wiki/Q159054#P915 https://www.wikidata.org/wiki/Q695840 https://en.wikipedia.org/wiki/Bendlerblock
223,curated,Q3160448,Jag Mandir,24.5672,73.6781,Udaipur,IN,building,Q204398,Octopussy,film,1983,tt0086034,57,23100,248.73,Roger Moore,James Bond,Maud Adams,Octopussy,Scenes set at Octopussy's palace were filmed here and at the Lake Palace.,,150,building/castle/station (curated class building),wikidata:Q3160448,film_line_on_existing,,https://www.wikidata.org/wiki/Q3160448 https://en.wikipedia.org/wiki/Jag_Mandir_Palace https://en.wikipedia.org/wiki/Octopussy
224,wikidata,Q2103611,Maillé-Brézé,47.206667,-1.571667,Nantes,FR,destroyer; museum ship; preserved watercraft,Q21935651,Dunkirk,film,2017,tt5013056,64,7590,248.34,Kenneth Branagh,Commander Bolton,Aneurin Barnard,Gibson,,,150,building/castle/station (museum),wikidata:Q2103611,film_line_on_existing,wp_mention;needs_scene;cast_skips_unroled(Olivia Wilde),https://www.wikidata.org/wiki/Q21935651#P915 https://www.wikidata.org/wiki/Q2103611 https://en.wikipedia.org/wiki/French_destroyer_Maill%C3%A9-Br%C3%A9z%C3%A9_%28D627%29
225,wikidata,Q3359372,Sgwd Henrhyd,51.796669,-3.663211,Powys,GB,waterfall,Q189330,The Dark Knight Rises,film,2012,tt1345836,71,3140,248.29,Christian Bale,Bruce Wayne,Michael Caine,Alfred Pennyworth,,,500,mountain/natural site (waterfall),,new_spot,wp_mention;needs_scene,https://www.wikidata.org/wiki/Q189330#P915 https://www.wikidata.org/wiki/Q3359372 https://en.wikipedia.org/wiki/Henrhyd_Falls
226,wikidata,Q3570,Washington Union Station,38.89731,-77.00626,"Washington, D.C.",US,central station,Q722682,Hannibal,film,2001,tt0212985,51,73021,248.04,Anthony Hopkins,Hannibal Lecter,Julianne Moore,Clarice Starling,,,150,building/castle/station (station),wikidata:Q3570,film_line_on_existing,wp_mention;needs_scene,https://www.wikidata.org/wiki/Q722682#P915 https://www.wikidata.org/wiki/Q3570 https://en.wikipedia.org/wiki/Washington_Union_Station
227,wikidata,Q117284042,Echo Park Lake,34.075,-118.26,California,US,lake,Q644987,Chinatown,film,1974,tt0071315,61,11261,247.15,Jack Nicholson,J. J. Gittes,John Huston,Noah Cross,,,500,mountain/natural site (lake),,new_spot,wp_mention;needs_scene;large_area_centroid;reuses_unstamped_row(wikidata:Q3047014),https://www.wikidata.org/wiki/Q644987#P915 https://www.wikidata.org/wiki/Q117284042 https://en.wikipedia.org/wiki/Echo_Park_Lake
228,wikidata,Q1332478,Wye Valley,51.82858,-2.660761,,GB,valley; National Landscape; Site of Special Scientific Interest,Q55632932,Sex Education,tv,2019,tt7767422,57,20988,246.35,Gillian Anderson,Jean Milburn,Asa Butterfield,Otis Milburn,,,500,mountain/natural site (valley),,new_spot,wp_mention;needs_scene;large_area_centroid;no_city,https://www.wikidata.org/wiki/Q55632932#P915 https://www.wikidata.org/wiki/Q1332478 https://en.wikipedia.org/wiki/Wye_Valley
229,curated,Q915413,Mosque of Ibn Tulun,30.02875,31.249528,Cairo,EG,building,Q320423,The Spy Who Loved Me,film,1977,tt0076752,55,29554,245.88,Roger Moore,James Bond,Bernard Lee,M,Parts of the film were shot at the mosque.,,150,building/castle/station (curated class building),wikidata:Q915413,film_line_on_existing,scene_generic;possible_dup:seed_neighbour(Gayer-Anderson Museum|119m),https://www.wikidata.org/wiki/Q915413 https://en.wikipedia.org/wiki/Mosque_of_Ibn_Tulun https://en.wikipedia.org/wiki/The_Spy_Who_Loved_Me_%28film%29
230,curated,Q7084756,Old Portal de Mercaderes,19.432642,-99.134381,,MX,building,Q18602670,Spectre,film,2015,tt2379713,70,3199,245.36,Daniel Craig,James Bond,Christoph Waltz,Ernst Stavro Blofeld / Franz Oberhauser,Day of the Dead festival scenes were filmed in and around the hotel.,,150,building/castle/station (curated class building),,new_spot,no_city;possible_dup:near_stamp_distinct_item(Zócalo & Metropolitan Cathedral|110m);possible_dup:seed_neighbour(Zócalo|110m),https://www.wikidata.org/wiki/Q7084756 https://en.wikipedia.org/wiki/Old_Portal_de_Mercaderes https://en.wikipedia.org/wiki/Spectre_%282015_film%29
231,wikidata,Q214855,Bank of China Tower,22.279167,114.161389,Hong Kong,HK,skyscraper; bank building,Q156329,Star Trek: Voyager,tv,1995,tt0112178,52,51381,244.96,Robert Picardo,Doctor,Kate Mulgrew,Kathryn Janeway,,,150,building/castle/station (building),,new_spot,via_season_or_episode;wp_mention;needs_scene,https://www.wikidata.org/wiki/Q156329#P915 https://www.wikidata.org/wiki/Q214855 https://en.wikipedia.org/wiki/Bank_of_China_Tower_%28Hong_Kong%29
232,wikidata,Q17529210,Corsham Court,51.435,-2.18243,Corsham,GB,garden; English country house; historic house museum,Q471716,Barry Lyndon,film,1975,tt0072684,60,11982,244.71,Hardy Krüger,Captain Potzdorf,Ryan O'Neal,Redmond Barry,,The Remains of the Day (1993),300,beach/park/ranch/set (garden),,new_spot,wp_mention;needs_scene;reuses_unstamped_row(wikidata:Q17529210),https://www.wikidata.org/wiki/Q471716#P915 https://www.wikidata.org/wiki/Q17529210 https://en.wikipedia.org/wiki/Corsham_Court
233,wikidata,Q1754640,Seven Sisters,50.76,0.16,East Sussex,GB,cliffed coast; heptad,Q486822,Robin Hood: Prince of Thieves,film,1991,tt0102798,48,119859,243.78,Kevin Costner,Robin Hood,Morgan Freeman,Azeem Edin Bashir Al Bakir,,,500,mountain/natural site (cliff),,new_spot,wp_mention;needs_scene,https://www.wikidata.org/wiki/Q486822#P915 https://www.wikidata.org/wiki/Q1754640 https://en.wikipedia.org/wiki/Seven_Sisters%2C_East_Sussex
234,wikidata,Q172880,Brands Hatch,51.356667,0.2625,Kent,GB,motorsport racing track,Q1768437,Rush,film,2013,tt1979320,48,116860,243.25,Chris Hemsworth,James Hunt,Daniel Brühl,Niki Lauda,,,150,building/castle/station (default),,new_spot,wp_mention;needs_scene,https://www.wikidata.org/wiki/Q1768437#P915 https://www.wikidata.org/wiki/Q172880 https://en.wikipedia.org/wiki/Brands_Hatch
235,curated,Q14220885,"Thunderball Grotto, Staniel Cay",24.17139,-76.43889,Exuma,BS,natural,Q107724,Thunderball,film,1965,tt0059800,60,11153,242.85,Sean Connery,James Bond,Claudine Auger,Domino Vitali,The grotto was a setting of the film - and is named after it.,,500,mountain/natural site (curated class natural),,new_spot,coord_is_island_not_grotto,https://www.wikidata.org/wiki/Q14220885 https://en.wikipedia.org/wiki/Staniel_Cay
236,wikidata,Q7191010,Pico House,34.056564,-118.239464,Los Angeles,US,hotel,Q204228,The Mentalist,tv,2008,tt1196946,59,12844,242.42,Simon Baker,Patrick Jane,Robin Tunneyio,Teresa Lisbon,,,150,building/castle/station (hotel),,new_spot,wp_mention;needs_scene;large_cast(160),https://www.wikidata.org/wiki/Q204228#P915 https://www.wikidata.org/wiki/Q7191010 https://en.wikipedia.org/wiki/Pico_House
237,curated,Q926729,Paraty,-23.219444,-44.714722,Rio de Janeiro,BR,village,Q60506,The Twilight Saga: Breaking Dawn – Part 1,film,2011,tt1324999,54,30685,242.29,Kristen Stewart,Bella Swan,Robert Pattinson,Edward Cullen,The honeymoon scenes on Isle Esme were shot here.,,300,beach/park/ranch/set (curated class village),,new_spot,city_level_suspect,https://www.wikidata.org/wiki/Q926729 https://en.wikipedia.org/wiki/Paraty https://en.wikipedia.org/wiki/The_Twilight_Saga%3A_Breaking_Dawn_%E2%80%93_Part_1
238,wikidata,Q390508,Berlin-Hohenschönhausen Memorial,52.5417,13.5011,Berlin,DE,museum,Q18067135,Bridge of Spies,film,2015,tt3682448,58,14796,241.87,Tom Hanks,James B. Donovan,Mark Rylance,Rudolf Abel,,,150,building/castle/station (museum),wikidata:Q390508,film_line_on_existing,wp_mention;needs_scene,https://www.wikidata.org/wiki/Q18067135#P915 https://www.wikidata.org/wiki/Q390508 https://en.wikipedia.org/wiki/Berlin-Hohensch%C3%B6nhausen_Memorial
239,curated,Q3054354,Engyō-ji Temple,34.891139,134.658139,Himeji,JP,building,Q207130,The Last Samurai,film,2003,tt0325710,65,5245,241.79,Tom Cruise,Captain Nathan Algren,Ken Watanabe,Saigō Takamori,The mountain temple was used as a filming location.,,150,building/castle/station (curated class building),wikidata:Q3054354,film_line_on_existing,scene_generic;also_in_wikidata,https://www.wikidata.org/wiki/Q3054354 https://en.wikipedia.org/wiki/Engy%C5%8D-ji
240,wikidata,Q129470,Dead Horse Point State Park,38.50582,-109.73317,Utah,US,Utah state park,Q505790,Mission: Impossible 2,film,2000,tt0120755,56,20511,241.47,Tom Cruise,Ethan Hunt,Ving Rhames,Luther Stickell,,,300,beach/park/ranch/set (park),wikidata:Q129470,film_line_on_existing,wp_mention;needs_scene;cast_skips_unroled(Dougray Scott);large_area_centroid,https://www.wikidata.org/wiki/Q505790#P915 https://www.wikidata.org/wiki/Q129470 https://en.wikipedia.org/wiki/Dead_Horse_Point_State_Park
241,wikidata,Q17374602,Regent Taipei,25.05411,121.52421,Taipei,TW,hotel,Q15624215,Lucy,film,2014,tt2872732,62,7688,240.92,Morgan Freeman,Professor Norman,Choi Min-sik,Mr. Jang,,,150,building/castle/station (hotel),,new_spot,wp_mention;needs_scene,https://www.wikidata.org/wiki/Q15624215#P915 https://www.wikidata.org/wiki/Q17374602 https://en.wikipedia.org/wiki/Regent_Taipei
242,wikidata,Q5544754,George Square,55.861111,-4.250278,Glasgow City,GB,square,Q28196,World War Z,film,2013,tt0816711,57,16133,239.84,,,,,,,120,square/bridge/viaduct (square),,new_spot,wp_mention;needs_scene;needs_roles;lead_without_role;possible_dup:near_stamp_distinct_item(City Chambers|107m);reuses_unstamped_row(wikidata:Q5544754),https://www.wikidata.org/wiki/Q28196#P915 https://www.wikidata.org/wiki/Q5544754 https://en.wikipedia.org/wiki/George_Square
243,wikidata,Q733230,USS Ranger,47.5525,-122.6524,Washington,US,supercarrier,Q471842,Star Trek IV: The Voyage Home,film,1986,tt0092007,49,78467,239.84,William Shatner,James T. Kirk,DeForest Kelley,Leonard McCoy,,,150,building/castle/station (default),,new_spot,wp_mention;needs_scene,https://www.wikidata.org/wiki/Q471842#P915 https://www.wikidata.org/wiki/Q733230 https://en.wikipedia.org/wiki/USS_Ranger_%28CV-61%29
244,wikidata,Q5451467,Fire Station No. 23,34.045694,-118.246722,Los Angeles,US,fire station,Q108745,Ghostbusters,film,1984,tt0087332,60,9932,239.82,Bill Murray,Peter Venkman,Sigourney Weaver,Dana Barrett,,,150,building/castle/station (station),,new_spot,wp_mention;needs_scene,https://www.wikidata.org/wiki/Q108745#P915 https://www.wikidata.org/wiki/Q5451467 https://en.wikipedia.org/wiki/Fire_Station_No._23_%28Los_Angeles%2C_California%29
245,curated,Q1755906,Küçüksu Pavillion,41.078333,29.064722,Istanbul,TR,building,Q212145,The World Is Not Enough,film,1999,tt0143145,62,6918,238.08,Pierce Brosnan,James Bond,Sophie Marceau,Elektra King,Exteriors of Elektra King's villa in Baku were shot at the pavilion.,,150,building/castle/station (curated class building),,new_spot,,https://www.wikidata.org/wiki/Q1755906 https://en.wikipedia.org/wiki/K%C3%BC%C3%A7%C3%BCksu_Pavilion https://en.wikipedia.org/wiki/The_World_Is_Not_Enough
246,wikidata,Q1267296,Durdle Door,50.621111,-2.276667,West Lulworth,GB,natural arch,Q107105860,Project Hail Mary,film,2026,tt12042730,46,143342,237.19,Ryan Gosling,Ryland Grace,Sandra Hüller,Eva Stratt,,,120,square/bridge/viaduct (arch),wikidata:Q1267296,film_line_on_existing,wp_mention;needs_scene,https://www.wikidata.org/wiki/Q107105860#P915 https://www.wikidata.org/wiki/Q1267296 https://en.wikipedia.org/wiki/Durdle_Door
247,curated,Q1786944,Ramoji Film City,17.2523,78.6802,Ranga Reddy district,IN,set,Q13897247,Baahubali: The Beginning,film,2015,tt2631186,47,106687,236.32,,,,,The huge Mahishmati kingdom sets were built here and are part of the film city's tour.,,300,beach/park/ranch/set (curated class set),,new_spot,needs_roles;lead_without_role;reuses_unstamped_row(wikidata:Q1786944),https://www.wikidata.org/wiki/Q1786944 https://en.wikipedia.org/wiki/Baahubali%3A_The_Beginning https://en.wikipedia.org/wiki/Ramoji_Film_City
248,wikidata,Q1250287,Dorothy Chandler Pavilion,34.056389,-118.248611,California,US,opera house,Q156329,Star Trek: Voyager,tv,1995,tt0112178,52,34450,235.93,Robert Picardo,Doctor,Kate Mulgrew,Kathryn Janeway,,Star Trek: Picard (2020),150,building/castle/station (house),,new_spot,via_season_or_episode;wp_mention;needs_scene;reuses_unstamped_row(wikidata:Q1250287),https://www.wikidata.org/wiki/Q156329#P915 https://www.wikidata.org/wiki/Q1250287 https://en.wikipedia.org/wiki/Dorothy_Chandler_Pavilion
249,wikidata,Q49136,Fenway Park,42.346389,-71.0975,Boston,US,stadium; baseball venue,Q725539,The Town,film,2010,tt0840361,43,304899,235.82,Owen Burke,"Desmond ""Dez"" Elden",,,,,300,beach/park/ranch/set (stadium),icon:Q49136,film_line_on_existing,wp_mention;needs_scene;needs_roles;lead_without_role;cast_skips_unroled(Jon Hamm),https://www.wikidata.org/wiki/Q725539#P915 https://www.wikidata.org/wiki/Q49136 https://en.wikipedia.org/wiki/Fenway_Park
250,wikidata,Q1093941,Toronto City Hall,43.653333,-79.383889,Toronto,CA,city hall,Q161400,Resident Evil: Apocalypse,film,2004,tt0318627,53,27148,234.99,Milla Jovovich,Alice Abernathy,Sienna Guillory,Jill Valentine,,,150,building/castle/station (hall),,new_spot,wp_mention;needs_scene;city_level_suspect;possible_dup:near_stamp(wikidata:Q439501|181m),https://www.wikidata.org/wiki/Q161400#P915 https://www.wikidata.org/wiki/Q1093941 https://en.wikipedia.org/wiki/Toronto_City_Hall
251,wikidata,Q173882,St Paul's Cathedral,51.513778,-0.098306,London,GB,cathedral library; Anglican or Episcopal cathedral,Q27590871,Paddington 2,film,2017,tt4468740,41,536916,234.93,,,,,,,150,building/castle/station (cathedral),wikidata:Q173882,film_line_on_existing,wp_mention;needs_scene;needs_roles;lead_without_role,https://www.wikidata.org/wiki/Q27590871#P915 https://www.wikidata.org/wiki/Q173882 https://en.wikipedia.org/wiki/St_Paul%27s_Cathedral
252,wikidata,Q795302,Titan Missile Museum,31.903356,-110.999046,Sahuarita,US,military museum,Q221236,Star Trek: First Contact,film,1996,tt0117731,54,21848,234.33,Gates McFadden,Beverly Crusher,James Cromwell,Zefram Cochrane,,,150,building/castle/station (museum),,new_spot,wp_mention;needs_scene;reuses_unstamped_row(wikidata:Q795302),https://www.wikidata.org/wiki/Q221236#P915 https://www.wikidata.org/wiki/Q795302 https://en.wikipedia.org/wiki/Titan_Missile_Museum
253,curated,Q3430097,Ribat of Monastir,35.77616,10.83291,Monastir,TN,castle,Q24953,Monty Python’s Life of Brian,film,1979,tt0079470,60,7703,233.2,Graham Chapman,Brian Cohen,Kenneth Colley,Jesus Christ,The fortress was used as a location for the film.,,150,building/castle/station (curated class castle),wikidata:Q3430097,film_line_on_existing,scene_generic;cast_skips_unroled(John Cleese),https://www.wikidata.org/wiki/Q3430097 https://en.wikipedia.org/wiki/Monty_Python%27s_Life_of_Brian https://en.wikipedia.org/wiki/Ribat_of_Monastir
254,wikidata,Q6664933,Loch Laggan,56.948056,-4.49,Highland,GB,lake,Q21534241,No Time to Die,film,2021,tt2382320,61,6588,232.95,Daniel Craig,James Bond,Ralph Fiennes,Gareth Mallory,,,500,mountain/natural site (lake),,new_spot,wp_mention;needs_scene;large_area_centroid,https://www.wikidata.org/wiki/Q21534241#P915 https://www.wikidata.org/wiki/Q6664933 https://en.wikipedia.org/wiki/Loch_Laggan
255,wikidata,Q2760139,Puck Building,40.724722,-73.995278,New York City,US,office building,Q212135,Will & Grace,tv,1998,tt0157246,48,69029,232.27,Eric McCormack,Will Truman,Debra Messing,Grace Adler,,,150,building/castle/station (building),,new_spot,wp_mention;needs_scene;possible_dup:near_stamp_distinct_item(Houston Street|57m);possible_dup:near_stamp_distinct_item(St. Patrick's Old Cathedral|123m),https://www.wikidata.org/wiki/Q212135#P915 https://www.wikidata.org/wiki/Q2760139 https://en.wikipedia.org/wiki/Puck_Building
256,wikidata,Q16995495,Joyce Grove,51.573779,-0.988925,Nettlebed,GB,English country house,Q14918344,The Imitation Game,film,2014,tt2084970,64,4135,231.46,Benedict Cumberbatch,Alan Turing,Volker Busch,Joan Clarke,,,150,building/castle/station (house),,new_spot,wp_mention;needs_scene,https://www.wikidata.org/wiki/Q14918344#P915 https://www.wikidata.org/wiki/Q16995495 https://en.wikipedia.org/wiki/Joyce_Grove
257,wikidata,Q4949432,Boughton House,52.4245,-0.6778,Weekley,GB,English country house; historic house museum; country house,Q28234,Les Misérables,film,2012,tt1707386,51,33823,230.99,Hugh Jackman,Jean Valjean,Russell Crowe,Javert,,,150,building/castle/station (museum),,new_spot,wp_mention;needs_scene,https://www.wikidata.org/wiki/Q28234#P915 https://www.wikidata.org/wiki/Q4949432 https://en.wikipedia.org/wiki/Boughton_House
258,curated,Q514392,Shinmoedake,31.9096,130.88642,Kirishima,JP,mountain,Q107761,You Only Live Twice,film,1967,tt0062512,61,6039,230.64,Sean Connery,James Bond,Mie Hama,Kissy Suzuki,The volcano that hides SPECTRE's secret rocket base.,,500,mountain/natural site (curated class mountain),,new_spot,,https://www.wikidata.org/wiki/Q514392 https://en.wikipedia.org/wiki/Shinmoedake https://en.wikipedia.org/wiki/You_Only_Live_Twice_%28film%29
259,curated,Q592846,Ta Prohm,13.435,103.889167,Siem Reap,KH,building,Q464014,Lara Croft: Tomb Raider,film,2001,tt0146316,50,40974,230.63,Angelina Jolie,Lara Croft,,,"Portions of the film were shot at the temple, now nicknamed the ""Tomb Raider Temple"".",,150,building/castle/station (curated class building),icon:Q592846,film_line_on_existing,needs_roles,https://www.wikidata.org/wiki/Q592846 https://en.wikipedia.org/wiki/Lara_Croft%3A_Tomb_Raider https://en.wikipedia.org/wiki/Ta_Prohm
260,wikidata,Q4752659,The Anchor,51.507262,-0.092925,London,GB,pub,Q1741232,Mission: Impossible,film,1996,tt0117060,56,13019,230.42,Tom Cruise,Ethan Hunt,Jon Voight,Jim Phelps,,,60,stairs/street/cafe/shop (pub),,new_spot,wp_mention;needs_scene;possible_dup:near_stamp_distinct_item(Globe Theatre|140m);reuses_unstamped_row(wikidata:Q4752659),https://www.wikidata.org/wiki/Q1741232#P915 https://www.wikidata.org/wiki/Q4752659 https://en.wikipedia.org/wiki/The_Anchor%2C_Bankside
261,wikidata,Q25212617,Carlton Hotel,-26.206111,28.046389,Johannesburg,ZA,hotel,Q201819,District 9,film,2009,tt1136608,59,7988,230.25,Sharlto Copley,Wikus van der Merwe,,,,,150,building/castle/station (hotel),,new_spot,wp_mention;needs_scene;needs_roles,https://www.wikidata.org/wiki/Q201819#P915 https://www.wikidata.org/wiki/Q25212617 https://en.wikipedia.org/wiki/Carlton_Hotel_%28Johannesburg%29
262,curated,Q739641,Howrah Bridge,22.58527,88.34694,Howrah,IN,bridge,Q23013699,Lion,film,2016,tt3741834,45,130810,230.25,Sunny Pawar,Saroo Brierley,Abhishek Bharate,Guddu Khan,Young Saroo lives near the bridge for two months before being taken to an orphanage.,Howrah Bridge (1958),120,square/bridge/viaduct (curated class bridge),wikidata:Q739641,film_line_on_existing,,https://www.wikidata.org/wiki/Q739641 https://en.wikipedia.org/wiki/Howrah_Bridge https://en.wikipedia.org/wiki/Lion_%282016_film%29
263,wikidata,Q2630372,Top Gear test track,51.1164,-0.541463,Waverley,GB,motorsport racing track,Q33162,Top Gear,tv,2002,tt1628033,47,76791,229.61,,,,,,,150,building/castle/station (default),,new_spot,wp_mention;needs_scene;needs_roles,https://www.wikidata.org/wiki/Q33162#P915 https://www.wikidata.org/wiki/Q2630372 https://en.wikipedia.org/wiki/Top_Gear_test_track
264,wikidata,Q390028,Independence Hall,39.948889,-75.15,Philadelphia,US,heritage site; archaeological site; legislative building,Q309366,National Treasure,film,2004,tt0368891,44,161179,229.12,Nicolas Cage,Benjamin Gates,Diane Kruger,Abigail Chase,,,120,square/bridge/viaduct (arch),wikidata:Q390028,film_line_on_existing,wp_mention;needs_scene,https://www.wikidata.org/wiki/Q309366#P915 https://www.wikidata.org/wiki/Q390028 https://en.wikipedia.org/wiki/Independence_Hall
265,wikidata,Q7208013,Point Dume State Beach,34.0009,-118.807,Los Angeles County,US,protected area; California state beach,Q192724,Iron Man,film,2008,tt0371746,84,533,229.11,Robert Downey Jr.,Tony Stark,Terrence Howard,James Rhodes,,,500,mountain/natural site (protected area),,new_spot,wp_mention;needs_scene;large_area_centroid,https://www.wikidata.org/wiki/Q192724#P915 https://www.wikidata.org/wiki/Q7208013 https://en.wikipedia.org/wiki/Point_Dume_State_Beach
266,wikidata,Q4993391,Waverly Place,40.734575,-74.001436,New York City,US,street,Q184342,Wizards of Waverly Place,tv,2007,tt0799922,54,16775,228.13,Selena Gomez,Alex Russo,David Henrie,Justin Russo,,,60,stairs/street/cafe/shop (street),,new_spot,wp_mention;needs_scene;large_cast(63);possible_dup:near_stamp_distinct_item(Stonewall Inn|102m),https://www.wikidata.org/wiki/Q184342#P915 https://www.wikidata.org/wiki/Q4993391 https://en.wikipedia.org/wiki/Waverly_Place
267,wikidata,Q2092214,University of North Carolina Wilmington,34.225833,-77.873333,Wilmington,US,public university; public educational institution of the United States,Q203385,One Tree Hill,tv,2003,tt0368530,50,36405,228.06,Chad Michael Murray,Lucas Scott,Hilarie Burton,Peyton Sawyer,,,60,stairs/street/cafe/shop (pub),,new_spot,wp_mention;needs_scene,https://www.wikidata.org/wiki/Q203385#P915 https://www.wikidata.org/wiki/Q2092214 https://en.wikipedia.org/wiki/University_of_North_Carolina_Wilmington
268,wikidata,Q810177,Basiluzzo,38.663781,15.11338,Lipari,IT,island,Q131547207,The Odyssey,film,2026,tt33764258,66,2838,227.91,Matt Damon,Odysseus,Anne Hathaway,Penelope,,,500,mountain/natural site (island),,new_spot,wp_mention;needs_scene;large_area_centroid,https://www.wikidata.org/wiki/Q131547207#P915 https://www.wikidata.org/wiki/Q810177 https://en.wikipedia.org/wiki/Basiluzzo
269,wikidata,Q3569306,Windsor Great Park,51.444444,-0.604167,Berkshire,GB,park; royal forest,Q17361809,The Legend of Tarzan,film,2016,tt0918940,45,101412,225.27,Alexander Skarsgård,Tarzan,Margot Robbie,Jane Porter,,Harry Potter (2026),500,mountain/natural site (forest),wikidata:Q3569306,film_line_on_existing,wp_mention;needs_scene;large_area_centroid,https://www.wikidata.org/wiki/Q17361809#P915 https://www.wikidata.org/wiki/Q3569306 https://en.wikipedia.org/wiki/Windsor_Great_Park
270,wikidata,Q6464680,La Purisima Mission,34.6705,-120.421,Lompoc,US,Spanish missions in California,Q117085614,One Battle After Another,film,2025,tt30144839,53,17566,224.97,Leonardo DiCaprio,Bob Ferguson,Sean Penn,Col. Steven J. Lockjaw,,,150,building/castle/station (default),,new_spot,wp_mention;needs_scene,https://www.wikidata.org/wiki/Q117085614#P915 https://www.wikidata.org/wiki/Q6464680 https://en.wikipedia.org/wiki/La_Pur%C3%ADsima_Mission
271,wikidata,Q694747,Vienna Volksoper,48.2245,16.3504,Vienna,AT,opera house,Q272064,The Living Daylights,film,1987,tt0093428,58,7534,224.87,Timothy Dalton,James Bond,Maryam d'Abo,Kara Milovy,,,150,building/castle/station (house),,new_spot,wp_mention;needs_scene;reuses_unstamped_row(wikidata:Q694747),https://www.wikidata.org/wiki/Q272064#P915 https://www.wikidata.org/wiki/Q694747 https://en.wikipedia.org/wiki/Vienna_Volksoper
272,curated,Q37563,Athirappilly Falls,10.284722,76.568611,Athirappilly Grama Panchayat,IN,natural,Q13897247,Baahubali: The Beginning,film,2015,tt2631186,47,60810,224.85,,,,,The film's waterfall scenes were shot here.,,500,mountain/natural site (curated class natural),wikidata:Q37563,film_line_on_existing,needs_roles;lead_without_role,https://www.wikidata.org/wiki/Q37563 https://en.wikipedia.org/wiki/Athirappilly_Falls https://en.wikipedia.org/wiki/Baahubali%3A_The_Beginning
273,wikidata,Q16255974,Byfleet Manor,51.3315,-0.463878,Byfleet,GB,English country house; historic house museum,Q83071,Downton Abbey,tv,2010,tt1606375,54,14268,224.34,Michelle Dockery,Lady Mary Talbot,Hugh Bonneville,"Robert Crawley, The Earl of Grantham",,Agatha Christie's Poirot (1989),150,building/castle/station (museum),,new_spot,wp_mention;needs_scene;large_cast(166),https://www.wikidata.org/wiki/Q83071#P915 https://www.wikidata.org/wiki/Q16255974 https://en.wikipedia.org/wiki/Byfleet_Manor
274,wikidata,Q5468939,Forest Hill,37.74803,-122.45914,San Francisco,US,tram stop; underground station,Q201687,Milk,film,2008,tt1013753,61,4725,224.14,Sean Penn,Harvey Milk,Emile Hirsch,Cleve Jones,,Dirty Harry (1971),150,building/castle/station (station),,new_spot,wp_mention;needs_scene,https://www.wikidata.org/wiki/Q201687#P915 https://www.wikidata.org/wiki/Q5468939 https://en.wikipedia.org/wiki/Forest_Hill_station_%28Muni_Metro%29
275,wikidata,Q332474,Harrods,51.499586,-0.163517,London,GB,shopping center; department store; brick and mortar,Q27964337,Peter Rabbit,film,2018,tt5117670,41,287642,223.81,Domhnall Gleeson,Thomas McGregor,Sam Neill,Mr. McGregor,,,60,stairs/street/cafe/shop (shop),,new_spot,wp_mention;needs_scene;reuses_unstamped_row(curated:united-kingdom-london-harrods),https://www.wikidata.org/wiki/Q27964337#P915 https://www.wikidata.org/wiki/Q332474 https://en.wikipedia.org/wiki/Harrods
276,curated,Q6117554,Eyipantla Falls,18.3849,-95.2078,San Andrés Tuxtla Municipality,MX,natural,Q188035,Apocalypto,film,2006,tt0472043,66,2450,223.7,Rudy Youngblood,Jaguar Paw,Raoul Trujillo,Zero Wolf,The film's waterfall scene was shot here.,,500,mountain/natural site (curated class natural),,new_spot,,https://www.wikidata.org/wiki/Q6117554 https://en.wikipedia.org/wiki/Apocalypto https://en.wikipedia.org/wiki/Eyipantla_Falls
277,wikidata,Q649419,Marylebone station,51.522222,-0.163056,London,GB,dead-end railway station; railway station,Q21001651,The Conjuring 2,film,2016,tt3065204,49,36266,223.42,,,,,,,150,building/castle/station (station),,new_spot,wp_mention;needs_scene;needs_roles;lead_without_role,https://www.wikidata.org/wiki/Q21001651#P915 https://www.wikidata.org/wiki/Q649419 https://en.wikipedia.org/wiki/Marylebone_station
278,curated,Q13371953,"Ramagiri (Sholay) hills, Ramanagara",12.716667,77.3,Karnataka,IN,mountain,Q949228,Sholay,film,1975,tt0073707,48,43407,222.6,Amitabh Bachchan,Jai,,,"Much of the film was shot over two and a half years in the rocky hills here, nicknamed the Sholay hills.",,500,mountain/natural site (curated class mountain),,new_spot,city_level_suspect;needs_roles;lead_without_role;cast_skips_unroled(Dharmendra),https://www.wikidata.org/wiki/Q13371953 https://en.wikipedia.org/wiki/Ramanagara https://en.wikipedia.org/wiki/Sholay
279,wikidata,Q7653554,Swanage railway station,50.6102,-1.96145,Swanage,GB,railway station,Q21935651,Dunkirk,film,2017,tt5013056,64,2895,221.56,Kenneth Branagh,Commander Bolton,Aneurin Barnard,Gibson,,,150,building/castle/station (station),,new_spot,wp_mention;needs_scene;cast_skips_unroled(Olivia Wilde),https://www.wikidata.org/wiki/Q21935651#P915 https://www.wikidata.org/wiki/Q7653554 https://en.wikipedia.org/wiki/Swanage_railway_station
280,curated,Q83063,Petronas Towers,3.157778,101.711667,Kuala Lumpur,MY,building,Q578873,Entrapment,film,1999,tt0137494,39,478679,221.52,Sean Connery,Robert MacDougal,,,"The heist target: the bank inside the towers, hit as the millennium New Year's Eve celebrations begin.",,150,building/castle/station (curated class building),icon:Q83063,film_line_on_existing,needs_roles,https://www.wikidata.org/wiki/Q83063 https://en.wikipedia.org/wiki/Entrapment_%28film%29
281,wikidata,Q8034994,Workingman's Institute and Memorial Hall,51.680833,-3.147778,Newbridge,GB,building,Q192837,Sherlock,tv,2010,tt1475582,77,742,221.07,Rupert Graves,Inspector Lestrade,Mark Gatiss,Mycroft Holmes,,Sex Education (2019),150,building/castle/station (building),,new_spot,wp_mention;needs_scene;cast_skips_unroled(Louise Brealey),https://www.wikidata.org/wiki/Q192837#P915 https://www.wikidata.org/wiki/Q8034994 https://en.wikipedia.org/wiki/Workingman%27s_Institute_and_Memorial_Hall
282,wikidata,Q8194022,Tomonoura,34.3808,133.38,Fukuyama,JP,port; ura,Q197491,The Wolverine,film,2013,tt1430132,55,10187,220.44,Hugh Jackman,Logan,Tao Okamoto,Mariko Yashida,,,150,building/castle/station (default),wikidata:Q8194022,film_line_on_existing,wp_mention;needs_scene,https://www.wikidata.org/wiki/Q197491#P915 https://www.wikidata.org/wiki/Q8194022 https://en.wikipedia.org/wiki/Tomonoura
283,curated,Q10810559,Tràng An,20.2557,105.9156,,VN,natural,Q21203766,Kong: Skull Island,film,2017,tt3731562,51,20455,219.85,,,,,Location filming for the film took place among these karst landscapes.,,500,mountain/natural site (curated class natural),wikidata:Q10810559,film_line_on_existing,large_area_centroid;scene_generic;needs_roles;lead_without_role;no_city,https://www.wikidata.org/wiki/Q10810559 https://en.wikipedia.org/wiki/Kong%3A_Skull_Island
284,wikidata,Q7826925,Torrance High School,33.82925,-118.321166,Torrance,US,high school; public school,Q117590,"Beverly Hills, 90210",tv,1990,tt0098749,49,28882,218.57,Noelle Parker,Tiffany Morgan,Jason Priestley,Brandon Walsh,,Buffy the Vampire Slayer (1997),60,stairs/street/cafe/shop (pub),,new_spot,wp_mention;needs_scene;large_cast(245),https://www.wikidata.org/wiki/Q117590#P915 https://www.wikidata.org/wiki/Q7826925 https://en.wikipedia.org/wiki/Torrance_High_School
285,curated,Q4167619,Druk White Lotus School,34.074444,77.644444,,IN,building,Q229633,3 Idiots,film,2009,tt1187043,65,2266,218.1,,,,,Scenes of the film were shot at the school.,,150,building/castle/station (curated class building),,new_spot,scene_generic;needs_roles;lead_without_role;no_city,https://www.wikidata.org/wiki/Q4167619 https://en.wikipedia.org/wiki/3_Idiots https://en.wikipedia.org/wiki/Druk_White_Lotus_School
286,wikidata,Q24196295,Waterford Castle,52.253,-7.057,,IE,château,Q471716,Barry Lyndon,film,1975,tt0072684,60,4154,217.11,Hardy Krüger,Captain Potzdorf,Ryan O'Neal,Redmond Barry,,,150,building/castle/station (default),,new_spot,wp_mention;needs_scene;no_city,https://www.wikidata.org/wiki/Q471716#P915 https://www.wikidata.org/wiki/Q24196295 https://en.wikipedia.org/wiki/Waterford_Castle
287,wikidata,Q23035239,Terminal Station,32.83361,-83.62404,Macon,US,railway station,Q23894626,Black Widow,film,2021,tt3480822,60,4134,216.99,Scarlett Johansson,Natasha Romanoff,David Harbour,Alexei Shostakov,,,150,building/castle/station (station),,new_spot,wp_mention;needs_scene,https://www.wikidata.org/wiki/Q23894626#P915 https://www.wikidata.org/wiki/Q23035239 https://en.wikipedia.org/wiki/Terminal_Station_%28Macon%2C_Georgia%29
288,wikidata,Q7832424,Trafalgar Park,51.013,-1.73637,Downton,GB,house,Q221075,28 Days Later,film,2002,tt0289043,50,21530,216.65,Cillian Murphy,Jim,,,,,150,building/castle/station (house),,new_spot,wp_mention;needs_scene;needs_roles,https://www.wikidata.org/wiki/Q221075#P915 https://www.wikidata.org/wiki/Q7832424 https://en.wikipedia.org/wiki/Trafalgar_Park%2C_Wiltshire
289,wikidata,Q739976,Vaux-le-Vicomte,48.565832,2.714154,Maincy,FR,château,Q1123463,The Man in the Iron Mask,film,1998,tt0120744,45,61972,215.65,Leonardo DiCaprio,Louis XIV of France / Philippe,Gabriel Byrne,D'Artagnan,,,150,building/castle/station (default),wikidata:Q739976,film_line_on_existing,wp_mention;needs_scene,https://www.wikidata.org/wiki/Q1123463#P915 https://www.wikidata.org/wiki/Q739976 https://en.wikipedia.org/wiki/Vaux-le-Vicomte
290,wikidata,Q1461848,Château de Ferrières,48.819722,2.711944,Ferrières-en-Brie,FR,château,Q19405,The Ninth Gate,film,1999,tt0142688,46,47665,215.2,Johnny Depp,Dean Corso,Lena Olin,Liana Telfer,,,150,building/castle/station (default),,new_spot,wp_mention;needs_scene,https://www.wikidata.org/wiki/Q19405#P915 https://www.wikidata.org/wiki/Q1461848 https://en.wikipedia.org/wiki/Ch%C3%A2teau_de_Ferri%C3%A8res
291,wikidata,Q7372382,Stone Canyon Reservoir,34.1111,-118.454,California,US,reservoir,Q644987,Chinatown,film,1974,tt0071315,61,3353,215.06,Jack Nicholson,J. J. Gittes,John Huston,Noah Cross,,,500,mountain/natural site (reservoir),,new_spot,wp_mention;needs_scene,https://www.wikidata.org/wiki/Q644987#P915 https://www.wikidata.org/wiki/Q7372382 https://en.wikipedia.org/wiki/Stone_Canyon_Reservoir
292,curated,Q781255,Xitang,30.94123,120.88725,Jiaxing,CN,village,Q288173,Mission: Impossible III,film,2006,tt0317919,56,6686,214.21,Tom Cruise,Ethan Hunt,Ving Rhames,Luther Stickell,The water town appears in the film's final sequences.,,300,beach/park/ranch/set (curated class village),,new_spot,city_level_suspect,https://www.wikidata.org/wiki/Q781255 https://en.wikipedia.org/wiki/Mission%3A_Impossible_III https://en.wikipedia.org/wiki/Xitang
293,curated,Q676203,Machu Picchu,-13.163333,-72.545556,Cusco Department,PE,building,Q107174193,Transformers: Rise of the Beasts,film,2023,tt5090568,35,1297942,213.96,,,,,The film shot sequences at the citadel.,,150,building/castle/station (curated class building),icon:Q676203,film_line_on_existing,scene_generic;needs_roles;lead_without_role,https://www.wikidata.org/wiki/Q676203 https://en.wikipedia.org/wiki/Machu_Picchu https://en.wikipedia.org/wiki/Transformers%3A_Rise_of_the_Beasts
294,curated,Q4111,Jiuzhaigou Valley,33.2,103.9,Sichuan,CN,natural,Q260379,Hero,film,2002,tt0299977,43,92910,213.63,,,,,The film's lake sequences were shot here.,,500,mountain/natural site (curated class natural),icon:Q4111,film_line_on_existing,large_area_centroid;needs_roles;lead_without_role,https://www.wikidata.org/wiki/Q4111 https://en.wikipedia.org/wiki/Hero_%282002_film%29 https://en.wikipedia.org/wiki/Jiuzhaigou
295,wikidata,Q5087663,Chatham Historic Dockyard,51.3968,0.5294,Chatham,GB,maritime museum; military museum; independent museum,Q28234,Les Misérables,film,2012,tt1707386,51,15328,213.46,Hugh Jackman,Jean Valjean,Russell Crowe,Javert,,The Man from U.N.C.L.E. (2015),150,building/castle/station (museum),,new_spot,wp_mention;needs_scene;reuses_unstamped_row(wikidata:Q5087663),https://www.wikidata.org/wiki/Q28234#P915 https://www.wikidata.org/wiki/Q5087663 https://en.wikipedia.org/wiki/Chatham_Historic_Dockyard
296,wikidata,Q891095,Villa Erba,45.83808,9.07719,Cernobbio,IT,villa; architectural ensemble; trophy property,Q504053,Ocean's Twelve,film,2004,tt0349903,51,15240,213.33,George Clooney,Danny Ocean,Brad Pitt,Rusty Ryan,,,120,square/bridge/viaduct (arch),,new_spot,wp_mention;needs_scene,https://www.wikidata.org/wiki/Q504053#P915 https://www.wikidata.org/wiki/Q891095 https://en.wikipedia.org/wiki/Villa_Erba
297,wikidata,Q680166,Schleißheim palace complex,48.248611,11.568333,Oberschleißheim,DE,château; architectural ensemble; summer residence; royal palace,Q747936,Paths of Glory,film,1957,tt0050825,50,18274,213.09,Kirk Douglas,Col. Dax,George Macready,Gen. Paul Mireau,,,120,square/bridge/viaduct (arch),wikidata:Q680166,film_line_on_existing,wp_mention;needs_scene,https://www.wikidata.org/wiki/Q747936#P915 https://www.wikidata.org/wiki/Q680166 https://en.wikipedia.org/wiki/Schleissheim_Palace
298,wikidata,Q1766982,Westin Grand Berlin,52.5161,13.3886,Berlin,DE,hotel,Q156608,The Bourne Supremacy,film,2004,tt0372183,59,4039,212.78,Franka Potente,Marie Kreutz,Brian Cox,Ward Abbott,,,150,building/castle/station (hotel),,new_spot,wp_mention;needs_scene;possible_dup:near_stamp_distinct_item(Komische Oper Berlin|118m);inside_stamp_footprint(wikidata:Q699504|360m),https://www.wikidata.org/wiki/Q156608#P915 https://www.wikidata.org/wiki/Q1766982 https://en.wikipedia.org/wiki/The_Westin_Grand_Berlin
299,curated,Q2190649,Gayer-Anderson Museum,30.0284,31.2507,Cairo Governorate,EG,building,Q320423,The Spy Who Loved Me,film,1977,tt0076752,55,7347,212.64,Roger Moore,James Bond,Bernard Lee,M,Scenes were shot in the museum's reception hall and on its rooftop terrace.,,150,building/castle/station (curated class building),,new_spot,also_in_wikidata;possible_dup:near_stamp_distinct_item(Ibn Tulun Mosque|119m);reuses_unstamped_row(wikidata:Q2190649);possible_dup:seed_neighbour(Mosque of Ibn Tulun|119m),https://www.wikidata.org/wiki/Q2190649 https://en.wikipedia.org/wiki/Gayer-Anderson_Museum https://en.wikipedia.org/wiki/The_Spy_Who_Loved_Me_%28film%29
300,curated,Q478926,Casa Rosada,-34.608056,-58.370278,Buenos Aires,AR,building,Q245271,Evita,film,1996,tt0116250,45,51615,212.08,Madonna,Eva Perón,Antonio Banderas,Ché,"The crew was allowed to film at the palace, setting of the song ""On the Balcony of the Casa Rosada"".",,150,building/castle/station (curated class building),icon:Q478926,film_line_on_existing,,https://www.wikidata.org/wiki/Q478926 https://en.wikipedia.org/wiki/Evita_%281996_film%29
301,wikidata,Q5288554,Edward L. Doheny Jr. Memorial Library,34.0201,-118.2838,Los Angeles,US,academic library; university building,Q217627,The Graduate,film,1967,tt0061722,58,4301,210.75,,,,,,,150,building/castle/station (building),,new_spot,wp_mention;needs_scene;needs_roles;lead_without_role,https://www.wikidata.org/wiki/Q217627#P915 https://www.wikidata.org/wiki/Q5288554 https://en.wikipedia.org/wiki/Doheny_Library
302,wikidata,Q3295796,Lake Lanier,34.24,-83.95,Forsyth County,US,reservoir,Q25205293,Ozark,tv,2017,tt5071412,40,182847,210.48,,,,,,,500,mountain/natural site (reservoir),wikidata:Q3295796,film_line_on_existing,wp_mention;needs_scene;needs_roles;lead_without_role,https://www.wikidata.org/wiki/Q25205293#P915 https://www.wikidata.org/wiki/Q3295796 https://en.wikipedia.org/wiki/Lake_Lanier
303,wikidata,Q1241943,Narragansett Bay,41.6,-71.35,Massachusetts,US,bay,Q217112,Moonrise Kingdom,film,2012,tt1748122,46,36290,209.75,,,,,,,500,mountain/natural site (bay),,new_spot,wp_mention;needs_scene;needs_roles;lead_without_role;large_area_centroid,https://www.wikidata.org/wiki/Q217112#P915 https://www.wikidata.org/wiki/Q1241943 https://en.wikipedia.org/wiki/Narragansett_Bay
304,wikidata,Q1802429,St. Andrew's School,39.4329,-75.6885,Delaware,US,boarding school,Q3577037,The West Wing,tv,1999,tt0200276,47,28285,209.22,Martin Sheen,Josiah Bartlet,Richard Schiff,Toby Ziegler,,,150,building/castle/station (school),,new_spot,via_season_or_episode;wp_mention;needs_scene,https://www.wikidata.org/wiki/Q3577037#P915 https://www.wikidata.org/wiki/Q1802429 https://en.wikipedia.org/wiki/St._Andrew%27s_School_%28Delaware%29
305,wikidata,Q692578,Dolder Grand,47.372806,8.573167,Zurich,CH,hotel; hotel building,Q474093,The Girl with the Dragon Tattoo,film,2011,tt1568346,50,14888,208.64,Daniel Craig,Mikael Blomkvist,Rooney Mara,Lisbeth Salander,,,150,building/castle/station (building),,new_spot,wp_mention;needs_scene,https://www.wikidata.org/wiki/Q474093#P915 https://www.wikidata.org/wiki/Q692578 https://en.wikipedia.org/wiki/Dolder_Grand
306,wikidata,Q1049842,Kilmainham Gaol,53.341667,-6.309444,Dublin,IE,prison museum; defunct prison,Q304074,In the Name of the Father,film,1993,tt0107207,43,69670,208.25,Daniel Day-Lewis,Gerry Conlon,Emma Thompson,Gareth Peirce,,,150,building/castle/station (museum),wikidata:Q1049842,film_line_on_existing,wp_mention;needs_scene;review_class(prison),https://www.wikidata.org/wiki/Q304074#P915 https://www.wikidata.org/wiki/Q1049842 https://en.wikipedia.org/wiki/Kilmainham_Gaol
307,curated,Q17052246,Kellie's Castle,4.474361,101.087806,Batu Gajah,MY,castle,Q563743,Anna and the King,film,1999,tt0166485,46,33641,208.24,Jodie Foster,Anna Leonowens,Chow Yun-fat,Mongkut,The castle was used as a setting in the film.,,150,building/castle/station (curated class castle),wikidata:Q17052246,film_line_on_existing,scene_generic,https://www.wikidata.org/wiki/Q17052246 https://en.wikipedia.org/wiki/Kellie%27s_Castle
308,curated,Q485409,Yongpyong Resort,37.643,128.682,Daegwallyeong-myeon,KR,park,Q24859151,Guardian: The Lonely and Great God,tv,2016,tt5994364,55,5952,207.61,,,,,The resort was featured in the drama.,Winter Sonata (2002),300,beach/park/ranch/set (curated class park),wikidata:Q485409,film_line_on_existing,scene_generic;needs_roles;lead_without_role,https://www.wikidata.org/wiki/Q485409 https://en.wikipedia.org/wiki/Mona_Yongpyong
309,wikidata,Q7936468,Vista Theatre,34.098389,-118.287,Los Angeles,US,theatre building; movie theater; built structure,Q1127709,True Romance,film,1993,tt0108399,45,40039,207.11,Val Kilmer,Elvis Presley,,,,,150,building/castle/station (building),,new_spot,wp_mention;needs_scene;needs_roles;lead_without_role;cast_skips_unroled(Christian Slater);reuses_unstamped_row(wikidata:Q7936468),https://www.wikidata.org/wiki/Q1127709#P915 https://www.wikidata.org/wiki/Q7936468 https://en.wikipedia.org/wiki/Vista_Theatre_%28Los_Angeles%29
310,wikidata,Q2281281,Rhode Island State House,41.8309,-71.41496,Providence,US,capitol building,Q472361,Amistad,film,1997,tt0118607,48,20577,207.04,Anthony Hopkins,John Quincy Adams,Morgan Freeman,Theodore Joadson,,,150,building/castle/station (building),wikidata:Q2281281,film_line_on_existing,wp_mention;needs_scene,https://www.wikidata.org/wiki/Q472361#P915 https://www.wikidata.org/wiki/Q2281281 https://en.wikipedia.org/wiki/Rhode_Island_State_House
311,curated,Q740442,Hengdian World Studios,29.179068,120.298083,Hengdian,CN,set,Q260379,Hero,film,2002,tt0299977,43,64229,206.73,,,,,The studio's palace set was the backdrop for Emperor Qin's palace.,,300,beach/park/ranch/set (curated class set),wikidata:Q740442,film_line_on_existing,needs_roles;lead_without_role,https://www.wikidata.org/wiki/Q740442 https://en.wikipedia.org/wiki/Hengdian_World_Studios
312,wikidata,Q1097,Berlin Central Station,52.525083,13.369389,Berlin,DE,multi-level interchange railway station; underground railway station; elevated station; central station,Q158759,Unknown,film,2011,tt1401152,43,63591,206.55,Liam Neeson,Dr. Martin Harris,Diane Kruger,Gina,,,150,building/castle/station (station),,new_spot,wp_mention;needs_scene,https://www.wikidata.org/wiki/Q158759#P915 https://www.wikidata.org/wiki/Q1097 https://en.wikipedia.org/wiki/Berlin_Hauptbahnhof
313,wikidata,Q2443707,Kedleston Hall,52.959167,-1.535833,Kedleston,GB,English country house; historic house museum,Q17361809,The Legend of Tarzan,film,2016,tt0918940,45,37130,205.64,Alexander Skarsgård,Tarzan,Margot Robbie,Jane Porter,,,150,building/castle/station (museum),wikidata:Q2443707,film_line_on_existing,wp_mention;needs_scene,https://www.wikidata.org/wiki/Q17361809#P915 https://www.wikidata.org/wiki/Q2443707 https://en.wikipedia.org/wiki/Kedleston_Hall
314,wikidata,Q5706359,Hell's Half Acre,43.0381,-107.093,Natrona County,US,cuesta,Q478626,Starship Troopers,film,1997,tt0120201,49,15306,205.06,Casper Van Dien,Juan Rico,Bruce Gray,Sky Marshall Dienes,,,150,building/castle/station (default),,new_spot,"wp_mention;needs_scene;lead_without_role;cast_skips_unroled(Dina Meyer, Denise Richards)",https://www.wikidata.org/wiki/Q478626#P915 https://www.wikidata.org/wiki/Q5706359 https://en.wikipedia.org/wiki/Hell%27s_Half_Acre_%28Wyoming%29
315,wikidata,Q243921,555 California Street,37.792081,-122.403764,San Francisco,US,skyscraper,Q372959,The Towering Inferno,film,1974,tt0072308,45,35990,205.03,Steve McQueen,Michael O'Hallorhan,Paul Newman,Doug Roberts,,,150,building/castle/station (skyscraper),,new_spot,wp_mention;needs_scene,https://www.wikidata.org/wiki/Q372959#P915 https://www.wikidata.org/wiki/Q243921 https://en.wikipedia.org/wiki/555_California_Street
316,curated,Q943856,Chungking Mansions,22.296389,114.172778,Hong Kong,HK,building,Q766263,Chungking Express,film,1994,tt0109424,41,97854,204.61,,,,,The building gives the film its title; much of the first story takes place here.,,150,building/castle/station (curated class building),,new_spot,needs_roles;lead_without_role,https://www.wikidata.org/wiki/Q943856 https://en.wikipedia.org/wiki/Chungking_Express https://en.wikipedia.org/wiki/Chungking_Mansions
317,wikidata,Q965011,Millard House,34.155444,-118.161778,Pasadena,US,Textile block house,Q108774,Star Trek: Deep Space Nine,tv,1993,tt0106145,48,17401,203.55,Avery Brooks,Benjamin Sisko,René Auberjonois,Odo,,,150,building/castle/station (house),,new_spot,via_season_or_episode;wp_mention;needs_scene,https://www.wikidata.org/wiki/Q108774#P915 https://www.wikidata.org/wiki/Q965011 https://en.wikipedia.org/wiki/Millard_House_%28Pasadena%2C_California%29
318,curated,Q548679,Marina Bay Sands,1.2825,103.86,Singapore,SG,building,Q29588623,Crazy Rich Asians,film,2018,tt3104988,37,291844,202.21,,,,,The film's closing scenes are set at the hotel.,,150,building/castle/station (curated class building),icon:Q548679,film_line_on_existing,needs_roles;lead_without_role,https://www.wikidata.org/wiki/Q548679 https://en.wikipedia.org/wiki/Crazy_Rich_Asians https://en.wikipedia.org/wiki/Marina_Bay_Sands
319,wikidata,Q1025346,Cadwell Park,53.3089,-0.063056,Louth,GB,motorsport racing track,Q1768437,Rush,film,2013,tt1979320,48,14758,200.11,Chris Hemsworth,James Hunt,Daniel Brühl,Niki Lauda,,,150,building/castle/station (default),,new_spot,wp_mention;needs_scene,https://www.wikidata.org/wiki/Q1768437#P915 https://www.wikidata.org/wiki/Q1025346 https://en.wikipedia.org/wiki/Cadwell_Park
320,wikidata,Q2068997,Alexander Hamilton U.S. Custom House,40.704294,-74.013773,New York City,US,custom house,Q492214,Ghostbusters II,film,1989,tt0097428,45,27452,199.74,Bill Murray,Peter Venkman,Dan Aykroyd,Ray Stantz,,,150,building/castle/station (house),,new_spot,wp_mention;needs_scene;possible_dup:near_stamp_distinct_item(International Mercantile Marine Company Building|73m);possible_dup:near_stamp_distinct_item(Bowling Green|79m);inside_stamp_footprint(wikidata:Q895455|79m),https://www.wikidata.org/wiki/Q492214#P915 https://www.wikidata.org/wiki/Q2068997 https://en.wikipedia.org/wiki/Alexander_Hamilton_U.S._Custom_House
321,wikidata,Q1674405,Low Force,54.646944,-2.151389,Newbiggin,GB,waterfall,Q62721520,1917,film,2019,tt8579674,61,1873,199.64,George MacKay,Lance Corporal William Will Schofield / Lance Corporal Schofield,Dean-Charles Chapman,Lance Corporal Thomas Tom Blake / Lance Corporal Blake,,,500,mountain/natural site (waterfall),,new_spot,wp_mention;needs_scene,https://www.wikidata.org/wiki/Q62721520#P915 https://www.wikidata.org/wiki/Q1674405 https://en.wikipedia.org/wiki/Low_Force
322,curated,Q37545,Dudhsagar Falls,15.312769,74.314161,Goa,IN,natural,Q2962658,Chennai Express,film,2013,tt2112124,42,56063,199.44,,,,,A romantic scene aboard a train passing the falls was shot here.,,500,mountain/natural site (curated class natural),,new_spot,needs_roles;lead_without_role;reuses_unstamped_row(wikidata:Q37545),https://www.wikidata.org/wiki/Q37545 https://en.wikipedia.org/wiki/Chennai_Express
323,wikidata,Q12988204,Morningside Park,43.779,-79.198,Toronto,CA,park,Q466611,The Incredible Hulk,film,2008,tt0800080,63,1434,198.88,Edward Norton,Bruce Banner,Liv Tyler,Betty Ross,,,300,beach/park/ranch/set (park),,new_spot,wp_mention;needs_scene;reuses_unstamped_row(wikidata:Q12988204),https://www.wikidata.org/wiki/Q466611#P915 https://www.wikidata.org/wiki/Q12988204 https://en.wikipedia.org/wiki/Morningside_Park_%28Toronto%29
324,wikidata,Q263764,La Pallice,46.158333,-1.227778,La Rochelle,FR,port,Q62730,Das Boot,film,1981,tt0082096,52,6666,198.84,Jürgen Prochnow,Kapitänleutnant,Klaus Wennemann,Chief Engineer,,,150,building/castle/station (default),,new_spot,wp_mention;needs_scene,https://www.wikidata.org/wiki/Q62730#P915 https://www.wikidata.org/wiki/Q263764 https://en.wikipedia.org/wiki/La_Pallice
325,wikidata,Q6970416,National Archives Building,38.892778,-77.023056,"Washington, D.C.",US,archive building,Q309366,National Treasure,film,2004,tt0368891,44,32768,198.68,Nicolas Cage,Benjamin Gates,Diane Kruger,Abigail Chase,,,120,square/bridge/viaduct (arch),wikidata:Q6970416,film_line_on_existing,wp_mention;needs_scene,https://www.wikidata.org/wiki/Q309366#P915 https://www.wikidata.org/wiki/Q6970416 https://en.wikipedia.org/wiki/National_Archives_Building
326,wikidata,Q15225335,Horsted Keynes railway station,51.0461,-0.0446,Horsted Keynes,GB,railway station,Q83071,Downton Abbey,tv,2010,tt1606375,54,4574,197.66,Michelle Dockery,Lady Mary Talbot,Hugh Bonneville,"Robert Crawley, The Earl of Grantham",,Agatha Christie's Poirot (1989),150,building/castle/station (station),,new_spot,wp_mention;needs_scene;large_cast(166),https://www.wikidata.org/wiki/Q83071#P915 https://www.wikidata.org/wiki/Q15225335 https://en.wikipedia.org/wiki/Horsted_Keynes_railway_station
327,wikidata,Q8038699,Wrotham Park,51.6773,-0.196574,Hertsmere,GB,English country house,Q391101,Agatha Christie's Poirot,tv,1989,tt0094525,43,39444,197.63,David Suchet,Hercule Poirot,Hugh Fraser,Arthur Hastings,,,150,building/castle/station (house),,new_spot,via_season_or_episode;wp_mention;needs_scene,https://www.wikidata.org/wiki/Q391101#P915 https://www.wikidata.org/wiki/Q8038699 https://en.wikipedia.org/wiki/Wrotham_Park
328,wikidata,Q751174,Praha hlavní nádraží,50.083056,14.435833,Prague,CZ,railway station,Q642559,EuroTrip,film,2004,tt0356150,45,23578,196.76,,,,,,,150,building/castle/station (station),,new_spot,wp_mention;needs_scene;needs_roles;lead_without_role,https://www.wikidata.org/wiki/Q642559#P915 https://www.wikidata.org/wiki/Q751174 https://en.wikipedia.org/wiki/Praha_hlavn%C3%AD_n%C3%A1dra%C5%BE%C3%AD
329,wikidata,Q1142351,Crystal Cove State Park,33.5739,-117.84,Orange County,US,California state park,Q108946,A Few Good Men,film,1992,tt0104257,48,12508,196.67,Tom Cruise,Lieutenant (junior grade) Daniel Kaffee,Demi Moore,Lieutenant Commander JoAnne Galloway,,,300,beach/park/ranch/set (park),,new_spot,wp_mention;needs_scene;large_area_centroid,https://www.wikidata.org/wiki/Q108946#P915 https://www.wikidata.org/wiki/Q1142351 https://en.wikipedia.org/wiki/Crystal_Cove_State_Park
330,wikidata,Q7127748,Grand Central,52.4778,-1.89885,Birmingham,GB,shopping center,Q61876370,Mission: Impossible – Dead Reckoning Part One,film,2023,tt9603212,51,7047,196.25,Tom Cruise,Ethan Hunt,Ving Rhames,Luther Stickell,,,60,stairs/street/cafe/shop (shop),,new_spot,wp_mention;needs_scene,https://www.wikidata.org/wiki/Q61876370#P915 https://www.wikidata.org/wiki/Q7127748 https://en.wikipedia.org/wiki/Grand_Central%2C_Birmingham
331,wikidata,Q4999737,Burnham Beeches,51.558319,-0.6306,Burnham,GB,forest; nature reserve,Q486822,Robin Hood: Prince of Thieves,film,1991,tt0102798,48,12251,196.23,Kevin Costner,Robin Hood,Morgan Freeman,Azeem Edin Bashir Al Bakir,,,500,mountain/natural site (forest),,new_spot,wp_mention;needs_scene;large_area_centroid,https://www.wikidata.org/wiki/Q486822#P915 https://www.wikidata.org/wiki/Q4999737 https://en.wikipedia.org/wiki/Burnham_Beeches
332,wikidata,Q5319309,Dyrham Park,51.4797,-2.3715,Dyrham and Hinton,GB,park,Q1625242,The Remains of the Day,film,1993,tt0107943,44,28342,195.91,Anthony Hopkins,Mr James Stevens,Emma Thompson,Miss Sarah Kenton,,,300,beach/park/ranch/set (park),,new_spot,wp_mention;needs_scene,https://www.wikidata.org/wiki/Q1625242#P915 https://www.wikidata.org/wiki/Q5319309 https://en.wikipedia.org/wiki/Dyrham_Park
333,wikidata,Q1500264,Mýrdalssandur,63.47,-18.63,Vestur-Skaftafellssýsla,IS,outwash plain,Q19590955,Rogue One: A Star Wars Story,film,2016,tt3748528,58,2378,195.83,Felicity Jones,Jyn Erso,Diego Luna,Cassian Andor,,,150,building/castle/station (default),,new_spot,wp_mention;needs_scene,https://www.wikidata.org/wiki/Q19590955#P915 https://www.wikidata.org/wiki/Q1500264 https://en.wikipedia.org/wiki/M%C3%BDrdalssandur
334,wikidata,Q149942,Primrose Hill,51.5396,-0.1608,London,GB,park; hill,Q27590871,Paddington 2,film,2017,tt4468740,41,58494,195.45,,,,,,,500,mountain/natural site (hill),curated:united-kingdom-london-primrose-hill,film_line_on_existing,wp_mention;needs_scene;needs_roles;lead_without_role,https://www.wikidata.org/wiki/Q27590871#P915 https://www.wikidata.org/wiki/Q149942 https://en.wikipedia.org/wiki/Primrose_Hill
335,wikidata,Q852908,Royal Mile,55.950556,-3.185556,City of Edinburgh,GB,street,Q124393045,Frankenstein,film,2025,tt1312221,40,76476,195.34,Oscar Isaac,Victor Frankenstein,Jacob Elordi,Frankenstein's monster,,,60,stairs/street/cafe/shop (street),,new_spot,wp_mention;needs_scene,https://www.wikidata.org/wiki/Q124393045#P915 https://www.wikidata.org/wiki/Q852908 https://en.wikipedia.org/wiki/Royal_Mile
336,wikidata,Q10664609,Scripps College,34.103528,-117.710667,Claremont,US,women's college; liberal arts college in the United States; private not-for-profit educational institution,Q43370937,Bird Box,film,2018,tt2737304,42,43872,194.97,Sandra Bullock,Malorie,Trevante Rhodes,Tom,,,150,building/castle/station (college),,new_spot,wp_mention;needs_scene,https://www.wikidata.org/wiki/Q43370937#P915 https://www.wikidata.org/wiki/Q10664609 https://en.wikipedia.org/wiki/Scripps_College
337,wikidata,Q469014,Glen Canyon,36.86443,-111.58794,Arizona,US,canyon,Q528095,Superman III,film,1983,tt0086393,44,24012,192.74,Christopher Reeve,Superman,Jackie Cooper,Perry White,,,500,mountain/natural site (canyon),,new_spot,wp_mention;needs_scene;cast_skips_unroled(Richard Pryor);large_area_centroid,https://www.wikidata.org/wiki/Q528095#P915 https://www.wikidata.org/wiki/Q469014 https://en.wikipedia.org/wiki/Glen_Canyon
338,wikidata,Q7300572,Reading Terminal Market,39.9534,-75.159,Philadelphia,US,market,Q309366,National Treasure,film,2004,tt0368891,44,22079,191.14,Nicolas Cage,Benjamin Gates,Diane Kruger,Abigail Chase,,,150,building/castle/station (default),,new_spot,wp_mention;needs_scene,https://www.wikidata.org/wiki/Q309366#P915 https://www.wikidata.org/wiki/Q7300572 https://en.wikipedia.org/wiki/Reading_Terminal_Market
339,wikidata,Q15901512,Former Taipei Railway Workshop,25.047355,121.564752,Xinren Village,TW,railway workshop; cultural heritage monument in Taipei; railway museum,Q15624215,Lucy,film,2014,tt2872732,62,1181,190.5,Morgan Freeman,Professor Norman,Choi Min-sik,Mr. Jang,,,120,square/bridge/viaduct (monument),,new_spot,wp_mention;needs_scene,https://www.wikidata.org/wiki/Q15624215#P915 https://www.wikidata.org/wiki/Q15901512 https://en.wikipedia.org/wiki/Taipei_Railway_Workshop
340,wikidata,Q3137221,University of Toronto Scarborough,43.784423,-79.187419,Toronto,CA,faculty; campus,Q634810,Total Recall,film,2012,tt1386703,43,26123,189.93,Colin Farrell,Douglas Quail,Kaitlyn Leeb,Mary,,,300,beach/park/ranch/set (campus),,new_spot,wp_mention;needs_scene;cast_skips_unroled(Kate Beckinsale),https://www.wikidata.org/wiki/Q634810#P915 https://www.wikidata.org/wiki/Q3137221 https://en.wikipedia.org/wiki/University_of_Toronto_Scarborough
341,wikidata,Q32659772,Neue Nationalgalerie,52.506944,13.367778,Berlin,DE,art museum,Q158759,Unknown,film,2011,tt1401152,43,23115,187.65,Liam Neeson,Dr. Martin Harris,Diane Kruger,Gina,,,150,building/castle/station (museum),,new_spot,wp_mention;needs_scene;reuses_unstamped_row(wikidata:Q32659772),https://www.wikidata.org/wiki/Q158759#P915 https://www.wikidata.org/wiki/Q32659772 https://en.wikipedia.org/wiki/Neue_Nationalgalerie
342,curated,Q120450702,"Supertree Grove, Gardens by the Bay",1.281962,103.863906,Singapore,SG,park,Q29588623,Crazy Rich Asians,film,2018,tt3104988,37,116489,187.45,,,,,"After the wedding, the reception is held in the Supertree Grove.",,300,beach/park/ranch/set (curated class park),,new_spot,pageviews_proxy(Gardens by the Bay);needs_roles;lead_without_role;possible_dup:near_stamp(icon:Q630135|213m);reuses_unstamped_row(curated:singapore-singapore-gardens-by-the-bay),https://www.wikidata.org/wiki/Q120450702 https://en.wikipedia.org/wiki/Crazy_Rich_Asians https://en.wikipedia.org/wiki/Gardens_by_the_Bay
343,wikidata,Q956090,Mereworth Castle,51.2539,0.3902,Mereworth,GB,English country house,Q591272,Casino Royale,film,1967,tt0061452,46,11718,187.17,David Niven,James Bond,Ursula Andress,Vesper Lynd,,,150,building/castle/station (house),,new_spot,wp_mention;needs_scene;cast_skips_unroled(Peter Sellers),https://www.wikidata.org/wiki/Q591272#P915 https://www.wikidata.org/wiki/Q956090 https://en.wikipedia.org/wiki/Mereworth_Castle
344,wikidata,Q649329,Ennerdale Water,54.52,-3.376111,Ennerdale and Kinniside,GB,reservoir,Q221075,28 Days Later,film,2002,tt0289043,50,5470,186.9,Cillian Murphy,Jim,,,,,500,mountain/natural site (reservoir),,new_spot,wp_mention;needs_scene;needs_roles,https://www.wikidata.org/wiki/Q221075#P915 https://www.wikidata.org/wiki/Q649329 https://en.wikipedia.org/wiki/Ennerdale_Water
345,wikidata,Q1781967,Aysgarth Falls,54.293636,-1.982222,Aysgarth,GB,waterfall,Q486822,Robin Hood: Prince of Thieves,film,1991,tt0102798,48,7747,186.68,Kevin Costner,Robin Hood,Morgan Freeman,Azeem Edin Bashir Al Bakir,,,500,mountain/natural site (waterfall),,new_spot,wp_mention;needs_scene,https://www.wikidata.org/wiki/Q486822#P915 https://www.wikidata.org/wiki/Q1781967 https://en.wikipedia.org/wiki/Aysgarth_Falls
346,wikidata,Q3355636,Hardraw Force,54.321111,-2.202222,High Abbotside,GB,waterfall,Q486822,Robin Hood: Prince of Thieves,film,1991,tt0102798,48,7420,185.78,Kevin Costner,Robin Hood,Morgan Freeman,Azeem Edin Bashir Al Bakir,,,500,mountain/natural site (waterfall),,new_spot,wp_mention;needs_scene;reuses_unstamped_row(wikidata:Q3355636),https://www.wikidata.org/wiki/Q486822#P915 https://www.wikidata.org/wiki/Q3355636 https://en.wikipedia.org/wiki/Hardraw_Force
347,wikidata,Q702402,Berlin-Friedrichstraße railway station,52.520278,13.386944,Berlin,DE,railway station; underground railway station; border train station; elevated station,Q158759,Unknown,film,2011,tt1401152,43,20197,185.13,Liam Neeson,Dr. Martin Harris,Diane Kruger,Gina,,,150,building/castle/station (station),wikidata:Q702402,film_line_on_existing,wp_mention;needs_scene,https://www.wikidata.org/wiki/Q158759#P915 https://www.wikidata.org/wiki/Q702402 https://en.wikipedia.org/wiki/Berlin_Friedrichstra%C3%9Fe_station
348,wikidata,Q2373648,Santuario della Madonna del Divino Amore,41.778244,12.542506,Rome,IT,Catholic pilgrimage church; Catholic parish church,Q18405,Nights of Cabiria,film,1957,tt0050783,49,5792,184.38,,,,,,,150,building/castle/station (church),wikidata:Q2373648,film_line_on_existing,wp_mention;needs_scene;needs_roles;lead_without_role,https://www.wikidata.org/wiki/Q18405#P915 https://www.wikidata.org/wiki/Q2373648 https://en.wikipedia.org/wiki/Santuario_della_Madonna_del_Divino_Amore
349,wikidata,Q1025686,Café de Flore,48.853889,2.3325,Paris,FR,restaurant; café,Q64584978,Emily in Paris,tv,2020,tt8962124,41,29844,183.47,Lily Collins,Emily Cooper,Lucas Bravo,Gabriel,,,60,stairs/street/cafe/shop (café),,new_spot,wp_mention;needs_scene;cast_skips_unroled(Ashley Park);possible_dup:near_stamp_distinct_item(Eglise Saint-Germain-des-Prés|142m),https://www.wikidata.org/wiki/Q64584978#P915 https://www.wikidata.org/wiki/Q1025686 https://en.wikipedia.org/wiki/Caf%C3%A9_de_Flore
350,curated,Q1538837,Raffles Hotel,1.294889,103.854483,Singapore,SG,building,Q29588623,Crazy Rich Asians,film,2018,tt3104988,37,90005,183.31,,,,,Rachel and Nick stay here on arriving in Singapore; the hotel scenes were shot on location.,,150,building/castle/station (curated class building),,new_spot,needs_roles;lead_without_role;reuses_unstamped_row(curated:singapore-singapore-raffles-hotel-singapore),https://www.wikidata.org/wiki/Q1538837 https://en.wikipedia.org/wiki/Crazy_Rich_Asians https://en.wikipedia.org/wiki/Raffles_Hotel
351,wikidata,Q1727138,Los Angeles City College,34.087101,-118.29288,Los Angeles,US,community college; public educational institution of the United States,Q728553,Community,tv,2009,tt1439629,41,28945,182.93,Joel McHale,Jeff Winger,Gillian Jacobs,Britta Perry,,,60,stairs/street/cafe/shop (pub),,new_spot,wp_mention;needs_scene,https://www.wikidata.org/wiki/Q728553#P915 https://www.wikidata.org/wiki/Q1727138 https://en.wikipedia.org/wiki/Los_Angeles_City_College
352,wikidata,Q2375304,Plaza Athénée,48.8663,2.304348,Paris,FR,hotel; palace hotel,Q64584978,Emily in Paris,tv,2020,tt8962124,41,26685,181.48,Lily Collins,Emily Cooper,Lucas Bravo,Gabriel,,,150,building/castle/station (palace),,new_spot,wp_mention;needs_scene;cast_skips_unroled(Ashley Park);possible_dup:near_stamp_distinct_item(Champs-Élysées|107m),https://www.wikidata.org/wiki/Q64584978#P915 https://www.wikidata.org/wiki/Q2375304 https://en.wikipedia.org/wiki/Plaza_Ath%C3%A9n%C3%A9e
353,curated,Q613702,Nanuya Levu,-16.966667,177.383333,Ba,FJ,natural,Q83767,The Blue Lagoon,film,1980,tt0080453,49,4731,180.08,Brooke Shields,Emmeline Lestrange,Christopher Atkins,Richard Lestrange,Principal photography took place on this private island.,,500,mountain/natural site (curated class natural),,new_spot,also_in_wikidata,https://www.wikidata.org/wiki/Q613702 https://en.wikipedia.org/wiki/Nanuya_Levu https://en.wikipedia.org/wiki/The_Blue_Lagoon_%281980_film%29
354,wikidata,Q253375,Tindhólmur,62.0779,-7.4349,,FO,islet,Q118904382,How to Train Your Dragon,film,2025,tt26743210,41,23682,179.35,Nico Parker,Astrid Hofferson,Mason Thames,Hiccup,,,150,building/castle/station (default),,new_spot,wp_mention;needs_scene;no_city,https://www.wikidata.org/wiki/Q118904382#P915 https://www.wikidata.org/wiki/Q253375 https://en.wikipedia.org/wiki/Tindh%C3%B3lmur
355,wikidata,Q6514066,Valldalen,62.3328,7.38111,Norddal Municipality,NO,valley,Q16635326,Ex Machina,film,2014,tt0470752,48,5214,178.43,Alicia Vikander,Ava,Domhnall Gleeson,Caleb Smith,,,500,mountain/natural site (valley),,new_spot,wp_mention;needs_scene;cast_skips_unroled(Corey Johnson);large_area_centroid,https://www.wikidata.org/wiki/Q16635326#P915 https://www.wikidata.org/wiki/Q6514066 https://en.wikipedia.org/wiki/Valldalen
356,wikidata,Q543254,Scarborough Bluffs,43.702,-79.242,Ontario,CA,cliff,Q21296543,Star Trek: Discovery,tv,2017,tt5171438,41,21966,178.01,Sonequa Martin-Green,Michael Burnham,Michelle Yeoh,Philippa Georgiou,,,500,mountain/natural site (cliff),,new_spot,via_season_or_episode;wp_mention;needs_scene;large_cast(101);reuses_unstamped_row(wikidata:Q543254),https://www.wikidata.org/wiki/Q21296543#P915 https://www.wikidata.org/wiki/Q543254 https://en.wikipedia.org/wiki/Scarborough_Bluffs
357,wikidata,Q7269642,Qube,49.2889,-123.128,Vancouver,CA,building,Q210257,MacGyver,tv,1985,tt0088559,47,5829,176.99,Richard Dean Anderson,MacGyver,Dana Elcar,Peter Thornton,,,150,building/castle/station (building),,new_spot,wp_mention;needs_scene;large_cast(88),https://www.wikidata.org/wiki/Q210257#P915 https://www.wikidata.org/wiki/Q7269642 https://en.wikipedia.org/wiki/Westcoast_Building
358,wikidata,Q2919335,Constitution Gardens,38.890833,-77.044444,"Washington, D.C.",US,park,Q19481099,Jason Bourne,film,2016,tt4196776,45,8526,176.89,Matt Damon,Jason Bourne / David Webb,Tommy Lee Jones,Robert Dewey,,,300,beach/park/ranch/set (park),,new_spot,wp_mention;needs_scene;possible_dup:near_stamp(wikidata:Q1151716|344m),https://www.wikidata.org/wiki/Q19481099#P915 https://www.wikidata.org/wiki/Q2919335 https://en.wikipedia.org/wiki/Constitution_Gardens
359,wikidata,Q156716,Pariser Platz,52.516389,13.378889,Berlin,DE,square,Q158759,Unknown,film,2011,tt1401152,43,12979,176.87,Liam Neeson,Dr. Martin Harris,Diane Kruger,Gina,,,120,square/bridge/viaduct (square),wikidata:Q156716,film_line_on_existing,wp_mention;needs_scene,https://www.wikidata.org/wiki/Q158759#P915 https://www.wikidata.org/wiki/Q156716 https://en.wikipedia.org/wiki/Pariser_Platz
360,wikidata,Q869501,Deutsche Oper,52.511944,13.310556,Berlin,DE,underground station; Berlin U-Bahn station,Q468697,Run Lola Run,film,1998,tt0130827,54,1749,175.12,Franka Potente,Lola,Moritz Bleibtreu,Manni,,,150,building/castle/station (station),wikidata:Q637834,film_line_on_existing,wp_mention;needs_scene,https://www.wikidata.org/wiki/Q468697#P915 https://www.wikidata.org/wiki/Q869501 https://en.wikipedia.org/wiki/Deutsche_Oper_%28Berlin_U-Bahn%29
361,wikidata,Q14912349,Tiergarten Spreebogen Tunnel,52.518257,13.370863,Berlin,DE,road tunnel,Q156608,The Bourne Supremacy,film,2004,tt0372183,59,915,174.75,Franka Potente,Marie Kreutz,Brian Cox,Ward Abbott,,,150,building/castle/station (default),,new_spot,wp_mention;needs_scene,https://www.wikidata.org/wiki/Q156608#P915 https://www.wikidata.org/wiki/Q14912349 https://en.wikipedia.org/wiki/Tiergarten_Spreebogen_Tunnel
362,wikidata,Q2243801,Tjolöholm Castle,57.398611,12.103056,Kungsbacka Municipality,SE,château; architectural ensemble,Q165699,Melancholia,film,2011,tt1527186,46,6219,174.51,,,,,,,120,square/bridge/viaduct (arch),,new_spot,wp_mention;needs_scene;needs_roles;lead_without_role,https://www.wikidata.org/wiki/Q165699#P915 https://www.wikidata.org/wiki/Q2243801 https://en.wikipedia.org/wiki/Tjol%C3%B6holm_Castle
363,wikidata,Q13641502,"Killeen Castle, Dunsany",53.534,-6.584,Dunsany,IE,château,Q591272,Casino Royale,film,1967,tt0061452,46,6131,174.23,David Niven,James Bond,Ursula Andress,Vesper Lynd,,,150,building/castle/station (default),,new_spot,wp_mention;needs_scene;cast_skips_unroled(Peter Sellers),https://www.wikidata.org/wiki/Q591272#P915 https://www.wikidata.org/wiki/Q13641502 https://en.wikipedia.org/wiki/Killeen_Castle%2C_Dunsany
364,wikidata,Q4930882,Blythe House,51.4964,-0.2135,London,GB,office building,Q681962,Tinker Tailor Soldier Spy,film,2011,tt1340800,43,10941,173.68,Gary Oldman,George Smiley,Colin Firth,Bill Haydon,,,150,building/castle/station (building),,new_spot,wp_mention;needs_scene,https://www.wikidata.org/wiki/Q681962#P915 https://www.wikidata.org/wiki/Q4930882 https://en.wikipedia.org/wiki/Blythe_House
365,wikidata,Q7494978,Sheriff Street,53.350556,-6.240556,,IE,street,Q304074,In the Name of the Father,film,1993,tt0107207,43,10448,172.82,Daniel Day-Lewis,Gerry Conlon,Emma Thompson,Gareth Peirce,,,60,stairs/street/cafe/shop (street),,new_spot,wp_mention;needs_scene;no_city,https://www.wikidata.org/wiki/Q304074#P915 https://www.wikidata.org/wiki/Q7494978 https://en.wikipedia.org/wiki/Sheriff_Street
366,wikidata,Q5559351,Gibson House Museum,42.354933,-71.074394,Massachusetts,US,historic house museum,Q56881140,Little Women,film,2019,tt3281548,49,3288,172.34,Meryl Streep,Aunt March,Saoirse Ronan,Jo March,,,150,building/castle/station (museum),,new_spot,wp_mention;needs_scene;inside_stamp_footprint(wikidata:Q894579|380m);reuses_unstamped_row(wikidata:Q5559351),https://www.wikidata.org/wiki/Q56881140#P915 https://www.wikidata.org/wiki/Q5559351 https://en.wikipedia.org/wiki/Gibson_House_Museum
367,curated,Q2723401,Nahargarh Fort,26.9375,75.815833,Jaipur,IN,castle,Q924135,Rang De Basanti,film,2006,tt0405508,37,45373,172.3,,,,,One of the film's songs was shot at the fort overlooking Jaipur.,,150,building/castle/station (curated class castle),wikidata:Q2723401,film_line_on_existing,needs_roles;lead_without_role,https://www.wikidata.org/wiki/Q2723401 https://en.wikipedia.org/wiki/Nahargarh_Fort https://en.wikipedia.org/wiki/Rang_De_Basanti
368,wikidata,Q7427501,Saunton Sands,51.1,-4.22583,Saunton,GB,beach,Q91226161,Aquaman and the Lost Kingdom,film,2023,tt9663764,43,9766,171.56,Jason Momoa,Aquaman,Amber Heard,Mera,,,300,beach/park/ranch/set (beach),,new_spot,wp_mention;needs_scene,https://www.wikidata.org/wiki/Q91226161#P915 https://www.wikidata.org/wiki/Q7427501 https://en.wikipedia.org/wiki/Saunton_Sands
369,wikidata,Q3389781,place Dalida,48.888531,2.338065,Paris,FR,square,Q64584978,Emily in Paris,tv,2020,tt8962124,41,13705,169.61,Lily Collins,Emily Cooper,Lucas Bravo,Gabriel,,,120,square/bridge/viaduct (square),,new_spot,wp_mention;needs_scene;cast_skips_unroled(Ashley Park);possible_dup:near_stamp_distinct_item(Moulin de la Galette|133m),https://www.wikidata.org/wiki/Q64584978#P915 https://www.wikidata.org/wiki/Q3389781 https://en.wikipedia.org/wiki/Place_Dalida
370,wikidata,Q6781672,Maryon Park,51.489,0.043,London,GB,urban park,Q658204,Blowup,film,1966,tt0060176,46,4640,168.66,,,,,,,300,beach/park/ranch/set (park),,new_spot,wp_mention;needs_scene;needs_roles;lead_without_role,https://www.wikidata.org/wiki/Q658204#P915 https://www.wikidata.org/wiki/Q6781672 https://en.wikipedia.org/wiki/Maryon_Park
371,wikidata,Q2963308,Chicago Fire Department,41.830556,-87.623889,Chicago,US,fire department,Q1187416,Chicago Fire,tv,2012,tt2261391,36,46060,167.88,Jesse Spencer,Matthew Casey,Taylor Kinney,Kelly Severide,,,150,building/castle/station (default),,new_spot,wp_mention;needs_scene;cast_skips_unroled(Teri Reeves),https://www.wikidata.org/wiki/Q1187416#P915 https://www.wikidata.org/wiki/Q2963308 https://en.wikipedia.org/wiki/Chicago_Fire_Department
372,wikidata,Q537149,Grand-Hôtel du Cap-Ferrat,43.676834,7.331545,Saint-Jean-Cap-Ferrat,FR,hotel; palace hotel,Q64584978,Emily in Paris,tv,2020,tt8962124,41,11901,167.1,Lily Collins,Emily Cooper,Lucas Bravo,Gabriel,,,150,building/castle/station (palace),,new_spot,wp_mention;needs_scene;cast_skips_unroled(Ashley Park),https://www.wikidata.org/wiki/Q64584978#P915 https://www.wikidata.org/wiki/Q537149 https://en.wikipedia.org/wiki/Grand-H%C3%B4tel_du_Cap-Ferrat
373,wikidata,Q4979489,Brunswick Centre,51.524,-0.124,London,GB,shopping center; mixed-use development; residential building,Q60462338,Andor,tv,2022,tt9253284,38,23674,166.22,Diego Luna,Cassian Andor,Stellan Skarsgård,Luthen Rael,,,60,stairs/street/cafe/shop (shop),,new_spot,via_season_or_episode;wp_mention;needs_scene,https://www.wikidata.org/wiki/Q60462338#P915 https://www.wikidata.org/wiki/Q4979489 https://en.wikipedia.org/wiki/Brunswick_Centre
374,wikidata,Q18683358,Integral House,43.6846,-79.369,,CA,dwelling,Q21296543,Star Trek: Discovery,tv,2017,tt5171438,41,11191,166.01,Sonequa Martin-Green,Michael Burnham,Michelle Yeoh,Philippa Georgiou,,,150,building/castle/station (default),,new_spot,wp_mention;needs_scene;large_cast(101);no_city,https://www.wikidata.org/wiki/Q21296543#P915 https://www.wikidata.org/wiki/Q18683358 https://en.wikipedia.org/wiki/Integral_House
375,wikidata,Q7973425,Water Wizz,41.7568,-70.6595,Wareham,US,water park,Q121810,Grown Ups,film,2010,tt1375670,41,10397,164.69,Kevin James,Eric Lamonsoff,,,,,300,beach/park/ranch/set (park),,new_spot,wp_mention;needs_scene;needs_roles;lead_without_role;cast_skips_unroled(Adam Sandler);reuses_unstamped_row(wikidata:Q7973425),https://www.wikidata.org/wiki/Q121810#P915 https://www.wikidata.org/wiki/Q7973425 https://en.wikipedia.org/wiki/Water_Wizz
376,wikidata,Q705366,Oranienburger Straße,52.524722,13.394167,Berlin,DE,street,Q158759,Unknown,film,2011,tt1401152,43,6356,163.54,Liam Neeson,Dr. Martin Harris,Diane Kruger,Gina,,,60,stairs/street/cafe/shop (street),,new_spot,wp_mention;needs_scene;possible_dup:near_stamp_distinct_item(Neue Synagoge|18m),https://www.wikidata.org/wiki/Q158759#P915 https://www.wikidata.org/wiki/Q705366 https://en.wikipedia.org/wiki/Oranienburger_Stra%C3%9Fe
377,wikidata,Q2314592,Drangarnir,62.0754,-7.4144,,FO,islet,Q118904382,How to Train Your Dragon,film,2025,tt26743210,41,8890,161.91,Nico Parker,Astrid Hofferson,Mason Thames,Hiccup,,,150,building/castle/station (default),,new_spot,wp_mention;needs_scene;no_city,https://www.wikidata.org/wiki/Q118904382#P915 https://www.wikidata.org/wiki/Q2314592 https://en.wikipedia.org/wiki/Drangarnir
378,wikidata,Q16899452,Rotherfield Park,51.0858,-1.0094,East Tisted,GB,English country house,Q391101,Agatha Christie's Poirot,tv,1989,tt0094525,43,5589,161.14,David Suchet,Hercule Poirot,Hugh Fraser,Arthur Hastings,,,150,building/castle/station (house),,new_spot,via_season_or_episode;wp_mention;needs_scene,https://www.wikidata.org/wiki/Q391101#P915 https://www.wikidata.org/wiki/Q16899452 https://en.wikipedia.org/wiki/Rotherfield_Park
379,wikidata,Q1534537,Schnals Valley,46.722222,10.860833,South Tyrol,IT,valley,Q15631013,Everest,film,2015,tt2719848,45,3647,160.29,Jason Clarke,Rob Hall,Josh Brolin,Beck Weathers,,,500,mountain/natural site (valley),,new_spot,wp_mention;needs_scene;large_area_centroid,https://www.wikidata.org/wiki/Q15631013#P915 https://www.wikidata.org/wiki/Q1534537 https://en.wikipedia.org/wiki/Schnalstal
380,wikidata,Q3390301,Place de l'Estrapade,48.8452,2.34483,Paris,FR,square,Q64584978,Emily in Paris,tv,2020,tt8962124,41,7559,159.02,Lily Collins,Emily Cooper,Lucas Bravo,Gabriel,,,120,square/bridge/viaduct (square),,new_spot,wp_mention;needs_scene;cast_skips_unroled(Ashley Park);possible_dup:near_stamp_distinct_item(Panthéon|125m);possible_dup:near_stamp_distinct_item(Musée Curie|145m),https://www.wikidata.org/wiki/Q64584978#P915 https://www.wikidata.org/wiki/Q3390301 https://en.wikipedia.org/wiki/Place_de_l%27Estrapade
381,wikidata,Q3141845,rue de la Paix,48.869131,2.331128,Paris,FR,street,Q147068,Funny Face,film,1957,tt0050419,40,9173,158.5,,,,,,,60,stairs/street/cafe/shop (street),,new_spot,wp_mention;needs_scene;needs_roles;lead_without_role,https://www.wikidata.org/wiki/Q147068#P915 https://www.wikidata.org/wiki/Q3141845 https://en.wikipedia.org/wiki/Rue_de_la_Paix%2C_Paris
382,wikidata,Q5475526,Four Seasons Resort Maui,20.6803,-156.442,Maui County,US,building complex,Q106679014,The White Lotus,tv,2021,tt13406094,39,11508,158.38,,,,,,,150,building/castle/station (building),,new_spot,wp_mention;needs_scene;needs_roles;lead_without_role,https://www.wikidata.org/wiki/Q106679014#P915 https://www.wikidata.org/wiki/Q5475526 https://en.wikipedia.org/wiki/Four_Seasons_Resort_Maui
383,curated,Q28197238,Tú Làn Caves System,17.75984,106.116326,,VN,natural,Q21203766,Kong: Skull Island,film,2017,tt3731562,51,1273,158.36,,,,,The entrance of the cave system was a filming location for the film.,,500,mountain/natural site (curated class natural),,new_spot,scene_generic;needs_roles;lead_without_role;no_city,https://www.wikidata.org/wiki/Q28197238 https://en.wikipedia.org/wiki/Kong%3A_Skull_Island
384,curated,Q59330112,Rinpung Dzong,27.42667,89.42333,Paro,BT,castle,Q1141873,Little Buddha,film,1993,tt0107426,40,9017,158.2,,,,,Several scenes of the film were filmed at the dzong.,,150,building/castle/station (curated class castle),,new_spot,needs_roles;lead_without_role;reuses_unstamped_row(wikidata:Q3936132),https://www.wikidata.org/wiki/Q59330112 https://en.wikipedia.org/wiki/Rinpung_Dzong
385,wikidata,Q5270901,Diamond Ranch High School,34.021826,-117.779725,Pomona,US,high school; public school,Q691611,Serenity,film,2005,tt0379786,41,6828,157.21,Nathan Fillion,Malcolm Reynolds,Gina Torres,Zoe Washburne,,,60,stairs/street/cafe/shop (pub),,new_spot,wp_mention;needs_scene,https://www.wikidata.org/wiki/Q691611#P915 https://www.wikidata.org/wiki/Q5270901 https://en.wikipedia.org/wiki/Diamond_Ranch_High_School
386,curated,Q11664822,Suga Shrine stairs,35.685306,139.722444,Tokyo,JP,stairs,Q21697406,Your Name,film,2016,tt5311514,69,184,156.43,,,,,The closing scene: Taki and Mitsuha meet on the shrine stairs and ask each other's names.,,60,stairs/street/cafe/shop (curated class stairs),,new_spot,animated_depiction;needs_roles;reuses_unstamped_row(wikidata:Q125623554),https://www.wikidata.org/wiki/Q11664822 https://en.wikipedia.org/wiki/Suga_Shrine_%28Shinjuku%29 https://en.wikipedia.org/wiki/Your_Name
387,curated,Q1072593,CHIJMES,1.29514,103.852,Singapore,SG,building,Q29588623,Crazy Rich Asians,film,2018,tt3104988,37,16741,156.28,,,,,"Colin and Araminta's wedding was shot in CHIJMES Hall, a former convent.",,150,building/castle/station (curated class building),,new_spot,needs_roles;lead_without_role;possible_dup:near_stamp_distinct_item(Cathedral of the Good Shepherd|119m),https://www.wikidata.org/wiki/Q1072593 https://en.wikipedia.org/wiki/CHIJMES https://en.wikipedia.org/wiki/Crazy_Rich_Asians
388,wikidata,Q6743398,Malibu Creek State Park,34.1008,-118.711,Los Angeles County,US,California state park,Q494244,M*A*S*H,tv,1972,tt0068098,38,12652,155.88,Alan Alda,Benjamin Franklin 'Hawkeye' Pierce,Wayne Rogers,'Trapper John' McIntyre,,,300,beach/park/ranch/set (park),wikidata:Q6743398,film_line_on_existing,wp_mention;needs_scene;large_cast(104);large_area_centroid,https://www.wikidata.org/wiki/Q494244#P915 https://www.wikidata.org/wiki/Q6743398 https://en.wikipedia.org/wiki/Malibu_Creek_State_Park
389,curated,Q125700900,Padang Padang Beach,-8.81114,115.1012,Bali,ID,beach,Q304030,Eat Pray Love,film,2010,tt0879870,43,3901,154.43,,,,,One of the film's filming locations in Bali.,,300,beach/park/ranch/set (curated class beach),,new_spot,scene_generic;needs_roles;lead_without_role,https://www.wikidata.org/wiki/Q125700900 https://en.wikipedia.org/wiki/Padang_Padang_Beach
390,wikidata,Q4852137,Ballyglunin railway station,53.4311,-8.7937,County Galway,IE,railway station,Q470560,The Quiet Man,film,1952,tt0045061,48,1638,154.3,,,,,,,150,building/castle/station (station),,new_spot,wp_mention;needs_scene;needs_roles;lead_without_role,https://www.wikidata.org/wiki/Q470560#P915 https://www.wikidata.org/wiki/Q4852137 https://en.wikipedia.org/wiki/Ballyglunin_railway_station
391,wikidata,Q3324477,Gunlom Falls,-13.4313,132.4178,Northern Territory,AU,waterfall,Q615254,Crocodile Dundee,film,1986,tt0090555,46,2248,154.19,David Gulpilil,Neville Bell,,,,,500,mountain/natural site (waterfall),,new_spot,wp_mention;needs_scene;needs_roles;lead_without_role;cast_skips_unroled(Paul Hogan);reuses_unstamped_row(wikidata:Q3324477),https://www.wikidata.org/wiki/Q615254#P915 https://www.wikidata.org/wiki/Q3324477 https://en.wikipedia.org/wiki/Gunlom_Falls
392,wikidata,Q16957681,Chilworth Manor,51.2206,-0.531,St Martha,GB,manor house,Q391101,Agatha Christie's Poirot,tv,1989,tt0094525,43,3845,154.16,David Suchet,Hercule Poirot,Hugh Fraser,Arthur Hastings,,,150,building/castle/station (house),,new_spot,via_season_or_episode;wp_mention;needs_scene,https://www.wikidata.org/wiki/Q391101#P915 https://www.wikidata.org/wiki/Q16957681 https://en.wikipedia.org/wiki/Chilworth_Manor%2C_Surrey
393,curated,Q5091627,Cheong Fatt Tze Mansion,5.42156,100.33479,George Town,MY,building,Q29588623,Crazy Rich Asians,film,2018,tt3104988,37,14545,154.02,,,,,"Eleanor's mahjong showdown with Rachel was filmed here, the mansion redecorated as a mahjong parlour.",Indochine (1992),150,building/castle/station (curated class building),,new_spot,needs_roles;lead_without_role;reuses_unstamped_row(wikidata:Q5091627),https://www.wikidata.org/wiki/Q5091627 https://en.wikipedia.org/wiki/Cheong_Fatt_Tze_Mansion https://en.wikipedia.org/wiki/Crazy_Rich_Asians
394,wikidata,Q899223,Pavillons de Bercy,48.833056,2.388889,Paris,FR,museum,Q64584978,Emily in Paris,tv,2020,tt8962124,41,5688,153.96,Lily Collins,Emily Cooper,Lucas Bravo,Gabriel,,,150,building/castle/station (museum),,new_spot,wp_mention;needs_scene;cast_skips_unroled(Ashley Park),https://www.wikidata.org/wiki/Q64584978#P915 https://www.wikidata.org/wiki/Q899223 https://en.wikipedia.org/wiki/Mus%C3%A9e_des_Arts_Forains
395,wikidata,Q161787,Château de Champs-sur-Marne,48.853889,2.604167,Champs-sur-Marne,FR,château,Q830553,Dangerous Liaisons,film,1988,tt0094947,42,4512,153.49,Glenn Close,Marquise de Merteuil,John Malkovich,Vicomte de Valmont,,,150,building/castle/station (default),wikidata:Q161787,film_line_on_existing,wp_mention;needs_scene,https://www.wikidata.org/wiki/Q830553#P915 https://www.wikidata.org/wiki/Q161787 https://en.wikipedia.org/wiki/Ch%C3%A2teau_de_Champs-sur-Marne
396,wikidata,Q5876859,Hofsta,58.89,16.48625,Katrineholm Municipality,SE,manor house,Q474093,The Girl with the Dragon Tattoo,film,2011,tt1568346,50,1152,153.09,Daniel Craig,Mikael Blomkvist,Rooney Mara,Lisbeth Salander,,,150,building/castle/station (house),,new_spot,wp_mention;needs_scene,https://www.wikidata.org/wiki/Q474093#P915 https://www.wikidata.org/wiki/Q5876859 https://en.wikipedia.org/wiki/Hofsta
397,wikidata,Q789427,Autódromo Internacional do Algarve,37.2294,-8.63053,Portimão,PT,motorsport racing track,Q21980653,The Grand Tour,tv,2016,tt5712554,31,82801,152.46,,,,,,,150,building/castle/station (default),,new_spot,via_season_or_episode;wp_mention;needs_scene;needs_roles;reuses_unstamped_row(wikidata:Q789427),https://www.wikidata.org/wiki/Q21980653#P915 https://www.wikidata.org/wiki/Q789427 https://en.wikipedia.org/wiki/Algarve_International_Circuit
398,curated,Q80299,Angel Falls,5.970056,-62.536222,Bolívar,VE,natural,Q17410299,Point Break,film,2015,tt2058673,28,266525,151.92,,,,,"The free-solo climbing ordeal beside the falls; the crew camped below, on the rim and on the tepui.",,500,mountain/natural site (curated class natural),icon:Q80299,film_line_on_existing,needs_roles;lead_without_role,https://www.wikidata.org/wiki/Q80299 https://en.wikipedia.org/wiki/Angel_Falls https://en.wikipedia.org/wiki/Point_Break_%282015_film%29
399,wikidata,Q3817686,Kynance Cove,49.974,-5.23,Landewednack,GB,cove,Q117662601,Harry Potter,tv,2026,tt13918446,35,21489,151.63,John Lithgow,Albus Dumbledore,Paapa Essiedu,Severus Snape,,,150,building/castle/station (default),,new_spot,wp_mention;needs_scene;reuses_unstamped_row(wikidata:Q3817686),https://www.wikidata.org/wiki/Q117662601#P915 https://www.wikidata.org/wiki/Q3817686 https://en.wikipedia.org/wiki/Kynance_Cove
400,wikidata,Q7053028,Normandale Community College,44.8294,-93.3311,Bloomington,US,community college; public educational institution of the United States,Q300555,A Serious Man,film,2009,tt1019452,41,4736,150.7,George Wyner,Rabbi Nachter,,,,,60,stairs/street/cafe/shop (pub),,new_spot,wp_mention;needs_scene;needs_roles;lead_without_role;cast_skips_unroled(Michael Stuhlbarg),https://www.wikidata.org/wiki/Q300555#P915 https://www.wikidata.org/wiki/Q7053028 https://en.wikipedia.org/wiki/Normandale_Community_College
