spot_qid,spot_name,work_qid,work_title,found_in,source_url,sentence
Q1000951,Snoqualmie,Q2085,Twin Peaks,spot,"https://en.wikipedia.org/wiki/Snoqualmie,_Washington",Many of the exterior shots for David Lynch and Mark Frost's Twin Peaks television series and movie (Fire Walk with Me) were filmed in Snoqualmie and in the neighboring towns of North Bend and Fall City.
Q1000951,Snoqualmie,Q2085,Twin Peaks,spot,"https://en.wikipedia.org/wiki/Snoqualmie,_Washington","The Snoqualmie chamber of commerce collaborated in organizing the first Twin Peaks Fan Festival in 1992 from August 14–16, anticipating the release of Fire Walk With Me, which premiered early at the North Bend Theatre with a live introduction by Lynch himself."
Q1000951,Snoqualmie,Q2085,Twin Peaks,spot,"https://en.wikipedia.org/wiki/Snoqualmie,_Washington","Since 2023, an officially proclaimed ""Real Twin Peaks Day"" has been celebrated on the 24th of February, and in 2024, star Kyle MacLachlan attended the festivities."
Q1000951,Snoqualmie,Q2085,Twin Peaks,work,https://en.wikipedia.org/wiki/Twin_Peaks,"Lynch and Frost started their location search in Snoqualmie, Washington, on the recommendation of a friend of Frost."
Q1000951,Snoqualmie,Q2085,Twin Peaks,work,https://en.wikipedia.org/wiki/Twin_Peaks,"The towns of Snoqualmie, North Bend and Fall City – which became the primary filming locations for stock Twin Peaks exterior footage – are about an hour's drive from the town of Roslyn, Washington, the town used for the series Northern Exposure."
Q1000951,Snoqualmie,Q2085,Twin Peaks,work,https://en.wikipedia.org/wiki/Twin_Peaks,"In 2018, the mayors of Snoqualmie and North Bend, which were both used for filming the series, declared Twin Peaks Day to be held on February 24."
Q1015079,Burghley House,Q160560,The Da Vinci Code,spot,https://en.wikipedia.org/wiki/Burghley_House,"Burghley House has been featured in several films and television programmes including:Treasure Houses of Britain (1985);Buccaneers (1995);  Middlemarch (1994); Antiques Roadshow (1998, 2009); The Golden Bowl (2000); Bleak House (2005); Pride & Prejudice (2005); The Da Vinci Code (2006); Castle in the Country (2006); Elizabeth: The Golden Age (2007); How We Built Britain (2007); Climbing Great Buildings (2010); Royal Upstairs Downstairs (2011); Housefull 2: The Dirty Dozen (2012); The Crown (2016); Top Gear (2018); Mortimer & Whitehouse: Gone Fishing (2021); The Flash (2023); and Frankenstein (2025)."
Q1015079,Burghley House,Q160560,The Da Vinci Code,work,https://en.wikipedia.org/wiki/The_Da_Vinci_Code_(film),"Locations included the King's College London campus, Fairfield Halls (Croydon), the Temple Church (London), Burghley House (Lincolnshire) and Rosslyn Chapel and Rosslyn Castle (Midlothian, Scotland) make an appearance at the final part of the film."
Q1015079,Burghley House,Q270385,Pride & Prejudice,spot,https://en.wikipedia.org/wiki/Burghley_House,"Burghley House has been featured in several films and television programmes including:Treasure Houses of Britain (1985);Buccaneers (1995);  Middlemarch (1994); Antiques Roadshow (1998, 2009); The Golden Bowl (2000); Bleak House (2005); Pride & Prejudice (2005); The Da Vinci Code (2006); Castle in the Country (2006); Elizabeth: The Golden Age (2007); How We Built Britain (2007); Climbing Great Buildings (2010); Royal Upstairs Downstairs (2011); Housefull 2: The Dirty Dozen (2012); The Crown (2016); Top Gear (2018); Mortimer & Whitehouse: Gone Fishing (2021); The Flash (2023); and Frankenstein (2025)."
Q1015079,Burghley House,Q727846,Elizabeth: The Golden Age,spot,https://en.wikipedia.org/wiki/Burghley_House,"Burghley House has been featured in several films and television programmes including:Treasure Houses of Britain (1985);Buccaneers (1995);  Middlemarch (1994); Antiques Roadshow (1998, 2009); The Golden Bowl (2000); Bleak House (2005); Pride & Prejudice (2005); The Da Vinci Code (2006); Castle in the Country (2006); Elizabeth: The Golden Age (2007); How We Built Britain (2007); Climbing Great Buildings (2010); Royal Upstairs Downstairs (2011); Housefull 2: The Dirty Dozen (2012); The Crown (2016); Top Gear (2018); Mortimer & Whitehouse: Gone Fishing (2021); The Flash (2023); and Frankenstein (2025)."
Q1015079,Burghley House,Q727846,Elizabeth: The Golden Age,work,https://en.wikipedia.org/wiki/Elizabeth:_The_Golden_Age,"Burghley House, Stamford, Lincolnshire, England (John Dee's house exteriors/London alley/Paris street scene)"
Q101546977,Trilith Studios,Q108837156,Agatha All Along,work,https://en.wikipedia.org/wiki/Agatha_All_Along,"Schaeffer, Rachel Goldberg, and Gandja Monteiro were set as directors in early 2023 ahead of filming, which took place from January to May 2023 at Trilith Studios in Atlanta, Georgia, and in Los Angeles."
Q101546977,Trilith Studios,Q84712806,She-Hulk: Attorney at Law,work,https://en.wikipedia.org/wiki/She-Hulk:_Attorney_at_Law,"Filming began on April 12, 2021, at Trilith Studios in Atlanta, Georgia, with Coiro and Valia directing episodes of the series, and Florian Ballhaus and Doug Chamberlain serving as cinematographers for Coiro and Valia, respectively."
Q1025346,Cadwell Park,Q1768437,Rush,spot,https://en.wikipedia.org/wiki/Cadwell_Park,Some racing scenes for the 2013 film Rush were filmed at Cadwell Park.
Q1025346,Cadwell Park,Q1768437,Rush,work,https://en.wikipedia.org/wiki/Rush_(2013_film),"The film was shot on location in the United Kingdom, Germany and Austria, including Blackbushe Airport in Hampshire, the Snetterton (Norfolk), Cadwell Park (Lincolnshire), the former Crystal Palace and Brands Hatch (Kent) motor racing circuits in Britain, and at the Nürburgring in Germany."
Q1025686,Café de Flore,Q64584978,Emily in Paris,spot,https://en.wikipedia.org/wiki/Caf%C3%A9_de_Flore,"Season 1, episode 6 of Emily in Paris contains a scene filmed in Café de Flore."
Q10285,Colosseum,Q462409,Way of the Dragon,spot,https://en.wikipedia.org/wiki/Colosseum,"It is featured in films such as Roman Holiday, Gladiator, The Way of the Dragon, Jumper, and Godzilla x Kong: The New Empire."
Q10285,Colosseum,Q462409,Way of the Dragon,work,https://en.wikipedia.org/wiki/The_Way_of_the_Dragon,"What makes it particularly memorable is the treatment of the fight in the Colosseum, with Chuck Norris making his film debut there."
Q1032842,Canary Wharf,Q190588,Love Actually,spot,https://en.wikipedia.org/wiki/Canary_Wharf_tube_station,"The station is also seen in the 2003 film Love Actually, the 2005 film The Constant Gardener, the 2024 film A Quiet Place: Day One, and the 2026 film Masters of the Universe."
Q1032842,Canary Wharf,Q190588,Love Actually,work,https://en.wikipedia.org/wiki/Love_Actually,"Most of the film was made on location in London, including Heathrow Airport, Trafalgar Square, the central court of Somerset House in the Strand, Grosvenor Chapel on South Audley Street near Hyde Park, St Paul's Church, Clapham, the Millennium Bridge, Selfridges department store on Oxford Street, Lambeth Bridge, the Tate Modern in the former Bankside Power Station, Canary Wharf, Marble Arch, St."
Q1032842,Canary Wharf,Q19590955,Rogue One: A Star Wars Story,spot,https://en.wikipedia.org/wiki/Canary_Wharf_tube_station,"In April 2016, Canary Wharf station was used as a filming location for an Imperial base in the Star Wars film Rogue One."
Q1032842,Canary Wharf,Q19590955,Rogue One: A Star Wars Story,work,https://en.wikipedia.org/wiki/Rogue_One,"Gareth Edwards selected the London Underground's Canary Wharf station as a location for a chase scene in an Imperial base; the location shoot took place overnight, when the station was closed to the public."
Q1032842,Canary Wharf,Q221075,28 Days Later,spot,https://en.wikipedia.org/wiki/Canary_Wharf_tube_station,"The station was used as a filming location for some scenes of Danny Boyle's 2002 film 28 Days Later, and its 2007 sequel 28 Weeks Later."
Q10336724,Earl Carroll Theatre,Q753647,Drake & Josh,spot,https://en.wikipedia.org/wiki/Earl_Carroll_Theatre_(Los_Angeles),"Some of the shows filmed there for Nickelodeon include all but the first two seasons of All That, The Amanda Show, Drake & Josh, and more recently iCarly and Victorious."
Q10336724,Earl Carroll Theatre,Q753647,Drake & Josh,spot,https://en.wikipedia.org/wiki/Earl_Carroll_Theatre_(Los_Angeles),Drake & Josh (2004–2007)
Q1043277,Tenzing-Hillary Airport,Q15631013,Everest,spot,https://en.wikipedia.org/wiki/Tenzing-Hillary_Airport,The airport is popular because it is considered the starting point for treks towards Mount Everest Base Camp.
Q1043277,Tenzing-Hillary Airport,Q15631013,Everest,spot,https://en.wikipedia.org/wiki/Tenzing-Hillary_Airport,"Tenzing–Hillary Airport is officially named after the Nepalese mountaineer Tenzing Norgay and the New Zealand mountaineer Edmund Hillary, the first people to reach the summit of Mount Everest."
Q1043277,Tenzing-Hillary Airport,Q15631013,Everest,spot,https://en.wikipedia.org/wiki/Tenzing-Hillary_Airport,"On 10 February 2008, following approval by the Koirala Interim Cabinet, Lukla Airport was officially renamed Tenzing–Hillary Airport in honor of the first two people to summit Mount Everest."
Q104476034,Grace Episcopal Church,Q105031,Home Alone,work,https://en.wikipedia.org/wiki/Home_Alone,"The church exteriors were shot at Trinity United Methodist Church in Wilmette, Illinois, while the interiors were shot at Grace Episcopal Church in Oak Park, Illinois."
Q1046446,Casa Loma,Q106182,X-Men,work,https://en.wikipedia.org/wiki/X-Men_(film),"Casa Loma, Roy Thomson Hall and Metro Hall were used for X-Mansion interiors, while Parkwood Estate was used for exteriors."
Q1046446,Casa Loma,Q753899,Scott Pilgrim vs. the World,spot,https://en.wikipedia.org/wiki/Casa_Loma,"It has served as a location for movies such as Strange Brew, Chicago, The Tuxedo, Scott Pilgrim vs. the World, Warehouse 13, Crimson Peak, Twitches, Twitches Too, and The Pacifier."
Q1046446,Casa Loma,Q753899,Scott Pilgrim vs. the World,work,https://en.wikipedia.org/wiki/Scott_Pilgrim_vs._the_World,"One of the producers, Miles Dale, said that the film is ""the biggest movie ever identifiably set in Toronto."" The film features notable Toronto locations Casa Loma, St."
Q1046446,Casa Loma,Q753899,Scott Pilgrim vs. the World,work,https://en.wikipedia.org/wiki/Scott_Pilgrim_vs._the_World,"Casa Loma has served as a movie set for many different productions, and so appearing in Scott Pilgrim vs. the World as itself being a movie set was described as ""very trippy""."
Q1046446,Casa Loma,Q753899,Scott Pilgrim vs. the World,work,https://en.wikipedia.org/wiki/Scott_Pilgrim_vs._the_World,"The scene at Casa Loma also shows the CN Tower and Baldwin Steps, with Don McKellar (who played the director in the scene) reporting that ""people were going crazy"" at opening night in Toronto when it played."
Q1049514,Castle Howard,Q471716,Barry Lyndon,spot,https://en.wikipedia.org/wiki/Castle_Howard,It has been used as a location in many other TV and film productions including: the 1965 film Lady L; the 1966 film The Spy with a Cold Nose; Stanley Kubrick's 1975 film Barry Lyndon; the 1995 mini-series The Buccaneers; the 2006 film Garfield: A Tail of Two Kitties; the 2013 TV series Death Comes to Pemberley; the 2015 Bollywood film Shaandar; in the 2016 ITV series Victoria; and the 2020 Netflix series Bridgerton (2020).
Q1049514,Castle Howard,Q471716,Barry Lyndon,work,https://en.wikipedia.org/wiki/Barry_Lyndon,"Locations in England include Blenheim Palace, Oxfordshire; Castle Howard, North Yorkshire (exteriors of the Lyndon estate, ""Castle Hickham""); Corsham Court, Wiltshire (various interiors and the music room scene); Petworth House, West Sussex (chapel); Stourhead, Wiltshire (lake and temple); Longleat, Wiltshire; Wilton House, Wiltshire (interior and exterior) and Lavenham Guildhall at Lavenham in Suffolk (amputation scene)."
Q1049842,Kilmainham Gaol,Q304074,In the Name of the Father,spot,https://en.wikipedia.org/wiki/Kilmainham_Gaol,"In the Name of the Father, 1993"
Q1051217,Crystal Cathedral,Q171711,Star Trek Into Darkness,work,https://en.wikipedia.org/wiki/Star_Trek_Into_Darkness,"Additional locations included Paramount Studios in Hollywood, Sony Pictures Studios in Culver City, the Crystal Cathedral in Garden Grove, and the Greystone Mansion in Beverly Hills."
Q10542435,Kaggeholms gård,Q107300488,Young Royals,spot,https://en.wikipedia.org/wiki/Kaggeholms_g%C3%A5rd,The castle served as the setting of the fictional boarding school Hillerska in Netflix's series Young Royals.
Q10542435,Kaggeholms gård,Q107300488,Young Royals,work,https://en.wikipedia.org/wiki/Young_Royals,"The series was mostly filmed at Kaggeholms gård, a manor-style building located in Stockholm County that is operated as a conference center."
Q1056326,Shea Stadium,Q51416,Men in Black,spot,https://en.wikipedia.org/wiki/Shea_Stadium,"In Men in Black, a Mets game at Shea was featured in the film, with outfielder Bernard Gilkey dropping a fly ball after being distracted by an alien spacecraft in the sky."
Q1056326,Shea Stadium,Q51416,Men in Black,spot,https://en.wikipedia.org/wiki/Shea_Stadium,Shea was also featured in Men in Black 3 which is where K and J intercept Griffin and the ArcNet in 1969 before Boris the Animal can capture it.
Q1059517,Winchester College,Q28234,Les Misérables,work,https://en.wikipedia.org/wiki/Les_Mis%C3%A9rables_(2012_film),"Filming locations in England included Boughton House, the Chantry Chapel and Cloisters at Winchester College, Winchester Cathedral Close, Her Majesty's Naval Base Portsmouth, Chatham Dockyard, the Ashridge Estate, St Mary the Virgin Church, Ewelme, South Oxfordshire and Pinewood Studios."
Q10664609,Scripps College,Q43370937,Bird Box,work,https://en.wikipedia.org/wiki/Bird_Box_(film),"Filming partially took place in Santa Cruz, and the final scene was shot at Scripps College in Claremont."
Q1066676,Plaza Hotel,Q615254,Crocodile Dundee,spot,https://en.wikipedia.org/wiki/Plaza_Hotel,"Other films that show the Plaza include Arthur (1981),  Crocodile Dundee (1986), Scent of a Woman (1992), Sleepless in Seattle (1993), and It Could Happen to You (1994)."
Q1071445,Cheyenne Mountain,Q13417189,Interstellar,spot,https://en.wikipedia.org/wiki/Cheyenne_Mountain,The mountain serves as NASA's secret headquarters in the 2014 film Interstellar
Q1081023,Bonneville Salt Flats,Q105387,Independence Day,spot,https://en.wikipedia.org/wiki/Bonneville_Salt_Flats,"Several movies and television shows have included scenes shot at the flats, including Walking with Dinosaurs Special - The Ballad of Big Al, Knight Rider, Warlock, Independence Day and its sequel, SLC Punk!, Cremaster 2 from Cremaster Cycle, The Brown Bunny, The World's Fastest Indian, Gerry, The Tree of Life, Top Gear and Pirates of the Caribbean: At World's End."
Q1081023,Bonneville Salt Flats,Q105387,Independence Day,work,https://en.wikipedia.org/wiki/Independence_Day_(1996_film),"The production team moved to the Bonneville Salt Flats to film three scenes, then returned to California to film in various places around Los Angeles, including Hughes Aircraft where sets for the cable company and Area 51 interiors were constructed at a former aircraft plant."
Q1093941,Toronto City Hall,Q161400,Resident Evil: Apocalypse,work,https://en.wikipedia.org/wiki/Resident_Evil:_Apocalypse,Filming took place in Toronto at locations including Toronto City Hall and Prince Edward Viaduct.
Q1093941,Toronto City Hall,Q161400,Resident Evil: Apocalypse,work,https://en.wikipedia.org/wiki/Resident_Evil:_Apocalypse,Scenes were shot outside Toronto City Hall for two weeks.
Q1093941,Toronto City Hall,Q161400,Resident Evil: Apocalypse,work,https://en.wikipedia.org/wiki/Resident_Evil:_Apocalypse,"The fight was originally scripted to appear in a train station and focus heavily on interaction with props, though was eventually shot in an open space outside Toronto City Hall after Witt decided to give the fight less screen time."
Q1093944,San Francisco City Hall,Q174284,Raiders of the Lost Ark,spot,https://en.wikipedia.org/wiki/San_Francisco_City_Hall,"The Grand Staircase is featured in the Raiders of the Lost Ark (1981) as a stand-in for an unnamed government building in Washington, D.C."
Q1093944,San Francisco City Hall,Q174284,Raiders of the Lost Ark,work,https://en.wikipedia.org/wiki/Raiders_of_the_Lost_Ark,"Marcia is not credited in the film, but her suggestion led Spielberg to shoot a final exterior sequence on the steps of San Francisco City Hall showing Jones and Marion together."
Q1093950,Old City Hall,Q18602670,Spectre,spot,https://en.wikipedia.org/wiki/110_The_Queen%27s_Walk,"In 2015, City Hall acted as location for the fictional HQ of the Joint Intelligence Service in the James Bond film Spectre."
Q109576,Aegadian Islands,Q131547207,The Odyssey,work,https://en.wikipedia.org/wiki/The_Odyssey_(2026_film),"By March 27, the production moved to the Aegadian Islands in Sicily, Italy, to film on the island of Favignana, believed to be the location known as the ""goat island"" in the poem."
Q1097,Berlin Central Station,Q158759,Unknown,work,https://en.wikipedia.org/wiki/Unknown_(2011_film),"Locations include the Neue Nationalgalerie, Berlin Hauptbahnhof, Berlin Friedrichstraße station, Pariser Platz, Museum Island, the Oranienburger Straße in Berlin and the Leipzig/Halle Airport."
Q111372215,Santa Clarita Studios,Q62573305,Star Trek: Picard,work,https://en.wikipedia.org/wiki/Star_Trek:_Picard,"The series was filmed at Santa Clarita Studios, California, under the working title Drawing Room."
Q1118890,Korda Studios,Q18192306,Inferno,work,https://en.wikipedia.org/wiki/Inferno_(2016_film),"As of June 5, 2015, most of the film was planned to be shot in Budapest, Hungary, at Korda Studios."
Q1118890,Korda Studios,Q18547944,The Martian,work,https://en.wikipedia.org/wiki/The_Martian_(film),"Korda Studios, a location 26 kilometres (16 mi) west of Budapest, Hungary, in the wine-making village of Etyek, was chosen for filming interior scenes of The Martian."
Q1122196,Harris,Q103474,2001: A Space Odyssey,spot,"https://en.wikipedia.org/wiki/Harris,_Outer_Hebrides",Tinted shots of parts of the island were used by Stanley Kubrick as an alien landscape in the film 2001: A Space Odyssey.
Q1124584,Sierra Madre Occidental,Q251559,The Treasure of the Sierra Madre,work,https://en.wikipedia.org/wiki/The_Treasure_of_the_Sierra_Madre_(film),Other scenes were shot in Durango and the actual mountains of the Sierra Madre Occidental in Sonora.
Q1138183,Philadelphia City Hall,Q204057,Philadelphia,spot,https://en.wikipedia.org/wiki/Philadelphia_City_Hall,The Philadelphia City Hall is the seat of the municipal government of the City of Philadelphia in the U.S. state of Pennsylvania.
Q1138183,Philadelphia City Hall,Q204057,Philadelphia,spot,https://en.wikipedia.org/wiki/Philadelphia_City_Hall,"Built in the ornate Second Empire style, City Hall houses the chambers of the Philadelphia City Council and the offices of the Mayor of Philadelphia."
Q1138183,Philadelphia City Hall,Q204057,Philadelphia,spot,https://en.wikipedia.org/wiki/Philadelphia_City_Hall,It houses the Civil Trial and Orphans' Court Divisions of the Court of Common Pleas of Philadelphia County.
Q1138183,Philadelphia City Hall,Q309366,National Treasure,spot,https://en.wikipedia.org/wiki/Philadelphia_City_Hall,"City Hall has been a filming location for several motion pictures including Rocky (1976), Blow Out (1981), Trading Places (1983), Philadelphia (1993), 12 Monkeys (1995), National Treasure (2004), Transformers: Revenge of the Fallen (2009), Law Abiding Citizen (2009), and Limitless (2011)."
Q1142351,Crystal Cove State Park,Q108946,A Few Good Men,work,https://en.wikipedia.org/wiki/A_Few_Good_Men,"The film's Guantanamo Bay scenes were filmed in Southern California at Crystal Cove State Park, Fort MacArthur, and Naval Air Station Point Mugu."
Q1143701,Cumberland Lodge,Q160060,The King's Speech,spot,https://en.wikipedia.org/wiki/Cumberland_Lodge,Various interior and exterior shots of Lodge can be seen in the 2010 film The King's Speech.
Q1143701,Cumberland Lodge,Q160060,The King's Speech,work,https://en.wikipedia.org/wiki/The_King%27s_Speech,"Other locations include Cumberland Lodge, Harley Street, Knebworth, Hatfield House, the Old Royal Naval College in Greenwich, Queen Street Mill Textile Museum in Burnley, and Battersea Power Station, which doubled as a BBC wireless control room."
Q1146311,Lancaster House,Q160060,The King's Speech,spot,https://en.wikipedia.org/wiki/Lancaster_House,"It has stood in for Buckingham Palace at least six times in film and television: for the comedy film King Ralph (1991), the mystery adventure film National Treasure: Book of Secrets (2007), the historical drama film The Young Victoria (2009), the historical drama film The King's Speech (2010), and the 2013 Christmas special for Downton Abbey, when Rose is presented to the King and Queen during the London Season."
Q1146311,Lancaster House,Q160060,The King's Speech,work,https://en.wikipedia.org/wiki/The_King%27s_Speech,"Lancaster House, an opulent government-owned period house in London, was rented (at £20,000 per day) for interior scenes of Buckingham Palace."
Q1146311,Lancaster House,Q20707362,The Crown,spot,https://en.wikipedia.org/wiki/Lancaster_House,Lancaster House reprised its role as Buckingham Palace for the Netflix series The Crown and as the site of a masquerade ball in the Merchant-Ivory film The Golden Bowl (2000).
Q1146311,Lancaster House,Q20707362,The Crown,work,https://en.wikipedia.org/wiki/The_Crown_(TV_series),"At the same time, Lancaster House, Wrotham Park, and Wilton House were used to double as Buckingham Palace."
Q117284042,Echo Park Lake,Q644987,Chinatown,spot,https://en.wikipedia.org/wiki/Echo_Park_Lake,The Academy Award-winning 1974 film Chinatown by Director Roman Polanski has a scene taking place in Echo Park.
Q12066704,Queen Street Mill,Q160060,The King's Speech,spot,https://en.wikipedia.org/wiki/Queen_Street_Mill,The weaving shed was used in a scene in the 2010 film The King's Speech.
Q12066704,Queen Street Mill,Q160060,The King's Speech,work,https://en.wikipedia.org/wiki/The_King%27s_Speech,"Other locations include Cumberland Lodge, Harley Street, Knebworth, Hatfield House, the Old Royal Naval College in Greenwich, Queen Street Mill Textile Museum in Burnley, and Battersea Power Station, which doubled as a BBC wireless control room."
Q1227891,Dirk Hartog Island,Q22665878,Thor: Ragnarok,work,https://en.wikipedia.org/wiki/Thor:_Ragnarok,"Second unit filming took place on Dirk Hartog Island off the coast of Western Australia, and in the South Island of New Zealand."
Q1241943,Narragansett Bay,Q217112,Moonrise Kingdom,work,https://en.wikipedia.org/wiki/Moonrise_Kingdom,"The film was shot at various locations around Narragansett Bay, Rhode Island, including: Conanicut Island, Prudence Island, Fort Wetherill, Yawgoog Scout Reservation, Trinity Church, and Newport's Ballard Park."
Q1247373,Harrow School,Q102438,Harry Potter and the Philosopher's Stone,work,https://en.wikipedia.org/wiki/Harry_Potter_and_the_Philosopher%27s_Stone_(film),"Alnwick Castle and Gloucester Cathedral were eventually selected as the principal locations for Hogwarts, with some scenes also being filmed at Harrow School."
Q125006,Brooklyn Bridge,Q212689,I Am Legend,work,https://en.wikipedia.org/wiki/I_Am_Legend_(film),"Production began in 2006 in New York City, filming mainly on location in the city, including a $5 million scene at the Brooklyn Bridge."
Q125006,Brooklyn Bridge,Q212689,I Am Legend,work,https://en.wikipedia.org/wiki/I_Am_Legend_(film),A scene was filmed for six consecutive nights in January on a pier south of the Brooklyn Bridge to serve as a flashback scene in which New York's citizens evacuate the city.
Q125006,Brooklyn Bridge,Q212689,I Am Legend,work,https://en.wikipedia.org/wiki/I_Am_Legend_(film),Computer-generated imagery (CGI) was used to depict the main spans of the Brooklyn Bridge and the Manhattan Bridge collapsing as missiles from passing military jets blew them up to quarantine Manhattan island.
Q125006,Brooklyn Bridge,Q490464,Enchanted,work,https://en.wikipedia.org/wiki/Enchanted_(film),"Other outdoor locations included the Brooklyn Bridge and The Paterno, an apartment building with a curved, heavily embellished, ivory-colored façade located on the corner of Riverside Drive and 116th Street, which is the residence of the film's characters Robert and Morgan."
Q1250287,Dorothy Chandler Pavilion,Q156329,Star Trek: Voyager,spot,https://en.wikipedia.org/wiki/Dorothy_Chandler_Pavilion,"The Pavilion is seen in the Star Trek: Voyager Episode ""Future's End, Part 2""(Season 3 Episode 9)."
Q125138,Queens–Midtown Tunnel,Q51416,Men in Black,work,https://en.wikipedia.org/wiki/Men_in_Black_(1997_film),"Elvis Presley's song ""Promised Land"" is featured in the scene where the MIB's car runs on the ceiling of Queens–Midtown Tunnel."
Q125588487,Southgate Shopping Center,Q217182,Edward Scissorhands,work,https://en.wikipedia.org/wiki/Edward_Scissorhands,"Burbank, California was considered as a possible location for the suburban neighborhoods, but Burton believed the city had become too altered since his childhood so the Tampa Bay Area of Florida, including the town of Lutz, on Tinsmith Circle inside the Carpenter's Run subdivision, and the Southgate Shopping Center of Lakeland was chosen for a three-month shooting schedule."
Q1267296,Durdle Door,Q107105860,Project Hail Mary,spot,https://en.wikipedia.org/wiki/Durdle_Door,In the science fiction adventure film Project Hail Mary Durdle Door is seen as Ryland Grace's home on the alien planet Erid.
Q1267296,Durdle Door,Q107105860,Project Hail Mary,work,https://en.wikipedia.org/wiki/Project_Hail_Mary_(film),"Location filming occurred at The Hemel Hempstead School, the South Parade Pier in Portsmouth, the Mullard Radio Astronomy Observatory in Cambridge, and Durdle Door and Man o' War Cove in Dorset."
Q127091,Pearl Harbor,Q194413,Pearl Harbor,spot,https://en.wikipedia.org/wiki/Pearl_Harbor,"Pearl Harbor is a lagoon harbor on the island of Oʻahu, Hawaii, United States, west of Honolulu."
Q127091,Pearl Harbor,Q194413,Pearl Harbor,spot,https://en.wikipedia.org/wiki/Pearl_Harbor,Pearl Harbor was originally an extensive shallow embayment called Wai Momi (meaning 'Waters of Pearl') or Puʻuloa (meaning 'long hill') by the Hawaiians.
Q127091,Pearl Harbor,Q194413,Pearl Harbor,spot,https://en.wikipedia.org/wiki/Pearl_Harbor,"During the early nineteenth century, Pearl Harbor was not used for large ships because of its shallow entrance."
Q127091,Pearl Harbor,Q194413,Pearl Harbor,work,https://en.wikipedia.org/wiki/Pearl_Harbor_(film),"Pearl Harbor is a 2001 American romantic war drama film directed by Michael Bay, produced by Bay and Jerry Bruckheimer and written by Randall Wallace."
Q127091,Pearl Harbor,Q194413,Pearl Harbor,work,https://en.wikipedia.org/wiki/Pearl_Harbor_(film),"The plot is primarily set in a fictionalized version of the attack on Pearl Harbor, and surrounds the love triangle among life-long best friends Rafe and Danny, including the lead-up to the attack, its aftermath, and the Doolittle Raid."
Q127091,Pearl Harbor,Q194413,Pearl Harbor,work,https://en.wikipedia.org/wiki/Pearl_Harbor_(film),"Dick Cook, chairman of Disney at the time, said ""I think Pearl Harbor was one of the most difficult shoots of modern history."""
Q1283,Dolomites,Q27038847,Solo: A Star Wars Story,work,https://en.wikipedia.org/wiki/Solo:_A_Star_Wars_Story,"In May 2017, filming took place in Italy, with locations including Tre Cime di Lavaredo and Monte Piana in the Dolomites in Veneto, to the Fassa Dolomites in Trentino."
Q12858813,Lincoln Heights Jail,Q205028,Iron Man 2,spot,https://en.wikipedia.org/wiki/Lincoln_Heights_Jail,The scene in Iron Man 2 where main antagonist Ivan Vanko breaks out of prison was also filmed at this location.
Q129143,Trafalgar Square,Q190588,Love Actually,work,https://en.wikipedia.org/wiki/Love_Actually,"Most of the film was made on location in London, including Heathrow Airport, Trafalgar Square, the central court of Somerset House in the Strand, Grosvenor Chapel on South Audley Street near Hyde Park, St Paul's Church, Clapham, the Millennium Bridge, Selfridges department store on Oxford Street, Lambeth Bridge, the Tate Modern in the former Bankside Power Station, Canary Wharf, Marble Arch, St."
Q129143,Trafalgar Square,Q5890,V for Vendetta,work,https://en.wikipedia.org/wiki/V_for_Vendetta_(film),"To film the final scene at Westminster, the area from Trafalgar Square and Whitehall up to Parliament and Big Ben had to be closed for three nights from midnight until 5 am."
Q129470,Dead Horse Point State Park,Q505790,Mission: Impossible 2,spot,https://en.wikipedia.org/wiki/Dead_Horse_Point_State_Park,Mission: Impossible 2 (2000)
Q129470,Dead Horse Point State Park,Q505790,Mission: Impossible 2,work,https://en.wikipedia.org/wiki/Mission:_Impossible_2,"The studio expressed concern about the safety of filming Cruise's entrance scene, in which he is free solo climbing at Dead Horse Point State Park in Moab, Utah."
Q12988204,Morningside Park,Q466611,The Incredible Hulk,work,https://en.wikipedia.org/wiki/The_Incredible_Hulk_(film),"The first action sequence shot was the Culver University battle, which was filmed at the University of Toronto and Morningside Park."
Q131347,Oahu,Q21877685,Jurassic World: Fallen Kingdom,work,https://en.wikipedia.org/wiki/Jurassic_World:_Fallen_Kingdom,"It was shot in England, and at Kualoa Ranch in Oahu, Hawaii."
Q131347,Oahu,Q21877685,Jurassic World: Fallen Kingdom,work,https://en.wikipedia.org/wiki/Jurassic_World:_Fallen_Kingdom,"Filming took place at Oahu's Hālona Blowhole on July 7, 2017, where Pratt, Howard and Smith shot scenes on a beach."
Q131347,Oahu,Q23567,Lost,work,https://en.wikipedia.org/wiki/Lost_(TV_series),"Due to its large ensemble cast and the cost of filming primarily on location in Oahu, Hawaii, the series was one of the most expensive on television, with the pilot alone costing over $14 million."
Q131347,Oahu,Q23567,Lost,work,https://en.wikipedia.org/wiki/Lost_(TV_series),"Lost was filmed on Panavision 35 mm cameras almost entirely on the Hawaiian island of Oahu, given the easily accessible, wide diversity of filming locations."
Q1332478,Wye Valley,Q55632932,Sex Education,work,https://en.wikipedia.org/wiki/Sex_Education_(TV_series),"Filming for the first series took place at several locations in the Wye Valley in both Wales and England, including Llandogo, Tintern, Symonds Yat,  Monmouth, and Redbrook."
Q1348507,Zócalo,Q18602670,Spectre,spot,https://en.wikipedia.org/wiki/Z%C3%B3calo,"The Day of the Dead celebrations at the Zocalo have been a common event, and a formal parade has been held at the square since 2016 after the James Bond film Spectre featured a parade there."
Q1348507,Zócalo,Q18602670,Spectre,spot,https://en.wikipedia.org/wiki/Z%C3%B3calo,"The pre-title sequence of the 2015 James Bond film Spectre takes place largely above the Zócalo, as Bond takes command of a SPECTRE getaway helicopter."
Q1348507,Zócalo,Q18602670,Spectre,work,https://en.wikipedia.org/wiki/Spectre_(2015_film),"Scenes for the Day of the Dead festival filmed in and around the Zócalo and the Centro Histórico district, including at the Gran Hotel Ciudad de México."
Q13641502,"Killeen Castle, Dunsany",Q591272,Casino Royale,spot,"https://en.wikipedia.org/wiki/Killeen_Castle,_Dunsany","In 1966, scenes directed by John Huston for the film Casino Royale were filmed at the castle."
Q13641502,"Killeen Castle, Dunsany",Q591272,Casino Royale,spot,"https://en.wikipedia.org/wiki/Killeen_Castle,_Dunsany","A segment from the film showing the outside of the castle can be found by searching Youtube with ""Casino Royale (1967) Location - Killeen Castle, Galway, Ireland"" resulting in the link: https://www.youtube.com/watch?v=vul2MAslcnk"
Q136733708,The Princes Head,Q96407897,Ted Lasso,spot,https://en.wikipedia.org/wiki/The_Prince%27s_Head,"The pub features prominently in the AppleTV show Ted Lasso as ""The Crown and Anchor"" with the eponymous Ted Lasso frequenting the pub."
Q1376987,New College,Q102225,Harry Potter and the Goblet of Fire,spot,"https://en.wikipedia.org/wiki/New_College,_Oxford","The cloisters, containing a large holm oak tree, sit by the western wall of the Chapel, were featured in Harry Potter and the Goblet of Fire, in the scene in which Draco Malfoy is turned into a white ferret."
Q1376987,New College,Q102225,Harry Potter and the Goblet of Fire,work,https://en.wikipedia.org/wiki/Harry_Potter_and_the_Goblet_of_Fire_(film),"Harry's confrontation with Malfoy, who is later turned into a ferret by Moody, was shot in the courtyard quadrangle of the New College Cloister."
Q1394271,Tangalooma,Q936302,Scooby-Doo,work,https://en.wikipedia.org/wiki/Scooby-Doo_(film),"Movie World theme park, with over 400 cast and crew also taking over Tangalooma Island Resort for six weeks to film all the scenes set on Spooky Island."
Q1394271,Tangalooma,Q936302,Scooby-Doo,work,https://en.wikipedia.org/wiki/Scooby-Doo_(film),Spooky Island was filmed on Tangalooma Island resort in Moreton Island.
Q1429120,Wilton House,Q471716,Barry Lyndon,spot,https://en.wikipedia.org/wiki/Wilton_House,"The house has been used for filming, including: The Music Lovers (1971); Romance with a Double Bass (1974); Barry Lyndon (1975); Return of a Man Called Horse (1976); The Bounty (1984); Treasure Houses of Britain (1985); Blackadder II; The Madness of King George (1994); Of Mirrors, Paintings and Windows: Spectatorship in Ang Lee’s Sense and Sensibility (1995); The Portrait of a Lady (1996); Mrs Brown (1997); The End of the Affair (1999); Pride & Prejudice (2005); The Young Victoria (2009); Johnny English Reborn (2011); Outlander (2014); The Crown (2016); Tomb Raider (2018); Emma (2020); Bridgerton (2020); The Diplomat (2024); and Frankenstein (2025)."
Q1429120,Wilton House,Q471716,Barry Lyndon,work,https://en.wikipedia.org/wiki/Barry_Lyndon,"Locations in England include Blenheim Palace, Oxfordshire; Castle Howard, North Yorkshire (exteriors of the Lyndon estate, ""Castle Hickham""); Corsham Court, Wiltshire (various interiors and the music room scene); Petworth House, West Sussex (chapel); Stourhead, Wiltshire (lake and temple); Longleat, Wiltshire; Wilton House, Wiltshire (interior and exterior) and Lavenham Guildhall at Lavenham in Suffolk (amputation scene)."
Q1431014,National Ignition Facility,Q171711,Star Trek Into Darkness,spot,https://en.wikipedia.org/wiki/National_Ignition_Facility,The NIF was used as the set for the starship Enterprise's warp core in the 2013 movie Star Trek Into Darkness.
Q1431014,National Ignition Facility,Q171711,Star Trek Into Darkness,work,https://en.wikipedia.org/wiki/Star_Trek_Into_Darkness,"While filming at the National Ignition Facility, Pegg and Pine (with the crew's help) tricked the arriving actors into believing there was ""ambient radiation"" at the location and they had to wear ""neutron cream"" to avoid being burned by it."
Q1431875,Lelystad Airport,Q21935651,Dunkirk,work,https://en.wikipedia.org/wiki/Dunkirk_(2017_film),"A Yakovlev Yak-52TW was modified to resemble a Supermarine Spitfire, and two Supermarine Spitfire Mark IAs, a Spitfire Mark VB, and a Hispano Buchon painted to look like a Messerschmitt Bf 109E, were also used for the combat scenes, flying to Urk from Lelystad Airport."
Q1431875,Lelystad Airport,Q21935651,Dunkirk,work,https://en.wikipedia.org/wiki/Dunkirk_(2017_film),Dogfights over the Channel were shot by an aerial unit based at Lee-on-Solent Airfield and one at Lelystad Airport in the Netherlands.
Q1435790,Fontainebleau Miami Beach,Q106440,Goldfinger,spot,https://en.wikipedia.org/wiki/Fontainebleau_Miami_Beach,"The Fontainebleau is featured in the 1964 James Bond film Goldfinger, in the sweeping aerial shot that follows the opening credits and accompanies composer John Barry's big-band track ""Into Miami""."
Q1441828,Oakley Court,Q751921,The Rocky Horror Picture Show,spot,https://en.wikipedia.org/wiki/Oakley_Court,Furter's castle (called The Frankenstein Place) in The Rocky Horror Picture Show (1975).
Q1441828,Oakley Court,Q751921,The Rocky Horror Picture Show,work,https://en.wikipedia.org/wiki/The_Rocky_Horror_Picture_Show,"The film was shot in the United Kingdom at Bray Studios and on location at Oakley Court, a country house best known for its earlier use by Hammer Film Productions."
Q1441828,Oakley Court,Q751921,The Rocky Horror Picture Show,work,https://en.wikipedia.org/wiki/The_Rocky_Horror_Picture_Show,"Set in the fictional town of Denton, the film was shot at Bray Studios and Oakley Court, a country house near Maidenhead, Berkshire, England and at Elstree Studios for post-production, from 21 October to 19 December 1974."
Q1441828,Oakley Court,Q751921,The Rocky Horror Picture Show,work,https://en.wikipedia.org/wiki/The_Rocky_Horror_Picture_Show,"Oakley Court, built in 1857 in the Victorian Gothic style, is known for a number of Hammer films."
Q1461848,Château de Ferrières,Q19405,The Ninth Gate,spot,https://en.wikipedia.org/wiki/Ch%C3%A2teau_de_Ferri%C3%A8res,Scenes in the Roman Polanski film The Ninth Gate (2000) were filmed at the château in 1998
Q14681732,Charlie Chaplin Studios,Q374172,The Kid,spot,https://en.wikipedia.org/wiki/Chaplin_Studios,"Many of Chaplin's classic films were shot at the studios, including The Kid (1921), The Gold Rush (1925), City Lights (1931), Modern Times (1936), The Great Dictator (1940), Monsieur Verdoux (1947), and Limelight (1952)."
Q14681732,Charlie Chaplin Studios,Q374172,The Kid,spot,https://en.wikipedia.org/wiki/Chaplin_Studios,"In April 1989, the organization ""Hollywood Heritage"" celebrated the 100th anniversary of Chaplin's birth with a rare screening of Chaplin's 1918 documentary How to Make Movies and The Kid, both shown at the Chaplin Stage at A&M Records."
Q14683961,Sherwood Country Club,Q204228,The Mentalist,spot,https://en.wikipedia.org/wiki/Sherwood_Country_Club,"A number of movies and TV-series have been shot here, including scenes for The Mentalist and The Birth of a Nation."
Q14683961,Sherwood Country Club,Q837264,Bridesmaids,spot,https://en.wikipedia.org/wiki/Sherwood_Country_Club,The engagement party in the film Bridesmaids (2011) was also filmed at Sherwood Country Club.
Q14705631,Hudson County Courthouse,Q42759035,Joker,spot,https://en.wikipedia.org/wiki/Hudson_County_Courthouse,"As of 2019 the courthouse has eight working courtrooms and also houses the offices of the County Executive, the Hudson County Surrogate and the Hudson County Bar Association; in the past it has been used in a number of television programs and movies, including scenes in the television series Law & Order and the movie Joker, as well as in commercials."
Q1472049,Salisbury Plain,Q62721520,1917,work,https://en.wikipedia.org/wiki/1917_(2019_film),"Concern was raised about filming on Salisbury Plain by conservationists who felt the production could disturb potentially undiscovered remains, requesting a survey before any set construction began."
Q14912349,Tiergarten Spreebogen Tunnel,Q156608,The Bourne Supremacy,spot,https://en.wikipedia.org/wiki/Tiergarten_Spreebogen_Tunnel,"In 2004 – two years before it commissioned, the tunnel was used to film parts of The Bourne Supremacy."
Q14942956,Tijuca Forest,Q466611,The Incredible Hulk,work,https://en.wikipedia.org/wiki/The_Incredible_Hulk_(film),"While there, the crew shot at Rocinha, Lapa, Tijuca Forest, and Santa Teresa."
Q1496690,Gaztelugatxe,Q23572,Game of Thrones,spot,https://en.wikipedia.org/wiki/Gaztelugatxe,"Between July and October 2016, HBO filmed scenes for season 7 of Game of Thrones at the islet."
Q149942,Primrose Hill,Q27590871,Paddington 2,spot,https://en.wikipedia.org/wiki/Primrose_Hill,Primrose Hill is a main location in the action/animated comedy films Paddington and Paddington 2.
Q1500264,Mýrdalssandur,Q19590955,Rogue One: A Star Wars Story,spot,https://en.wikipedia.org/wiki/M%C3%BDrdalssandur,"The area was used as a filming location for the Star Wars spinoff film Rogue One, representing the planet Lah'mu in the opening scenes of the film."
Q1500264,Mýrdalssandur,Q19590955,Rogue One: A Star Wars Story,work,https://en.wikipedia.org/wiki/Rogue_One,"In Iceland, the crew shot in Reynisfjara, and around the mountains of Hjörleifshöfði and Hafursey at Mýrdalssandur, which were used to represent the Erso homestead on Lah'mu and the Imperial research facility on Eadu respectively."
Q1505269,Alabama Hills,Q162518,How the West Was Won,spot,https://en.wikipedia.org/wiki/Alabama_Hills,"Since then, hundreds of movies have been filmed there, including: Gunga Din, The Walking Hills, Yellow Sky, Springfield Rifle, The Violent Men, Bad Day at Black Rock, the Budd Boetticher/Randolph Scott ""Ranown"" cycle, How the West Was Won, Joe Kidd, Saboteur, and Django Unchained, Tremors, Iron Man, and The Monolith Monsters."
Q1505269,Alabama Hills,Q192724,Iron Man,spot,https://en.wikipedia.org/wiki/Alabama_Hills,"Since then, hundreds of movies have been filmed there, including: Gunga Din, The Walking Hills, Yellow Sky, Springfield Rifle, The Violent Men, Bad Day at Black Rock, the Budd Boetticher/Randolph Scott ""Ranown"" cycle, How the West Was Won, Joe Kidd, Saboteur, and Django Unchained, Tremors, Iron Man, and The Monolith Monsters."
Q1508450,Highclere Castle,Q83071,Downton Abbey,spot,https://en.wikipedia.org/wiki/Highclere_Castle,"It achieved international fame as the main location for the ITV historical drama series Downton Abbey (2010–15) and the 2019, 2022 and 2025 films based on it."
Q1508450,Highclere Castle,Q83071,Downton Abbey,spot,https://en.wikipedia.org/wiki/Highclere_Castle,"The castle was used as the main filming location for the ITV/PBS drama series Downton Abbey, which brought the castle international fame."
Q1508450,Highclere Castle,Q83071,Downton Abbey,spot,https://en.wikipedia.org/wiki/Highclere_Castle,Other Downton Abbey filming locations:
Q1508450,Highclere Castle,Q83071,Downton Abbey,work,https://en.wikipedia.org/wiki/Downton_Abbey,"The filming location, Highclere Castle, in reality served as a convalescent home during World War I."
Q1508450,Highclere Castle,Q83071,Downton Abbey,work,https://en.wikipedia.org/wiki/Downton_Abbey,Highclere Castle in north Hampshire is used for exterior shots of Downton Abbey and most of the interior filming.
Q1508450,Highclere Castle,Q83071,Downton Abbey,work,https://en.wikipedia.org/wiki/Downton_Abbey,"The 2019 film of Downton Abbey uses many of the television locations such as Highclere Castle and Bampton, as well as exterior shots filmed at Beamish Museum."
Q1514432,Fall City,Q2085,Twin Peaks,spot,"https://en.wikipedia.org/wiki/Fall_City,_Washington",The Fall City Roadhouse was a filming location for the TV Series Twin Peaks.
Q1514432,Fall City,Q2085,Twin Peaks,work,https://en.wikipedia.org/wiki/Twin_Peaks,"The towns of Snoqualmie, North Bend and Fall City – which became the primary filming locations for stock Twin Peaks exterior footage – are about an hour's drive from the town of Roslyn, Washington, the town used for the series Northern Exposure."
Q152207,Nürburgring,Q1768437,Rush,work,https://en.wikipedia.org/wiki/Rush_(2013_film),"The film was shot on location in the United Kingdom, Germany and Austria, including Blackbushe Airport in Hampshire, the Snetterton (Norfolk), Cadwell Park (Lincolnshire), the former Crystal Palace and Brands Hatch (Kent) motor racing circuits in Britain, and at the Nürburgring in Germany."
Q152207,Nürburgring,Q1768437,Rush,work,https://en.wikipedia.org/wiki/Rush_(2013_film),"Some things in the film are exaggerated (like the Hunt–Lauda rivalry; in reality they had shared a flat early in their careers and were good friends), others downplayed (like Lauda's wife's shock at his disfigurement), and others invented (like Hunt beating up a reporter on Lauda's behalf due to Lauda's marriage being questioned after his disfigurement, or the Nürburgring nickname being ""the graveyard""; in fact Jackie Stewart had nicknamed it ""the Green Hell"")."
Q15225335,Horsted Keynes railway station,Q83071,Downton Abbey,spot,https://en.wikipedia.org/wiki/Horsted_Keynes_railway_station,"The railway has been featured in many television series and films, including Foyle's War, Downton Abbey, Poirot and The Woman In Black."
Q15225335,Horsted Keynes railway station,Q83071,Downton Abbey,work,https://en.wikipedia.org/wiki/Downton_Abbey,Horsted Keynes railway station in Sussex is used as Downton station.
Q1534537,Schnals Valley,Q15631013,Everest,work,https://en.wikipedia.org/wiki/Everest_(2015_film),"After shooting completed in Nepal, the crews were to move to Italy (Schnalstal and Rome), and then in early March to the United Kingdom, to film at Pinewood Studios."
Q1535845,Riviera Hotel and Casino,Q220910,Casino,spot,https://en.wikipedia.org/wiki/Riviera_(hotel_and_casino),"It was the first skyscraper in the Las Vegas Valley, and was the area's tallest building until the opening of the Fremont Hotel and Casino in 1956."
Q1535845,Riviera Hotel and Casino,Q220910,Casino,spot,https://en.wikipedia.org/wiki/Riviera_(hotel_and_casino),Casino
Q1535845,Riviera Hotel and Casino,Q220910,Casino,spot,https://en.wikipedia.org/wiki/Riviera_(hotel_and_casino),"Distefano's son, Michael Distefano, brought Douglas Mac-Valley's Brazilian Globe of Death Motorcycle Spectacular specialty act from the Playboy Hotel and Casino in Atlantic City, to be featured in the resort's $10M award-winning, 22-year-running ""Splash"" production show extravaganza (created and produced by Jeff Kutash and associate-produced by the senior Distefano), that sold out nightly and generated over $1B in ticket sale revenue as one of the city's most successful and longest running shows in its history."
Q1535845,Riviera Hotel and Casino,Q220910,Casino,work,https://en.wikipedia.org/wiki/Casino_(1995_film),"Filming happened at night in the Riviera casino in Las Vegas, with the nearby defunct Landmark Hotel as the entrance, to replicate the fictional Tangiers."
Q1535845,Riviera Hotel and Casino,Q501703,Austin Powers: International Man of Mystery,work,https://en.wikipedia.org/wiki/Austin_Powers:_International_Man_of_Mystery,"Filming locations included Millennium Biltmore Hotel, Riviera Hotel & Casino, and Stardust Resort & Casino on the Las Vegas Strip."
Q1548664,Princes Street,Q109135,Trainspotting,spot,https://en.wikipedia.org/wiki/Princes_Street,The opening scene of the 1996 film Trainspotting shows the main character Mark Renton being chased by shop security guards along Princes Street.
Q1548664,Princes Street,Q109135,Trainspotting,work,https://en.wikipedia.org/wiki/Trainspotting_(film),"The opening scene of Renton and Spud being chased by security for shoplifting is shot in Edinburgh, on Princes Street and Calton Road under Regent Bridge."
Q15523,Lake Como,Q151904,Casino Royale,spot,https://en.wikipedia.org/wiki/Lake_Como,"Film: The scenic backdrop has featured in numerous films, including The Pleasure Garden (1925), Bobby Deerfield (1977), A Month by the Lake (1995), Star Wars: Episode II – Attack of the Clones (2002), Ocean's Twelve (2004),  Casino Royale (2006), , Murder Mystery (2019) and War 2 (2025)."
Q15523,Lake Como,Q151904,Casino Royale,work,https://en.wikipedia.org/wiki/Casino_Royale_(2006_film),Other scenes in the latter half of the film were shot in late May and early June at the Villa del Balbianello on the shores of Lake Como.
Q15523,Lake Como,Q181069,Star Wars: Episode II – Attack of the Clones,spot,https://en.wikipedia.org/wiki/Lake_Como,"Film: The scenic backdrop has featured in numerous films, including The Pleasure Garden (1925), Bobby Deerfield (1977), A Month by the Lake (1995), Star Wars: Episode II – Attack of the Clones (2002), Ocean's Twelve (2004),  Casino Royale (2006), , Murder Mystery (2019) and War 2 (2025)."
Q15523,Lake Como,Q181069,Star Wars: Episode II – Attack of the Clones,work,https://en.wikipedia.org/wiki/Star_Wars:_Episode_II_%E2%80%93_Attack_of_the_Clones,"Location shooting took place in the Tunisian desert, at the Plaza de España in Seville, London, China, Vancouver, San Diego, and Italy (Villa del Balbianello on Lake Como, and in the former royal Palace of Caserta)."
Q15523,Lake Como,Q504053,Ocean's Twelve,spot,https://en.wikipedia.org/wiki/Lake_Como,"Film: The scenic backdrop has featured in numerous films, including The Pleasure Garden (1925), Bobby Deerfield (1977), A Month by the Lake (1995), Star Wars: Episode II – Attack of the Clones (2002), Ocean's Twelve (2004),  Casino Royale (2006), , Murder Mystery (2019) and War 2 (2025)."
Q15523,Lake Como,Q504053,Ocean's Twelve,work,https://en.wikipedia.org/wiki/Ocean%27s_Twelve,"Filming also took place in Chicago, Amsterdam, Paris, Monte Carlo, Lake Como (at Villa Erba in Cernobbio), Rome, and Castellammare del Golfo in Sicily."
Q15523,Lake Como,Q504053,Ocean's Twelve,work,https://en.wikipedia.org/wiki/Ocean%27s_Twelve,The Monte Carlo Casino and the Villa Erba (on Lake Como) also served as filming locations.
Q156716,Pariser Platz,Q158759,Unknown,work,https://en.wikipedia.org/wiki/Unknown_(2011_film),"Locations include the Neue Nationalgalerie, Berlin Hauptbahnhof, Berlin Friedrichstraße station, Pariser Platz, Museum Island, the Oranienburger Straße in Berlin and the Leipzig/Halle Airport."
Q1587852,Lukiškės Prison,Q19798734,Stranger Things,spot,https://en.wikipedia.org/wiki/Luki%C5%A1k%C4%97s_Prison,"In 2020, it was used as filming location for the fourth season of Stranger Things."
Q1587852,Lukiškės Prison,Q19798734,Stranger Things,spot,https://en.wikipedia.org/wiki/Luki%C5%A1k%C4%97s_Prison,"In 2022, the Vilnius tourism agency announced that a Stranger Things-themed cell in the complex would be available to rent on Airbnb."
Q1587852,Lukiškės Prison,Q19798734,Stranger Things,work,https://en.wikipedia.org/wiki/Stranger_Things,"Some filming for the fourth season took place at Lukiškės Prison and nearby in Vilnius, Lithuania."
Q1587852,Lukiškės Prison,Q19798734,Stranger Things,work,https://en.wikipedia.org/wiki/Stranger_Things,"In July 2022, six Jewish and Roma groups condemned the use of Lukiškės Prison as a filming location for the fourth season."
Q15901512,Former Taipei Railway Workshop,Q15624215,Lucy,spot,https://en.wikipedia.org/wiki/Taipei_Railway_Workshop,The Taipei Railway Workshop was featured in the 2013 Jay Chou film The Rooftop and in the 2014 Luc Besson film Lucy.
Q15979199,Normansfield Theatre,Q391101,Agatha Christie's Poirot,spot,https://en.wikipedia.org/wiki/Normansfield_Theatre,"It appeared in the Agatha Christie's Poirot episodes ""The Tragedy at Marsdon Manor,"" ""The Case of the Missing Will,"" ""Double Sin,""  and ""After the Funeral."" It was also used in Dorian Gray (2009), the ITV series Downton Abbey, and the Netflix series Bridgerton"
Q160409,Central Park,Q490464,Enchanted,spot,https://en.wikipedia.org/wiki/Central_Park,"Central Park has been used in romance films such as Maid in Manhattan (2002), 13 Going on 30 (2004) or Hitch (2005), and fantasy live-action/animated films such as Enchanted (2007)."
Q160409,Central Park,Q490464,Enchanted,work,https://en.wikipedia.org/wiki/Enchanted_(film),"However, the scene Lima found the most challenging to shoot was the musical number, ""That's How You Know"", in Central Park."
Q161787,Château de Champs-sur-Marne,Q830553,Dangerous Liaisons,work,https://en.wikipedia.org/wiki/Dangerous_Liaisons,"The film was shot on location in the Île-de-France of northern France, in historical buildings such as the Château de Vincennes in Val-de-Marne, the Château de Champs-sur-Marne, the Château de Guermantes in Seine-et-Marne, the Château du Saussay in Essonne and the Théâtre Montansier in Versailles."
Q1621375,Hjörleifshöfði,Q131547207,The Odyssey,work,https://en.wikipedia.org/wiki/The_Odyssey_(2026_film),"For ten days in late June, the production partnered with Truenorth in remote regions of Iceland, including the harbor Landeyjahöfn, the Hjörleifshöfði mountain, the river Markarfljót, and the Snæfellsnes peninsula, primarily to shoot scenes on their black sand beaches for the Greek underworld of Hades, before returning to Scotland for scenes at the Buckie Harbour along the Moray Firth coast and at the secluded Sunnyside Beach near Cullen, Moray."
Q16255974,Byfleet Manor,Q391101,Agatha Christie's Poirot,spot,https://en.wikipedia.org/wiki/Byfleet_Manor,"Byfleet has been used as a filming location including; Downton Abbey, Agatha Christie's Poirot: After the Funeral, Cranford and Into the Woods."
Q16255974,Byfleet Manor,Q83071,Downton Abbey,spot,https://en.wikipedia.org/wiki/Byfleet_Manor,"Byfleet Manor has been used as a filming location in three television series, most notably Downton Abbey."
Q16255974,Byfleet Manor,Q83071,Downton Abbey,spot,https://en.wikipedia.org/wiki/Byfleet_Manor,"Byfleet has been used as a filming location including; Downton Abbey, Agatha Christie's Poirot: After the Funeral, Cranford and Into the Woods."
Q16255974,Byfleet Manor,Q83071,Downton Abbey,work,https://en.wikipedia.org/wiki/Downton_Abbey,"Byfleet Manor in Surrey is used as the location for the Dower house, home to Violet, Dowager Countess of Grantham, while West Wycombe Park in Buckinghamshire is used for the interior scenes of Lady Rosamund's London residence in 35, Belgrave Square."
Q1626991,San Bernardino International Airport,Q201924,The Aviator,spot,https://en.wikipedia.org/wiki/San_Bernardino_International_Airport,"The airport was the filming location for the 1996 movie Executive Decision, the 2001 movie The Fast and the Furious and the 2004 Martin Scorsese film The Aviator using a Lockheed Constellation preserved by the National Airline History Museum, and flown in for the shoot, with one hangar ""dressed"" as a Trans World Airlines facility."
Q164946,St Bartholomew's Hospital,Q4941,Skyfall,work,https://en.wikipedia.org/wiki/Skyfall,"St Bartholomew's Hospital was used for the scene in which Bond enters MI6's underground headquarters, while the Old Vic Tunnels underneath Waterloo Station served as the MI6 training grounds."
Q1662947,Landeyjahöfn,Q131547207,The Odyssey,work,https://en.wikipedia.org/wiki/The_Odyssey_(2026_film),"For ten days in late June, the production partnered with Truenorth in remote regions of Iceland, including the harbor Landeyjahöfn, the Hjörleifshöfði mountain, the river Markarfljót, and the Snæfellsnes peninsula, primarily to shoot scenes on their black sand beaches for the Greek underworld of Hades, before returning to Scotland for scenes at the Buckie Harbour along the Moray Firth coast and at the secluded Sunnyside Beach near Cullen, Moray."
Q16668873,Paramount Pictures Studios,Q134773,Forrest Gump,spot,https://en.wikipedia.org/wiki/Paramount_Pictures_Studios,"Additionally, the studio's library includes many notable films such as The Greatest Show on Earth, The Ten Commandments, Love Story, The Godfather, Grease, Ghost, Forrest Gump, Titanic and Saving Private Ryan, with four of the nine films winning the Academy Award for Best Picture, and all of them were among the highest-grossing films of all time, with Titanic breaking the record during its initial release."
Q16668873,Paramount Pictures Studios,Q134773,Forrest Gump,spot,https://en.wikipedia.org/wiki/Paramount_Pictures_Studios,"Also during this time, three Paramount Pictures films won the Academy Award for Best Picture; Titanic, Braveheart, and Forrest Gump."
Q16668873,Paramount Pictures Studios,Q134773,Forrest Gump,spot,https://en.wikipedia.org/wiki/Paramount_Pictures_Studios,"The Paramount/Viacom licensing group under the leadership of Tom McGrath created the ""Cheers"" franchise bars and restaurants and a chain of restaurants borrowing from the studio's Academy Award-winning film Forrest Gump – The Bubba Gump Shrimp Company."
Q16668873,Paramount Pictures Studios,Q644987,Chinatown,spot,https://en.wikipedia.org/wiki/Paramount_Pictures_Studios,"Despite some rough times, Evans held the job for eight years, restoring Paramount's reputation for commercial success with movies like The Odd Couple, Rosemary's Baby, Love Story, The Godfather, Paper Moon, Chinatown, and 3 Days of the Condor."
Q1674405,Low Force,Q62721520,1917,spot,https://en.wikipedia.org/wiki/Low_Force,Sections of the film 1917 were shot near the site in June 2019.
Q1674405,Low Force,Q62721520,1917,work,https://en.wikipedia.org/wiki/1917_(2019_film),"Sections of the film were also shot near Low Force, on the River Tees, Teesdale in June 2019, a reference to river Styx."
Q168383,Universal Pictures,Q106428,Apollo 13,work,https://en.wikipedia.org/wiki/Apollo_13_(film),"Released in theaters by Universal Pictures in the United States on June 30, 1995, Apollo 13 received critical acclaim and was nominated for nine Academy Awards, including Best Picture (winning for Best Film Editing and Best Sound)."
Q16899452,Rotherfield Park,Q391101,Agatha Christie's Poirot,spot,https://en.wikipedia.org/wiki/Rotherfield_Park,"It was used as a filming location for the 1983 feature film House of the Long Shadows, the 1997 TV remake of  du Maurier's Rebecca, and the 2006 Agatha Christie's Poirot episode After the Funeral."
Q169101,10 Downing Street,Q591272,Casino Royale,work,https://en.wikipedia.org/wiki/Casino_Royale_(1967_film),"Extensive sequences also featured London, notably Trafalgar Square and the exterior of 10 Downing Street."
Q16957681,Chilworth Manor,Q391101,Agatha Christie's Poirot,spot,"https://en.wikipedia.org/wiki/Chilworth_Manor,_Surrey",Agatha Christie's Poirot – Taken at the Flood (2006)
Q16974828,Englefield House,Q160060,The King's Speech,spot,https://en.wikipedia.org/wiki/Englefield_House,"Englefield House has been the filming location for a number of films, including X-Men: First Class, Match Point, The King's Speech, Great Expectations, Easy Virtue The Go-Between, and The Thursday Murder Club, as well as for television series such as Black Mirror, (episode ""Playtest""), Jeeves and Wooster , (episode ""Jeeves' Arrival""),Agatha Christie's Marple, Agatha Christie's Poirot episode ""Taken at the Flood"", Hex and the reality television series I Wanna Marry ""Harry""."
Q16974828,Englefield House,Q391101,Agatha Christie's Poirot,spot,https://en.wikipedia.org/wiki/Englefield_House,"Englefield House has been the filming location for a number of films, including X-Men: First Class, Match Point, The King's Speech, Great Expectations, Easy Virtue The Go-Between, and The Thursday Murder Club, as well as for television series such as Black Mirror, (episode ""Playtest""), Jeeves and Wooster , (episode ""Jeeves' Arrival""),Agatha Christie's Marple, Agatha Christie's Poirot episode ""Taken at the Flood"", Hex and the reality television series I Wanna Marry ""Harry""."
Q16995495,Joyce Grove,Q14918344,The Imitation Game,spot,https://en.wikipedia.org/wiki/Joyce_Grove,"In the 2013 movie The Imitation Game, about World War II code breaker Alan Turing, Joyce Grove was used for exterior shots of Bletchley Park."
Q16995495,Joyce Grove,Q14918344,The Imitation Game,work,https://en.wikipedia.org/wiki/The_Imitation_Game,Other locations included towns in England such as Nettlebed (Joyce Grove in Oxfordshire) and Chesham (Buckinghamshire).
Q1702652,Joliet Correctional Center,Q80044,Prison Break,spot,https://en.wikipedia.org/wiki/Joliet_Correctional_Center,"Footage of the prison is used for the exterior shots for the Illinois ""state prison"" in the 1949 film White Heat, and for the location of  the first and second season of the series Prison Break, and the 2006 film Let's Go to Prison."
Q1726158,Longleat,Q471716,Barry Lyndon,work,https://en.wikipedia.org/wiki/Barry_Lyndon,"Locations in England include Blenheim Palace, Oxfordshire; Castle Howard, North Yorkshire (exteriors of the Lyndon estate, ""Castle Hickham""); Corsham Court, Wiltshire (various interiors and the music room scene); Petworth House, West Sussex (chapel); Stourhead, Wiltshire (lake and temple); Longleat, Wiltshire; Wilton House, Wiltshire (interior and exterior) and Lavenham Guildhall at Lavenham in Suffolk (amputation scene)."
Q1727138,Los Angeles City College,Q728553,Community,spot,https://en.wikipedia.org/wiki/Los_Angeles_City_College,"It is part of the Los Angeles Community College District, and serves Hollywood and its surrounding neighborhoods."
Q1727138,Los Angeles City College,Q728553,Community,spot,https://en.wikipedia.org/wiki/Los_Angeles_City_College,It is one of nine separate college campuses of the Los Angeles Community College District.
Q1727138,Los Angeles City College,Q728553,Community,spot,https://en.wikipedia.org/wiki/Los_Angeles_City_College,California Community Colleges System
Q1727138,Los Angeles City College,Q728553,Community,work,https://en.wikipedia.org/wiki/Community_(TV_series),"Apart from a few exterior scenes shot at Los Angeles City College, the show was filmed at the Paramount Studios lot in Hollywood, during seasons one through five."
Q1727138,Los Angeles City College,Q728553,Community,work,https://en.wikipedia.org/wiki/Community_(TV_series),"For season six, the series moved to the CBS Studio Center, and featured exterior scenes from Los Angeles City College for the first time since season two."
Q172880,Brands Hatch,Q1768437,Rush,spot,https://en.wikipedia.org/wiki/Brands_Hatch,Rush (2013) – Brands Hatch appeared in the film several times representing multiple circuits such as Monza.
Q172880,Brands Hatch,Q1768437,Rush,work,https://en.wikipedia.org/wiki/Rush_(2013_film),"The film was shot on location in the United Kingdom, Germany and Austria, including Blackbushe Airport in Hampshire, the Snetterton (Norfolk), Cadwell Park (Lincolnshire), the former Crystal Palace and Brands Hatch (Kent) motor racing circuits in Britain, and at the Nürburgring in Germany."
Q173096,Euboea,Q97304180,Triangle of Sadness,work,https://en.wikipedia.org/wiki/Triangle_of_Sadness,"Production resumed on 18 September on location at Chiliadou Beach, Euboea, Greece, for the last 38 days."
Q17374602,Regent Taipei,Q15624215,Lucy,spot,https://en.wikipedia.org/wiki/Regent_Taipei,"The hotel's lobby, entrance and its Presidential Suite were featured in 2014 film Lucy by Luc Besson."
Q173882,St Paul's Cathedral,Q27590871,Paddington 2,work,https://en.wikipedia.org/wiki/Paddington_2,"Studios, Leavesden, but producers also shot at key central London locations like Tower Bridge and St Paul's Cathedral."
Q17529210,Corsham Court,Q1625242,The Remains of the Day,spot,https://en.wikipedia.org/wiki/Corsham_Court,In 1993 the house was a location for The Remains of the Day.
Q17529210,Corsham Court,Q1625242,The Remains of the Day,work,https://en.wikipedia.org/wiki/The_Remains_of_the_Day_(film),"Among them were Dyrham Park for the exterior of the house and the driveway, Powderham Castle (staircase, hall, music room, bedroom; used for the aqua-turquoise stairway scenes), Corsham Court (library and dining room) and Badminton House (servants' quarters, conservatory, entrance hall)."
Q17529210,Corsham Court,Q471716,Barry Lyndon,spot,https://en.wikipedia.org/wiki/Corsham_Court,Some of the scenes from Stanley Kubrick's 1975 film Barry Lyndon were filmed at Corsham Court.
Q17529210,Corsham Court,Q471716,Barry Lyndon,work,https://en.wikipedia.org/wiki/Barry_Lyndon,"Locations in England include Blenheim Palace, Oxfordshire; Castle Howard, North Yorkshire (exteriors of the Lyndon estate, ""Castle Hickham""); Corsham Court, Wiltshire (various interiors and the music room scene); Petworth House, West Sussex (chapel); Stourhead, Wiltshire (lake and temple); Longleat, Wiltshire; Wilton House, Wiltshire (interior and exterior) and Lavenham Guildhall at Lavenham in Suffolk (amputation scene)."
Q1753590,Old Royal Naval College,Q160060,The King's Speech,spot,https://en.wikipedia.org/wiki/Old_Royal_Naval_College,"Scenes were shot at the grounds for The King's Speech, where the site doubled for Buckingham Palace, and The Dark Knight Rises, where it doubled for a cafe in the film's final scenes."
Q1753590,Old Royal Naval College,Q160060,The King's Speech,work,https://en.wikipedia.org/wiki/The_King%27s_Speech,"Other locations include Cumberland Lodge, Harley Street, Knebworth, Hatfield House, the Old Royal Naval College in Greenwich, Queen Street Mill Textile Museum in Burnley, and Battersea Power Station, which doubled as a BBC wireless control room."
Q1753590,Old Royal Naval College,Q183555,Pirates of the Caribbean: On Stranger Tides,spot,https://en.wikipedia.org/wiki/Old_Royal_Naval_College,"The grounds were used extensively during the filming of 2006's Amazing Grace, and 2011's Sherlock Holmes: A Game of Shadows, Now You See Me 2 and Pirates of the Caribbean: On Stranger Tides."
Q1753590,Old Royal Naval College,Q183555,Pirates of the Caribbean: On Stranger Tides,work,https://en.wikipedia.org/wiki/Pirates_of_the_Caribbean:_On_Stranger_Tides,"Locations included Hampton Court Palace in London, Knole House in Kent, and Old Royal Naval College at Greenwich."
Q1753590,Old Royal Naval College,Q183555,Pirates of the Caribbean: On Stranger Tides,work,https://en.wikipedia.org/wiki/Pirates_of_the_Caribbean:_On_Stranger_Tides,"In October, security was breached at the UK site when a celebrity impersonator gained access to filming at the Old Royal Naval College by dressing up as Captain Jack."
Q1753590,Old Royal Naval College,Q4941,Skyfall,work,https://en.wikipedia.org/wiki/Skyfall,"Scenes were shot in London Underground stations, Smithfield car park in West Smithfield, the National Gallery, Southwark, Whitehall, Parliament Square, Charing Cross station, the Old Royal Naval College in Greenwich, Cadogan Square and Tower Hill."
Q1754640,Seven Sisters,Q486822,Robin Hood: Prince of Thieves,spot,"https://en.wikipedia.org/wiki/Seven_Sisters,_East_Sussex","They are also featured at the beginning of the film Robin Hood: Prince of Thieves, and at the end of the film Atonement where Robbie and Cecilia always wanted to live."
Q1754640,Seven Sisters,Q486822,Robin Hood: Prince of Thieves,work,https://en.wikipedia.org/wiki/Robin_Hood:_Prince_of_Thieves,"Chalk cliffs at Seven Sisters, East Sussex were used as the locale for Robin's return to England from the Crusades."
Q1755820,Sychrov Castle,Q108837349,All Quiet on the Western Front,spot,https://en.wikipedia.org/wiki/Sychrov_Castle,"The 1997 comedy film The Beautician and the Beast, starring Fran Drescher and Timothy Dalton, and the 2022 war film All Quiet on the Western Front, were shot at the castle."
Q17570947,Ardverikie House,Q21534241,No Time to Die,spot,https://en.wikipedia.org/wiki/Ardverikie_House,"During summer 2019, filming of No Time to Die was taking place in the town of Aviemore and the surrounding Cairngorms National Park with some scenes shot at the Ardverikie Estate."
Q17570947,Ardverikie House,Q21534241,No Time to Die,work,https://en.wikipedia.org/wiki/No_Time_to_Die,"Some scenes were also shot at the Ardverikie House Estate and on the banks of Loch Laggan, just outside the park."
Q1759446,Villa Balbianello,Q151904,Casino Royale,spot,https://en.wikipedia.org/wiki/Villa_del_Balbianello,"A number of feature films have used the villa for location shooting, including A Month by the Lake (1995) and Casino Royale (2006)."
Q1759446,Villa Balbianello,Q151904,Casino Royale,work,https://en.wikipedia.org/wiki/Casino_Royale_(2006_film),Other scenes in the latter half of the film were shot in late May and early June at the Villa del Balbianello on the shores of Lake Como.
Q1759446,Villa Balbianello,Q181069,Star Wars: Episode II – Attack of the Clones,work,https://en.wikipedia.org/wiki/Star_Wars:_Episode_II_%E2%80%93_Attack_of_the_Clones,"Location shooting took place in the Tunisian desert, at the Plaza de España in Seville, London, China, Vancouver, San Diego, and Italy (Villa del Balbianello on Lake Como, and in the former royal Palace of Caserta)."
Q1766982,Westin Grand Berlin,Q156608,The Bourne Supremacy,spot,https://en.wikipedia.org/wiki/The_Westin_Grand_Berlin,Parts of the 2004 film The Bourne Supremacy were filmed in the hotel.
Q17771894,Cruachan Dam,Q60462338,Andor,work,https://en.wikipedia.org/wiki/Andor,"Around 500 crewmembers traveled to Oban, Scotland, for filming at the nearby Cruachan Dam."
Q1781967,Aysgarth Falls,Q486822,Robin Hood: Prince of Thieves,spot,https://en.wikipedia.org/wiki/Aysgarth_Falls,"All three falls were featured in the films Robin Hood: Prince of Thieves and Emily Brontë's Wuthering Heights, and they were featured on the television programme Seven Natural Wonders as one of the wonders of the North."
Q1781967,Aysgarth Falls,Q486822,Robin Hood: Prince of Thieves,work,https://en.wikipedia.org/wiki/Robin_Hood:_Prince_of_Thieves,"Scenes set in Sherwood Forest were filmed at various locations in England: The outlaws' encampment was filmed at Burnham Beeches in Buckinghamshire, south of the real Sherwood Forest in Nottinghamshire; the fight scene between Robin and Little John (Nick Brimble) was at Aysgarth Falls in North Yorkshire; and Marian sees Robin bathing at Hardraw Force, also in North Yorkshire."
Q179734,Vatnajökull,Q166262,Batman Begins,work,https://en.wikipedia.org/wiki/Batman_Begins,Filming began in March 2004 in the Vatnajökull glacier in Iceland (standing in for Bhutan).
Q1802429,St. Andrew's School,Q3577037,The West Wing,spot,https://en.wikipedia.org/wiki/St._Andrew%27s_School_(Delaware),"It also served as the filming location of the young President Bartlet's boarding school in the television series The West Wing episode entitled ""Two Cathedrals"" (number 44)."
Q1803230,Custer State Park,Q162518,How the West Was Won,spot,https://en.wikipedia.org/wiki/Custer_State_Park,"Movies filmed in Custer State Park, include The Last Hunt (1956), How the West Was Won (1962) and A Man Called Horse (1970)."
Q180788,National Gallery,Q4941,Skyfall,work,https://en.wikipedia.org/wiki/Skyfall,"Scenes were shot in London Underground stations, Smithfield car park in West Smithfield, the National Gallery, Southwark, Whitehall, Parliament Square, Charing Cross station, the Old Royal Naval College in Greenwich, Cadogan Square and Tower Hill."
Q180788,National Gallery,Q4941,Skyfall,work,https://en.wikipedia.org/wiki/Skyfall,The meeting between Q and Bond was filmed when the National Gallery was closed at night.
Q180865,University of Toronto,Q466611,The Incredible Hulk,work,https://en.wikipedia.org/wiki/The_Incredible_Hulk_(film),"The first action sequence shot was the Culver University battle, which was filmed at the University of Toronto and Morningside Park."
Q181172,Tikal,Q17738,Star Wars: Episode IV – A New Hope,spot,https://en.wikipedia.org/wiki/Tikal,"Filmmaker George Lucas used Tikal as a filming location for the fictional moon Yavin 4 in the first Star Wars film, which premiered in 1977."
Q181172,Tikal,Q17738,Star Wars: Episode IV – A New Hope,spot,https://en.wikipedia.org/wiki/Tikal,Subsequent Star Wars movie Rogue One (2016) and season 2 of TV series Andor (2025) were also filmed at Tikal for the same fictional location.
Q181172,Tikal,Q17738,Star Wars: Episode IV – A New Hope,work,https://en.wikipedia.org/wiki/Star_Wars_(film),"While visiting an English travel agency, Lucas saw a poster depicting Tikal, Guatemala, and decided to use the location for the moon Yavin 4."
Q1812844,Ponte City Apartments,Q15209986,Chappie,spot,https://en.wikipedia.org/wiki/Ponte_City,"Another of Blomkamp's films, Chappie (2015) also stars the Ponte Tower, depicting the large slum-hideout of a crime boss."
Q1812844,Ponte City Apartments,Q201819,District 9,spot,https://en.wikipedia.org/wiki/Ponte_City,One of the final shots of District 9 (2009) by South African expatriate Neill Blomkamp also features the tower.
Q1814818,Lloyd's building,Q188850,Mamma Mia!,work,https://en.wikipedia.org/wiki/Mamma_Mia!_(film),"The part of the film where Brosnan's character, Sam, leaves his New York office to go to the Greek Island was actually filmed at the Lloyd's building on Lime Street in the City of London."
Q18438,Long Island,Q1392744,The Wolf of Wall Street,work,https://en.wikipedia.org/wiki/The_Wolf_of_Wall_Street_(2013_film),"In addition, cameos and smaller roles include Bo Dietl as himself, the real Jordan Belfort as the Auckland Straight Line host at the end of the film, Stephanie Kurtzuba as Kimmie Belzer, Thomas Middleditch as a Stratton broker whose goldfish is eaten by Donnie for slacking off, Jake Hoffman as Steve Madden, Fran Lebowitz as The Honorary  [sic] Samantha Stogel, Edward Herrmann as the voiceover in the Stratton Oakmont commercial at the beginning of the film, Steve Buscemi appears through archive footage in an episode of The Equalizer, and an uncredited Spike Jonze as Dwayne, the head of the Long Island brokerage firm who introduces Belfort to the world of penny stocks."
Q18438,Long Island,Q182218,The Avengers,work,https://en.wikipedia.org/wiki/The_Avengers_(2012_film),"That'll be fun."" The 3D model used to create the Hulk's body was based on Long Island bodybuilder and male stripper Steve Romm, while Ruffalo's face served as the model for the Hulk's facial features."
Q18438,Long Island,Q233464,Annie Hall,work,https://en.wikipedia.org/wiki/Annie_Hall,"Principal photography for the film began on May 19, 1976, on the South Fork of Long Island, and continued periodically for the next ten months."
Q18438,Long Island,Q233464,Annie Hall,work,https://en.wikipedia.org/wiki/Annie_Hall,"Principal photography began on May 19, 1976, on the South Fork of Long Island with the scene in which Alvy and Annie boil live lobsters; filming continued periodically for the next ten months, and deviated frequently from the screenplay."
Q18438,Long Island,Q286868,Noah,work,https://en.wikipedia.org/wiki/Noah_(2014_film),"In September 2012, while on a break from filming at a location on Long Island, Russell Crowe and a friend, both of whom had been kayaking for several hours, were rescued by the Coast Guard near Cold Spring Harbor."
Q18438,Long Island,Q47703,The Godfather,work,https://en.wikipedia.org/wiki/The_Godfather,"The filming location for this scene is contested, as some sources indicate it was filmed at the Beverly Estate, while others indicate it was filmed at Sands Point Preserve on Long Island."
Q18438,Long Island,Q499851,Now You See Me,work,https://en.wikipedia.org/wiki/Now_You_See_Me_(film),"Additional filming took place in New York City in Manhattan on February 13, in Long Island City in Queens in early spring 2012 and in Las Vegas between April 9 and April 10, 2012."
Q185382,Trevi Fountain,Q18407,La Dolce Vita,spot,https://en.wikipedia.org/wiki/Trevi_Fountain,"The fountain has appeared in several films, including Roman Holiday (1953); Three Coins in the Fountain (1954); Federico Fellini's classic, La Dolce Vita (1960); Sabrina Goes to Rome (1998); and The Lizzie McGuire Movie (2003)."
Q185382,Trevi Fountain,Q18407,La Dolce Vita,spot,https://en.wikipedia.org/wiki/Trevi_Fountain,"In Federico Fellini's 1960 film La Dolce Vita, Anita Ekberg wades into the fountain with Marcello Mastroianni."
Q185382,Trevi Fountain,Q18407,La Dolce Vita,work,https://en.wikipedia.org/wiki/La_Dolce_Vita,"The scene in the Trevi Fountain was shot over a week in winter: in March according to the BBC, in late January according to Anita Ekberg."
Q185382,Trevi Fountain,Q18407,La Dolce Vita,work,https://en.wikipedia.org/wiki/La_Dolce_Vita,"""Tributes to Fellini in the ""Director's Cut"" of Cinema Paradiso (1988) include a helicopter suspending a statue of Jesus over the city and scenes in which the Trevi Fountain is used as a backdrop while Toto, the main character, grows up to be a famous film director."
Q185382,Trevi Fountain,Q18407,La Dolce Vita,work,https://en.wikipedia.org/wiki/La_Dolce_Vita,The 2003 film Under the Tuscan Sun has a female character wading into the Trevi Fountain to reenact the scene from La Dolce Vita with the landlord of an Italian villa.
Q1858111,Monuriki,Q213411,Cast Away,spot,https://en.wikipedia.org/wiki/Monuriki,The 2000 film Cast Away starring Tom Hanks was filmed on the island.
Q1858111,Monuriki,Q213411,Cast Away,spot,https://en.wikipedia.org/wiki/Monuriki,"The uninhabited island was used as the filming location for the 2000 film Cast Away, starring Tom Hanks."
Q1858111,Monuriki,Q213411,Cast Away,spot,https://en.wikipedia.org/wiki/Monuriki,"Monuriki was featured as the anonymous island in the 2000 Robert Zemeckis film Cast Away, starring Tom Hanks; some tourists and travel agents refer to Monuriki as 'Cast Away Island', which is not to be confused with Castaway Island, or Qalito, an actual Fijian island within the Mamanuca Islands."
Q1858111,Monuriki,Q213411,Cast Away,work,https://en.wikipedia.org/wiki/Cast_Away,"Cast Away was filmed on Monuriki, one of the Mamanuca Islands in Fiji."
Q18683358,Integral House,Q21296543,Star Trek: Discovery,spot,https://en.wikipedia.org/wiki/Integral_House,"Integral House was used as a filming location in several episodes of the second season of Star Trek: Discovery, appearing as the home of Vulcan ambassador Sarek and his family."
Q18749113,Neir's Tavern,Q42047,Goodfellas,spot,https://en.wikipedia.org/wiki/Neir%27s_Tavern,Eng also was instrumental in leasing the space for the filming of the movies Goodfellas and Tower Heist.
Q18749113,Neir's Tavern,Q42047,Goodfellas,spot,https://en.wikipedia.org/wiki/Neir%27s_Tavern,"Scenes from the film Goodfellas were shot in the bar (14% of the film is set in Neirs), as were scenes from Tower Heist."
Q18749113,Neir's Tavern,Q42047,Goodfellas,spot,https://en.wikipedia.org/wiki/Neir%27s_Tavern,"According to local legend, the gangsters portrayed in the film Goodfellas did actually gather at Neirs."
Q1900452,Corrour railway station,Q109135,Trainspotting,spot,https://en.wikipedia.org/wiki/Corrour_railway_station,"The station, and the nearby mountain Leum Uilleim, gained fame when they were featured in a scene from the film Trainspotting."
Q1900452,Corrour railway station,Q109135,Trainspotting,spot,https://en.wikipedia.org/wiki/Corrour_railway_station,"Scotland: the Movie Location Guide – Trainspotting, Rannoch Moor Information on the station as it appears in ""Trainspotting"".[2]"
Q1900452,Corrour railway station,Q109135,Trainspotting,work,https://en.wikipedia.org/wiki/Trainspotting_(film),"Corrour railway station is the setting for the ""great outdoors"" scene in the film, where Tommy suggests the group climb Leum Uilleim."
Q190210,Mykonos,Q105624,The Bourne Identity,spot,https://en.wikipedia.org/wiki/Mykonos,"The final scene of The Bourne Identity (2002) is set in a scooter rental shop on Mykonos, depicted as a ""hard to find"" place in the film."
Q190210,Mykonos,Q105624,The Bourne Identity,work,https://en.wikipedia.org/wiki/The_Bourne_Identity_(2002_film),"After Damon and Potente were cast, principal photography began in October 2000 and lasted until February 2001, with filming taking place in Paris, Prague, Imperia, Rome, Mykonos, and Zürich."
Q190210,Mykonos,Q105624,The Bourne Identity,work,https://en.wikipedia.org/wiki/The_Bourne_Identity_(2002_film),"In addition to Paris, filming took place in Prague, Imperia, Rome, Mykonos, and Zürich; several scenes set in Zürich were also filmed in Prague."
Q192017,Monument Valley,Q103474,2001: A Space Odyssey,work,https://en.wikipedia.org/wiki/2001:_A_Space_Odyssey,"The live-action landscape shots were filmed in the Hebridean islands, the mountains of northern Scotland, and Monument Valley."
Q192017,Monument Valley,Q230552,Back to the Future Part III,work,https://en.wikipedia.org/wiki/Back_to_the_Future_Part_III,"The western scenes were filmed on location in Oak Park, California and Monument Valley."
Q1920322,Fox Plaza,Q105598,Die Hard,spot,https://en.wikipedia.org/wiki/2121_Avenue_of_the_Stars,"Its most famous appearance was in the 1988 action film Die Hard, where while still under construction, it portrayed the fictional Nakatomi Plaza (also known as Nakatomi Tower), a building owned by a fictional Japanese keiretsu corporation."
Q1920322,Fox Plaza,Q105598,Die Hard,spot,https://en.wikipedia.org/wiki/2121_Avenue_of_the_Stars,"Following the conclusion of the event, the building remained, though any references to Die Hard were removed."
Q1920322,Fox Plaza,Q105598,Die Hard,spot,https://en.wikipedia.org/wiki/2121_Avenue_of_the_Stars,"The building plays an important role in the Brooklyn Nine-Nine episode ""99"", in which detective Jake Peralta insists on visiting the building due to its role in Die Hard and causes his squad to miss their return flight to New York City."
Q1920322,Fox Plaza,Q105598,Die Hard,work,https://en.wikipedia.org/wiki/Die_Hard,"Filming took place between November 1987 and March 1988, on a $25–35 million budget and almost entirely on location in and around Fox Plaza in Los Angeles."
Q1920322,Fox Plaza,Q105598,Die Hard,work,https://en.wikipedia.org/wiki/Die_Hard,"He befriended a construction superintendent at the under-construction Fox Plaza in Los Angeles, allowing him access to the building to gain ideas on how to lay out the characters and scenes."
Q1920322,Fox Plaza,Q105598,Die Hard,work,https://en.wikipedia.org/wiki/Die_Hard,"You should sometimes think about looking at your movie through the point of view of the villain who is really driving the narrative."" De Souza used blueprints of Fox Plaza to help him lay out the story and character locations within the building."
Q192534,Fuerteventura,Q14942871,Exodus: Gods and Kings,work,https://en.wikipedia.org/wiki/Exodus:_Gods_and_Kings,"The Red Sea scene was filmed at a beach on Fuerteventura, one of the Canary Islands off the northwest coast of Africa."
Q193196,University College London,Q25188,Inception,work,https://en.wikipedia.org/wiki/Inception,"The light fixtures on the ceiling are coming around on the floor, and you have to choose the right time to cross through them, and if you don't, you're going to fall."" On July 15, 2009, filming took place at University College London for the sequences occurring inside a Paris college of architecture in the story, including the library, Flaxman Gallery and Gustave Tuck Theatre."
Q19675,Louvre Museum,Q160560,The Da Vinci Code,spot,https://en.wikipedia.org/wiki/Louvre,"As the Louvre became a point of interest in the book The Da Vinci Code and the 2006 film based on the book, the museum earned $2.5 million by allowing filming in its galleries."
Q19675,Louvre Museum,Q160560,The Da Vinci Code,work,https://en.wikipedia.org/wiki/The_Da_Vinci_Code_(film),"In the film, Robert Langdon, a professor of religious symbology from Harvard University, is the prime suspect in the grisly and unusual murder of Louvre curator Jacques Saunière."
Q19675,Louvre Museum,Q160560,The Da Vinci Code,work,https://en.wikipedia.org/wiki/The_Da_Vinci_Code_(film),"Louvre curator Jacques Saunière is pursued by Silas, an albino Catholic monk who demands the location of the ""keystone"" to find and destroy the Holy Grail."
Q19675,Louvre Museum,Q160560,The Da Vinci Code,work,https://en.wikipedia.org/wiki/The_Da_Vinci_Code_(film),"The filmmakers shot many of the inside scenes at Pinewood Studios; the opening sequence in the cavernous 007 Stage at Pinewood Shepperton, where the interior of the Louvre was re-created."
Q19686,River Thames,Q18602670,Spectre,work,https://en.wikipedia.org/wiki/Spectre_(2015_film),"Early filming took place at Pinewood Studios, and around London, with scenes variously featuring Craig and Harris at Bond's flat, and Craig and Kinnear travelling down the River Thames."
Q19813,Hatfield House,Q116852,Batman,spot,https://en.wikipedia.org/wiki/Hatfield_House,"Hatfield House has been used for location filming on a number of film and television productions, including: Greystoke: The Legend of Tarzan, Lord of the Apes (1984); Orlando (1992); Batman (1989); Tomb Raider: Underworld, Lara Croft Tomb Raider: The Cradle of Life, Rise of the Tomb Raider and Shadow of the Tomb Raider; Charlie and the Chocolate Factory (2005); The New World (2005); Elizabeth: The Golden Age (2007); Hot Fuzz (2007); Shakespeare in Love (1998); Dustbin Baby; Sherlock Holmes (2009); Agatha Christie's Marple (2010); Get Him to the Greek (2010); Antiques Roadshow (2010); MasterChef Australia (2010); Garden Secrets (2010); Royal Upstairs Downstairs (2011); My Week with Marilyn (2010); Paddington (2014); Mr."
Q19813,Hatfield House,Q116852,Batman,work,https://en.wikipedia.org/wiki/Batman_(1989_film),"Locations included Knebworth House and Hatfield House doubling for Wayne Manor, plus Acton Lane Power Station and Little Barford Power Station."
Q19813,Hatfield House,Q160060,The King's Speech,work,https://en.wikipedia.org/wiki/The_King%27s_Speech,"Other locations include Cumberland Lodge, Harley Street, Knebworth, Hatfield House, the Old Royal Naval College in Greenwich, Queen Street Mill Textile Museum in Burnley, and Battersea Power Station, which doubled as a BBC wireless control room."
Q19813,Hatfield House,Q22001133,The Favourite,spot,https://en.wikipedia.org/wiki/Hatfield_House,"Holmes (2015); Doctor Thorne; Pride and Prejudice and Zombies (2016); The Crown; Breathe (2017); All the Money in the World (2017); Trust;The Favourite (2018); ""Sucker"" (2019); Enola Holmes; Rebecca (2020); Bridgerton (2020); Cromwell; Henry VIII and His Six Wives; The Avengers (1998); V for Vendetta; Mortdecai (2015); and Paddington 2."
Q19813,Hatfield House,Q22001133,The Favourite,work,https://en.wikipedia.org/wiki/The_Favourite_(2018_film),"Production designer Fiona Crombie drew inspiration for the film's colour palette from the chequered, black-and-white marble floor in the Great Hall at Hatfield House, noting that ""a character will walk into a room and you get this incredible wide-shot—we're talking seeing from the floors to the ceilings to the corners."
Q19813,Hatfield House,Q5890,V for Vendetta,spot,https://en.wikipedia.org/wiki/Hatfield_House,"Holmes (2015); Doctor Thorne; Pride and Prejudice and Zombies (2016); The Crown; Breathe (2017); All the Money in the World (2017); Trust;The Favourite (2018); ""Sucker"" (2019); Enola Holmes; Rebecca (2020); Bridgerton (2020); Cromwell; Henry VIII and His Six Wives; The Avengers (1998); V for Vendetta; Mortdecai (2015); and Paddington 2."
Q19835,"Warner Bros. Studios, Leavesden",Q102438,Harry Potter and the Philosopher's Stone,spot,https://en.wikipedia.org/wiki/Warner_Bros._Studios_Leavesden,"By the year 2000, Heyday Films had acquired use of the site on behalf of Warner Bros. for what would be the first in a series of films, Harry Potter and the Philosopher's Stone."
Q19835,"Warner Bros. Studios, Leavesden",Q102438,Harry Potter and the Philosopher's Stone,spot,https://en.wikipedia.org/wiki/Warner_Bros._Studios_Leavesden,Harry Potter and the Philosopher's Stone (2001)
Q19835,"Warner Bros. Studios, Leavesden",Q117662601,Harry Potter,spot,https://en.wikipedia.org/wiki/Warner_Bros._Studios_Leavesden,"Studio Tour London – The Making of Harry Potter, which receives over 6,000 visitors a day at peak times."
Q19835,"Warner Bros. Studios, Leavesden",Q117662601,Harry Potter,spot,https://en.wikipedia.org/wiki/Warner_Bros._Studios_Leavesden,"By the year 2000, Heyday Films had acquired use of the site on behalf of Warner Bros. for what would be the first in a series of films, Harry Potter and the Philosopher's Stone."
Q19835,"Warner Bros. Studios, Leavesden",Q117662601,Harry Potter,spot,https://en.wikipedia.org/wiki/Warner_Bros._Studios_Leavesden,Every one of the Harry Potter films was based at Leavesden Studios over the following ten years.
Q19835,"Warner Bros. Studios, Leavesden",Q1187607,Edge of Tomorrow,spot,https://en.wikipedia.org/wiki/Warner_Bros._Studios_Leavesden,The first film to start shooting at the newly refurbished studios was Edge of Tomorrow.
Q19835,"Warner Bros. Studios, Leavesden",Q165713,Star Wars: Episode I – The Phantom Menace,spot,https://en.wikipedia.org/wiki/Warner_Bros._Studios_Leavesden,Star Wars: Episode I – The Phantom Menace (1999)
Q19835,"Warner Bros. Studios, Leavesden",Q17361809,The Legend of Tarzan,spot,https://en.wikipedia.org/wiki/Warner_Bros._Studios_Leavesden,On the same day the filming of live-action The Legend of Tarzan got underway at the studio.
Q19835,"Warner Bros. Studios, Leavesden",Q208592,Sleepy Hollow,spot,https://en.wikipedia.org/wiki/Warner_Bros._Studios_Leavesden,"A succession of major feature films made use of the site; in 1997, the first of the Star Wars prequels, The Phantom Menace, and later Tim Burton's Sleepy Hollow."
Q19835,"Warner Bros. Studios, Leavesden",Q208592,Sleepy Hollow,spot,https://en.wikipedia.org/wiki/Warner_Bros._Studios_Leavesden,Sleepy Hollow (1999)
Q19835,"Warner Bros. Studios, Leavesden",Q72930269,House of the Dragon,spot,https://en.wikipedia.org/wiki/Warner_Bros._Studios_Leavesden,House of the Dragon (2022–present)
Q19841,Knebworth House,Q116852,Batman,spot,https://en.wikipedia.org/wiki/Knebworth_House,Batman (1989) – exterior and some interior scenes of Bruce Wayne's manor
Q19841,Knebworth House,Q116852,Batman,work,https://en.wikipedia.org/wiki/Batman_(1989_film),"Locations included Knebworth House and Hatfield House doubling for Wayne Manor, plus Acton Lane Power Station and Little Barford Power Station."
Q19841,Knebworth House,Q160060,The King's Speech,spot,https://en.wikipedia.org/wiki/Knebworth_House,The King's Speech (2010) – Balmoral Party and other scenes
Q198536,SIS Building,Q18602670,Spectre,spot,https://en.wikipedia.org/wiki/SIS_Building,"The building was first featured in GoldenEye (1995), and was depicted as having been attacked in The World Is Not Enough (1999), Skyfall (2012), and Spectre (2015)."
Q198536,SIS Building,Q18602670,Spectre,spot,https://en.wikipedia.org/wiki/SIS_Building,"Some filming for Spectre took place on the Thames near Vauxhall Cross in May 2015, with the fictional controlled demolition of the building playing a key role in the finale sequence of the film."
Q201026,Kauaʻi,Q167726,Jurassic Park,spot,https://en.wikipedia.org/wiki/Kaua%CA%BBi,"The historic 105-acre Valley House home on Kauaʻi, where scenes from Jurassic Park and Pirates of the Caribbean were filmed, is owned by Frank VanderSloot, the wealthy creator of the health and wellness company Melaleuca."
Q201026,Kauaʻi,Q167726,Jurassic Park,spot,https://en.wikipedia.org/wiki/Kaua%CA%BBi,Waimea Canyon was used in the filming of the 1993 film Jurassic Park and its 2015 sequel Jurassic World was shot in Kauaʻi.
Q201026,Kauaʻi,Q167726,Jurassic Park,work,https://en.wikipedia.org/wiki/Jurassic_Park,"Puerto Rico was seriously considered as well, until Spielberg settled on Kauaʻi, Hawaii."
Q201026,Kauaʻi,Q167726,Jurassic Park,work,https://en.wikipedia.org/wiki/Jurassic_Park,"The three-week Kauaʻi shoot was focused on exterior scenes, many of them set on Isla Nublar during daytime."
Q201026,Kauaʻi,Q167726,Jurassic Park,work,https://en.wikipedia.org/wiki/Jurassic_Park,"The rock is located near the island of Maui, but filming otherwise continued on Kauaʻi."
Q201026,Kauaʻi,Q183555,Pirates of the Caribbean: On Stranger Tides,spot,https://en.wikipedia.org/wiki/Kaua%CA%BBi,"Some scenes from Just Go with It, George of the Jungle, and Pirates of the Caribbean: On Stranger Tides were also filmed in Kauaʻi."
Q201026,Kauaʻi,Q3512046,Jurassic World,spot,https://en.wikipedia.org/wiki/Kaua%CA%BBi,Waimea Canyon was used in the filming of the 1993 film Jurassic Park and its 2015 sequel Jurassic World was shot in Kauaʻi.
Q2036593,St. Elizabeths Hospital,Q108946,A Few Good Men,spot,https://en.wikipedia.org/wiki/St._Elizabeths_Hospital,A Few Good Men (1992) – Filming Locations at IMDb
Q204871,Charles Bridge,Q1741232,Mission: Impossible,work,https://en.wikipedia.org/wiki/Mission:_Impossible_(film),"The film was one of the first Hollywood features to be both set and shot in contemporary Prague with extensive filming throughout a number of recognizable places including Charles Bridge, National Museum or Old Town Square."
Q205666,Hampton Court Palace,Q15046091,Cinderella,spot,https://en.wikipedia.org/wiki/Hampton_Court_Palace,"The palace has been used as a location for filming film and television shows, including The Private Life of Henry VIII, Three Men In A Boat, A Man For All Seasons, Vanity Fair, Little Dorrit, John Adams (2008), The Young Victoria, Pirates of the Caribbean: On Stranger Tides, Sherlock Holmes: A Game of Shadows, The Theory of Everything, Cinderella, Mamma Mia: Here We Go Again!, The Favourite, Belgravia, The Great, Bridgerton, and Taskmaster."
Q205666,Hampton Court Palace,Q15046091,Cinderella,work,https://en.wikipedia.org/wiki/Cinderella_(2015_American_film),"The film was shot at Pinewood Studios in Buckinghamshire, England, and at various other locations including Hampton Court Palace, Blenheim Palace, Windsor Castle, Cliveden, Old Royal Naval College and Black Park."
Q205666,Hampton Court Palace,Q15079318,The Theory of Everything,spot,https://en.wikipedia.org/wiki/Hampton_Court_Palace,"The palace has been used as a location for filming film and television shows, including The Private Life of Henry VIII, Three Men In A Boat, A Man For All Seasons, Vanity Fair, Little Dorrit, John Adams (2008), The Young Victoria, Pirates of the Caribbean: On Stranger Tides, Sherlock Holmes: A Game of Shadows, The Theory of Everything, Cinderella, Mamma Mia: Here We Go Again!, The Favourite, Belgravia, The Great, Bridgerton, and Taskmaster."
Q205666,Hampton Court Palace,Q183555,Pirates of the Caribbean: On Stranger Tides,spot,https://en.wikipedia.org/wiki/Hampton_Court_Palace,"The palace has been used as a location for filming film and television shows, including The Private Life of Henry VIII, Three Men In A Boat, A Man For All Seasons, Vanity Fair, Little Dorrit, John Adams (2008), The Young Victoria, Pirates of the Caribbean: On Stranger Tides, Sherlock Holmes: A Game of Shadows, The Theory of Everything, Cinderella, Mamma Mia: Here We Go Again!, The Favourite, Belgravia, The Great, Bridgerton, and Taskmaster."
Q205666,Hampton Court Palace,Q183555,Pirates of the Caribbean: On Stranger Tides,work,https://en.wikipedia.org/wiki/Pirates_of_the_Caribbean:_On_Stranger_Tides,"Locations included Hampton Court Palace in London, Knole House in Kent, and Old Royal Naval College at Greenwich."
Q205666,Hampton Court Palace,Q243643,Sherlock Holmes: A Game of Shadows,spot,https://en.wikipedia.org/wiki/Hampton_Court_Palace,"The palace has been used as a location for filming film and television shows, including The Private Life of Henry VIII, Three Men In A Boat, A Man For All Seasons, Vanity Fair, Little Dorrit, John Adams (2008), The Young Victoria, Pirates of the Caribbean: On Stranger Tides, Sherlock Holmes: A Game of Shadows, The Theory of Everything, Cinderella, Mamma Mia: Here We Go Again!, The Favourite, Belgravia, The Great, Bridgerton, and Taskmaster."
Q205666,Hampton Court Palace,Q243643,Sherlock Holmes: A Game of Shadows,work,https://en.wikipedia.org/wiki/Sherlock_Holmes:_A_Game_of_Shadows,"In January 2011, scenes were also filmed at Hampton Court Palace and areas in Oxford University."
Q2068997,Alexander Hamilton U.S. Custom House,Q492214,Ghostbusters II,spot,https://en.wikipedia.org/wiki/Alexander_Hamilton_U.S._Custom_House,"Its exterior and lobby were used as a filming location in the 1989 American supernatural comedy film Ghostbusters II, where the building stood in for the fictional Manhattan Museum of Art."
Q207193,Skellig Michael,Q18486021,Star Wars: Episode VIII – The Last Jedi,spot,https://en.wikipedia.org/wiki/Skellig_Michael,The island was used to film the planet Ahch-To in Star Wars: The Force Awakens (2015) and Star Wars: The Last Jedi (2017).
Q207193,Skellig Michael,Q18486021,Star Wars: Episode VIII – The Last Jedi,work,https://en.wikipedia.org/wiki/Star_Wars:_The_Last_Jedi,"A number of scenes were filmed at Skellig Michael in Ireland during pre-production in September 2015, but principal photography began at Pinewood Studios in England in February 2016 and wrapped that July."
Q207193,Skellig Michael,Q18486021,Star Wars: Episode VIII – The Last Jedi,work,https://en.wikipedia.org/wiki/Star_Wars:_The_Last_Jedi,"Second unit photography began during pre-production at Skellig Michael in Ireland on September 14, 2015, due to the difficulties of filming at that location during other seasons."
Q20725,Yonge Street,Q466611,The Incredible Hulk,work,https://en.wikipedia.org/wiki/The_Incredible_Hulk_(film),"Shooting primarily took place in Toronto, because mayor David Miller was a Hulk fan and promised to be helpful to the crew when closing Yonge Street for four nights in September to shoot Hulk and Blonsky's climactic fight."
Q207323,Vulcano,Q131547207,The Odyssey,work,https://en.wikipedia.org/wiki/The_Odyssey_(2026_film),"Water-borne filming subsequently took place from April 15 to May 15 throughout the Aeolian Islands of Lipari, Basiluzzo, and Vulcano for scenes featuring the mythological island of Aeolia."
Q2078595,Walt Disney Studios,Q161087,Pirates of the Caribbean: Dead Man's Chest,work,https://en.wikipedia.org/wiki/Pirates_of_the_Caribbean:_Dead_Man%27s_Chest,"Filming took place from February to September 2005 in Palos Verdes, Saint Vincent and the Grenadines, Dominica, and The Bahamas, as well as on sets constructed at Walt Disney Studios."
Q2078595,Walt Disney Studios,Q161087,Pirates of the Caribbean: Dead Man's Chest,work,https://en.wikipedia.org/wiki/Pirates_of_the_Caribbean:_Dead_Man%27s_Chest,"The crew spent the first shooting days at Walt Disney Studios in Los Angeles, including the interiors of the Black Pearl and the Edinburgh Trader which Elizabeth stows away on, before moving to St."
Q2078595,Walt Disney Studios,Q64110,"20,000 Leagues Under the Sea",spot,https://en.wikipedia.org/wiki/Walt_Disney_Studios_(Burbank),"Stage 2 (1949) was built in partnership with Jack Webb (Dragnet), and Stage 3 (1953) was specifically designed with a deep water tank for 20,000 Leagues Under the Sea."
Q2078595,Walt Disney Studios,Q64110,"20,000 Leagues Under the Sea",spot,https://en.wikipedia.org/wiki/Walt_Disney_Studios_(Burbank),"Stage 3 was completed in 1953 and designed especially for the film 20,000 Leagues Under the Sea."
Q2081335,Petworth House,Q471716,Barry Lyndon,spot,https://en.wikipedia.org/wiki/Petworth_House,"Included in the credits are Barry Lyndon (1975), Silver Bears (1977), Elizabeth: The Golden Age (2007), Maleficent (2014), Mr Turner (2014), Rebecca (2020), and Bridgerton (2022)."
Q2081335,Petworth House,Q471716,Barry Lyndon,work,https://en.wikipedia.org/wiki/Barry_Lyndon,"Locations in England include Blenheim Palace, Oxfordshire; Castle Howard, North Yorkshire (exteriors of the Lyndon estate, ""Castle Hickham""); Corsham Court, Wiltshire (various interiors and the music room scene); Petworth House, West Sussex (chapel); Stourhead, Wiltshire (lake and temple); Longleat, Wiltshire; Wilton House, Wiltshire (interior and exterior) and Lavenham Guildhall at Lavenham in Suffolk (amputation scene)."
Q208181,Blenheim Palace,Q18602670,Spectre,work,https://en.wikipedia.org/wiki/Spectre_(2015_film),"Filming temporarily returned to England to shoot scenes at Blenheim Palace in Oxfordshire, which stood in for a location in Rome, before moving on to the city itself for a five-week shoot across the city, with locations including the Ponte Sisto bridge and the Roman Forum."
Q208181,Blenheim Palace,Q471716,Barry Lyndon,work,https://en.wikipedia.org/wiki/Barry_Lyndon,"Locations in England include Blenheim Palace, Oxfordshire; Castle Howard, North Yorkshire (exteriors of the Lyndon estate, ""Castle Hickham""); Corsham Court, Wiltshire (various interiors and the music room scene); Petworth House, West Sussex (chapel); Stourhead, Wiltshire (lake and temple); Longleat, Wiltshire; Wilton House, Wiltshire (interior and exterior) and Lavenham Guildhall at Lavenham in Suffolk (amputation scene)."
Q2085822,Spectrum,Q204057,Philadelphia,spot,https://en.wikipedia.org/wiki/Spectrum_(arena),"The Spectrum (later known as CoreStates Spectrum, First Union Spectrum and Wachovia Spectrum) was an indoor arena in Philadelphia, Pennsylvania."
Q2085822,Spectrum,Q204057,Philadelphia,spot,https://en.wikipedia.org/wiki/Spectrum_(arena),The arena opened in September 1967 as part of what is now known as the South Philadelphia Sports Complex.
Q2085822,Spectrum,Q204057,Philadelphia,spot,https://en.wikipedia.org/wiki/Spectrum_(arena),"It was the home arena for the Philadelphia Flyers and the Philadelphia 76ers from 1967 to 1996 before both moved to the CoreStates Center (known as Spectrum II during planning and construction, and currently named Xfinity Mobile Arena)."
Q2085822,Spectrum,Q204057,Philadelphia,work,https://en.wikipedia.org/wiki/Philadelphia_(film),"Other locations included the University of Pennsylvania library, Mount Sinai Hospital, Spectrum arena and Rittenhouse Square."
Q2092214,University of North Carolina Wilmington,Q203385,One Tree Hill,work,https://en.wikipedia.org/wiki/One_Tree_Hill_(TV_series),Many of the scenes were shot near the battleship USS North Carolina and on the University of North Carolina Wilmington campus.
Q2095595,Pinewood Toronto Studios,Q21296543,Star Trek: Discovery,spot,https://en.wikipedia.org/wiki/Pinewood_Toronto_Studios,"In May 2024, it was announced one of the studios sound stages would be named ""The Star Trek Stage"", on which the television series Star Trek: Discovery and the film Star Trek: Section 31 were shot."
Q2095595,Pinewood Toronto Studios,Q21296543,Star Trek: Discovery,work,https://en.wikipedia.org/wiki/Star_Trek:_Discovery,"Filming took place at Pinewood Toronto Studios in Toronto, Canada, and existing franchise designs were reinvented with modern techniques and visual effects."
Q2095595,Pinewood Toronto Studios,Q21296543,Star Trek: Discovery,work,https://en.wikipedia.org/wiki/Star_Trek:_Discovery,"Star Trek: Discovery is filmed at Pinewood Toronto Studios, taking advantage of multiple soundstages at the studio including the largest one in North America."
Q210280,Dettifoss,Q192686,Prometheus,spot,https://en.wikipedia.org/wiki/Dettifoss,"The waterfall is featured in the opening scene of the science-fiction film Prometheus (2012), standing in as a landscape on a primordial Earth."
Q210280,Dettifoss,Q192686,Prometheus,work,https://en.wikipedia.org/wiki/Prometheus_(2012_film),"Speaking about working at the volcano, Scott said, ""If one is afraid of nature in this profession then it would be best to find a different job."" Filming also took place at Dettifoss, one of the most powerful waterfalls in Europe."
Q2103611,Maillé-Brézé,Q21935651,Dunkirk,spot,https://en.wikipedia.org/wiki/French_destroyer_Maill%C3%A9-Br%C3%A9z%C3%A9_(D627),"On 21 February 2016, director Christopher Nolan announced plans to feature the ship in his then upcoming World War II film Dunkirk."
Q211778,Lake District,Q221075,28 Days Later,work,https://en.wikipedia.org/wiki/28_Days_Later,"Boyle said Fox funded the Lake District ending, and that the final rural sequence was shot on 35mm to make the film ""feel like [it] had opened up""."
Q2130840,Randy's Donuts,Q205028,Iron Man 2,spot,https://en.wikipedia.org/wiki/Randy%27s_Donuts,"In the 2010 film, Iron Man 2, Tony Stark while wearing the Iron Man armor, eats a box of Randy's donuts while sitting inside the large Randy's Donuts sign."
Q2130840,Randy's Donuts,Q205028,Iron Man 2,work,https://en.wikipedia.org/wiki/Iron_Man_2,Same thing in the Randy's Donuts scene.
Q2134416,Normandy American Cemetery and Memorial,Q165817,Saving Private Ryan,spot,https://en.wikipedia.org/wiki/Normandy_American_Cemetery_and_Memorial,"Two of the Niland brothers, Preston and Robert, whose story inspired Steven Spielberg's Saving Private Ryan"
Q2134416,Normandy American Cemetery and Memorial,Q165817,Saving Private Ryan,spot,https://en.wikipedia.org/wiki/Normandy_American_Cemetery_and_Memorial,"In Saving Private Ryan (1998), the cemetery is featured at the beginning and end, showing World War II veteran Private James Francis Ryan accompanied by his family."
Q2134416,Normandy American Cemetery and Memorial,Q165817,Saving Private Ryan,work,https://en.wikipedia.org/wiki/Saving_Private_Ryan,"Scenes featuring the elderly Ryan were filmed at the Normandy American Cemetery and Memorial in Colleville-sur-Mer, France, adjacent to Omaha Beach."
Q214855,Bank of China Tower,Q156329,Star Trek: Voyager,spot,https://en.wikipedia.org/wiki/Bank_of_China_Tower_(Hong_Kong),"In Star Trek: Voyager, the building is used as the exterior of Starfleet Communications Research Center."
Q215255,Piccadilly Circus,Q221075,28 Days Later,work,https://en.wikipedia.org/wiki/28_Days_Later,"The film features scenes set in normally bustling parts of London, such as Westminster Bridge, Piccadilly Circus, Horse Guards Parade and Oxford Street."
Q21578,Princeton University,Q164103,A Beautiful Mind,spot,https://en.wikipedia.org/wiki/Princeton_University,"A Beautiful Mind (2001): A biographical film centered on the award-winning mathematician, John Nash, featuring him studying for his PhD at Princeton in the first part of the film."
Q21712009,"Firehouse, Hook & Ladder Company 8",Q108745,Ghostbusters,spot,"https://en.wikipedia.org/wiki/Firehouse,_Hook_%26_Ladder_Company_8",Its exterior has become famous for its appearance in the supernatural comedy franchise Ghostbusters.
Q21712009,"Firehouse, Hook & Ladder Company 8",Q108745,Ghostbusters,spot,"https://en.wikipedia.org/wiki/Firehouse,_Hook_%26_Ladder_Company_8",The firehouse was selected as the base of the Ghostbusters for the 1984 film after an early draft of the script envisioned the Ghostbusters as a public service much like the fire department.
Q21712009,"Firehouse, Hook & Ladder Company 8",Q108745,Ghostbusters,spot,"https://en.wikipedia.org/wiki/Firehouse,_Hook_%26_Ladder_Company_8","While the firehouse served as the set for exterior scenes, the interior of the Ghostbusters base was shot in a Los Angeles studio, and in Fire Station No."
Q21712009,"Firehouse, Hook & Ladder Company 8",Q108745,Ghostbusters,work,https://en.wikipedia.org/wiki/Ghostbusters,"Firehouse, Hook & Ladder Company 8 in the Tribeca neighborhood was used as the Ghostbusters' headquarters."
Q2190649,Gayer-Anderson Museum,Q320423,The Spy Who Loved Me,spot,https://en.wikipedia.org/wiki/Gayer-Anderson_Museum,"The James Bond film The Spy Who Loved Me was partially shot in the museum, in the ceremonial reception hall and the rooftop terrace."
Q2190649,Gayer-Anderson Museum,Q320423,The Spy Who Loved Me,work,https://en.wikipedia.org/wiki/The_Spy_Who_Loved_Me_(film),"The film was shot at the Pinewood Studios in London, Porto Cervo in Sardinia (Hotel Cala di Volpe), Egypt (Karnak, Mosque of Ibn Tulun, Gayer-Anderson Museum, Abu Simbel temples), Malta, Scotland, Hayling Island UK, Okinawa, Switzerland and Mount Asgard on Baffin Island in the then northern Canadian territory of Northwest Territories (now located in Nunavut)."
Q219867,London King's Cross railway station,Q117662601,Harry Potter,spot,https://en.wikipedia.org/wiki/London_King%27s_Cross_railway_station,"A major redevelopment was undertaken in the 21st century, including restoration of the original roof, and the station became well known for its association with the Harry Potter books and films, particularly the fictional Platform Nine and Three-Quarters."
Q219867,London King's Cross railway station,Q117662601,Harry Potter,spot,https://en.wikipedia.org/wiki/London_King%27s_Cross_railway_station,"King's Cross features in the Harry Potter books, by J."
Q219867,London King's Cross railway station,Q117662601,Harry Potter,spot,https://en.wikipedia.org/wiki/London_King%27s_Cross_railway_station,"The location of the trolley moved after renovations, and a Harry Potter-themed shop opened nearby in 2012."
Q22001022,Elstree Studios,Q174284,Raiders of the Lost Ark,work,https://en.wikipedia.org/wiki/Raiders_of_the_Lost_Ark,"Filming took place on sets at Elstree Studios, England, and on location mainly in La Rochelle, France, Tunisia, and Hawaii."
Q22001022,Elstree Studios,Q174284,Raiders of the Lost Ark,work,https://en.wikipedia.org/wiki/Raiders_of_the_Lost_Ark,"Filming took place on location in La Rochelle in France, Tunisia in North Africa, and Hawaii, and on sets at Elstree Studios, England."
Q2243801,Tjolöholm Castle,Q165699,Melancholia,spot,https://en.wikipedia.org/wiki/Tjol%C3%B6holm_Castle,"In 2010, Danish film director Lars von Trier shot the exterior scenes of the film Melancholia at the castle."
Q2278254,Sherborne School,Q14918344,The Imitation Game,spot,https://en.wikipedia.org/wiki/Sherborne_School,The Imitation Game (2014)
Q2281281,Rhode Island State House,Q472361,Amistad,spot,https://en.wikipedia.org/wiki/Rhode_Island_State_House,The building served as the United States Capitol exterior in the 1997 film Amistad and the City Hall of Capital City in Disney's Underdog.
Q229269,Rub' al Khali,Q60834962,Dune,work,https://en.wikipedia.org/wiki/Dune_(2021_film),Scenes featuring the rock formations functioning as the Fremens' heat shelters were filmed at the Rub' al Khali desert.
Q23035239,Terminal Station,Q23894626,Black Widow,work,https://en.wikipedia.org/wiki/Black_Widow_(2021_film),"Filming locations in Macon, including Terminal Station, were dressed to portray Albany, New York."
Q2314592,Drangarnir,Q118904382,How to Train Your Dragon,spot,https://en.wikipedia.org/wiki/Drangarnir,"In the 2010 animated fantasy film How to Train Your Dragon, the protagonist Hiccup flies his dragon Toothless under a sea arch inspired by Drangarnir."
Q2314592,Drangarnir,Q118904382,How to Train Your Dragon,work,https://en.wikipedia.org/wiki/How_to_Train_Your_Dragon_(2025_film),"Tindhólmur and Drangarnir of the Faroe Islands, which served as inspiration for Berk in the animated film, were used as filming locations for some of the flight scenes."
Q2373648,Santuario della Madonna del Divino Amore,Q18405,Nights of Cabiria,work,https://en.wikipedia.org/wiki/Nights_of_Cabiria,"Nights of Cabiria was filmed in many areas around Italy, including Acilia, Castel Gandolfo, Cinecittà, Santuario della Madonna del Divino Amore, Porta Maggiore, the Baths of Caracalla and the Tiber River."
Q2375304,Plaza Athénée,Q64584978,Emily in Paris,spot,https://en.wikipedia.org/wiki/Plaza_Ath%C3%A9n%C3%A9e,"The hotel was featured in the final season of HBO's Sex and the City, as well as Something's Gotta Give, The Smurfs 2 and Emily in Paris."
Q239935,City of Arts and Sciences,Q34316,Doctor Who,spot,https://en.wikipedia.org/wiki/City_of_Arts_and_Sciences,"In 2016 (broadcast in 2017) it was used as a filming location for the British science-fiction television programme Doctor Who, appearing in the second episode of the tenth series, ""Smile""."
Q240711,Hotel Chelsea,Q484675,Léon: The Professional,spot,https://en.wikipedia.org/wiki/Hotel_Chelsea,"Other films with scenes shot at the Chelsea include Tally Brown, New York (1979); 9½ Weeks (1986); Anna (1987); Léon: The Professional (1994); and the horror film Hotel Chelsea (2009)."
Q24075247,Pinewood Atlanta Studios,Q20001199,Guardians of the Galaxy Vol. 2,work,https://en.wikipedia.org/wiki/Guardians_of_the_Galaxy_Vol._2,"Principal photography began in February 2016 at Pinewood Atlanta Studios in Fayette County, Georgia, with many crew changes from the first film due to other commitments."
Q24075247,Pinewood Atlanta Studios,Q20001199,Guardians of the Galaxy Vol. 2,work,https://en.wikipedia.org/wiki/Guardians_of_the_Galaxy_Vol._2,"Pre-shooting began on February 11, 2016, at Pinewood Atlanta Studios in Fayette County, Georgia, under the working title Level Up, with Henry Braham serving as cinematographer and Scott Chambliss as production designer."
Q24075247,Pinewood Atlanta Studios,Q20001199,Guardians of the Galaxy Vol. 2,work,https://en.wikipedia.org/wiki/Guardians_of_the_Galaxy_Vol._2,"The production used all 18 stages at Pinewood Atlanta Studios, an increase in stage space from what was used for the first film."
Q24075247,Pinewood Atlanta Studios,Q23780734,Black Panther,work,https://en.wikipedia.org/wiki/Black_Panther_(film),"Filming also took place at Pinewood Atlanta Studios, and in the Sweet Auburn neighborhood in Atlanta, which doubled as Oakland; the High Museum of Art, which served as the fictional Museum of Great Britain in London; and Atlanta City Hall, which served as a United Nations building."
Q24075247,Pinewood Atlanta Studios,Q23781155,Avengers: Endgame,work,https://en.wikipedia.org/wiki/Avengers:_Endgame,"Filming began in August 2017 at Pinewood Atlanta Studios in Fayette County, Georgia, shooting back-to-back with Infinity War, and ended in January 2018."
Q24075247,Pinewood Atlanta Studios,Q5901134,Ant-Man,work,https://en.wikipedia.org/wiki/Ant-Man_(film),"Michael Peña was offered an unspecified role in the film, and filming was scheduled to take place at Pinewood Atlanta Studios in Fayette County, Georgia, while Disney changed the release date once again, moving it to July 17, 2015."
Q24075247,Pinewood Atlanta Studios,Q5901134,Ant-Man,work,https://en.wikipedia.org/wiki/Ant-Man_(film),"By the end of September 2014, production on Ant-Man moved to Pinewood Atlanta Studios in Fayette County, Georgia, and David Callaham completed a rewrite of the film."
Q24196295,Waterford Castle,Q471716,Barry Lyndon,work,https://en.wikipedia.org/wiki/Barry_Lyndon,"Some exterior shots were also filmed at Waterford Castle, County Waterford (now a luxury hotel and golf course) and Little Island, Waterford."
Q243921,555 California Street,Q372959,The Towering Inferno,spot,https://en.wikipedia.org/wiki/555_California_Street,"In 1974, it was again used for a box-office hit, this time in Irwin Allen's blockbuster The Towering Inferno, in which the outside plaza substituted for that of the film's Glass Tower, which catches fire on the night of its dedication."
Q2443707,Kedleston Hall,Q17361809,The Legend of Tarzan,work,https://en.wikipedia.org/wiki/The_Legend_of_Tarzan_(film),"Kedleston Hall in Derbyshire stood in for the Greystoke Manor, and a cedar tree on the grounds of Highclere Castle served as the setting for an early pivotal scene between Tarzan and Jane."
Q245247,King's College London,Q160560,The Da Vinci Code,spot,https://en.wikipedia.org/wiki/King%27s_College_London,"Part of Dan Brown's novel The Da Vinci Code is set in the Round Reading Room of the Maughan Library, although no part of the film adaption was filmed there."
Q245247,King's College London,Q160560,The Da Vinci Code,work,https://en.wikipedia.org/wiki/The_Da_Vinci_Code_(film),"Locations included the King's College London campus, Fairfield Halls (Croydon), the Temple Church (London), Burghley House (Lincolnshire) and Rosslyn Chapel and Rosslyn Castle (Midlothian, Scotland) make an appearance at the final part of the film."
Q247420,Dodger Stadium,Q213081,Star Trek,work,https://en.wikipedia.org/wiki/Star_Trek_(2009_film),A parking lot outside Dodger Stadium was used for the ice planet of Delta Vega and the Romulan drilling rig on Vulcan.
Q2485027,Ford Island,Q194413,Pearl Harbor,spot,https://en.wikipedia.org/wiki/Ford_Island,"Ford Island (Hawaiian: Poka ʻAilana) is an islet in the center of Pearl Harbor, Oahu, in the U.S. state of Hawaii."
Q2485027,Ford Island,Q194413,Pearl Harbor,spot,https://en.wikipedia.org/wiki/Ford_Island,"The island had an area of 334 acres (135 ha) when it was surveyed in 1825, which was increased during the 1930s to 441 acres (178 ha) with fill dredged out of Pearl Harbor by the United States Navy to deepen the harbor."
Q2485027,Ford Island,Q194413,Pearl Harbor,spot,https://en.wikipedia.org/wiki/Ford_Island,Ford Island was at the center of the attack on Pearl Harbor and on the U.S.
Q2499130,Sony Pictures Studios,Q193695,The Wizard of Oz,spot,https://en.wikipedia.org/wiki/Sony_Pictures_Studios,"But it was the Technicolor musical films, including The Wizard of Oz (1939) and Singin' in the Rain (1952) that MGM was best known for."
Q2499130,Sony Pictures Studios,Q193695,The Wizard of Oz,spot,https://en.wikipedia.org/wiki/Sony_Pictures_Studios,"MGM's success led to six working studio complexes, more than 180 acres (0.73 km2) including twenty-eight soundstages – Stage 15 is the second largest sound stage in the world, and Stage 27 served as ""Munchkinland"" in the production of The Wizard of Oz."
Q2499130,Sony Pictures Studios,Q193695,The Wizard of Oz,spot,https://en.wikipedia.org/wiki/Sony_Pictures_Studios,"The stage is historically notable for its use in the 1939 MGM film The Wizard of Oz, including scenes depicting the Yellow Brick Road, and it was later used again for the 2013 film Oz the Great and Powerful."
Q2499130,Sony Pictures Studios,Q499767,Jeopardy!,spot,https://en.wikipedia.org/wiki/Sony_Pictures_Studios,The long-running television game shows Jeopardy!
Q25004498,Studio 8H,Q13979,Saturday Night Live,spot,https://en.wikipedia.org/wiki/Studio_8H,"It is most notable for housing the live broadcast of Saturday Night Live (SNL), which has been broadcast from the studio since the show's inception in 1975."
Q25004498,Studio 8H,Q13979,Saturday Night Live,spot,https://en.wikipedia.org/wiki/Studio_8H,"Studio 8H is now most prominent for housing the NBC sketch comedy show Saturday Night Live, which is broadcast live."
Q25004498,Studio 8H,Q13979,Saturday Night Live,spot,https://en.wikipedia.org/wiki/Studio_8H,"Robinson"" on Saturday Night Live in Studio 8H."
Q25004498,Studio 8H,Q13979,Saturday Night Live,work,https://en.wikipedia.org/wiki/Saturday_Night_Live,"Three of the shows of the 1976–77 season were shot at the former NBC Studios in Brooklyn, due to NBC News using Studio 8H for presidential election coverage."
Q25004498,Studio 8H,Q13979,Saturday Night Live,work,https://en.wikipedia.org/wiki/Saturday_Night_Live,"During the summer 2005 shooting hiatus, crews began renovations on Studio 8H."
Q25007,Bellagio Hotel & Casino,Q205447,Ocean's Eleven,spot,https://en.wikipedia.org/wiki/Bellagio_(resort),"Bellagio serves as the central setting for the 2001 film Ocean's Eleven, in which a group of thieves conspire to rob its vault."
Q25007,Bellagio Hotel & Casino,Q205447,Ocean's Eleven,work,https://en.wikipedia.org/wiki/Ocean%27s_Eleven,"As producer Jerry Weintraub was friends with the Bellagio's owner, Kirk Kerkorian, the production team was granted permission to film there; also, the cast stayed at the hotel during the shoot."
Q25007,Bellagio Hotel & Casino,Q635632,Ocean's Thirteen,work,https://en.wikipedia.org/wiki/Ocean%27s_Thirteen,"Location scouting took place in Las Vegas in mid-July 2006, with the Bellagio confirmed as a filming location, which was also used for scenes in Ocean's Eleven."
Q25007,Bellagio Hotel & Casino,Q635632,Ocean's Thirteen,work,https://en.wikipedia.org/wiki/Ocean%27s_Thirteen,"Filming in Las Vegas concluded on August 9, 2006, after scenes involving Clooney, Pitt, Damon and García were shot in an office at the back of the Bellagio."
Q25007,Bellagio Hotel & Casino,Q635632,Ocean's Thirteen,work,https://en.wikipedia.org/wiki/Ocean%27s_Thirteen,"Another Las Vegas shoot was scheduled for September 2006, including additional filming at the Bellagio."
Q25212617,Carlton Hotel,Q201819,District 9,spot,https://en.wikipedia.org/wiki/Carlton_Hotel_(Johannesburg),"Scenes from the 2009 science fiction film District 9 were also shot at the hotel and around Carlton Centre, which served as the headquarters of the evil MNU organization in the film."
Q253375,Tindhólmur,Q118904382,How to Train Your Dragon,spot,https://en.wikipedia.org/wiki/Tindh%C3%B3lmur,"The fictional Isle of Berk, the main setting of the 2010 animated fantasy film How to Train Your Dragon, was based on Tindhólmur."
Q253375,Tindhólmur,Q118904382,How to Train Your Dragon,work,https://en.wikipedia.org/wiki/How_to_Train_Your_Dragon_(2025_film),"Tindhólmur and Drangarnir of the Faroe Islands, which served as inspiration for Berk in the animated film, were used as filming locations for some of the flight scenes."
Q25818870,Drapers' Hall,Q160060,The King's Speech,work,https://en.wikipedia.org/wiki/The_King%27s_Speech,"James's Palace, where George VI swore an oath, was filmed in the Livery Hall of Drapers' Hall."
Q25840,Powerscourt Estate,Q471716,Barry Lyndon,spot,https://en.wikipedia.org/wiki/Powerscourt_Estate,"The house was used as a filming location for Barry Lyndon, before the 1974 fire."
Q2616330,Bedford Park Boulevard,Q42759035,Joker,work,https://en.wikipedia.org/wiki/Joker_(2019_film),"On September 22, a scene depicting a violent protest was filmed at the Church Avenue station in Kensington, Brooklyn, although the station was modified to look like the Bedford Park Boulevard station in the Bronx."
Q262500,Gloucester Cathedral,Q102244,Harry Potter and the Chamber of Secrets,work,https://en.wikipedia.org/wiki/Harry_Potter_and_the_Chamber_of_Secrets_(film),"Gloucester Cathedral was used as the setting for Hogwarts School, along with Durham Cathedral, Alnwick Castle, Lacock Abbey, and the Bodleian Library at the University of Oxford."
Q262500,Gloucester Cathedral,Q102438,Harry Potter and the Philosopher's Stone,work,https://en.wikipedia.org/wiki/Harry_Potter_and_the_Philosopher%27s_Stone_(film),"Alnwick Castle and Gloucester Cathedral were eventually selected as the principal locations for Hogwarts, with some scenes also being filmed at Harrow School."
Q262500,Gloucester Cathedral,Q161687,Harry Potter and the Half-Blood Prince,work,https://en.wikipedia.org/wiki/Harry_Potter_and_the_Half-Blood_Prince_(film),"Further filming took place in Surbiton railway station in October 2007, at Gloucester Cathedral, where Philosopher's Stone and Chamber of Secrets were shot, in February 2008, and at the Millennium Bridge in London in March 2008."
Q2628510,Badminton House,Q1625242,The Remains of the Day,spot,https://en.wikipedia.org/wiki/Badminton_House,"The estate was the location for some scenes of the films The Remains of the Day, 28 Days Later and Pearl Harbor, and of the Netflix series Bridgerton, Queen Charlotte: A Bridgerton Story and The Gentlemen."
Q2628510,Badminton House,Q1625242,The Remains of the Day,work,https://en.wikipedia.org/wiki/The_Remains_of_the_Day_(film),"Among them were Dyrham Park for the exterior of the house and the driveway, Powderham Castle (staircase, hall, music room, bedroom; used for the aqua-turquoise stairway scenes), Corsham Court (library and dining room) and Badminton House (servants' quarters, conservatory, entrance hall)."
Q2628510,Badminton House,Q194413,Pearl Harbor,spot,https://en.wikipedia.org/wiki/Badminton_House,"The estate was the location for some scenes of the films The Remains of the Day, 28 Days Later and Pearl Harbor, and of the Netflix series Bridgerton, Queen Charlotte: A Bridgerton Story and The Gentlemen."
Q2630372,Top Gear test track,Q33162,Top Gear,spot,https://en.wikipedia.org/wiki/Top_Gear_test_track,"The Top Gear test track located at Dunsfold Aerodrome in Surrey, United Kingdom was used by the BBC automotive television programme Top Gear."
Q2630372,Top Gear test track,Q33162,Top Gear,spot,https://en.wikipedia.org/wiki/Top_Gear_test_track,"For the 23rd series of Top Gear the track was expanded with a rallycross section for the ""Star in a Rallycross Car"" segment, but it was abandoned at the end of series 23."
Q2630372,Top Gear test track,Q33162,Top Gear,spot,https://en.wikipedia.org/wiki/Top_Gear_test_track,The course started on the perimeter road outside the Top Gear studio.
Q2630372,Top Gear test track,Q33162,Top Gear,work,https://en.wikipedia.org/wiki/Top_Gear_(2002_TV_series),"The second change, which was the primary reason for the change in name, was that celebrities drove around a specially modified, rally-cross version of the Top Gear test track – while it used the majority of the circuit, it featured two off-road sections and a small jump – in a rally-spec Mini Cooper."
Q263764,La Pallice,Q62730,Das Boot,spot,https://en.wikipedia.org/wiki/La_Pallice,It was used as a backdrop for the film Das Boot (1981) and Raiders of the Lost Ark (1981).
Q270263,London Zoo,Q102438,Harry Potter and the Philosopher's Stone,spot,https://en.wikipedia.org/wiki/London_Zoo,"In 2000, the Burmese python scene from the film Harry Potter and the Philosopher's Stone (2001) was filmed at the zoo's Reptile House."
Q270263,London Zoo,Q102438,Harry Potter and the Philosopher's Stone,work,https://en.wikipedia.org/wiki/Harry_Potter_and_the_Philosopher%27s_Stone_(film),"London Zoo's Reptile House was used as the location for the scene in which Harry accidentally sets a snake on Dudley, with King's Cross Station also being used as the book specifies."
Q270263,London Zoo,Q117662601,Harry Potter,spot,https://en.wikipedia.org/wiki/London_Zoo,"In 2000, the Burmese python scene from the film Harry Potter and the Philosopher's Stone (2001) was filmed at the zoo's Reptile House."
Q270263,London Zoo,Q117662601,Harry Potter,work,https://en.wikipedia.org/wiki/Harry_Potter_(TV_series),"On 17 July, filming was spotted taking place at the London Zoo, with McLaughlin, Powley, Rigby, Kitson, and Mickey McAnulty dressed in character."
Q27150180,Ski Inn,Q204228,The Mentalist,spot,https://en.wikipedia.org/wiki/Ski_Inn,"It was used as a filming location in an episode of The Mentalist where it was renamed ""Borrego Gap Diner."""
Q2749189,Buena Vista Park,Q5901134,Ant-Man,work,https://en.wikipedia.org/wiki/Ant-Man_(film),Scenes were shot in the Tenderloin neighborhood and Buena Vista Park.
Q2760139,Puck Building,Q212135,Will & Grace,spot,https://en.wikipedia.org/wiki/Puck_Building,"The Puck Building has been shown in various works of popular culture, For example, an exterior shot of the Puck Building is seen in the American television sitcom Will & Grace, and it is also used as a setting in the 1989 film When Harry Met Sally...."
Q27702619,Discovery Park,Q28196,World War Z,work,https://en.wikipedia.org/wiki/World_War_Z_(film),"The second-unit director, Simon Crane, said: ""It wasn't character-driven anymore... [The filmmakers] really needed to think about what they wanted to do with the third act."" Additional scenes were also filmed at the Pfizer building at Discovery Park in Sandwich, Kent, for scenes where Gerry tries to find a cure for the zombie pandemic."
Q27704202,Calton Road,Q109135,Trainspotting,work,https://en.wikipedia.org/wiki/Trainspotting_(film),"The opening scene of Renton and Spud being chased by security for shoplifting is shot in Edinburgh, on Princes Street and Calton Road under Regent Bridge."
Q2784408,Gare de Tulle,Q901140,The Day of the Jackal,spot,https://en.wikipedia.org/wiki/Tulle_station,"The station ‘features’ in the 1973 film The Day of the Jackal, when the Jackal buys a ticket there, then catches the midday train to Paris."
Q2790405,New York County Courthouse,Q108628759,Joker: Folie à Deux,spot,https://en.wikipedia.org/wiki/New_York_County_Courthouse,Joker: Folie à Deux (2024)
Q2790405,New York County Courthouse,Q108628759,Joker: Folie à Deux,work,https://en.wikipedia.org/wiki/Joker:_Folie_%C3%A0_Deux,"Gaga had filmed scenes with a crowd of extras demanding Joker's arrest outside the New York County Courthouse, which had led some onlookers nearby to mistake it for Trump's arrest following his first indictment."
Q2802728,Contra Dam,Q19089,GoldenEye,spot,https://en.wikipedia.org/wiki/Contra_Dam,The dam became a popular bungee jumping venue after a James Bond stuntman jumped off it in the opening scene of the 1995 film GoldenEye; a stunt voted as the best movie stunt of all time in a 2002 Sky Movies poll.
Q2802728,Contra Dam,Q19089,GoldenEye,spot,https://en.wikipedia.org/wiki/Contra_Dam,The opening scene of the 1995 James Bond film GoldenEye featured Bond jumping off the dam.
Q2802728,Contra Dam,Q19089,GoldenEye,spot,https://en.wikipedia.org/wiki/Contra_Dam,"The dam owners started to lease access to the dam, soon after GoldenEye was released, to a commercial bungee jump operator."
Q2802728,Contra Dam,Q19089,GoldenEye,work,https://en.wikipedia.org/wiki/GoldenEye,"The bungee jump was filmed at the Contra Dam (also known as the Verzasca or Locarno Dam) in Ticino, Switzerland."
Q2802728,Contra Dam,Q19089,GoldenEye,work,https://en.wikipedia.org/wiki/GoldenEye,"The opening 220 m (720 ft) bungee jump at Arkhangelsk, shot at the Contra Dam in Switzerland and performed by Wayne Michaels, was voted the best movie stunt of all time in a 2002 Sky Movies poll, and set a record for the highest bungee jump off a fixed structure."
Q2822407,FBI Academy,Q133654,The Silence of the Lambs,spot,https://en.wikipedia.org/wiki/FBI_Academy,"The Silence of the Lambs, Film"
Q2822407,FBI Academy,Q133654,The Silence of the Lambs,work,https://en.wikipedia.org/wiki/The_Silence_of_the_Lambs_(film),"In what was a rare act of cooperation at the time, the FBI allowed scenes to be filmed at the FBI Academy in Quantico; some FBI staff members even acted in bit parts."
Q285468,Hashima Island,Q4941,Skyfall,spot,https://en.wikipedia.org/wiki/Hashima_Island,External shots of the island were used in the 2012 James Bond film Skyfall.
Q2859435,Aragon Ballroom,Q14772351,Batman v Superman: Dawn of Justice,spot,https://en.wikipedia.org/wiki/Aragon_Ballroom_(Chicago),"In 2015, the theatre was used in the filming of Zack Snyder's Batman v Superman: Dawn of Justice, doubling as the theatre where Thomas (Jeffrey Dean Morgan) and Martha Wayne (Lauren Cohan) get shot."
Q29014,Millennium Dome,Q212145,The World Is Not Enough,spot,https://en.wikipedia.org/wiki/Millennium_Dome,The Millennium Dome was prominently featured in the pre-title sequence of the 1999 James Bond film The World Is Not Enough.
Q29014,Millennium Dome,Q212145,The World Is Not Enough,work,https://en.wikipedia.org/wiki/The_World_Is_Not_Enough,"After the opening scene, the film moves to London, showcasing the SIS Building and the Millennium Dome on the Thames."
Q29014,Millennium Dome,Q212145,The World Is Not Enough,work,https://en.wikipedia.org/wiki/The_World_Is_Not_Enough,"In London outdoor footage was shot of the SIS Building and Vauxhall Cross with several weeks filming the boat chase on the River Thames eastwards towards the Millennium Dome, Greenwich."
Q290355,pont de Bir-Hakeim,Q25188,Inception,spot,https://en.wikipedia.org/wiki/Pont_de_Bir-Hakeim,"Many movies have featured the bridge, including Rififi, Ascenseur pour l'échafaud, Zazie dans le Métro, Last Tango in Paris, Peur sur la ville, National Treasure: Book of Secrets, Ronin and Inception."
Q2919276,Nuevos Ministerios,Q29647346,Money Heist,spot,https://en.wikipedia.org/wiki/Nuevos_Ministerios,"The building is used in the third and fourth seasons of the series Money Heist (La Casa de Papel in Spanish), in which it is being used as the Bank of Spain."
Q2919276,Nuevos Ministerios,Q29647346,Money Heist,work,https://en.wikipedia.org/wiki/Money_Heist,"The main storyline is set in the Bank of Spain in Madrid, but the exterior was filmed at the Ministry of Development complex Nuevos Ministerios."
Q2919335,Constitution Gardens,Q19481099,Jason Bourne,work,https://en.wikipedia.org/wiki/Jason_Bourne_(film),"In early December 2015, filming started in Washington, D.C., where shooting took place at Constitution Gardens."
Q2924156,Bray Studios,Q103569,Alien,work,https://en.wikipedia.org/wiki/Alien_(film),"Principal photography took place at Pinewood Studios and Shepperton Studios near London, while model and miniature filming was done at Bray Studios in Water Oakley, Berkshire."
Q2924156,Bray Studios,Q751921,The Rocky Horror Picture Show,work,https://en.wikipedia.org/wiki/The_Rocky_Horror_Picture_Show,"The film was shot in the United Kingdom at Bray Studios and on location at Oakley Court, a country house best known for its earlier use by Hammer Film Productions."
Q2924156,Bray Studios,Q751921,The Rocky Horror Picture Show,work,https://en.wikipedia.org/wiki/The_Rocky_Horror_Picture_Show,"Set in the fictional town of Denton, the film was shot at Bray Studios and Oakley Court, a country house near Maidenhead, Berkshire, England and at Elstree Studios for post-production, from 21 October to 19 December 1974."
Q2946,Palace of Versailles,Q206124,Midnight in Paris,work,https://en.wikipedia.org/wiki/Midnight_in_Paris,"Filming locations include Giverny, John XXIII Square (near Notre Dame), Montmartre, Deyrolle, the Palace of Versailles, the Opéra, Pont Alexandre III, the Sacré-Cœur, the Île de la Cité itself, and streets near the Panthéon."
Q2946,Palace of Versailles,Q64584978,Emily in Paris,work,https://en.wikipedia.org/wiki/Emily_in_Paris,"New filming locations for the second season include Monnaie de Paris, Musée des Arts Forains, Huatian Chinagora in Saint-Tropez, Palace of Versailles, Villefranche-sur-Mer, Grand-Hôtel du Cap-Ferrat, and other locations in France."
Q2946,Palace of Versailles,Q829695,Marie Antoinette,spot,https://en.wikipedia.org/wiki/Palace_of_Versailles,"The queen's apartments served as the residence of three queens of France – Maria Theresa of Spain, wife of Louis XIV, Maria Leszczyńska, wife of Louis XV, and Marie Antoinette, wife of Louis XVI."
Q2946,Palace of Versailles,Q829695,Marie Antoinette,spot,https://en.wikipedia.org/wiki/Palace_of_Versailles,"Originally arranged for the use of the Maria Theresa of Spain, consort of Louis XIV, the rooms were later modified for use by Marie Leszczyńska and finally for Marie Antoinette."
Q2946,Palace of Versailles,Q829695,Marie Antoinette,spot,https://en.wikipedia.org/wiki/Palace_of_Versailles,"The project was revived and rushed ahead for the planned celebration of the marriage of the Dauphin, the future Louis XVI, and Marie Antoinette."
Q2963308,Chicago Fire Department,Q1187416,Chicago Fire,spot,https://en.wikipedia.org/wiki/Chicago_Fire_Department,"The City of Chicago Fire Department, commonly known as the Chicago Fire Department (CFD),is the full-service fire department of the city of Chicago, Illinois,United States.It provides Fire Suppression Services,Specialized Rescue Services,Hazardous Materials Response Services and Emergency Medical Response Services In and Around The City Of Chicago."
Q2963308,Chicago Fire Department,Q1187416,Chicago Fire,spot,https://en.wikipedia.org/wiki/Chicago_Fire_Department,"The Chicago Fire Department receives over 800,000 emergency calls annually."
Q2963308,Chicago Fire Department,Q1187416,Chicago Fire,spot,https://en.wikipedia.org/wiki/Chicago_Fire_Department,"The volunteer fire department was disestablished on August 2, 1858, when the city council passed an ordinance creating the City of Chicago Fire Department as a professional force with salaried firefighters."
Q2963308,Chicago Fire Department,Q1187416,Chicago Fire,work,https://en.wikipedia.org/wiki/Chicago_Fire_(TV_series),"The building used in the show for the firehouse exteriors is a working Chicago Fire Department firehouse, and is the headquarters of Engine 18, located at 1360 South Blue Island Avenue at Maxwell Street, between 13th & Racine."
Q2982877,Invalidovna,Q190956,Amadeus,spot,https://en.wikipedia.org/wiki/Invalidovna,"The Invalidovna complex has served as a filming location for several notable movies, including the 1984 American drama film Amadeus directed by Miloš Forman, and Guillermo del Toro's 2004 film Hellboy."
Q2982877,Invalidovna,Q190956,Amadeus,work,https://en.wikipedia.org/wiki/Amadeus_(film),"Several other scenes were shot at the Barrandov Studios and Invalidovna building, a former hôtel des invalides, built in 1731–1737."
Q2984238,Colonial Street,Q131758,Desperate Housewives,spot,https://en.wikipedia.org/wiki/Colonial_Street,"From 2004 to 2012, it was used in the filming of the TV series Desperate Housewives, in which the street was known as Wisteria Lane."
Q2984238,Colonial Street,Q131758,Desperate Housewives,spot,https://en.wikipedia.org/wiki/Colonial_Street,"After the production of Desperate Housewives ended, the street underwent a small makeover to remove aspects of Wisteria Lane, so that it could be used in other productions."
Q2984238,Colonial Street,Q131758,Desperate Housewives,spot,https://en.wikipedia.org/wiki/Colonial_Street,"Colonial Street has since been used for the NBC comedy About a Boy and the NBC series Telenovela, featuring Desperate Housewives star Eva Longoria."
Q2984238,Colonial Street,Q131758,Desperate Housewives,work,https://en.wikipedia.org/wiki/Desperate_Housewives,"It was referred to by film crews as Colonial Street, and has been used for several motion pictures and television shows since the mid-1940s."
Q29997039,Villa La Gaeta,Q151904,Casino Royale,spot,https://en.wikipedia.org/wiki/Villa_La_Gaeta,"In 2006, the villa served as a prominent filming location for the climax of the film Casino Royale."
Q29997039,Villa La Gaeta,Q151904,Casino Royale,work,https://en.wikipedia.org/wiki/Casino_Royale_(2006_film),"Further exterior shooting for the film took place at properties such as the Villa La Gaeta, near the lakeside town of Menaggio."
Q301889,North Bend,Q2085,Twin Peaks,spot,"https://en.wikipedia.org/wiki/North_Bend,_Washington","The city was made famous by David Lynch's television series Twin Peaks, which was partially filmed in North Bend."
Q301889,North Bend,Q2085,Twin Peaks,spot,"https://en.wikipedia.org/wiki/North_Bend,_Washington","The city also developed tourist activities centered around the 1990s television series Twin Peaks, which was partially filmed in North Bend, Snoqualmie, and Fall City."
Q301889,North Bend,Q2085,Twin Peaks,spot,"https://en.wikipedia.org/wiki/North_Bend,_Washington","The movie house hosted the opening premier of the David Lynch movie, Twin Peaks: Fire Walk With Me."
Q301889,North Bend,Q2085,Twin Peaks,work,https://en.wikipedia.org/wiki/Twin_Peaks,"The towns of Snoqualmie, North Bend and Fall City – which became the primary filming locations for stock Twin Peaks exterior footage – are about an hour's drive from the town of Roslyn, Washington, the town used for the series Northern Exposure."
Q301889,North Bend,Q2085,Twin Peaks,work,https://en.wikipedia.org/wiki/Twin_Peaks,"In 2018, the mayors of Snoqualmie and North Bend, which were both used for filming the series, declared Twin Peaks Day to be held on February 24."
Q3031994,LaSalle Street Station,Q223139,North by Northwest,spot,https://en.wikipedia.org/wiki/LaSalle_Street_Station,"This station was a set for Alfred Hitchcock's 1959 North by Northwest, starring Cary Grant and Eva Marie Saint, and in the 1973 movie The Sting starring Paul Newman and Robert Redford."
Q3031994,LaSalle Street Station,Q62665,The Sting,spot,https://en.wikipedia.org/wiki/LaSalle_Street_Station,"This station was a set for Alfred Hitchcock's 1959 North by Northwest, starring Cary Grant and Eva Marie Saint, and in the 1973 movie The Sting starring Paul Newman and Robert Redford."
Q3031994,LaSalle Street Station,Q62665,The Sting,work,https://en.wikipedia.org/wiki/The_Sting,"The movie was filmed on the Universal Studios backlot, with a few small scenes shot in Wheeling, West Virginia, some scenes filmed at the Santa Monica pier's carousel, in Southern California, and in Chicago at Union Station and the former LaSalle Street Station."
Q3054354,Engyō-ji Temple,Q207130,The Last Samurai,spot,https://en.wikipedia.org/wiki/Engy%C5%8D-ji,"In recent years, the temple has been used as a filming location for the Hollywood movie ""The Last Samurai"" released in 2003 (Heisei 15), the NHK Taiga drama ""Musashi"" (2003), ""The Tale of Genji: A Thousand-Year Mystery"" (2011), ""Tenchi Meisatsu"" (2012), the NHK Taiga drama ""Gunshi Kanbei"" (2014), ""Kakekomi Onna to Kakedashi Otoko"" and ""Kuroi no Shikaku"" (2015), ""Honnoji Hotel"", ""March Comes in Like a Lion"", ""Sekigahara"" (2017), and ""G.I."
Q30632606,Universal Studios Lot,Q131547207,The Odyssey,work,https://en.wikipedia.org/wiki/The_Odyssey_(2026_film),"Filming took place on location from February to August 2025 in Morocco, Greece, Italy, Scotland, Iceland, Western Sahara, and Malta, as well as at the Universal Studios Lot in Los Angeles."
Q30632606,Universal Studios Lot,Q131547207,The Odyssey,work,https://en.wikipedia.org/wiki/The_Odyssey_(2026_film),"Halfway through shooting by early May, filming took place at the Falls Lake water tank on the Universal Studios Lot in Los Angeles, the production's only set constructed on a studio sound stage, before shooting at Findlater Castle in Moray, Scotland, in early June."
Q30632606,Universal Studios Lot,Q207816,Bruce Almighty,work,https://en.wikipedia.org/wiki/Bruce_Almighty,"Filming of Buffalo was done in the ""New York Street"" at Universal Studios Lot."
Q3107,Sylt,Q157879,The Ghost Writer,spot,https://en.wikipedia.org/wiki/Sylt,"The island was used during the filming of The Ghost Writer, as an alternate location for Martha's Vineyard, due to the film's director, Roman Polanski being unable to travel to the United States, due to an outstanding arrest warrant for rape."
Q3107,Sylt,Q157879,The Ghost Writer,work,https://en.wikipedia.org/wiki/The_Ghost_Writer_(film),"The majority of exteriors, set on Martha's Vineyard, were shot on the island of Sylt in the North Sea, and on the ferry MS SyltExpress."
Q3107,Sylt,Q157879,The Ghost Writer,work,https://en.wikipedia.org/wiki/The_Ghost_Writer_(film),"The harbor exterior were shot on both the German island of Sylt, and the Danish island of Rømø."
Q3115714,Odsal Stadium,Q160060,The King's Speech,work,https://en.wikipedia.org/wiki/The_King%27s_Speech,"The opening scene, set at the closing ceremony of the 1925 British Empire Exhibition at Wembley Stadium, was filmed on location at Elland Road, home of Leeds United, and Odsal Stadium, home of Bradford RLFC."
Q3115714,Odsal Stadium,Q160060,The King's Speech,work,https://en.wikipedia.org/wiki/The_King%27s_Speech,"Elland Road was used for the speech elements of the prince stammering his way through his first public address, and Odsal Stadium was selected because of the resemblance of its curved ends to Wembley Stadium in 1925."
Q3125051,Meteora,Q332330,For Your Eyes Only,spot,https://en.wikipedia.org/wiki/Meteora,The monastery of Holy Trinity was a filming location for the 1981 James Bond movie For Your Eyes Only.
Q3125051,Meteora,Q332330,For Your Eyes Only,work,https://en.wikipedia.org/wiki/For_Your_Eyes_Only_(film),"In October filming moved to other Greek locations, including Meteora and the Achilleion."
Q3125051,Meteora,Q332330,For Your Eyes Only,work,https://en.wikipedia.org/wiki/For_Your_Eyes_Only_(film),"For the Meteora shoots, a Greek bishop was paid to allow filming in the monasteries, but the uninformed Eastern Orthodox monks were mostly critical of production rolling in their installations."
Q3137221,University of Toronto Scarborough,Q634810,Total Recall,work,https://en.wikipedia.org/wiki/Total_Recall_(2012_film),"Scenes were filmed at the Pinewood Toronto Studios, as well as the University of Toronto, Lower Bay Station, CIBC Commerce Court, the University of Toronto Scarborough, the Metro Toronto Convention Centre, and Guelph."
Q3141845,rue de la Paix,Q147068,Funny Face,spot,"https://en.wikipedia.org/wiki/Rue_de_la_Paix,_Paris","Also mentioned in the Leonard Gershe Rodger Edens song ""Bonjour Paris"" featured in the 1957 film Funny Face."
Q3194285,Kaufman Astoria Studios,Q107226,The Bourne Ultimatum,spot,https://en.wikipedia.org/wiki/Kaufman_Astoria_Studios,"Other notable films that have used the studio include The Devil Wears Prada and its sequel, Scent of a Woman, Glengarry Glen Ross, Birdman, All That Jazz, We Own the Night, Ishtar, The Age of Innocence, The Pink Panther, Presumed Innocent, The Bourne Ultimatum, Going in Style, Men In Black 3, and many films by Sidney Lumet and Woody Allen, whose film Shadows and Fog included a 26,000-square-foot (2,400 m2) set at the studio, one of the biggest in New York at the time."
Q3194285,Kaufman Astoria Studios,Q494048,The Bourne Legacy,work,https://en.wikipedia.org/wiki/The_Bourne_Legacy_(film),"Most of the film was shot over 12 weeks at the Kaufman Astoria Studios in Queens, New York, including all interior DC scenes."
Q32378156,Cementerio de Sad Hill,Q41483,"The Good, the Bad and the Ugly",spot,https://en.wikipedia.org/wiki/Sad_Hill_Cemetery,"Sad Hill Cemetery is where the last sequence was filmed for the film The Good, the Bad and the Ugly (1966)."
Q32378156,Cementerio de Sad Hill,Q41483,"The Good, the Bad and the Ugly",work,"https://en.wikipedia.org/wiki/The_Good,_the_Bad_and_the_Ugly","Although an Italian production, it was filmed primarily in Spain, particularly in the Tabernas Desert in Almería, the Arlanza River valley near Hortigüela, and at the purpose-built Sad Hill Cemetery near Santo Domingo de Silos."
Q32378156,Cementerio de Sad Hill,Q41483,"The Good, the Bad and the Ugly",work,"https://en.wikipedia.org/wiki/The_Good,_the_Bad_and_the_Ugly","Greed is shown in the film through its main core plotline of the three characters wanting to find the $200,000—equivalent to $6.45 million in 2025—that Bill Carson has said is buried in a grave in Sad Hill Cemetery."
Q32378156,Cementerio de Sad Hill,Q41483,"The Good, the Bad and the Ugly",work,"https://en.wikipedia.org/wiki/The_Good,_the_Bad_and_the_Ugly","Fans of the film have reconstructed the location of the Sad Hill Cemetery in Santo Domingo de Silos, in Spain."
Q32659772,Neue Nationalgalerie,Q158759,Unknown,work,https://en.wikipedia.org/wiki/Unknown_(2011_film),"Locations include the Neue Nationalgalerie, Berlin Hauptbahnhof, Berlin Friedrichstraße station, Pariser Platz, Museum Island, the Oranienburger Straße in Berlin and the Leipzig/Halle Airport."
Q3267914,Luton Hoo,Q65032692,Enola Holmes,spot,https://en.wikipedia.org/wiki/Luton_Hoo,Luton Hoo was also used as a location in the 2020 Netflix film Enola Holmes.
Q3267914,Luton Hoo,Q65032692,Enola Holmes,work,https://en.wikipedia.org/wiki/Enola_Holmes_(film),The East End and Limehouse Lane locations were created among outbuildings at Luton Hoo in Bedfordshire.
Q3295796,Lake Lanier,Q25205293,Ozark,work,https://en.wikipedia.org/wiki/Ozark_(TV_series),"Most of the shooting locations are in the Atlanta area at Lake Allatoona and Lake Lanier, rather than at the Lake of the Ozarks, because of tax breaks offered by Georgia."
Q329948,Palais-Royal,Q29261993,Mission: Impossible – Fallout,work,https://en.wikipedia.org/wiki/Mission:_Impossible_%E2%80%93_Fallout,Fallout was also filmed at the Trocadéro and Palais-Royal.
Q3324477,Gunlom Falls,Q615254,Crocodile Dundee,spot,https://en.wikipedia.org/wiki/Gunlom_Falls,"In 1986, the falls appeared in the movie Crocodile Dundee starring Paul Hogan and Linda Kozlowski."
Q3324477,Gunlom Falls,Q615254,Crocodile Dundee,work,https://en.wikipedia.org/wiki/Crocodile_Dundee,"Areas such as Gunlom Falls, also known as the UDP Falls back in the 1980s, are also featured in the movie."
Q332474,Harrods,Q27964337,Peter Rabbit,spot,https://en.wikipedia.org/wiki/Harrods,"First published in 1902, her children's book, The Tale of Peter Rabbit, was soon on sale in Harrods, accompanied by the world's first licensed character, a Peter Rabbit soft toy (Peter and toys of other Potter characters appeared in Harrods catalogues from 1910)."
Q3355636,Hardraw Force,Q486822,Robin Hood: Prince of Thieves,spot,https://en.wikipedia.org/wiki/Hardraw_Force,"Hardraw Force featured prominently in the 1991 film Robin Hood: Prince of Thieves, serving as the backdrop for the scene in which Maid Marian discovers Robin Hood bathing beneath a waterfall."
Q3355636,Hardraw Force,Q486822,Robin Hood: Prince of Thieves,work,https://en.wikipedia.org/wiki/Robin_Hood:_Prince_of_Thieves,"Scenes set in Sherwood Forest were filmed at various locations in England: The outlaws' encampment was filmed at Burnham Beeches in Buckinghamshire, south of the real Sherwood Forest in Nottinghamshire; the fight scene between Robin and Little John (Nick Brimble) was at Aysgarth Falls in North Yorkshire; and Marian sees Robin bathing at Hardraw Force, also in North Yorkshire."
Q3359372,Sgwd Henrhyd,Q189330,The Dark Knight Rises,work,https://en.wikipedia.org/wiki/The_Dark_Knight_Rises,"The external waterfall scene at the end of the film was shot at Sgwd Henrhyd falls, on the edge of the Brecon Beacons National Park in Wales."
Q3363986,Liberty State Park,Q51416,Men in Black,spot,https://en.wikipedia.org/wiki/Liberty_State_Park,"In 1997, the film Men in Black depicts a scene where Agent J delivers a newborn alien squid on Morris Pesin Drive."
Q3373468,Kananaskis Country,Q494048,The Bourne Legacy,work,https://en.wikipedia.org/wiki/The_Bourne_Legacy_(film),"The Kananaskis Country region of Alberta, Canada, was used for the scenes set in Alaska."
Q3389781,place Dalida,Q64584978,Emily in Paris,spot,https://en.wikipedia.org/wiki/Place_Dalida,The square is featured in the fifth episode of the 2020 Netflix comedy-drama series Emily in Paris.
Q3390301,Place de l'Estrapade,Q64584978,Emily in Paris,spot,https://en.wikipedia.org/wiki/Place_de_l%27Estrapade,The Place de l'Estrapade was prominently featured in the 2020 Netflix television show Emily in Paris and in the 2023 Netflix film The Killer.
Q3390301,Place de l'Estrapade,Q64584978,Emily in Paris,work,https://en.wikipedia.org/wiki/Emily_in_Paris,"Many scenes are filmed at Place de l'Estrapade in the 5th Arrondissement, including the site of Emily's apartment, the restaurant (""Les Deux Compères""), and the bakery (""La Boulangerie Moderne"")."
Q3447304,rue Campagne-Première,Q86427,Breathless,work,https://en.wikipedia.org/wiki/Breathless_(1960_film),Michel's death was filmed on the rue Campagne-Première in Paris.
Q34924754,Chippewa Square,Q134773,Forrest Gump,spot,"https://en.wikipedia.org/wiki/Chippewa_Square_(Savannah,_Georgia)","The ""park bench"" scene which opens the 1994 film Forrest Gump was filmed on the north side of Chippewa Square."
Q34924754,Chippewa Square,Q134773,Forrest Gump,work,https://en.wikipedia.org/wiki/Forrest_Gump,"Throughout the film, Forrest narrates his life story on a bus stop bench, which was filmed at the northern edge of Chippewa Square in Savannah, Georgia."
Q3501084,Studios de Boulogne,Q468484,The Longest Day,work,https://en.wikipedia.org/wiki/The_Longest_Day_(film),"The film was shot at several French locations, including the Île de Ré, Saleccia beach in Saint-Florent, Port-en-Bessin-Huppain (filling in for Ouistreham), Les Studios de Boulogne in Boulogne-Billancourt, and the actual locations of Pegasus Bridge near Bénouville, Sainte-Mère-Église, and Pointe du Hoc."
Q3501084,Studios de Boulogne,Q496266,Charade,work,https://en.wikipedia.org/wiki/Charade_(1963_film),"About half the film was shot on location, with interiors being filmed at Studios de Boulogne."
Q3501089,Elstree Studios,Q20707362,The Crown,work,https://en.wikipedia.org/wiki/The_Crown_(TV_series),"Filming took place at Elstree Studios in Borehamwood, Hertfordshire, with location shooting taking place in the United Kingdom and internationally."
Q3501089,Elstree Studios,Q20707362,The Crown,work,https://en.wikipedia.org/wiki/The_Crown_(TV_series),"An estimated 25% of the first season was filmed at Elstree Studios in Borehamwood, Hertfordshire, with the remainder filmed on location, altogether taking 152 days."
Q3501089,Elstree Studios,Q20707362,The Crown,work,https://en.wikipedia.org/wiki/The_Crown_(TV_series),"Sets for private quarters, the interior of a private jet, the cabinet room, and the exterior of 10 Downing Street were built at Elstree Studios."
Q3569306,Windsor Great Park,Q117662601,Harry Potter,spot,https://en.wikipedia.org/wiki/Windsor_Great_Park,"Harry Potter and the Half-Blood Prince, Harry Potter and the Deathly Hallows (Part 1 and Part 2)"
Q3569306,Windsor Great Park,Q117662601,Harry Potter,spot,https://en.wikipedia.org/wiki/Windsor_Great_Park,"In 2025, a Hogsmeade Station set was built in the park for filming of the Harry Potter television series."
Q3569306,Windsor Great Park,Q117662601,Harry Potter,work,https://en.wikipedia.org/wiki/Harry_Potter_(TV_series),"The following week, Deadline confirmed a report that William, Prince of Wales and Catherine, Princess of Wales, along with their children Prince George of Wales, Princess Charlotte of Wales, and Prince Louis of Wales had visited the Hogsmeade Station set built at Windsor Great Park."
Q3569306,Windsor Great Park,Q17361809,The Legend of Tarzan,spot,https://en.wikipedia.org/wiki/Windsor_Great_Park,The Legend of Tarzan (2016) included a scene at the Obelisk Pond
Q3570,Washington Union Station,Q722682,Hannibal,spot,https://en.wikipedia.org/wiki/Washington_Union_Station,"Smith Goes to Washington (1939), Strangers on a Train (1951), Don't Give Up the Ship (1959), Hannibal (2001), Collateral Damage (2002), and Head of State (2003)."
Q3570,Washington Union Station,Q722682,Hannibal,work,https://en.wikipedia.org/wiki/Hannibal_(2001_film),Filming took place over six days at Washington Union Station.
Q3649486,Cadogan Square,Q4941,Skyfall,work,https://en.wikipedia.org/wiki/Skyfall,"Scenes were shot in London Underground stations, Smithfield car park in West Smithfield, the National Gallery, Southwark, Whitehall, Parliament Square, Charing Cross station, the Old Royal Naval College in Greenwich, Cadogan Square and Tower Hill."
Q369318,Inis Mór,Q108314506,The Banshees of Inisherin,spot,https://en.wikipedia.org/wiki/Inishmore,McDonagh also used Inishmore as a location for his film The Banshees of Inisherin.
Q3699365,Culver Studios,Q108946,A Few Good Men,work,https://en.wikipedia.org/wiki/A_Few_Good_Men,"The courtroom scenes were filmed at Culver Studios in Culver City, California."
Q3699365,Culver Studios,Q2875,Gone with the Wind,spot,https://en.wikipedia.org/wiki/Culver_Studios,"Many classics from Hollywood's Golden Age were filmed there, including King Kong (1933) Gone with the Wind (1939),  A Star is Born (1937), Intermezzo (1939), and Rebecca (1940)."
Q379656,Saint Vincent,Q161087,Pirates of the Caribbean: Dead Man's Chest,work,https://en.wikipedia.org/wiki/Pirates_of_the_Caribbean:_Dead_Man%27s_Chest,"Filming took place from February to September 2005 in Palos Verdes, Saint Vincent and the Grenadines, Dominica, and The Bahamas, as well as on sets constructed at Walt Disney Studios."
Q3817686,Kynance Cove,Q117662601,Harry Potter,spot,https://en.wikipedia.org/wiki/Kynance_Cove,"Recently, filming for the Harry Potter TV series has taken place at the cove."
Q3817686,Kynance Cove,Q117662601,Harry Potter,work,https://en.wikipedia.org/wiki/Harry_Potter_(TV_series),"In early October, scenes were shot in Cornwall, including Cadgwith, Carnglaze Caverns and Kynance Cove."
Q3857987,The Biltmore Los Angeles,Q108745,Ghostbusters,spot,https://en.wikipedia.org/wiki/The_Biltmore_Los_Angeles,Ghostbusters (1984)
Q386707,HM Prison Wandsworth,Q181086,A Clockwork Orange,spot,https://en.wikipedia.org/wiki/HM_Prison_Wandsworth,A Clockwork Orange (1971) shows the exterior of the prison (the interiors were filmed elsewhere).
Q386707,HM Prison Wandsworth,Q181086,A Clockwork Orange,spot,https://en.wikipedia.org/wiki/HM_Prison_Wandsworth,"In Anthony Burgess' novel A Clockwork Orange (1962), the character Alex is imprisoned at Wandsworth."
Q3888479,Four Corners Monument,Q1079,Breaking Bad,spot,https://en.wikipedia.org/wiki/Four_Corners_Monument,Cornered (Breaking Bad) – Episode of the television series Breaking Bad that features the monument
Q390028,Independence Hall,Q309366,National Treasure,work,https://en.wikipedia.org/wiki/National_Treasure_(film),"Most scenes were filmed on location, with the exceptions of the Independence Hall scene, portions of which were filmed at the replica of Independence Hall at Knott's Berry Farm, and the Arctic scene, which was filmed in Utah."
Q390169,Lincoln Cathedral,Q160560,The Da Vinci Code,spot,https://en.wikipedia.org/wiki/Lincoln_Cathedral,The cathedral was used for the filming of The Da Vinci Code (based on the book of the same name).
Q390169,Lincoln Cathedral,Q160560,The Da Vinci Code,work,https://en.wikipedia.org/wiki/The_Da_Vinci_Code_(film),"Lincoln Cathedral reportedly received £100,000 in exchange for the right to film there; filming took place August 15–19, 2005, mainly within the cloisters of the cathedral."
Q390508,Berlin-Hohenschönhausen Memorial,Q18067135,Bridge of Spies,work,https://en.wikipedia.org/wiki/Bridge_of_Spies_(film),Other filming locations included Berlin-Hohenschönhausen Memorial and Marquardt Palace.
Q391028,University of British Columbia,Q18844750,The Man in the High Castle,work,https://en.wikipedia.org/wiki/The_Man_in_the_High_Castle_(TV_series),"In May and June 2015, filming also took place at the University of British Columbia."
Q392189,Université de Montréal,Q20382729,Arrival,work,https://en.wikipedia.org/wiki/Arrival_(film),"The scenes of the university where Banks teaches were shot on the main campus of Université de Montréal, including HEC Montréal's auditorium and cafeteria."
Q392599,Everett,Q2085,Twin Peaks,spot,"https://en.wikipedia.org/wiki/Everett,_Washington","The television series Twin Peaks, which was primarily filmed in North Bend, used an Everett house for interior shots."
Q4022491,Tavern on the Green,Q108745,Ghostbusters,work,https://en.wikipedia.org/wiki/Ghostbusters,"Other locations included New York City Hall, the New York Public Library main branch, the Lincoln Center for the Performing Arts, Columbus Circle, the Irving Trust Bank on Fifth Avenue, and Tavern on the Green."
Q40729,Wadi Rum,Q18547944,The Martian,spot,https://en.wikipedia.org/wiki/Wadi_Rum,The RFC was previously nominated for its work with The Martian.
Q40729,Wadi Rum,Q18547944,The Martian,spot,https://en.wikipedia.org/wiki/Wadi_Rum,"The Martian – filming for the Ridley Scott film began in March 2015, for shots that stood in for the surface of Mars."
Q40729,Wadi Rum,Q18547944,The Martian,work,https://en.wikipedia.org/wiki/The_Martian_(film),Wadi Rum in Jordan was also used for exterior filming.
Q40729,Wadi Rum,Q18547944,The Martian,work,https://en.wikipedia.org/wiki/The_Martian_(film),"External scenes depicting Mars were filmed in Wadi Rum, a UNESCO world heritage site in Jordan, over eight days in March 2015."
Q40729,Wadi Rum,Q18547944,The Martian,work,https://en.wikipedia.org/wiki/The_Martian_(film),"Wadi Rum had been used as a location for other films set on Mars, including Mission to Mars (2000), Red Planet (2000) and The Last Days on Mars (2013)."
Q40729,Wadi Rum,Q19590955,Rogue One: A Star Wars Story,spot,https://en.wikipedia.org/wiki/Wadi_Rum,"The Location Managers Guild recognized the Jordanian Royal Film Commission with its LMGI Award for Outstanding Film Commission in 2017 for its work on Rogue One, which was filmed at Wadi Rum."
Q40729,Wadi Rum,Q19590955,Rogue One: A Star Wars Story,spot,https://en.wikipedia.org/wiki/Wadi_Rum,"Rogue One: A Star Wars Story, used for scenes set on Jedha."
Q40729,Wadi Rum,Q19590955,Rogue One: A Star Wars Story,work,https://en.wikipedia.org/wiki/Rogue_One,Wadi Rum in Jordan and the fortification of Masada in Israel was used to represent Jedha.
Q40729,Wadi Rum,Q20977110,Star Wars: Episode IX – The Rise of Skywalker,spot,https://en.wikipedia.org/wiki/Wadi_Rum,"Star Wars: The Rise of Skywalker, used for the desert planet Pasaana."
Q40729,Wadi Rum,Q20977110,Star Wars: Episode IX – The Rise of Skywalker,work,https://en.wikipedia.org/wiki/Star_Wars:_The_Rise_of_Skywalker,"Filming also took place in Wadi Rum, Jordan."
Q40729,Wadi Rum,Q27188178,Aladdin,spot,https://en.wikipedia.org/wiki/Wadi_Rum,"Aladdin, 2019 live action remake of the 1992 Disney animated film of the same name."
Q40729,Wadi Rum,Q27188178,Aladdin,work,https://en.wikipedia.org/wiki/Aladdin_(2019_film),Filming also took place in the Wadi Rum Desert in Jordan.
Q40729,Wadi Rum,Q27188178,Aladdin,work,https://en.wikipedia.org/wiki/Aladdin_(2019_film),"Part of the film was shot in Wadi Rum Desert, Jordan."
Q40729,Wadi Rum,Q60834962,Dune,spot,https://en.wikipedia.org/wiki/Wadi_Rum,"Dune (2021), used as a location for the desert planet Arrakis."
Q40729,Wadi Rum,Q60834962,Dune,work,https://en.wikipedia.org/wiki/Dune_(2021_film),"Filming occurred in Wadi Rum, Jordan, which doubled for Arrakis."
Q421678,Old Town Square,Q1741232,Mission: Impossible,work,https://en.wikipedia.org/wiki/Mission:_Impossible_(film),"The film was one of the first Hollywood features to be both set and shot in contemporary Prague with extensive filming throughout a number of recognizable places including Charles Bridge, National Museum or Old Town Square."
Q44057,Millennium Bridge,Q5887360,Guardians of the Galaxy,spot,"https://en.wikipedia.org/wiki/Millennium_Bridge,_London",The bridge appears in the 2014 Marvel Cinematic Universe film Guardians of the Galaxy during the climactic battle on Xandar.
Q44057,Millennium Bridge,Q5887360,Guardians of the Galaxy,work,https://en.wikipedia.org/wiki/Guardians_of_the_Galaxy_(film),"On August 11, 2013, filming began at London's Millennium Bridge, which was selected as a double for Xandar."
Q4439850,Old Warner Brothers Studios,Q465087,The Jazz Singer,spot,https://en.wikipedia.org/wiki/Old_Warner_Brothers_Studios,"The studio was the site where the first talking feature film, The Jazz Singer, was filmed in 1927."
Q4439850,Old Warner Brothers Studios,Q465087,The Jazz Singer,spot,https://en.wikipedia.org/wiki/Old_Warner_Brothers_Studios,"The site has been recognized as historically significant in large part due to its having been the location where the first talking feature-length motion picture, The Jazz Singer was filmed in 1927."
Q4439850,Old Warner Brothers Studios,Q465087,The Jazz Singer,spot,https://en.wikipedia.org/wiki/Old_Warner_Brothers_Studios,"In 1977, a celebration was held in Hollywood marking the 50th anniversary of the talking motion picture, including a parade of old cars ending at the KTLA studios where The Jazz Singer had been filmed 50 years earlier."
Q44547,Arecibo Radio Telescope,Q19089,GoldenEye,spot,https://en.wikipedia.org/wiki/Arecibo_Telescope,"The telescope's unique and futuristic design led to several appearances in film, gaming and television productions, such as for the climactic fight scene in the James Bond film GoldenEye (1995)."
Q44547,Arecibo Radio Telescope,Q19089,GoldenEye,spot,https://en.wikipedia.org/wiki/Arecibo_Telescope,"It was used as a filming location in the films GoldenEye (1995), Species (1995), and Contact (1997) (based on Carl Sagan's novel of the same name, which also featured the observatory), The Losers (2010), , as the climatic battleground against Ultron in Season 3 of Avengers Assemble, and in The X-Files episode ""Little Green Men""."
Q4545538,007 Stage,Q160560,The Da Vinci Code,spot,https://en.wikipedia.org/wiki/007_Stage,The Da Vinci Code (2006): The Louvre gallery
Q4545538,007 Stage,Q160560,The Da Vinci Code,work,https://en.wikipedia.org/wiki/The_Da_Vinci_Code_(film),"The filmmakers shot many of the inside scenes at Pinewood Studios; the opening sequence in the cavernous 007 Stage at Pinewood Shepperton, where the interior of the Louvre was re-created."
Q4545538,007 Stage,Q212145,The World Is Not Enough,spot,https://en.wikipedia.org/wiki/007_Stage,The World Is Not Enough (1999): Russian nuclear testing facility
Q4545538,007 Stage,Q30931,Die Another Day,spot,https://en.wikipedia.org/wiki/007_Stage,Die Another Day (2002): Gustav Graves' Ice Palace
Q4545538,007 Stage,Q30931,Die Another Day,work,https://en.wikipedia.org/wiki/Die_Another_Day,"Other locations included Pinewood Studios' 007 Stage and Maui, Hawaii, in December 2001."
Q456685,Ambassador Hotel,Q106428,Apollo 13,spot,https://en.wikipedia.org/wiki/Ambassador_Hotel_(Los_Angeles),"It was also used in period films such as Almost Famous, Apollo 13, Hoffa, That Thing You Do!, and the kitchen was used in the 1997 made-for-TV adaptation of Disney's Tower of Terror."
Q456685,Ambassador Hotel,Q117590,"Beverly Hills, 90210",spot,https://en.wikipedia.org/wiki/Ambassador_Hotel_(Los_Angeles),"In the 1980s and early 2000s, the hotel was filmed in Beverly Hills, 90210; Blow; Catch Me If You Can, Pretty Woman, Forrest Gump; The Italian Job; Mafia!; Murder, She Wrote; Heartbreakers, S.W.A.T.; and much more."
Q456685,Ambassador Hotel,Q134773,Forrest Gump,spot,https://en.wikipedia.org/wiki/Ambassador_Hotel_(Los_Angeles),"In the 1980s and early 2000s, the hotel was filmed in Beverly Hills, 90210; Blow; Catch Me If You Can, Pretty Woman, Forrest Gump; The Italian Job; Mafia!; Murder, She Wrote; Heartbreakers, S.W.A.T.; and much more."
Q456685,Ambassador Hotel,Q207954,Pretty Woman,spot,https://en.wikipedia.org/wiki/Ambassador_Hotel_(Los_Angeles),"In the 1980s and early 2000s, the hotel was filmed in Beverly Hills, 90210; Blow; Catch Me If You Can, Pretty Woman, Forrest Gump; The Italian Job; Mafia!; Murder, She Wrote; Heartbreakers, S.W.A.T.; and much more."
Q456685,Ambassador Hotel,Q207954,Pretty Woman,work,https://en.wikipedia.org/wiki/Pretty_Woman,Interior scenes set in the Beverly Wilshire Hotel lobby were shot at the Ambassador Hotel in Los Angeles.
Q456685,Ambassador Hotel,Q208108,Catch Me If You Can,spot,https://en.wikipedia.org/wiki/Ambassador_Hotel_(Los_Angeles),"In the 1980s and early 2000s, the hotel was filmed in Beverly Hills, 90210; Blow; Catch Me If You Can, Pretty Woman, Forrest Gump; The Italian Job; Mafia!; Murder, She Wrote; Heartbreakers, S.W.A.T.; and much more."
Q456685,Ambassador Hotel,Q212156,Angel,spot,https://en.wikipedia.org/wiki/Ambassador_Hotel_(Los_Angeles),"The last project filmed in the Ambassador Hotel's kitchen was ""Spin the Bottle"", a 2004 episode of the TV series Angel."
Q456685,Ambassador Hotel,Q678775,S.W.A.T.,spot,https://en.wikipedia.org/wiki/Ambassador_Hotel_(Los_Angeles),"In the 1980s and early 2000s, the hotel was filmed in Beverly Hills, 90210; Blow; Catch Me If You Can, Pretty Woman, Forrest Gump; The Italian Job; Mafia!; Murder, She Wrote; Heartbreakers, S.W.A.T.; and much more."
Q456685,Ambassador Hotel,Q678775,S.W.A.T.,work,https://en.wikipedia.org/wiki/S.W.A.T._(2003_film),The unit's training scenes were filmed at the city's historic Ambassador Hotel; the building was demolished in 2006.
Q456960,Westminster Bridge,Q18602670,Spectre,spot,https://en.wikipedia.org/wiki/Westminster_Bridge,"In the finale of the 24th James Bond film Spectre, Blofeld's helicopter crashes into Westminster Bridge."
Q456960,Westminster Bridge,Q18602670,Spectre,work,https://en.wikipedia.org/wiki/Spectre_(2015_film),"Bond shoots down Blofeld's helicopter, which crashes onto Westminster Bridge."
Q456960,Westminster Bridge,Q18602670,Spectre,work,https://en.wikipedia.org/wiki/Spectre_(2015_film),"Stunt scenes involving Craig and Seydoux on a speedboat as well as a low flying helicopter near Westminster Bridge were shot at night, with filming temporarily closing both Westminster and Lambeth Bridges."
Q456960,Westminster Bridge,Q18602670,Spectre,work,https://en.wikipedia.org/wiki/Spectre_(2015_film),The crew returned to the river less than a week later to film scenes solely set on Westminster Bridge.
Q456960,Westminster Bridge,Q221075,28 Days Later,spot,https://en.wikipedia.org/wiki/Westminster_Bridge,"In the 2002 British horror film 28 Days Later, the protagonist awakes from a coma to find London deserted and walks over an eerily empty Westminster Bridge whilst looking for signs of life."
Q456960,Westminster Bridge,Q221075,28 Days Later,work,https://en.wikipedia.org/wiki/28_Days_Later,"The film features scenes set in normally bustling parts of London, such as Westminster Bridge, Piccadilly Circus, Horse Guards Parade and Oxford Street."
Q4640603,55 Central Park West,Q108745,Ghostbusters,spot,https://en.wikipedia.org/wiki/55_Central_Park_West,"The building was popularized by the 1984 film Ghostbusters, whose storyline revolves heavily around it."
Q4640603,55 Central Park West,Q108745,Ghostbusters,spot,https://en.wikipedia.org/wiki/55_Central_Park_West,The building holds significance in American popular culture as it was prominently featured in the 1984 comedy Ghostbusters.
Q4640603,55 Central Park West,Q108745,Ghostbusters,spot,https://en.wikipedia.org/wiki/55_Central_Park_West,"In the film, ""550 Central Park West"" – known also as The Shandor Building, The Shandor Apartments or ""Spook Central"" – was the residence of the Ghostbusters' first client, cellist Dana Barrett (Sigourney Weaver)."
Q4640603,55 Central Park West,Q108745,Ghostbusters,work,https://en.wikipedia.org/wiki/Ghostbusters,The building at 55 Central Park West served as the home of Weaver's character and the setting of the Ghostbusters' climactic battle with Gozer.
Q466786,Newark Liberty International Airport,Q615254,Crocodile Dundee,work,https://en.wikipedia.org/wiki/Crocodile_Dundee,"A further six weeks of filming were in New York City (including Newark Liberty International Airport, one of the airports serving the city)."
Q4677677,Acton Lane Power Station,Q116852,Batman,spot,https://en.wikipedia.org/wiki/Acton_Lane_Power_Station,The disused power station was used as a film set in Aliens (1986) and as the 'Axis Chemical Works' in Batman (1989).
Q4677677,Acton Lane Power Station,Q116852,Batman,work,https://en.wikipedia.org/wiki/Batman_(1989_film),"Locations included Knebworth House and Hatfield House doubling for Wayne Manor, plus Acton Lane Power Station and Little Barford Power Station."
Q4677677,Acton Lane Power Station,Q116852,Batman,work,https://en.wikipedia.org/wiki/Batman_(1989_film),"For the production at Acton Lane Power Station, the power plant and alien nest sets from Aliens (1986) were reused as interiors for Axis Chemicals."
Q469014,Glen Canyon,Q528095,Superman III,work,https://en.wikipedia.org/wiki/Superman_III,"While the supercomputer set was created on the 007 Stage, exteriors were shot at Glen Canyon in Utah."
Q4731292,Old Allegheny County Jail,Q133654,The Silence of the Lambs,spot,https://en.wikipedia.org/wiki/Allegheny_County_Jail,"The old Allegheny County Jail has been used in many other movies, including The Silence of the Lambs (film)."
Q474326,Walt Disney Concert Hall,Q192724,Iron Man,spot,https://en.wikipedia.org/wiki/Walt_Disney_Concert_Hall,This building was also used in the Iron Man (2008 release) movie briefly for a party for Stark Industries.
Q474326,Walt Disney Concert Hall,Q62573305,Star Trek: Picard,spot,https://en.wikipedia.org/wiki/Walt_Disney_Concert_Hall,"In the second season of Star Trek: Picard, it was used as the stand-in for the Confederacy of Earth's Presidential Palace."
Q4750878,Anaheim Convention Center,Q62573305,Star Trek: Picard,spot,https://en.wikipedia.org/wiki/Anaheim_Convention_Center,The convention center was a filming location for Star Trek: Picard and made an appearance in the show as a part of Starfleet Headquarters.
Q4752659,The Anchor,Q1741232,Mission: Impossible,spot,"https://en.wikipedia.org/wiki/The_Anchor,_Bankside",The Anchor was featured in the closing scenes of Mission: Impossible.
Q476529,Winchester Cathedral,Q160560,The Da Vinci Code,spot,https://en.wikipedia.org/wiki/Winchester_Cathedral,"In 2005, the building was used as a film set for The Da Vinci Code, with the north transept used as the Vatican."
Q476529,Winchester Cathedral,Q160560,The Da Vinci Code,work,https://en.wikipedia.org/wiki/The_Da_Vinci_Code_(film),"Winchester Cathedral answered criticism by using its location fee to fund an exhibition, lecture series, and campaign to debunk the book."
Q476529,Winchester Cathedral,Q28234,Les Misérables,work,https://en.wikipedia.org/wiki/Les_Mis%C3%A9rables_(2012_film),"Filming locations in England included Boughton House, the Chantry Chapel and Cloisters at Winchester College, Winchester Cathedral Close, Her Majesty's Naval Base Portsmouth, Chatham Dockyard, the Ashridge Estate, St Mary the Virgin Church, Ewelme, South Oxfordshire and Pinewood Studios."
Q48335,Newfoundland,Q22998395,Aquaman,work,https://en.wikipedia.org/wiki/Aquaman_(film),"A majority of the film was shot at Village Roadshow Studios in Gold Coast, Queensland, with additional production in Newfoundland, Sicily and Morocco."
Q48335,Newfoundland,Q22998395,Aquaman,work,https://en.wikipedia.org/wiki/Aquaman_(film),Filming took place in Newfoundland and Labrador.
Q4852137,Ballyglunin railway station,Q470560,The Quiet Man,spot,https://en.wikipedia.org/wiki/Ballyglunin_railway_station,"Closed in 1976, the station building is a protected structure which is known for its association with the 1952 film, The Quiet Man."
Q4852137,Ballyglunin railway station,Q470560,The Quiet Man,spot,https://en.wikipedia.org/wiki/Ballyglunin_railway_station,The station was used during the filming of the film The Quiet Man starring John Wayne and Maureen O'Hara in 1952.
Q4852137,Ballyglunin railway station,Q470560,The Quiet Man,spot,https://en.wikipedia.org/wiki/Ballyglunin_railway_station,"This project, which focused on the station's association with The Quiet Man, resulted in a number of restoration and conservation activities."
Q4852137,Ballyglunin railway station,Q470560,The Quiet Man,work,https://en.wikipedia.org/wiki/The_Quiet_Man,"Yeats for a period; Ballyglunin railway station near Tuam, County Galway, which was filmed as Castletown station; and various places in County Mayo and Connemara, County Galway."
Q48821,Kennedy Space Center,Q106428,Apollo 13,spot,https://en.wikipedia.org/wiki/Kennedy_Space_Center,Apollo 13
Q49095,Ogeum Station,Q494048,The Bourne Legacy,spot,https://en.wikipedia.org/wiki/Ogeum_station,Some scenes for the film The Bourne Legacy were filmed at the station.
Q49117,University of Pennsylvania,Q204057,Philadelphia,spot,https://en.wikipedia.org/wiki/University_of_Pennsylvania,"The University of Pennsylvania (Penn or UPenn) is a private Ivy League research university in Philadelphia, Pennsylvania, United States."
Q49117,University of Pennsylvania,Q204057,Philadelphia,spot,https://en.wikipedia.org/wiki/University_of_Pennsylvania,"The main campus is in the University City neighborhood of West Philadelphia, centered around College Hall."
Q49117,University of Pennsylvania,Q204057,Philadelphia,spot,https://en.wikipedia.org/wiki/University_of_Pennsylvania,"Designed and constructed by Edmund Woolley, it was the largest building in Philadelphia at the time and drew thousands of attendees."
Q49117,University of Pennsylvania,Q204057,Philadelphia,work,https://en.wikipedia.org/wiki/Philadelphia_(film),"Other locations included the University of Pennsylvania library, Mount Sinai Hospital, Spectrum arena and Rittenhouse Square."
Q49136,Fenway Park,Q725539,The Town,work,https://en.wikipedia.org/wiki/The_Town_(2010_film),"Meanwhile, he and his crew set out to get one final score by robbing Fenway Park."
Q49136,Fenway Park,Q725539,The Town,work,https://en.wikipedia.org/wiki/The_Town_(2010_film),The Town debuted at the Venice Film Festival and had its American premiere at Boston's Fenway Park.
Q49148,Martha's Vineyard,Q189505,Jaws,spot,https://en.wikipedia.org/wiki/Martha%27s_Vineyard,"In 1974, Steven Spielberg filmed the movie Jaws on Martha's Vineyard, most notably in Menemsha and Chilmark."
Q49148,Martha's Vineyard,Q189505,Jaws,work,https://en.wikipedia.org/wiki/Jaws_(film),"Shot mostly on location at Martha's Vineyard in Massachusetts from May to October 1974, Jaws was the first major motion picture to be shot on the ocean and consequently had a troubled production, going over budget and schedule."
Q49148,Martha's Vineyard,Q189505,Jaws,work,https://en.wikipedia.org/wiki/Jaws_(film),"Most minor roles were played by residents of Martha's Vineyard, where the film was shot."
Q49148,Martha's Vineyard,Q189505,Jaws,work,https://en.wikipedia.org/wiki/Jaws_(film),"Brown explained later that the production ""needed a vacation area that was lower middle class enough so that an appearance of a shark would destroy the tourist business."" Martha's Vineyard was also chosen because the surrounding ocean had a sandy bottom that never dropped below 35 feet (11 m) for 12 miles (19 km) out from shore, which allowed the mechanical sharks to operate while also beyond sight of land."
Q4918900,Mentmore Towers,Q166262,Batman Begins,spot,https://en.wikipedia.org/wiki/Mentmore_Towers,"The house has appeared in many films, including: Brazil (1985), Slipstream (1989), Incognito (1997), Eyes Wide Shut (1999), Quills (2000), The Mummy Returns (2001), Ali G Indahouse (2002), Johnny English (2003), Batman Begins (2005), Infinite (2021), and Pressure (2026)."
Q4918900,Mentmore Towers,Q166262,Batman Begins,work,https://en.wikipedia.org/wiki/Batman_Begins,"Mentmore Towers was chosen from twenty different locations for Wayne Manor, as Nolan and Crowley liked its white floors, which gave the impression of the manor as a memorial to Wayne's parents."
Q4930882,Blythe House,Q681962,Tinker Tailor Soldier Spy,spot,https://en.wikipedia.org/wiki/Blythe_House,"The building is featured extensively as the fictional headquarters of ""The Circus"" in the 2011 film Tinker Tailor Soldier Spy."
Q4930882,Blythe House,Q681962,Tinker Tailor Soldier Spy,work,https://en.wikipedia.org/wiki/Tinker_Tailor_Soldier_Spy_(film),"Exterior shots of ""The Circus"" were at Blythe House in West Kensington."
Q49376202,Depoe Bay,Q171669,One Flew Over the Cuckoo's Nest,work,https://en.wikipedia.org/wiki/One_Flew_Over_the_Cuckoo%27s_Nest_(film),"Filming finally began in January 1975 and lasted three months, on location in Salem, Oregon, and the surrounding area, and in Depoe Bay on the north Oregon coast."
Q49376202,Depoe Bay,Q171669,One Flew Over the Cuckoo's Nest,work,https://en.wikipedia.org/wiki/One_Flew_Over_the_Cuckoo%27s_Nest_(film),"The film was shot on location in Salem, Oregon, the surrounding area, and the coastal town of Depoe Bay, Oregon."
Q4949432,Boughton House,Q28234,Les Misérables,spot,https://en.wikipedia.org/wiki/Boughton_House,"Boughton has featured as a filming location, including; Les Misérables (2012) and An American Aristocrat's Guide to Great Estates (2020)."
Q4949432,Boughton House,Q28234,Les Misérables,work,https://en.wikipedia.org/wiki/Les_Mis%C3%A9rables_(2012_film),"Filming locations in England included Boughton House, the Chantry Chapel and Cloisters at Winchester College, Winchester Cathedral Close, Her Majesty's Naval Base Portsmouth, Chatham Dockyard, the Ashridge Estate, St Mary the Virgin Church, Ewelme, South Oxfordshire and Pinewood Studios."
Q49642,"Rosslyn Chapel, Roslin",Q160560,The Da Vinci Code,spot,https://en.wikipedia.org/wiki/Rosslyn_Chapel,It was prominently featured in this role in Dan Brown's bestselling novel The Da Vinci Code (2003) and its 2006 film adaptation.
Q49642,"Rosslyn Chapel, Roslin",Q160560,The Da Vinci Code,spot,https://en.wikipedia.org/wiki/Rosslyn_Chapel,"In 2006, historian Louise Yeoman criticised the Rosslyn Chapel trust for ""cashing in"" on the popularity of The Da Vinci Code, against better knowledge."
Q49642,"Rosslyn Chapel, Roslin",Q160560,The Da Vinci Code,spot,https://en.wikipedia.org/wiki/Rosslyn_Chapel,"In the financial year of 2013–14, Rosslyn Chapel recorded 144,823 visitors, the highest number since 2007–08, when (at the height of popular interest induced by The Da Vinci Code), the number of visitors was close to 159,000."
Q49642,"Rosslyn Chapel, Roslin",Q160560,The Da Vinci Code,work,https://en.wikipedia.org/wiki/The_Da_Vinci_Code_(film),"Locations included the King's College London campus, Fairfield Halls (Croydon), the Temple Church (London), Burghley House (Lincolnshire) and Rosslyn Chapel and Rosslyn Castle (Midlothian, Scotland) make an appearance at the final part of the film."
Q4972142,Broadcasting House,Q34316,Doctor Who,spot,"https://en.wikipedia.org/wiki/Broadcasting_House,_Cardiff","Television programmes produced at Broadcasting House Cardiff included BBC Wales Today, Newyddion, Doctor Who Confidential, The Chatterley Affair, Pobol y Cwm, Belonging, High Hopes, Satellite City and The District Nurse."
Q4979489,Brunswick Centre,Q60462338,Andor,spot,https://en.wikipedia.org/wiki/Brunswick_Centre,The 2022 series set in the Star Wars universe Andor filmed Coruscant scenes at the centre.
Q4993391,Waverly Place,Q184342,Wizards of Waverly Place,spot,https://en.wikipedia.org/wiki/Waverly_Place,The Disney Channel television series Wizards of Waverly Place and its spinoff Wizards Beyond Waverly Place are set there.
Q4993391,Waverly Place,Q184342,Wizards of Waverly Place,work,https://en.wikipedia.org/wiki/Wizards_of_Waverly_Place,"A made-for-television film adaptation, Wizards of Waverly Place: The Movie aired on the network in 2009 and was awarded a Primetime Emmy Award for Outstanding Children's Program in 2010."
Q4993391,Waverly Place,Q184342,Wizards of Waverly Place,work,https://en.wikipedia.org/wiki/Wizards_of_Waverly_Place,The series is set in a fictionalized version of Waverly Place in Greenwich Village.
Q4993391,Waverly Place,Q184342,Wizards of Waverly Place,work,https://en.wikipedia.org/wiki/Wizards_of_Waverly_Place,Wizards of Waverly Place was filmed at Hollywood Center Studios.
Q4999737,Burnham Beeches,Q486822,Robin Hood: Prince of Thieves,work,https://en.wikipedia.org/wiki/Robin_Hood:_Prince_of_Thieves,"It's horrible."" On the first day of filming, the suddenly changing weather caused jet traffic to be diverted from London's Heathrow Airport 10 miles (16 km) away, and roar over the filming location at Burnham Beeches."
Q4999737,Burnham Beeches,Q486822,Robin Hood: Prince of Thieves,work,https://en.wikipedia.org/wiki/Robin_Hood:_Prince_of_Thieves,"Scenes set in Sherwood Forest were filmed at various locations in England: The outlaws' encampment was filmed at Burnham Beeches in Buckinghamshire, south of the real Sherwood Forest in Nottinghamshire; the fight scene between Robin and Little John (Nick Brimble) was at Aysgarth Falls in North Yorkshire; and Marian sees Robin bathing at Hardraw Force, also in North Yorkshire."
Q501003,Waterloo Bridge,Q109135,Trainspotting,spot,https://en.wikipedia.org/wiki/Waterloo_Bridge,The bridge features in the closing scene of the 1996 film Trainspotting.
Q502098,Baths of Caracalla,Q21451640,John Wick: Chapter 2,spot,https://en.wikipedia.org/wiki/Baths_of_Caracalla,The baths were used as a filming location for John Wick: Chapter 2.
Q502098,Baths of Caracalla,Q21451640,John Wick: Chapter 2,work,https://en.wikipedia.org/wiki/John_Wick:_Chapter_2,The scene of Gianna's coronation party was shot near the ruins of the Baths of Caracalla.
Q5033525,Cantacuzino Castle,Q105553568,Wednesday,spot,https://en.wikipedia.org/wiki/Cantacuzino_Castle,"In 2022, the castle was a filming location for the Netflix series Wednesday."
Q5033525,Cantacuzino Castle,Q105553568,Wednesday,work,https://en.wikipedia.org/wiki/Wednesday_(TV_series),"Filming locations included Cantacuzino Castle, serving as the setting for the fictional Nevermore Academy, Politehnica University of Bucharest, Sinaia railway station, the Bucharest Botanical Garden, Monteoru House and the historic Olga Greceanu Mansion in Dâmbovița County, standing in for the Gates mansion."
Q5033525,Cantacuzino Castle,Q105553568,Wednesday,work,https://en.wikipedia.org/wiki/Wednesday_(TV_series),Exterior shots of Cantacuzino Castle were supplemented with computer-generated imagery.
Q5049457,Cassiobury Park,Q165713,Star Wars: Episode I – The Phantom Menace,spot,https://en.wikipedia.org/wiki/Cassiobury_Park,"In 1997 Whippendell Wood served as a Star Wars filming location when it provided the backdrop of a forest on the planet Naboo which featured in the scene in Star Wars: Episode I – The Phantom Menace, in which Qui-Gon Jinn (Liam Neeson) and his Jedi apprentice Obi-Wan Kenobi (Ewan McGregor) first meet Jar Jar Binks (Ahmed Best)."
Q5049457,Cassiobury Park,Q165713,Star Wars: Episode I – The Phantom Menace,work,https://en.wikipedia.org/wiki/Star_Wars:_Episode_I_%E2%80%93_The_Phantom_Menace,"The forest scenes on Naboo were filmed at Cassiobury Park in Watford, Hertfordshire."
Q5087663,Chatham Historic Dockyard,Q14488725,The Man from U.N.C.L.E.,work,https://en.wikipedia.org/wiki/The_Man_from_U.N.C.L.E._(film),"Three locations stood in place for Berlin sites on either side of the wall: the opening scene exterior shots were filmed on Padfield Road in London, the public toilet fight between Solo and Kuryakin was shot in Regent's Park in London, while the car chase during the movie's first act was shot in Chatham Historic Dockyard, Kent UK."
Q5087663,Chatham Historic Dockyard,Q28234,Les Misérables,spot,https://en.wikipedia.org/wiki/Chatham_Historic_Dockyard,Les Misérables
Q5153249,Commodore Schuyler F. Heim Bridge,Q25188,Inception,spot,https://en.wikipedia.org/wiki/Commodore_Schuyler_F._Heim_Bridge,The bridge plays a key role in the plot of the 2010 film Inception.
Q519826,Lawrence Livermore National Laboratory,Q171711,Star Trek Into Darkness,work,https://en.wikipedia.org/wiki/Star_Trek_Into_Darkness,"Filming was done on location in Los Angeles, California, and around the area at the Lawrence Livermore National Laboratory in Livermore."
Q5209517,Daintree Rainforest,Q221491,The Thin Red Line,work,https://en.wikipedia.org/wiki/The_Thin_Red_Line_(1998_film),"We would have had to bring everybody to Guadalcanal, and financially it just didn't make sense."" The Thin Red Line was filmed predominantly in the Daintree Rainforest and on Bramston Beach, both in north Queensland, Australia."
Q521155,Estates Theatre,Q190956,Amadeus,spot,https://en.wikipedia.org/wiki/Estates_Theatre,"One of the Estates Theatre's many claims to glory is its strong link with Wolfgang Amadeus Mozart, who conducted the world premiere of his opera Don Giovanni here in October 1787."
Q521155,Estates Theatre,Q190956,Amadeus,spot,https://en.wikipedia.org/wiki/Estates_Theatre,"The Estates Theatre currently offers performances of dramas, ballets and operas with the focus of the opera company on the work of Wolfgang Amadeus Mozart."
Q521155,Estates Theatre,Q190956,Amadeus,spot,https://en.wikipedia.org/wiki/Estates_Theatre,Most of the opera scenes of Miloš Forman's film Amadeus were shot at the Estates Theatre.
Q521155,Estates Theatre,Q190956,Amadeus,work,https://en.wikipedia.org/wiki/Amadeus_(film),"Forman was able to shoot scenes in the Estates Theatre in Prague, where Don Giovanni and La clemenza di Tito debuted two centuries before."
Q521527,Bardenas Reales,Q212145,The World Is Not Enough,work,https://en.wikipedia.org/wiki/The_World_Is_Not_Enough,"The exterior of Kazakhstan nuclear facility was shot at the Bardenas Reales, in Navarre, Spain, and the exterior of the oil refinery control centre at the Motorola building in Groundwell, Swindon."
Q5270901,Diamond Ranch High School,Q691611,Serenity,spot,https://en.wikipedia.org/wiki/Diamond_Ranch_High_School,"Because of its modernist architecture, size and location in California, the school has appeared in movies such as The Cell, Orange County, Serenity, Live Free or Die Hard, and The Thinning."
Q5270901,Diamond Ranch High School,Q691611,Serenity,work,https://en.wikipedia.org/wiki/Serenity_(2005_film),The scenes on the planet Miranda were filmed at Diamond Ranch High School in Pomona.
Q5288554,Edward L. Doheny Jr. Memorial Library,Q217627,The Graduate,spot,https://en.wikipedia.org/wiki/Doheny_Library,"The Doheny Library was used as a filming location for Mike Nichols' 1967 film The Graduate, for the sequence in which Benjamin Braddock (Dustin Hoffman) waits by the fountain for Elaine Robinson (Katharine Ross), who exits the library's main door."
Q5303134,Downey Studios,Q205028,Iron Man 2,spot,https://en.wikipedia.org/wiki/Downey_Studios,Iron Man 2 (2010)
Q5303134,Downey Studios,Q205028,Iron Man 2,work,https://en.wikipedia.org/wiki/Iron_Man_2,"The Historic Grand Prix of Monaco action sequence was shot in the parking lot of Downey Studios, with sets constructed in May and filming lasting through June."
Q5319309,Dyrham Park,Q1625242,The Remains of the Day,spot,https://en.wikipedia.org/wiki/Dyrham_Park,Dyrham Park was one of the houses used as a filming location for the 1993 Merchant Ivory film The Remains of the Day (others included Badminton House and Powderham Castle).
Q5319309,Dyrham Park,Q1625242,The Remains of the Day,work,https://en.wikipedia.org/wiki/The_Remains_of_the_Day_(film),"Among them were Dyrham Park for the exterior of the house and the driveway, Powderham Castle (staircase, hall, music room, bedroom; used for the aqua-turquoise stairway scenes), Corsham Court (library and dining room) and Badminton House (servants' quarters, conservatory, entrance hall)."
Q5321374,The E-Act Burnham Park Academy,Q106623586,Heartstopper,spot,https://en.wikipedia.org/wiki/The_E-ACT_Burnham_Park_Academy,"In 2021, the Netflix series Heartstopper  was filmed on the grounds of the school after its closure."
Q5328880,East Los Angeles College,Q14772351,Batman v Superman: Dawn of Justice,work,https://en.wikipedia.org/wiki/Batman_v_Superman:_Dawn_of_Justice,"Initial filming commenced on October 19, 2013, at East Los Angeles College, to shoot an American football game between Gotham City University and rival Metropolis State University."
Q5365721,Elliott School,Q190588,Love Actually,spot,"https://en.wikipedia.org/wiki/Elliott_School,_Putney","The school's assembly hall was the location for the Christmas pageant in Richard Curtis' 2003 film Love Actually where Hugh Grant, Emma Thompson and other stars visited for the movie."
Q537149,Grand-Hôtel du Cap-Ferrat,Q64584978,Emily in Paris,work,https://en.wikipedia.org/wiki/Emily_in_Paris,"New filming locations for the second season include Monnaie de Paris, Musée des Arts Forains, Huatian Chinagora in Saint-Tropez, Palace of Versailles, Villefranche-sur-Mer, Grand-Hôtel du Cap-Ferrat, and other locations in France."
Q543254,Scarborough Bluffs,Q21296543,Star Trek: Discovery,work,https://en.wikipedia.org/wiki/Star_Trek:_Discovery,"Filming for the series also takes place on location around Ontario, Canada, including at the Aga Khan Museum in Toronto to portray the Vulcan Science Academy, the Hilton Falls and Kelso Conservation Areas, the Scarborough Bluffs, the Stelco steel plant in Hamilton, and the disused Kingston Penitentiary."
Q5438774,Fawley Power Station,Q17548046,Mission: Impossible – Rogue Nation,spot,https://en.wikipedia.org/wiki/Fawley_Power_Station,Some scenes for the 2015 film Mission: Impossible – Rogue Nation were filmed on location at Fawley power station.
Q5438774,Fawley Power Station,Q17548046,Mission: Impossible – Rogue Nation,work,https://en.wikipedia.org/wiki/Mission:_Impossible_%E2%80%93_Rogue_Nation,"On November 9, filming began on Southampton Water, and Fawley Power Station."
Q5451467,Fire Station No. 23,Q108745,Ghostbusters,spot,"https://en.wikipedia.org/wiki/Fire_Station_No._23_(Los_Angeles,_California)","Motion pictures filmed here include the Ghostbusters movies, Set It Off, The Mask, Police Academy 2, Flatliners, Firehouse and National Security."
Q5451467,Fire Station No. 23,Q108745,Ghostbusters,spot,"https://en.wikipedia.org/wiki/Fire_Station_No._23_(Los_Angeles,_California)","The first major motion picture filmed at Station 23 was Hammett (1982), followed two years later by Ghostbusters."
Q5451467,Fire Station No. 23,Q108745,Ghostbusters,spot,"https://en.wikipedia.org/wiki/Fire_Station_No._23_(Los_Angeles,_California)","The success of Ghostbusters popularized the station as a shoot location, and it has since then been used in more than fifty productions, including Big Trouble in Little China (1986), Ghostbusters II (1989), The Mask (1994), Police Academy 2 (1985), A-Team (1986), V.I."
Q5468939,Forest Hill,Q110206,Dirty Harry,spot,https://en.wikipedia.org/wiki/Forest_Hill_station_(Muni_Metro),Scenes from the film Dirty Harry (1971) and Milk (2008) were shot inside of this station.
Q5468939,Forest Hill,Q201687,Milk,spot,https://en.wikipedia.org/wiki/Forest_Hill_station_(Muni_Metro),Scenes from the film Dirty Harry (1971) and Milk (2008) were shot inside of this station.
Q5475526,Four Seasons Resort Maui,Q106679014,The White Lotus,spot,https://en.wikipedia.org/wiki/Four_Seasons_Resort_Maui,The White Lotus was filmed at the resort in 2020.
Q5475526,Four Seasons Resort Maui,Q106679014,The White Lotus,work,https://en.wikipedia.org/wiki/The_White_Lotus,"By November 21, 2020, the series was halfway through filming at the Four Seasons Resort Maui at Wailea and was scheduled to film in December at locations around Maui."
Q550,avenue des Champs-Élysées,Q901140,The Day of the Jackal,work,https://en.wikipedia.org/wiki/The_Day_of_the_Jackal_(film),"To lend a documentary-like authenticity to the final Liberation Day sequence, the film company obtained permission to use hand-held cameras inside police lines at the annual Fourteenth of July Bastille Day military parade down the Champs-Élysées."
Q5519656,Gamble House,Q91540,Back to the Future,spot,"https://en.wikipedia.org/wiki/Gamble_House_(Pasadena,_California)","The exterior of the house gained worldwide exposure as the Brown Mansion, the home (in 1955) of Emmett ""Doc"" Brown in the 1985 movie Back to the Future and more prominently in the 1990 movie Back to the Future Part III."
Q5519656,Gamble House,Q91540,Back to the Future,work,https://en.wikipedia.org/wiki/Back_to_the_Future,"(Its exterior is the Gamble House; interiors were shot at the historic Blacker House.) Puente Hills Mall in City of Industry, California serves as the Twin Pines mall, which later becomes the Lone Pine mall after Marty knocks over one of the trees at Twin Pines ranch in 1955, which was filmed at Disney's Golden Oak Ranch in Newhall, Santa Clarita, California."
Q554146,Markarfljót,Q131547207,The Odyssey,work,https://en.wikipedia.org/wiki/The_Odyssey_(2026_film),"For ten days in late June, the production partnered with Truenorth in remote regions of Iceland, including the harbor Landeyjahöfn, the Hjörleifshöfði mountain, the river Markarfljót, and the Snæfellsnes peninsula, primarily to shoot scenes on their black sand beaches for the Greek underworld of Hades, before returning to Scotland for scenes at the Buckie Harbour along the Moray Firth coast and at the secluded Sunnyside Beach near Cullen, Moray."
Q5544754,George Square,Q28196,World War Z,spot,https://en.wikipedia.org/wiki/George_Square,"Scenes for the zombie movie World War Z were filmed in the square in August 2011, using the resemblance of buildings to Philadelphia's financial district."
Q5555209,Halton House,Q160060,The King's Speech,spot,https://en.wikipedia.org/wiki/Halton_House,The King's Speech (2010 historical drama)
Q5559351,Gibson House Museum,Q56881140,Little Women,spot,https://en.wikipedia.org/wiki/Gibson_House_Museum,In 2018 director Greta Gerwig filmed scenes in the museum for Little Women.
Q5575368,Goathland railway station,Q102438,Harry Potter and the Philosopher's Stone,work,https://en.wikipedia.org/wiki/Harry_Potter_and_the_Philosopher%27s_Stone_(film),Filming at the North Yorkshire's Goathland railway station took place on 2 October 2000.
Q5580261,Goldney Hall,Q192837,Sherlock,spot,https://en.wikipedia.org/wiki/Goldney_Hall,"Its latest appearance is in the BBC series Sherlock, as the venue for the wedding of John Watson and Mary Morstan in the second episode of the third season, ""The Sign of Three""."
Q5610634,"Grosvenor Chapel, Mayfair",Q190588,Love Actually,spot,https://en.wikipedia.org/wiki/Grosvenor_Chapel,The wedding at the start of the Richard Curtis film Love Actually takes place in the Grosvenor Chapel.
Q5610634,"Grosvenor Chapel, Mayfair",Q190588,Love Actually,work,https://en.wikipedia.org/wiki/Love_Actually,"Most of the film was made on location in London, including Heathrow Airport, Trafalgar Square, the central court of Somerset House in the Strand, Grosvenor Chapel on South Audley Street near Hyde Park, St Paul's Church, Clapham, the Millennium Bridge, Selfridges department store on Oxford Street, Lambeth Bridge, the Tate Modern in the former Bankside Power Station, Canary Wharf, Marble Arch, St."
Q5635257,HM Prison Shepton Mallet,Q27590871,Paddington 2,spot,https://en.wikipedia.org/wiki/HM_Prison_Shepton_Mallet,The interior scenes at the fictional Portobello Prison in Paddington 2 were filmed at Shepton Mallet.
Q5648547,Hankley Common,Q23894626,Black Widow,spot,https://en.wikipedia.org/wiki/Hankley_Common,"In 2019, Marvel blockbuster Black Widow, starring Scarlett Johansson, Rachel Weisz, Florence Pugh and David Harbour, shot numerous scenes on the Common over a 3-month period from June to August."
Q5648547,Hankley Common,Q23894626,Black Widow,work,https://en.wikipedia.org/wiki/Black_Widow_(2021_film),"Shooting took place in mid-July 2019 at Hankley Common in Surrey, England, under the working title Blue Bayou."
Q5648547,Hankley Common,Q4941,Skyfall,spot,https://en.wikipedia.org/wiki/Hankley_Common,"It was also used in Skyfall as the site of James Bond's ancestral Scottish mansion, and for the church scene with Judi Dench as M."
Q5648547,Hankley Common,Q62721520,1917,spot,https://en.wikipedia.org/wiki/Hankley_Common,"In April 2019, filming began on the Common for the First World War epic 1917, in which it represented a French battlefield, with a large set constructed."
Q5648547,Hankley Common,Q62721520,1917,work,https://en.wikipedia.org/wiki/1917_(2019_film),"Filming began on 1 April 2019 and continued through June 2019 in Wiltshire, Hankley Common in Surrey and Govan, as well as at Shepperton Studios."
Q5691682,Hearn Generating Station,Q21296543,Star Trek: Discovery,spot,https://en.wikipedia.org/wiki/Hearn_Generating_Station,"In 2018, the station was also used for a location shoot for the Star Trek: Discovery episode ""Brother""."
Q569978,Caesars Palace,Q192724,Iron Man,spot,https://en.wikipedia.org/wiki/Caesars_Palace,"You Devil (1984), You Ruined My Life (1987), Rain Man (1988), Hearts Are Wild (1992), Fools Rush In (1997), Ocean's Eleven (2001), Intolerable Cruelty (2003), Dreamgirls (2006), Iron Man (2008), The Hangover (2009), 2012 (2009), The Hangover Part III (2013), with the featured hotel suite made available for guest stays, and Step Up: All In (2014)."
Q569978,Caesars Palace,Q192724,Iron Man,work,https://en.wikipedia.org/wiki/Iron_Man_(2008_film),"Filming concluded on June 25, 2007, at Caesars Palace in Las Vegas, Nevada."
Q5706359,Hell's Half Acre,Q478626,Starship Troopers,spot,https://en.wikipedia.org/wiki/Hell%27s_Half_Acre_(Wyoming),Hell's Half Acre was used as the location for the fictional planet of Klendathu in the movie Starship Troopers.
Q5706359,Hell's Half Acre,Q478626,Starship Troopers,work,https://en.wikipedia.org/wiki/Starship_Troopers_(film),"Principal photography began on April 29, 1996, with six weeks of filming in Hell's Half Acre."
Q5713579,Hendon Police College,Q14171368,Avengers: Age of Ultron,spot,https://en.wikipedia.org/wiki/Hendon_Police_College,The college was used for the filming of the 2015 film Avengers: Age of Ultron.
Q5729651,Midtown High School,Q23010088,Spider-Man: Homecoming,spot,https://en.wikipedia.org/wiki/Midtown_High_School_(Atlanta),"In 2016–17, it was used during the production of the 2017 Marvel Studios film Spider-Man: Homecoming, which is set in the Marvel Cinematic Universe (MCU)."
Q5729651,Midtown High School,Q23010088,Spider-Man: Homecoming,spot,https://en.wikipedia.org/wiki/Midtown_High_School_(Atlanta),"Several movies have been shot on campus, including Remember the Titans, Ride Along, The Duff, Love, Simon, Spider-Man: Homecoming, Spider-Man: Far From Home, and Spider-Man: No Way Home."
Q575901,Griffith Observatory,Q20856802,La La Land,work,https://en.wikipedia.org/wiki/La_La_Land,"Chazelle wanted Los Angeles to be the primary setting for his film, commenting that ""there is something very poetic about the city I think, about a city that is built by people with these unrealistic dreams and people who kind of just put it all on the line for that."" Principal photography on the film officially began in the city on August 10, 2015, and filming took place in more than 60 locations both in and near Los Angeles, including the Angels Flight trolley in downtown, houses in the Hollywood Hills, the Colorado Street Bridge, the Rialto Theatre in South Pasadena, the Warner Bros. studio lot, the Grand Central Market, Hermosa Beach's Lighthouse Café, Griffith Observatory, Griffith Park, Chateau Marmont, the Watts Towers, and Long Beach, with many scenes shot in one take."
Q579004,Ely Cathedral,Q12125299,Jupiter Ascending,spot,https://en.wikipedia.org/wiki/Ely_Cathedral,In April 2013 Mila Kunis was at the cathedral filming Jupiter Ascending.
Q579004,Ely Cathedral,Q12125299,Jupiter Ascending,work,https://en.wikipedia.org/wiki/Jupiter_Ascending,Filming also took place at Ely Cathedral in England.
Q579004,Ely Cathedral,Q160060,The King's Speech,spot,https://en.wikipedia.org/wiki/Ely_Cathedral,"A week's filming took place in November 2009 at the cathedral, when it substituted for Westminster Abbey in The King's Speech."
Q579004,Ely Cathedral,Q160060,The King's Speech,work,https://en.wikipedia.org/wiki/The_King%27s_Speech,"On 26 November, a week's filming with Firth, Rush, and Jacobi began at Ely Cathedral, the location used for Westminster Abbey."
Q579004,Ely Cathedral,Q20707362,The Crown,spot,https://en.wikipedia.org/wiki/Ely_Cathedral,In 2016 the cathedral was substituted for Westminster Abbey again in the Netflix original series The Crown.
Q579004,Ely Cathedral,Q20707362,The Crown,work,https://en.wikipedia.org/wiki/The_Crown_(TV_series),"Ely Cathedral and Winchester Cathedral stood in for Westminster Abbey, while locations in South Africa doubled as Kenya."
Q579004,Ely Cathedral,Q470073,The Other Boleyn Girl,spot,https://en.wikipedia.org/wiki/Ely_Cathedral,Filming for The Other Boleyn Girl took place at the cathedral in August 2007.
Q585521,Biltmore Estate,Q722682,Hannibal,spot,https://en.wikipedia.org/wiki/Biltmore_Estate,"Destiny (1990), The Last of the Mohicans (1992), Forrest Gump (1994), Richie Rich (1994), My Fellow Americans (1996), Patch Adams (1998), Hannibal (2001) and The Odd Life of Timothy Green (2012)."
Q5876859,Hofsta,Q474093,The Girl with the Dragon Tattoo,spot,https://en.wikipedia.org/wiki/Hofsta,The estate was used as a filming location for David Fincher's 2011 film The Girl with the Dragon Tattoo.
Q593025,Snæfellsnes,Q131547207,The Odyssey,work,https://en.wikipedia.org/wiki/The_Odyssey_(2026_film),"For ten days in late June, the production partnered with Truenorth in remote regions of Iceland, including the harbor Landeyjahöfn, the Hjörleifshöfði mountain, the river Markarfljót, and the Snæfellsnes peninsula, primarily to shoot scenes on their black sand beaches for the Greek underworld of Hades, before returning to Scotland for scenes at the Buckie Harbour along the Moray Firth coast and at the secluded Sunnyside Beach near Cullen, Moray."
Q595439,Santa Monica Pier,Q192724,Iron Man,spot,https://en.wikipedia.org/wiki/Santa_Monica_Pier,"(1969), Night Tide (1961), Bean (1997), The Sting (1973), Farewell, My Lovely (1975) with Robert Mitchum, Her (2013), A Night at the Roxbury (1998), Mighty Joe Young (1998), Miracle Beach, Forrest Gump (there is a Bubba Gump Shrimp Company Restaurant on the pier), Not Another Teen Movie, Iron Man, Desperate Teenage Lovedolls, Dark Ride, Cellular, The Hottie and the Nottie, Falling Down, Ruthless People (the pier is the site of the movie's climactic final scene), Love Stinks, Hancock, The Happytime Murders, Sharknado, the indie romantic comedy She Wants Me, and Hannah Montana: The Movie (the scene with Lilly's birthday party)."
Q598537,Blackbushe Airport,Q1768437,Rush,work,https://en.wikipedia.org/wiki/Rush_(2013_film),"The film was shot on location in the United Kingdom, Germany and Austria, including Blackbushe Airport in Hampshire, the Snetterton (Norfolk), Cadwell Park (Lincolnshire), the former Crystal Palace and Brands Hatch (Kent) motor racing circuits in Britain, and at the Nürburgring in Germany."
Q61066,Tribhuvan International Airport,Q15631013,Everest,spot,https://en.wikipedia.org/wiki/Tribhuvan_International_Airport,"The airport is considered as a starting point for Mount Everest international tourists, with several daily flights to Lukla."
Q61066,Tribhuvan International Airport,Q15631013,Everest,spot,https://en.wikipedia.org/wiki/Tribhuvan_International_Airport,Several airlines also offer Everest sightseeing flights from Kathmandu.
Q61066,Tribhuvan International Airport,Q15631013,Everest,spot,https://en.wikipedia.org/wiki/Tribhuvan_International_Airport,"Buddha Air, Yeti Airlines, Shree Airlines  and Sita Air also provide daily mountain sightseeing flights or Mount Everest sightseeing flights from Tribhuvan International Airport."
Q61066,Tribhuvan International Airport,Q15631013,Everest,work,https://en.wikipedia.org/wiki/Everest_(2015_film),"On 14 January 2014, Brolin and Hawkes filmed shots at local terminal of Tribhuvan International Airport, and then they were to be filming at Lukla Airport on 15 January 2014, then to Namche Bazaar, and later at the Everest Base Camp, news confirmed."
Q613702,Nanuya Levu,Q83767,The Blue Lagoon,spot,https://en.wikipedia.org/wiki/Nanuya_Levu,"Nanuya Levu (pronounced [naˈnuja ˈleβu]) is a privately owned island of the Yasawa Group in Fiji and the site of the Turtle Island Resort, a sustainable luxury resort and also the locale for the romance adventure film The Blue Lagoon (1980)."
Q613702,Nanuya Levu,Q83767,The Blue Lagoon,work,https://en.wikipedia.org/wiki/The_Blue_Lagoon_(1980_film),"Principal photography of this film began on June 18, 1979, and it was shot at Nanuya Levu, a privately owned island in Fiji."
Q613702,Nanuya Levu,Q83767,The Blue Lagoon,work,https://en.wikipedia.org/wiki/The_Blue_Lagoon_(1980_film),"The flora and fauna featured in the film includes an array of animals from multiple continents, including a species of iguana then unknown to Nanuya Levu."
Q615949,Liwa Oasis,Q60834962,Dune,spot,https://en.wikipedia.org/wiki/Liwa_Oasis,Desert scenes of the desert landscape of Liwa was filmed to represent the planet Arrakis in the 2021 film Dune and 2024 film Dune: Part Two.
Q615949,Liwa Oasis,Q60834962,Dune,work,https://en.wikipedia.org/wiki/Dune_(2021_film),"The Liwa Oasis in the United Arab Emirates also served as a key backdrop for Arrakis, with filming there occurring across 11 days."
Q61721649,Centennial Park,Q27964337,Peter Rabbit,work,https://en.wikipedia.org/wiki/Peter_Rabbit_(film),"Live-action scenes were filmed at Centennial Park in Sydney. and in Ambleside, Cumbria UK."
Q619505,Elland Road,Q160060,The King's Speech,spot,https://en.wikipedia.org/wiki/Elland_Road,"Elland Road was used as a substitute for the old Wembley Stadium for scenes in the 2010 film The King's Speech, which was nominated for 12 Oscars, three of which were for its stars Colin Firth, Geoffrey Rush and Helena Bonham Carter."
Q619505,Elland Road,Q160060,The King's Speech,work,https://en.wikipedia.org/wiki/The_King%27s_Speech,"The opening scene, set at the closing ceremony of the 1925 British Empire Exhibition at Wembley Stadium, was filmed on location at Elland Road, home of Leeds United, and Odsal Stadium, home of Bradford RLFC."
Q619505,Elland Road,Q160060,The King's Speech,work,https://en.wikipedia.org/wiki/The_King%27s_Speech,"Elland Road was used for the speech elements of the prince stammering his way through his first public address, and Odsal Stadium was selected because of the resemblance of its curved ends to Wembley Stadium in 1925."
Q624409,Mapo Bridge,Q14171368,Avengers: Age of Ultron,work,https://en.wikipedia.org/wiki/Avengers:_Age_of_Ultron,"Filming in South Korea began on March 30 on the Mapo Bridge, and continued through April 14 at various locations in Seoul, such as Cheongdam Bridge, Digital Media City, Gangnam Boulevard and road near Kaywon University of Art and Design in Uiwang."
Q631581,Achill Island,Q108314506,The Banshees of Inisherin,spot,https://en.wikipedia.org/wiki/Achill_Island,"The island is featured throughout the film The Banshees of Inisherin in various locations on the island including Keem Bay, Cloughmore, and Purteen Pier."
Q642481,Saint Croix,Q172241,The Shawshank Redemption,work,https://en.wikipedia.org/wiki/The_Shawshank_Redemption,"Just as a prison in Ohio stood in for a fictional one in Maine, the beach scene showing Andy and Red's reunion in Zihuatanejo, Mexico, was actually shot in the Caribbean on the island of Saint Croix, one of the U.S."
Q6464680,La Purisima Mission,Q117085614,One Battle After Another,spot,https://en.wikipedia.org/wiki/La_Pur%C3%ADsima_Mission,"In 2025, the mission was a filming location for the Paul Thomas Anderson directed One Battle After Another starring Leonardo DiCaprio, Sean Penn and Chase Infiniti."
Q6464680,La Purisima Mission,Q117085614,One Battle After Another,work,https://en.wikipedia.org/wiki/One_Battle_After_Another,"Other filming locations included La Purísima Mission, the Westgate Hotel, and the city of San Diego and Otay Mesa near the Mexico–United States border."
Q648192,Six Flags New Orleans,Q3512046,Jurassic World,spot,https://en.wikipedia.org/wiki/Six_Flags_New_Orleans,The park was also used to film portions of the movie Jurassic World in June 2014.
Q648192,Six Flags New Orleans,Q3512046,Jurassic World,spot,https://en.wikipedia.org/wiki/Six_Flags_New_Orleans,Jurassic World used the parking lot as the location for the Jurassic World park.
Q649329,Ennerdale Water,Q221075,28 Days Later,spot,https://en.wikipedia.org/wiki/Ennerdale_Water,"The closing sequences of the film 28 Days Later (2002), directed by Danny Boyle, were filmed around the Ennerdale area, and include a sweeping, panoramic view of the lake."
Q649419,Marylebone station,Q21001651,The Conjuring 2,work,https://en.wikipedia.org/wiki/The_Conjuring_2,"On November 22, filming took place at Marylebone station."
Q65,Los Angeles,Q2085,Twin Peaks,work,https://en.wikipedia.org/wiki/Twin_Peaks,"The soap opera show-within-the-show Invitation to Love was not shot on a studio set, but in the Ennis House, an architectural landmark designed by Frank Lloyd Wright in the Hollywood area of Los Angeles."
Q6514066,Valldalen,Q16635326,Ex Machina,spot,https://en.wikipedia.org/wiki/Valldalen,The 2015 film Ex Machina was filmed at Juvet Landscape Hotel in Valldalen.
Q6514066,Valldalen,Q16635326,Ex Machina,work,https://en.wikipedia.org/wiki/Ex_Machina_(film),"Principal photography began on 15 July 2013 and was shot over four weeks at Pinewood Studios and two weeks at Juvet Landscape Hotel in Valldalen, Norway."
Q661896,Pinewood Studios,Q102225,Harry Potter and the Goblet of Fire,work,https://en.wikipedia.org/wiki/Harry_Potter_and_the_Goblet_of_Fire_(film),"The forest where Hagrid shows Harry the dragons was set in Black Park, next to Pinewood Studios, while the first task of the Triwizard Tournament was filmed at the Steall Falls in Glen Nevis and Black Rock Gorge."
Q661896,Pinewood Studios,Q102754,Dr. No,work,https://en.wikipedia.org/wiki/Dr._No_(film),"Five days later, filming began at Pinewood Studios, Buckinghamshire, England, with sets designed by Ken Adam, which included Dr."
Q661896,Pinewood Studios,Q104814,Aliens,spot,https://en.wikipedia.org/wiki/Pinewood_Studios,"Four James Bond movies, For Your Eyes Only (1981), Octopussy (1983), A View to a Kill (1985), and The Living Daylights (1987), among several other large productions, such as Pink Floyd – The Wall (1982), Superman III (1983), Krull (1983), Legend (1985), Aliens (1986), Stanley Kubrick's Full Metal Jacket (1987), Santa Claus: The Movie (1985) and Tim Burton's Batman (1989), were all produced at Pinewood."
Q661896,Pinewood Studios,Q104814,Aliens,work,https://en.wikipedia.org/wiki/Aliens_(film),The film's development was tumultuous and rife with conflicts between Cameron and the British crew at Pinewood Studios.
Q661896,Pinewood Studios,Q104814,Aliens,work,https://en.wikipedia.org/wiki/Aliens_(film),"Filming took place mainly at Pinewood Studios in Buckinghamshire near London, because of its large sets and the lower cost of filming in England."
Q661896,Pinewood Studios,Q106440,Goldfinger,spot,https://en.wikipedia.org/wiki/Pinewood_Studios,"Burnham Beeches was used for Robin Hood Prince of Thieves, First Knight, Goldfinger, The Princess Bride and Harry Potter and the Order of the Phoenix, Fahrenheit 451 at Black Park."
Q661896,Pinewood Studios,Q106440,Goldfinger,work,https://en.wikipedia.org/wiki/Goldfinger_(film),"Connery, Fröbe, Eaton, Nolan, who played Dink, and Willis, who played Goldfinger's card victim, all filmed their parts on a soundstage at Pinewood Studios when filming moved."
Q661896,Pinewood Studios,Q106440,Goldfinger,work,https://en.wikipedia.org/wiki/Goldfinger_(film),"The primary location was Pinewood Studios, home to, among other sets, a recreation of the Fontainebleau, the South American city of the pre-title sequence and both Goldfinger's estate and factory."
Q661896,Pinewood Studios,Q106440,Goldfinger,work,https://en.wikipedia.org/wiki/Goldfinger_(film),"The end of the chase, when Bond's Aston Martin crashes into a wall because of the mirror, as well as the chase immediately preceding it, were filmed on the road at the rear of Pinewood Studios Sound Stages A and E and the Prop Store."
Q661896,Pinewood Studios,Q106506,The Fifth Element,work,https://en.wikipedia.org/wiki/The_Fifth_Element,It was primarily filmed at Pinewood Studios on seven soundstages including the 007 Stage.
Q661896,Pinewood Studios,Q106571,From Russia with Love,work,https://en.wikipedia.org/wiki/From_Russia_with_Love_(film),"In addition to filming on location in Turkey, the action scenes were shot at Pinewood Studios, Buckinghamshire, and in Scotland."
Q661896,Pinewood Studios,Q106571,From Russia with Love,work,https://en.wikipedia.org/wiki/From_Russia_with_Love_(film),"Filming began on April 1, 1963, at Pinewood Studios."
Q661896,Pinewood Studios,Q106571,From Russia with Love,work,https://en.wikipedia.org/wiki/From_Russia_with_Love_(film),"The MI6 office in London, SPECTRE Island, the Venice hotel and the interior scenes of the Orient Express were filmed at Pinewood Studios with some footage of the train."
Q661896,Pinewood Studios,Q107226,The Bourne Ultimatum,work,https://en.wikipedia.org/wiki/The_Bourne_Ultimatum_(film),"The Bourne Ultimatum was filmed at Pinewood Studios near London and in multiple locations around the world, including Tangier, London, Paris, Madrid (as itself and double for Turin), Berlin (as double for Moscow), New York City including the Springs Mills Building (as the deep cover CIA offices), and other locations in the U.S."
Q661896,Pinewood Studios,Q107724,Thunderball,work,https://en.wikipedia.org/wiki/Thunderball_(film),"The rest of the film was shot at Pinewood Studios, Buckinghamshire, Silverstone racing circuit for the chase involving Count Lippe, Fiona Volpe's RPG-armed BSA Lightning motorcycle and James Bond's Aston Martin DB5 before moving to Nassau, and Paradise Island in the Bahamas (where most of the footage was shot), and Miami."
Q661896,Pinewood Studios,Q107724,Thunderball,work,https://en.wikipedia.org/wiki/Thunderball_(film),"Filming of the movie ended on 9 July 1965, at Pinewood Studios."
Q661896,Pinewood Studios,Q107761,You Only Live Twice,work,https://en.wikipedia.org/wiki/You_Only_Live_Twice_(film),"The sets of SPECTRE's volcano base, including operative heliport and monorail, were constructed at a lot inside Pinewood Studios, at a cost of $1 million."
Q661896,Pinewood Studios,Q107894,On Her Majesty's Secret Service,work,https://en.wikipedia.org/wiki/On_Her_Majesty%27s_Secret_Service_(film),"In March 1969, production moved to England, with London's Pinewood Studios being used for interior scenes, including those set at Piz Gloria, and M's house being shot in Marlow, Buckinghamshire."
Q661896,Pinewood Studios,Q107914,Diamonds Are Forever,spot,https://en.wikipedia.org/wiki/Pinewood_Studios,"Major films shot at Pinewood included Fiddler on the Roof (1971), Sleuth (1972), The Day of the Jackal (1973), Superman (1978) and Superman II (1980), Alien (1979) and Bugsy Malone (1976), and the James Bond films Diamonds Are Forever (1971), Live and Let Die (1973), The Man with the Golden Gun (1974), and The Spy Who Loved Me (1977)."
Q661896,Pinewood Studios,Q107914,Diamonds Are Forever,work,https://en.wikipedia.org/wiki/Diamonds_Are_Forever_(film),"The interiors were a set constructed at Pinewood Studios, where Ken Adam imitated the real building's lozenge-shaped stained glass window in its chapel."
Q661896,Pinewood Studios,Q113244935,Spider-Man: Brand New Day,spot,https://en.wikipedia.org/wiki/Pinewood_Studios,"In 2025, Marvel Studios moved their main production servers and offices to Pinewood Studios, starting predominantly with the productions of Phase Six films The Fantastic Four: First Steps, Spider-Man: Brand New Day, co-produced with Sony, and Avengers: Doomsday and Avengers: Secret Wars, as well as the show VisionQuest."
Q661896,Pinewood Studios,Q113244935,Spider-Man: Brand New Day,work,https://en.wikipedia.org/wiki/Spider-Man:_Brand_New_Day,"Wood did extensive research in New York City before recreating parts of it on the streets of Glasgow, Scotland, and on sets at Pinewood Studios in Buckinghamshire, England."
Q661896,Pinewood Studios,Q116852,Batman,spot,https://en.wikipedia.org/wiki/Pinewood_Studios,"Four James Bond movies, For Your Eyes Only (1981), Octopussy (1983), A View to a Kill (1985), and The Living Daylights (1987), among several other large productions, such as Pink Floyd – The Wall (1982), Superman III (1983), Krull (1983), Legend (1985), Aliens (1986), Stanley Kubrick's Full Metal Jacket (1987), Santa Claus: The Movie (1985) and Tim Burton's Batman (1989), were all produced at Pinewood."
Q661896,Pinewood Studios,Q116852,Batman,work,https://en.wikipedia.org/wiki/Batman_(1989_film),Filming took place at Pinewood Studios from October 1988 to January 1989.
Q661896,Pinewood Studios,Q116852,Batman,work,https://en.wikipedia.org/wiki/Batman_(1989_film),"It was shot at Pinewood Studios in England from October 10, 1988, to February 14, 1989, with 80 days of main shooting and 86 days of second unit shooting."
Q661896,Pinewood Studios,Q14786561,Fury,work,https://en.wikipedia.org/wiki/Fury_(2014_film),"Pinewood Studios sent warning letters to the villagers of Shirburn, Pyrton, and Watlington that there would be sounds of gunfire and explosions during the filming of Fury."
Q661896,Pinewood Studios,Q15046091,Cinderella,work,https://en.wikipedia.org/wiki/Cinderella_(2015_American_film),"The film was shot at Pinewood Studios in Buckinghamshire, England, and at various other locations including Hampton Court Palace, Blenheim Palace, Windsor Castle, Cliveden, Old Royal Naval College and Black Park."
Q661896,Pinewood Studios,Q151904,Casino Royale,work,https://en.wikipedia.org/wiki/Casino_Royale_(2006_film),"Principal photography took place in the Bahamas, Italy, the United Kingdom and the Czech Republic, with interior sets built at Pinewood Studios and Barrandov Studios, from January to July 2006."
Q661896,Pinewood Studios,Q151904,Casino Royale,work,https://en.wikipedia.org/wiki/Casino_Royale_(2006_film),"Principal photography for Casino Royale commenced on 27 January 2006 in Prague, with Green and Mikkelsen having not yet signed, and concluded on 20 July at Pinewood Studios, where the film used several stages, the paddock tank and the 007 Stage."
Q661896,Pinewood Studios,Q151904,Casino Royale,work,https://en.wikipedia.org/wiki/Casino_Royale_(2006_film),"Visual effects supervisor Steven Begg noted that there were still more computer effects than expected: “Like a lot of big action films, it blossomed from a theoretical 80 shots to 550.” Three scenes involving primarily physical effects in the film were the chase at a building site in Madagascar, the Miami Airport chase sequence and the sinking Venetian house, with sets located on the Grand Canal and in Pinewood Studios."
Q661896,Pinewood Studios,Q15631013,Everest,work,https://en.wikipedia.org/wiki/Everest_(2015_film),"After shooting completed in Nepal, the crews were to move to Italy (Schnalstal and Rome), and then in early March to the United Kingdom, to film at Pinewood Studios."
Q661896,Pinewood Studios,Q15631013,Everest,work,https://en.wikipedia.org/wiki/Everest_(2015_film),"Filming at Pinewood Studios in England was just about to finish, but the second unit was shooting at the camp which then had to halt the production for some time."
Q661896,Pinewood Studios,Q163872,The Dark Knight,work,https://en.wikipedia.org/wiki/The_Dark_Knight,"Many interior locations for The Dark Knight were filmed on sets at Pinewood Studios, Buckinghamshire, and Cardington Airfield, Bedfordshire; these locations include the Bat Bunker, which took six weeks to build in a Cardington hangar."
Q661896,Pinewood Studios,Q16635326,Ex Machina,work,https://en.wikipedia.org/wiki/Ex_Machina_(film),"Principal photography began on 15 July 2013 and was shot over four weeks at Pinewood Studios and two weeks at Juvet Landscape Hotel in Valldalen, Norway."
Q661896,Pinewood Studios,Q167437,The Jackal,work,https://en.wikipedia.org/wiki/The_Jackal_(1997_film),Studio interiors were filmed at Carolco Pictures Studios in Wilmington (now Cinespace Wilmington) and Pinewood Studios in England.
Q661896,Pinewood Studios,Q1741232,Mission: Impossible,work,https://en.wikipedia.org/wiki/Mission:_Impossible_(film),"Principal photography began in March 1995 and lasted until that August, with filming locations including London, Pinewood Studios in England, and Prague (a rarity in Hollywood at the time)."
Q661896,Pinewood Studios,Q1741232,Mission: Impossible,work,https://en.wikipedia.org/wiki/Mission:_Impossible_(film),"Principal photography took place between March and August 1995 mainly in Prague and England's Pinewood Studios, but some scenes were shot in London, Aldershot, Scotland and the United States."
Q661896,Pinewood Studios,Q181540,Quantum of Solace,spot,https://en.wikipedia.org/wiki/Pinewood_Studios,"Since then, the stage has accommodated large productions including Prince of Persia: The Sands of Time (2010), Quantum of Solace (2008)."
Q661896,Pinewood Studios,Q181540,Quantum of Solace,work,https://en.wikipedia.org/wiki/Quantum_of_Solace,"Principal photography began in August 2007 and lasted until May 2008, with filming locations including Mexico, Panama, Chile, Italy, Austria, and Wales, while interior sets were built and filmed at Pinewood Studios."
Q661896,Pinewood Studios,Q183555,Pirates of the Caribbean: On Stranger Tides,work,https://en.wikipedia.org/wiki/Pirates_of_the_Caribbean:_On_Stranger_Tides,"Interiors were shot at London's Pinewood Studios, and a replica of an 18th-century London street was built on the backlot alongside the soundstages."
Q661896,Pinewood Studios,Q18486021,Star Wars: Episode VIII – The Last Jedi,work,https://en.wikipedia.org/wiki/Star_Wars:_The_Last_Jedi,"A number of scenes were filmed at Skellig Michael in Ireland during pre-production in September 2015, but principal photography began at Pinewood Studios in England in February 2016 and wrapped that July."
Q661896,Pinewood Studios,Q18486021,Star Wars: Episode VIII – The Last Jedi,work,https://en.wikipedia.org/wiki/Star_Wars:_The_Last_Jedi,"Ultimately, 125 sets were created on 14 sound stages at Pinewood Studios."
Q661896,Pinewood Studios,Q18602670,Spectre,work,https://en.wikipedia.org/wiki/Spectre_(2015_film),"Mendes revealed that production would begin on 8 December 2014 at Pinewood Studios, with filming taking seven months."
Q661896,Pinewood Studios,Q18602670,Spectre,work,https://en.wikipedia.org/wiki/Spectre_(2015_film),"Early filming took place at Pinewood Studios, and around London, with scenes variously featuring Craig and Harris at Bond's flat, and Craig and Kinnear travelling down the River Thames."
Q661896,Pinewood Studios,Q18602670,Spectre,work,https://en.wikipedia.org/wiki/Spectre_(2015_film),It was reported that filming was not affected and he had returned to filming at Pinewood Studios as planned on 22 April.
Q661896,Pinewood Studios,Q18816889,Assassin's Creed,work,https://en.wikipedia.org/wiki/Assassin%27s_Creed_(film),"Principal photography on the film began on August 31, 2015, with filming taking place in Malta, London, Spain, and the 007 Stage at Pinewood Studios."
Q661896,Pinewood Studios,Q189054,Batman Returns,work,https://en.wikipedia.org/wiki/Batman_Returns,"The studio wanted Robin Williams and Danny DeVito to portray the Riddler and Penguin, respectively, and invested $2 million in acquiring the Gotham City sets at Pinewood Studios in England, intending to reuse them for at least two sequels."
Q661896,Pinewood Studios,Q189054,Batman Returns,work,https://en.wikipedia.org/wiki/Batman_Returns,This decision required abandoning the Pinewood Studios sets in favor of Burton's new designs.
Q661896,Pinewood Studios,Q192686,Prometheus,work,https://en.wikipedia.org/wiki/Prometheus_(2012_film),Filming began at Shepperton Studios and Pinewood Studios in England.
Q661896,Pinewood Studios,Q19590955,Rogue One: A Star Wars Story,work,https://en.wikipedia.org/wiki/Rogue_One,"Principal photography on the film began at Pinewood Studios, Buckinghamshire, on August 8, 2015, where huge sets were built to complement scenes that were to be filmed elsewhere in the world."
Q661896,Pinewood Studios,Q204398,Octopussy,spot,https://en.wikipedia.org/wiki/Pinewood_Studios,"Four James Bond movies, For Your Eyes Only (1981), Octopussy (1983), A View to a Kill (1985), and The Living Daylights (1987), among several other large productions, such as Pink Floyd – The Wall (1982), Superman III (1983), Krull (1983), Legend (1985), Aliens (1986), Stanley Kubrick's Full Metal Jacket (1987), Santa Claus: The Movie (1985) and Tim Burton's Batman (1989), were all produced at Pinewood."
Q661896,Pinewood Studios,Q204398,Octopussy,work,https://en.wikipedia.org/wiki/Octopussy,Llewelyn was disappointed that he was unable to travel to India since his scenes were filmed at Pinewood Studios.
Q661896,Pinewood Studios,Q204398,Octopussy,work,https://en.wikipedia.org/wiki/Octopussy,"The Karl-Marx-Stadt railways scenes were shot at the Nene Valley Railway in Peterborough, while studio work was performed at Pinewood Studios and the 007 Stage."
Q661896,Pinewood Studios,Q207916,Tomorrow Never Dies,spot,https://en.wikipedia.org/wiki/Pinewood_Studios,"The 1990s saw large-scale productions, such as Alien 3 (1992), Tomorrow Never Dies (1997), and The World Is Not Enough (1999) produced at the studios which kept Pinewood operating."
Q661896,Pinewood Studios,Q207916,Tomorrow Never Dies,work,https://en.wikipedia.org/wiki/Tomorrow_Never_Dies,"They also used the 007 Stage at Pinewood Studios, the usual site for the Bond films since its inception, making it the first Bond film since The Living Daylights that was filmed there, as well as Elstree Studios."
Q661896,Pinewood Studios,Q208204,Finding Neverland,work,https://en.wikipedia.org/wiki/Finding_Neverland_(film),"Interiors were filmed in the Pinewood Studios in Buckinghamshire, and the Shepperton Studios in Surrey."
Q661896,Pinewood Studios,Q209481,Eyes Wide Shut,work,https://en.wikipedia.org/wiki/Eyes_Wide_Shut,"An international co-production between the United Kingdom and United States, principal photography of Eyes Wide Shut began in late 1996 in England, with a detailed recreation of exterior Greenwich Village street scenes built at Pinewood Studios."
Q661896,Pinewood Studios,Q212041,Sweeney Todd: The Demon Barber of Fleet Street,work,https://en.wikipedia.org/wiki/Sweeney_Todd:_The_Demon_Barber_of_Fleet_Street_(2007_film),"Filming began on 5 February 2007 at Pinewood Studios, and was completed by 11 May, despite a brief interruption when Depp's daughter was taken seriously ill."
Q661896,Pinewood Studios,Q213053,Superman,spot,https://en.wikipedia.org/wiki/Pinewood_Studios,"Major films shot at Pinewood included Fiddler on the Roof (1971), Sleuth (1972), The Day of the Jackal (1973), Superman (1978) and Superman II (1980), Alien (1979) and Bugsy Malone (1976), and the James Bond films Diamonds Are Forever (1971), Live and Let Die (1973), The Man with the Golden Gun (1974), and The Spy Who Loved Me (1977)."
Q661896,Pinewood Studios,Q213053,Superman,spot,https://en.wikipedia.org/wiki/Pinewood_Studios,"Four James Bond movies, For Your Eyes Only (1981), Octopussy (1983), A View to a Kill (1985), and The Living Daylights (1987), among several other large productions, such as Pink Floyd – The Wall (1982), Superman III (1983), Krull (1983), Legend (1985), Aliens (1986), Stanley Kubrick's Full Metal Jacket (1987), Santa Claus: The Movie (1985) and Tim Burton's Batman (1989), were all produced at Pinewood."
Q661896,Pinewood Studios,Q213053,Superman,work,https://en.wikipedia.org/wiki/Superman_(1978_film),"Principal photography began on March 28, 1977, at Pinewood Studios for the Krypton scenes, budgeted as the most expensive film ever made at that point, which was $55 million."
Q661896,Pinewood Studios,Q213683,Pink Floyd – The Wall,spot,https://en.wikipedia.org/wiki/Pinewood_Studios,"Four James Bond movies, For Your Eyes Only (1981), Octopussy (1983), A View to a Kill (1985), and The Living Daylights (1987), among several other large productions, such as Pink Floyd – The Wall (1982), Superman III (1983), Krull (1983), Legend (1985), Aliens (1986), Stanley Kubrick's Full Metal Jacket (1987), Santa Claus: The Movie (1985) and Tim Burton's Batman (1989), were all produced at Pinewood."
Q661896,Pinewood Studios,Q213683,Pink Floyd – The Wall,work,https://en.wikipedia.org/wiki/Pink_Floyd_%E2%80%93_The_Wall,"Parker, Waters and Scarfe frequently clashed during production, and Parker described the filming as ""one of the most miserable experiences of my creative life."" Scarfe declared that he would drive to Pinewood Studios carrying a bottle of Jack Daniel's, because ""I had to have a slug before I went in the morning, because I knew what was coming up, and I knew I had to fortify myself in some way."" Waters said that filming was ""a very unnerving and unpleasant experience""."
Q661896,Pinewood Studios,Q213683,Pink Floyd – The Wall,work,https://en.wikipedia.org/wiki/Pink_Floyd_%E2%80%93_The_Wall,"Interiors were shot at Pinewood Studios, and it was suggested that they suspend Geldof in Christopher Reeve's clear cast used for the Superman flying sequences, but his frame was too small by comparison; it was then decided to make a smaller rig that was a more acceptable fit, and he lay on his back."
Q661896,Pinewood Studios,Q21534241,No Time to Die,work,https://en.wikipedia.org/wiki/No_Time_to_Die,"Production was scheduled to begin on 3 December 2018 at Pinewood Studios, but filming was delayed until April 2019 after Boyle's departure."
Q661896,Pinewood Studios,Q21534241,No Time to Die,work,https://en.wikipedia.org/wiki/No_Time_to_Die,"Filming locations included Italy, Jamaica, Norway, the Faroe Islands and London, in addition to Pinewood Studios."
Q661896,Pinewood Studios,Q21534241,No Time to Die,work,https://en.wikipedia.org/wiki/No_Time_to_Die,"Principal photography wrapped up on 25 October 2019 at Pinewood Studios with the filming of a chase sequence set in Havana, Cuba."
Q661896,Pinewood Studios,Q21877685,Jurassic World: Fallen Kingdom,work,https://en.wikipedia.org/wiki/Jurassic_World:_Fallen_Kingdom,"Filming began on February 24, 2017, and the shoot included locations in England; most of the filming there took place at Pinewood Studios."
Q661896,Pinewood Studios,Q21877685,Jurassic World: Fallen Kingdom,work,https://en.wikipedia.org/wiki/Jurassic_World:_Fallen_Kingdom,"The last part of the scene was shot at Pinewood Studios, where a large indoor tank was constructed and filled with water to depict the submerged ride as Owen tries to break it open and rescue Claire and Franklin."
Q661896,Pinewood Studios,Q21877685,Jurassic World: Fallen Kingdom,work,https://en.wikipedia.org/wiki/Jurassic_World:_Fallen_Kingdom,"The ship's interior was constructed by Nicholson and his team as a large set at Pinewood Studios, and after filming, it was rebuilt to depict the large rooftop of the Lockwood Estate."
Q661896,Pinewood Studios,Q221587,Frenzy,work,https://en.wikipedia.org/wiki/Frenzy,"The film opens with a sweeping shot along the Thames to Tower Bridge; and while the interior scenes were filmed at Pinewood Studios, much of the location filming was done in and around Covent Garden and was a homage to the London of Hitchcock's childhood."
Q661896,Pinewood Studios,Q223596,X-Men: First Class,work,https://en.wikipedia.org/wiki/X-Men:_First_Class,"Locations included Oxford, the Mojave Desert and Georgia, with soundstage work done in both Pinewood Studios and the 20th Century Fox stages in Los Angeles."
Q661896,Pinewood Studios,Q243439,Full Metal Jacket,spot,https://en.wikipedia.org/wiki/Pinewood_Studios,"Four James Bond movies, For Your Eyes Only (1981), Octopussy (1983), A View to a Kill (1985), and The Living Daylights (1987), among several other large productions, such as Pink Floyd – The Wall (1982), Superman III (1983), Krull (1983), Legend (1985), Aliens (1986), Stanley Kubrick's Full Metal Jacket (1987), Santa Claus: The Movie (1985) and Tim Burton's Batman (1989), were all produced at Pinewood."
Q661896,Pinewood Studios,Q244398,Stardust,work,https://en.wikipedia.org/wiki/Stardust_(2007_film),"The production started filming in mid-April 2006, with principal photography taking place at Pinewood Studios in London."
Q661896,Pinewood Studios,Q261546,Fahrenheit 451,spot,https://en.wikipedia.org/wiki/Pinewood_Studios,"Burnham Beeches was used for Robin Hood Prince of Thieves, First Knight, Goldfinger, The Princess Bride and Harry Potter and the Order of the Phoenix, Fahrenheit 451 at Black Park."
Q661896,Pinewood Studios,Q261546,Fahrenheit 451,work,https://en.wikipedia.org/wiki/Fahrenheit_451_(1966_film),"The film was shot at Pinewood Studios in England, with the monorail exterior scene taken at the French SAFEGE test track in Châteauneuf-sur-Loire near Orléans, France (since dismantled)."
Q661896,Pinewood Studios,Q267672,Superman II,spot,https://en.wikipedia.org/wiki/Pinewood_Studios,"Major films shot at Pinewood included Fiddler on the Roof (1971), Sleuth (1972), The Day of the Jackal (1973), Superman (1978) and Superman II (1980), Alien (1979) and Bugsy Malone (1976), and the James Bond films Diamonds Are Forever (1971), Live and Let Die (1973), The Man with the Golden Gun (1974), and The Spy Who Loved Me (1977)."
Q661896,Pinewood Studios,Q267672,Superman II,spot,https://en.wikipedia.org/wiki/Pinewood_Studios,"Four James Bond movies, For Your Eyes Only (1981), Octopussy (1983), A View to a Kill (1985), and The Living Daylights (1987), among several other large productions, such as Pink Floyd – The Wall (1982), Superman III (1983), Krull (1983), Legend (1985), Aliens (1986), Stanley Kubrick's Full Metal Jacket (1987), Santa Claus: The Movie (1985) and Tim Burton's Batman (1989), were all produced at Pinewood."
Q661896,Pinewood Studios,Q267672,Superman II,work,https://en.wikipedia.org/wiki/Superman_II,"Principal photography for both Superman films began on March 28, 1977, at Pinewood Studios for the Krypton scenes, but by May 1977, production had run two weeks behind schedule."
Q661896,Pinewood Studios,Q267672,Superman II,work,https://en.wikipedia.org/wiki/Superman_II,Filming for Superman II resumed in September 1979 at Pinewood Studios.
Q661896,Pinewood Studios,Q27038847,Solo: A Star Wars Story,work,https://en.wikipedia.org/wiki/Solo:_A_Star_Wars_Story,Peter Serafinowicz was set to reprise his voice role as Maul and had recorded dialogue during production at Pinewood Studios.
Q661896,Pinewood Studios,Q27038847,Solo: A Star Wars Story,work,https://en.wikipedia.org/wiki/Solo:_A_Star_Wars_Story,"Filming began on January 30, 2017, at Pinewood Studios, under the working title Star Wars: Red Cup."
Q661896,Pinewood Studios,Q27204,Live and Let Die,spot,https://en.wikipedia.org/wiki/Pinewood_Studios,"Major films shot at Pinewood included Fiddler on the Roof (1971), Sleuth (1972), The Day of the Jackal (1973), Superman (1978) and Superman II (1980), Alien (1979) and Bugsy Malone (1976), and the James Bond films Diamonds Are Forever (1971), Live and Let Die (1973), The Man with the Golden Gun (1974), and The Spy Who Loved Me (1977)."
Q661896,Pinewood Studios,Q27204,Live and Let Die,work,https://en.wikipedia.org/wiki/Live_and_Let_Die_(film),"In December, production was divided between interiors in Pinewood Studios in Iver Heath and location shooting in Harlem in New York City."
Q661896,Pinewood Studios,Q272064,The Living Daylights,spot,https://en.wikipedia.org/wiki/Pinewood_Studios,"Four James Bond movies, For Your Eyes Only (1981), Octopussy (1983), A View to a Kill (1985), and The Living Daylights (1987), among several other large productions, such as Pink Floyd – The Wall (1982), Superman III (1983), Krull (1983), Legend (1985), Aliens (1986), Stanley Kubrick's Full Metal Jacket (1987), Santa Claus: The Movie (1985) and Tim Burton's Batman (1989), were all produced at Pinewood."
Q661896,Pinewood Studios,Q272064,The Living Daylights,work,https://en.wikipedia.org/wiki/The_Living_Daylights,"The film was shot at Pinewood Studios at its 007 Stage in the United Kingdom, as well as Weissensee in Austria."
Q661896,Pinewood Studios,Q27590871,Paddington 2,work,https://en.wikipedia.org/wiki/Paddington_2,Many of the domestic interiors were filmed on stages at Pinewood Studios and Warner Bros.
Q661896,Pinewood Studios,Q28234,Les Misérables,work,https://en.wikipedia.org/wiki/Les_Mis%C3%A9rables_(2012_film),"Filming took place on locations in Greenwich, London, Chatham, Winchester, Bath, and Portsmouth, England; in Gourdon, France; and on soundstages in Pinewood Studios."
Q661896,Pinewood Studios,Q28234,Les Misérables,work,https://en.wikipedia.org/wiki/Les_Mis%C3%A9rables_(2012_film),"Filming locations in England included Boughton House, the Chantry Chapel and Cloisters at Winchester College, Winchester Cathedral Close, Her Majesty's Naval Base Portsmouth, Chatham Dockyard, the Ashridge Estate, St Mary the Virgin Church, Ewelme, South Oxfordshire and Pinewood Studios."
Q661896,Pinewood Studios,Q282804,United 93,work,https://en.wikipedia.org/wiki/United_93_(film),"Filming took place from October until December 2005, on a 20-year-old reclaimed Boeing 757 formerly operated by MyTravel Airways, at Pinewood Studios in the UK near London."
Q661896,Pinewood Studios,Q309289,The Man with the Golden Gun,spot,https://en.wikipedia.org/wiki/Pinewood_Studios,"Major films shot at Pinewood included Fiddler on the Roof (1971), Sleuth (1972), The Day of the Jackal (1973), Superman (1978) and Superman II (1980), Alien (1979) and Bugsy Malone (1976), and the James Bond films Diamonds Are Forever (1971), Live and Let Die (1973), The Man with the Golden Gun (1974), and The Spy Who Loved Me (1977)."
Q661896,Pinewood Studios,Q309289,The Man with the Golden Gun,work,https://en.wikipedia.org/wiki/The_Man_with_the_Golden_Gun_(film),"Some scenes in Thailand had to be finished, and production had to move to studio work in Pinewood Studios; this included sets such as Scaramanga's solar energy plant and island interior."
Q661896,Pinewood Studios,Q30931,Die Another Day,work,https://en.wikipedia.org/wiki/Die_Another_Day,"Other locations included Pinewood Studios' 007 Stage and Maui, Hawaii, in December 2001."
Q661896,Pinewood Studios,Q318910,Interview with the Vampire,work,https://en.wikipedia.org/wiki/Interview_with_the_Vampire_(film),"Production then moved to London, where interior sets were constructed at Pinewood Studios."
Q661896,Pinewood Studios,Q320423,The Spy Who Loved Me,spot,https://en.wikipedia.org/wiki/Pinewood_Studios,"Major films shot at Pinewood included Fiddler on the Roof (1971), Sleuth (1972), The Day of the Jackal (1973), Superman (1978) and Superman II (1980), Alien (1979) and Bugsy Malone (1976), and the James Bond films Diamonds Are Forever (1971), Live and Let Die (1973), The Man with the Golden Gun (1974), and The Spy Who Loved Me (1977)."
Q661896,Pinewood Studios,Q320423,The Spy Who Loved Me,spot,https://en.wikipedia.org/wiki/Pinewood_Studios,The 007 Stage was originally built for the Bond film The Spy Who Loved Me (1977); it had one of the largest water tanks in Europe.
Q661896,Pinewood Studios,Q320423,The Spy Who Loved Me,work,https://en.wikipedia.org/wiki/The_Spy_Who_Loved_Me_(film),"It was shot from August to December 1976 on location in Egypt (Cairo and Luxor) and Italy (Costa Smeralda, Sardinia), with underwater scenes filmed at the Bahamas (Nassau), and a new soundstage built at Pinewood Studios for a massive set which depicted the interior of a supertanker."
Q661896,Pinewood Studios,Q320423,The Spy Who Loved Me,work,https://en.wikipedia.org/wiki/The_Spy_Who_Loved_Me_(film),"The film was shot at the Pinewood Studios in London, Porto Cervo in Sardinia (Hotel Cala di Volpe), Egypt (Karnak, Mosque of Ibn Tulun, Gayer-Anderson Museum, Abu Simbel temples), Malta, Scotland, Hayling Island UK, Okinawa, Switzerland and Mount Asgard on Baffin Island in the then northern Canadian territory of Northwest Territories (now located in Nunavut)."
Q661896,Pinewood Studios,Q332330,For Your Eyes Only,spot,https://en.wikipedia.org/wiki/Pinewood_Studios,"Four James Bond movies, For Your Eyes Only (1981), Octopussy (1983), A View to a Kill (1985), and The Living Daylights (1987), among several other large productions, such as Pink Floyd – The Wall (1982), Superman III (1983), Krull (1983), Legend (1985), Aliens (1986), Stanley Kubrick's Full Metal Jacket (1987), Santa Claus: The Movie (1985) and Tim Burton's Batman (1989), were all produced at Pinewood."
Q661896,Pinewood Studios,Q332330,For Your Eyes Only,work,https://en.wikipedia.org/wiki/For_Your_Eyes_Only_(film),"The interiors were shot later in Pinewood Studios, as well as the ship's explosion, which was done with a miniature in Pinewood's tank on the 007 Stage."
Q661896,Pinewood Studios,Q332368,A View to a Kill,spot,https://en.wikipedia.org/wiki/Pinewood_Studios,"Four James Bond movies, For Your Eyes Only (1981), Octopussy (1983), A View to a Kill (1985), and The Living Daylights (1987), among several other large productions, such as Pink Floyd – The Wall (1982), Superman III (1983), Krull (1983), Legend (1985), Aliens (1986), Stanley Kubrick's Full Metal Jacket (1987), Santa Claus: The Movie (1985) and Tim Burton's Batman (1989), were all produced at Pinewood."
Q661896,Pinewood Studios,Q332368,A View to a Kill,spot,https://en.wikipedia.org/wiki/Pinewood_Studios,Broccoli's 007 Stage in time to film A View to a Kill.
Q661896,Pinewood Studios,Q332368,A View to a Kill,work,https://en.wikipedia.org/wiki/A_View_to_a_Kill,"On 27 June 1984, several leftover canisters of petrol used during filming of Ridley Scott's Legend caused Pinewood Studios' 007 Stage to burn to the ground."
Q661896,Pinewood Studios,Q332368,A View to a Kill,work,https://en.wikipedia.org/wiki/A_View_to_a_Kill,"The film was shot at Pinewood Studios in London, Iceland, Switzerland, France and the United States with the budget initially being $35 million."
Q661896,Pinewood Studios,Q334780,Moonraker,work,https://en.wikipedia.org/wiki/Moonraker_(film),"The soundstages of Pinewood Studios in England, traditionally used for the series, were only used by the special effects team."
Q661896,Pinewood Studios,Q334780,Moonraker,work,https://en.wikipedia.org/wiki/Moonraker_(film),"Fleming eventually settled with Rank Organisation, a British company who owned Pinewood Studios."
Q661896,Pinewood Studios,Q334780,Moonraker,work,https://en.wikipedia.org/wiki/Moonraker_(film),"The main shooting was switched from the usual 007 Stage at the Pinewood Studios to Epinay and Billancourt Studios in France, because of the high taxation in Britain at the time."
Q661896,Pinewood Studios,Q464014,Lara Croft: Tomb Raider,work,https://en.wikipedia.org/wiki/Lara_Croft:_Tomb_Raider,"In addition to on-location shooting, a majority of the film's production also took place on the 007 Stage at Pinewood Studios."
Q661896,Pinewood Studios,Q4941,Skyfall,work,https://en.wikipedia.org/wiki/Skyfall,"The Golden Dragon casino in Macau was constructed on a sound stage at Pinewood Studios, with 300 floating lanterns and two 30-foot-high dragon heads lighting the set."
Q661896,Pinewood Studios,Q528095,Superman III,spot,https://en.wikipedia.org/wiki/Pinewood_Studios,"Four James Bond movies, For Your Eyes Only (1981), Octopussy (1983), A View to a Kill (1985), and The Living Daylights (1987), among several other large productions, such as Pink Floyd – The Wall (1982), Superman III (1983), Krull (1983), Legend (1985), Aliens (1986), Stanley Kubrick's Full Metal Jacket (1987), Santa Claus: The Movie (1985) and Tim Burton's Batman (1989), were all produced at Pinewood."
Q661896,Pinewood Studios,Q528095,Superman III,work,https://en.wikipedia.org/wiki/Superman_III,Most of the interior scenes were shot at Pinewood Studios outside London.
Q661896,Pinewood Studios,Q55178974,Jurassic World Dominion,work,https://en.wikipedia.org/wiki/Jurassic_World_Dominion,"Production moved to England, where a major location was Pinewood Studios (the facility used for Fallen Kingdom)."
Q661896,Pinewood Studios,Q55178974,Jurassic World Dominion,work,https://en.wikipedia.org/wiki/Jurassic_World_Dominion,Universal eventually confirmed that filming would resume in July 2020 at Pinewood Studios.
Q661896,Pinewood Studios,Q55178974,Jurassic World Dominion,work,https://en.wikipedia.org/wiki/Jurassic_World_Dominion,"After Malta, filming continued at Pinewood Studios."
Q661896,Pinewood Studios,Q6074,Star Wars: Episode VII – The Force Awakens,work,https://en.wikipedia.org/wiki/Star_Wars:_The_Force_Awakens,"Filming took place on sets at Pinewood Studios in England, and on location mainly in Abu Dhabi, Iceland, and Ireland."
Q661896,Pinewood Studios,Q64349029,Loki,work,https://en.wikipedia.org/wiki/Loki_(TV_series),"Filming for the second season occurred at Pinewood Studios in the United Kingdom, and on location in London, with Isaac Bauman and Oliver Loncraine serving as cinematographers."
Q661896,Pinewood Studios,Q901140,The Day of the Jackal,spot,https://en.wikipedia.org/wiki/Pinewood_Studios,"Major films shot at Pinewood included Fiddler on the Roof (1971), Sleuth (1972), The Day of the Jackal (1973), Superman (1978) and Superman II (1980), Alien (1979) and Bugsy Malone (1976), and the James Bond films Diamonds Are Forever (1971), Live and Let Die (1973), The Man with the Golden Gun (1974), and The Spy Who Loved Me (1977)."
Q6649001,Little Barford Power Station,Q116852,Batman,work,https://en.wikipedia.org/wiki/Batman_(1989_film),"Locations included Knebworth House and Hatfield House doubling for Wayne Manor, plus Acton Lane Power Station and Little Barford Power Station."
Q6664933,Loch Laggan,Q21534241,No Time to Die,spot,https://en.wikipedia.org/wiki/Loch_Laggan,"During summer 2019, filming for No Time to Die was taking place in and near the Cairngorms National Park."
Q6664933,Loch Laggan,Q21534241,No Time to Die,work,https://en.wikipedia.org/wiki/No_Time_to_Die,"Some scenes were also shot at the Ardverikie House Estate and on the banks of Loch Laggan, just outside the park."
Q666628,Furka Pass,Q106440,Goldfinger,spot,https://en.wikipedia.org/wiki/Furka_Pass,"The Furka Pass was used as a location in the James Bond film Goldfinger, a curve of which is marked as ""James Bond Strasse"", complete with lookout point and small parking area."
Q666628,Furka Pass,Q106440,Goldfinger,work,https://en.wikipedia.org/wiki/Goldfinger_(film),"Principal photography then moved to Switzerland, with the car chase being filmed at the small curved roads near Realp, the exterior of the Pilatus Aircraft factory in Stans serving as Goldfinger's factory, and Tilly Masterson's attempt to snipe Goldfinger being shot in the Furka Pass."
Q6673670,Longcross Studios,Q18406872,Doctor Strange,spot,https://en.wikipedia.org/wiki/Longcross_Studios,"Longcross Studios began operations the following year and has since hosted a wide range of film and television productions, including the James Bond film Skyfall (2012), ITV crime drama Broadchurch (2013-17), and the Marvel Studios production Doctor Strange in The Multiverse of Madness (2022)."
Q6673670,Longcross Studios,Q18406872,Doctor Strange,spot,https://en.wikipedia.org/wiki/Longcross_Studios,Doctor Strange (2016)
Q6673670,Longcross Studios,Q18406872,Doctor Strange,spot,https://en.wikipedia.org/wiki/Longcross_Studios,Doctor Strange in the Multiverse of Madness (2022)
Q6673670,Longcross Studios,Q27188178,Aladdin,spot,https://en.wikipedia.org/wiki/Longcross_Studios,Aladdin (2019)
Q6673670,Longcross Studios,Q5887360,Guardians of the Galaxy,spot,https://en.wikipedia.org/wiki/Longcross_Studios,Guardians of the Galaxy (2014)
Q6673670,Longcross Studios,Q5887360,Guardians of the Galaxy,work,https://en.wikipedia.org/wiki/Guardians_of_the_Galaxy_(film),Filming took place at Shepperton Studios and Longcross Studios.
Q668382,Leipzig/Halle Airport,Q158759,Unknown,spot,https://en.wikipedia.org/wiki/Leipzig/Halle_Airport,"In 2010, the check-in area of Leipzig/Halle was a filming location for Unknown starring Liam Neeson and Diane Kruger."
Q668382,Leipzig/Halle Airport,Q158759,Unknown,work,https://en.wikipedia.org/wiki/Unknown_(2011_film),"Locations include the Neue Nationalgalerie, Berlin Hauptbahnhof, Berlin Friedrichstraße station, Pariser Platz, Museum Island, the Oranienburger Straße in Berlin and the Leipzig/Halle Airport."
Q668710,Washington National Cathedral,Q3577037,The West Wing,spot,https://en.wikipedia.org/wiki/Washington_National_Cathedral,"The cathedral played a major role in The West Wing season 2 finale ""Two Cathedrals""."
Q671774,Piz Gloria,Q107894,On Her Majesty's Secret Service,spot,https://en.wikipedia.org/wiki/Piz_Gloria,"The name Piz Gloria originated in Ian Fleming's James Bond novel On Her Majesty's Secret Service (1963), in which it is the mountain-top hideout of the villain Ernst Stavro Blofeld and contains an allergy clinic."
Q671774,Piz Gloria,Q107894,On Her Majesty's Secret Service,work,https://en.wikipedia.org/wiki/On_Her_Majesty%27s_Secret_Service_(film),"The scenes were shot at the revolving restaurant Piz Gloria, located atop the Schilthorn near the village of Mürren."
Q671774,Piz Gloria,Q107894,On Her Majesty's Secret Service,work,https://en.wikipedia.org/wiki/On_Her_Majesty%27s_Secret_Service_(film),"In March 1969, production moved to England, with London's Pinewood Studios being used for interior scenes, including those set at Piz Gloria, and M's house being shot in Marlow, Buckinghamshire."
Q671774,Piz Gloria,Q107894,On Her Majesty's Secret Service,work,https://en.wikipedia.org/wiki/On_Her_Majesty%27s_Secret_Service_(film),"While the first unit shot at Piz Gloria, the second unit, led by John Glen, started filming the ski chases."
Q6743398,Malibu Creek State Park,Q494244,M*A*S*H,spot,https://en.wikipedia.org/wiki/Malibu_Creek_State_Park,The park was a key filming location for the film M*A*S*H (1970) and the subsequent television series (1972–83).
Q6743398,Malibu Creek State Park,Q494244,M*A*S*H,spot,https://en.wikipedia.org/wiki/Malibu_Creek_State_Park,M*A*S*H (television series) (1972 – 1983) - reused sets from 1970 film version.
Q6743398,Malibu Creek State Park,Q494244,M*A*S*H,work,https://en.wikipedia.org/wiki/M*A*S*H_(TV_series),The Malibu location is today known as Malibu Creek State Park.
Q6751359,Manor Lodge School,Q181086,A Clockwork Orange,spot,https://en.wikipedia.org/wiki/Manor_Lodge_School,"The school is based in a grade II listed building formerly known as Shenley Lodge which appeared as the ""Cat Lady""'s house in Stanley Kubrick's A Clockwork Orange."
Q6759081,Margam Country Park,Q34316,Doctor Who,spot,https://en.wikipedia.org/wiki/Margam_Country_Park,"The park was used as a filming location for two episodes of Doctor Who in 2007 (""The Sontaran Stratagem"" and ""The Poison Sky""), and in 2023 for the episode ""Rogue""."
Q6781672,Maryon Park,Q658204,Blowup,spot,https://en.wikipedia.org/wiki/Maryon_Park,Several scenes in Michelangelo Antonioni's 1966 film Blowup were shot in Maryon Park.
Q6781672,Maryon Park,Q658204,Blowup,work,https://en.wikipedia.org/wiki/Blowup,"The park scenes were filmed at Maryon Park in Charlton; the park has changed little since the film was shot, although Antonioni painted the grass green to meet his requirements."
Q680166,Schleißheim palace complex,Q747936,Paths of Glory,spot,https://en.wikipedia.org/wiki/Schleissheim_Palace,Paths of Glory (1957) directed by Stanley Kubrick used the palace and its grounds extensively.
Q6802081,McLaren Technology Centre,Q114246242,F1,work,https://en.wikipedia.org/wiki/F1_(film),"The APXGP headquarters scenes were filmed at the McLaren Technology Centre, while Williams provided its wind tunnel for some shots, and the racing simulator scenes were filmed at the Mercedes headquarters in Brackley."
Q680614,30 Rockefeller Plaza,Q492089,The Adjustment Bureau,work,https://en.wikipedia.org/wiki/The_Adjustment_Bureau,"The climactic scene on the ""Top of the Rock"" rooftop observation deck of 30 Rockefeller Plaza was filmed four months after the completion of principal photography."
Q6868771,Minnewaska State Park Preserve,Q101096725,Severance,spot,https://en.wikipedia.org/wiki/Minnewaska_State_Park_Preserve,Awosting Falls was featured in Season 2 of Severance.
Q6878725,Mission San Juan Bautista,Q202548,Vertigo,spot,https://en.wikipedia.org/wiki/Mission_San_Juan_Bautista,The mission and its grounds were featured prominently in the 1958 Alfred Hitchcock film Vertigo.
Q6878725,Mission San Juan Bautista,Q202548,Vertigo,spot,https://en.wikipedia.org/wiki/Mission_San_Juan_Bautista,Vertigo at IMDb
Q6878725,Mission San Juan Bautista,Q202548,Vertigo,work,https://en.wikipedia.org/wiki/Vertigo_(film),"The film was shot on location in San Francisco, as well as in Mission San Juan Bautista, Big Basin Redwoods State Park, Cypress Point on 17-Mile Drive, and at Paramount Studios in Hollywood."
Q6878725,Mission San Juan Bautista,Q202548,Vertigo,work,https://en.wikipedia.org/wiki/Vertigo_(film),"The next day, Madeleine recounts a nightmare, and Scottie identifies its setting as Mission San Juan Bautista, Carlotta's childhood home."
Q6878725,Mission San Juan Bautista,Q202548,Vertigo,work,https://en.wikipedia.org/wiki/Vertigo_(film),"The scene in which Madeleine falls from the tower was filmed at Mission San Juan Bautista, a Spanish mission in San Juan Bautista, California."
Q691283,St John's College,Q15079318,The Theory of Everything,work,https://en.wikipedia.org/wiki/The_Theory_of_Everything_(2014_film),"On 24 September 2013, scenes were filmed at St John's College, The Backs in Queen's Road, and Queen's Green."
Q692578,Dolder Grand,Q474093,The Girl with the Dragon Tattoo,work,https://en.wikipedia.org/wiki/The_Girl_with_the_Dragon_Tattoo_(2011_film),"From December onward, production moved to Zurich, Switzerland, where locations were established at Dolder Grand Hotel and the Zurich Airport."
Q694708,Glienicke Bridge,Q18067135,Bridge of Spies,spot,https://en.wikipedia.org/wiki/Glienicke_Bridge,"The bridge was thus a crossing of the inner German border and was therefore used several times for the exchange of captured spies, becoming known as the Bridge of Spies."
Q694708,Glienicke Bridge,Q18067135,Bridge of Spies,spot,https://en.wikipedia.org/wiki/Glienicke_Bridge,Bridge of Spies
Q694708,Glienicke Bridge,Q18067135,Bridge of Spies,spot,https://en.wikipedia.org/wiki/Glienicke_Bridge,"Reporters began calling it the ""Bridge of Spies."" When this name was later used as the title for various works, it was often taken to be a pun on ""bridge of sighs"" a name applied first to the bridge in Venice and then to others."
Q694708,Glienicke Bridge,Q18067135,Bridge of Spies,work,https://en.wikipedia.org/wiki/Bridge_of_Spies_(film),"The name of the film refers to the Glienicke Bridge, which connects Potsdam with Berlin, where the prisoner exchange took place."
Q694708,Glienicke Bridge,Q18067135,Bridge of Spies,work,https://en.wikipedia.org/wiki/Bridge_of_Spies_(film),"The prisoner exchange scene was filmed on the Glienicke Bridge (the so-called ""Bridge of Spies""), where the historical exchange actually took place in 1962."
Q694747,Vienna Volksoper,Q272064,The Living Daylights,spot,https://en.wikipedia.org/wiki/Vienna_Volksoper,"In 1987, the Volksoper was shown in the James Bond movie The Living Daylights, doubling for a fictional ""Ľudové konzervatorium"" (""People's Conservatory"" - direct translation of ""Volksoper"" into Slovak) in Bratislava, as Czechoslovakia was still under Communist rule at the time; the interior was, however, filmed at Sofiensaal."
Q695840,Bendlerblock,Q159054,Valkyrie,spot,https://en.wikipedia.org/wiki/Bendlerblock,"It was at the Bendlerblock that Stauffenberg and Major General Henning von Tresckow secretly modified the Wehrmacht ""Operation Valkyrie"" plan for the suppression of a possible revolt into a scheme for a coup attempt upon an assassination of Hitler."
Q695840,Bendlerblock,Q159054,Valkyrie,spot,https://en.wikipedia.org/wiki/Bendlerblock,"The Ministry hesitated to grant permission for filming scenes of the Tom Cruise-starred movie Valkyrie about the 20 July Plot, especially a re-enactment of the execution on the original location."
Q695840,Bendlerblock,Q159054,Valkyrie,work,https://en.wikipedia.org/wiki/Valkyrie_(film),"Because of this, the filmmakers initially had difficulty setting up filming locations in Germany, but they were later given access to locations such as Berlin's historic Bendlerblock."
Q695840,Bendlerblock,Q159054,Valkyrie,work,https://en.wikipedia.org/wiki/Valkyrie_(film),"Germany's Finance Ministry had originally denied the producers the right to film at Bendlerblock, explaining that the site should be treated as a ""place of remembrance and mourning"" which would ""lose dignity if we were to exploit it as a film set""."
Q695840,Bendlerblock,Q159054,Valkyrie,work,https://en.wikipedia.org/wiki/Valkyrie_(film),The German government eventually had a change of heart concerning the Bendlerblock site and gave permission for filmmakers to film there.
Q6970416,National Archives Building,Q309366,National Treasure,spot,https://en.wikipedia.org/wiki/National_Archives_Building,"A section of the 2004 film National Treasure takes place in the National Archives Building, where the Declaration of Independence is featured being stolen from."
Q698095,Hotel Adlon,Q158759,Unknown,spot,https://en.wikipedia.org/wiki/Hotel_Adlon,Much of the 2011 film Unknown starring Liam Neeson takes place at the Adlon.
Q698095,Hotel Adlon,Q158759,Unknown,work,https://en.wikipedia.org/wiki/Unknown_(2011_film),Some of the shooting was done in the Hotel Adlon.
Q702402,Berlin-Friedrichstraße railway station,Q158759,Unknown,work,https://en.wikipedia.org/wiki/Unknown_(2011_film),"Locations include the Neue Nationalgalerie, Berlin Hauptbahnhof, Berlin Friedrichstraße station, Pariser Platz, Museum Island, the Oranienburger Straße in Berlin and the Leipzig/Halle Airport."
Q704831,Ludwigsburg Palace,Q471716,Barry Lyndon,work,https://en.wikipedia.org/wiki/Barry_Lyndon,"Locations in West Germany include Ludwigsburg Palace in Ludwigsburg and Hohenzollern Castle in Hechingen, both near Stuttgart."
Q7053028,Normandale Community College,Q300555,A Serious Man,work,https://en.wikipedia.org/wiki/A_Serious_Man,An office scene was shot at Normandale Community College in Bloomington.
Q705366,Oranienburger Straße,Q158759,Unknown,work,https://en.wikipedia.org/wiki/Unknown_(2011_film),"Locations include the Neue Nationalgalerie, Berlin Hauptbahnhof, Berlin Friedrichstraße station, Pariser Platz, Museum Island, the Oranienburger Straße in Berlin and the Leipzig/Halle Airport."
Q7101361,Oregon State Hospital,Q171669,One Flew Over the Cuckoo's Nest,spot,https://en.wikipedia.org/wiki/Oregon_State_Hospital,"It was the primary filming location for the 1975 film One Flew Over the Cuckoo's Nest, as well as being the subject of a series of photographs by photographer Mary Ellen Mark in 1976."
Q7101361,Oregon State Hospital,Q171669,One Flew Over the Cuckoo's Nest,spot,https://en.wikipedia.org/wiki/Oregon_State_Hospital,"Brooks, the hospital superintendent, allowed the production of the Miloš Forman film One Flew Over the Cuckoo's Nest to shoot inside the hospital and on its campus."
Q7101361,Oregon State Hospital,Q171669,One Flew Over the Cuckoo's Nest,spot,https://en.wikipedia.org/wiki/Oregon_State_Hospital,The hospital was used as a primary filming location for Miloš Forman's Academy Award-winning 1975 film One Flew Over the Cuckoo's Nest.
Q7101361,Oregon State Hospital,Q171669,One Flew Over the Cuckoo's Nest,work,https://en.wikipedia.org/wiki/One_Flew_Over_the_Cuckoo%27s_Nest_(film),"The producers shot the film in the Oregon State Hospital, an actual psychiatric hospital, which is also the novel's setting."
Q7101361,Oregon State Hospital,Q171669,One Flew Over the Cuckoo's Nest,work,https://en.wikipedia.org/wiki/One_Flew_Over_the_Cuckoo%27s_Nest_(film),"The producers decided to shoot the film in the Oregon State Hospital, an actual mental hospital, as this is also the setting of the novel."
Q7114110,Oviatt Library,Q213081,Star Trek,spot,"https://en.wikipedia.org/wiki/University_Library,_California_State_University_Northridge","The University Library has served as a shooting location for numerous films and television series, including Star Trek, Sky High, Buffy the Vampire Slayer, Battlestar Galactica, The Middle, and The Orville."
Q7114110,Oviatt Library,Q28429653,The Orville,spot,"https://en.wikipedia.org/wiki/University_Library,_California_State_University_Northridge","The University Library has served as a shooting location for numerous films and television series, including Star Trek, Sky High, Buffy the Vampire Slayer, Battlestar Galactica, The Middle, and The Orville."
Q7127748,Grand Central,Q61876370,Mission: Impossible – Dead Reckoning Part One,spot,"https://en.wikipedia.org/wiki/Grand_Central,_Birmingham",Grand Central was selected as a filming location for the 2023 film Mission: Impossible – Dead Reckoning Part One.
Q7127748,Grand Central,Q61876370,Mission: Impossible – Dead Reckoning Part One,work,https://en.wikipedia.org/wiki/Mission:_Impossible_%E2%80%93_Dead_Reckoning_Part_One,"In August 2021, filming commenced in Birmingham at the city's Grand Central shopping centre, with Cruise and Atwell spotted by onlookers."
Q7191010,Pico House,Q204228,The Mentalist,spot,https://en.wikipedia.org/wiki/Pico_House,The rear of Pico House was used in the TV show The Mentalist.
Q7191010,Pico House,Q204228,The Mentalist,work,https://en.wikipedia.org/wiki/The_Mentalist,The structure used to represent the CBI headquarters in Sacramento is the back of the Pico House in downtown Los Angeles.
Q71924763,Ahuriri Conservation Park,Q24284283,Mulan,spot,https://en.wikipedia.org/wiki/Ahuriri_Conservation_Park,"Parts of the 2020 Disney film Mulan were filmed in the Ahuriri Valley near the conservation park, including the training camp scenes and some battle scenes."
Q7195598,Iskandar Malaysia Studios,Q6757674,Marco Polo,spot,https://en.wikipedia.org/wiki/Iskandar_Malaysia_Studios,Marco Polo (Netflix)
Q7208013,Point Dume State Beach,Q192724,Iron Man,spot,https://en.wikipedia.org/wiki/Point_Dume_State_Beach,"In the Iron Man films set in the Marvel Cinematic Universe, the protagonist Tony Stark's huge seaside mansion was set on Point Dume at the edge of a cliff overlooking the Pacific Ocean, and was given the fictional address of 10880 Malibu Point, 90265."
Q72081,Ealing Studios,Q34316,Doctor Who,spot,https://en.wikipedia.org/wiki/Ealing_Studios,Doctor Who (inserts only; programme was predominantly videotaped)
Q72081,Ealing Studios,Q83071,Downton Abbey,spot,https://en.wikipedia.org/wiki/Ealing_Studios,Interior scenes of the British period drama television series Downton Abbey were shot in Stage 2 of the studios.
Q72081,Ealing Studios,Q83071,Downton Abbey,spot,https://en.wikipedia.org/wiki/Ealing_Studios,ITV drama Downton Abbey filmed the kitchen and servants' quarters on stages 3A and 3B.
Q72081,Ealing Studios,Q83071,Downton Abbey,spot,https://en.wikipedia.org/wiki/Ealing_Studios,"Downton Abbey – ""Downstairs"" scenes only (Carnival Films)"
Q72081,Ealing Studios,Q83071,Downton Abbey,work,https://en.wikipedia.org/wiki/Downton_Abbey,"The kitchen, servants' quarters and working areas, and some of the ""upstairs"" bedrooms were constructed and filmed at Ealing Studios."
Q72081,Ealing Studios,Q83071,Downton Abbey,work,https://en.wikipedia.org/wiki/Downton_Abbey,"A ""tremendous amount of research"" went into recreating the servants' quarters at Ealing Studios because Highclere Castle, where many of the upstairs scenes are filmed, was not adequate for representing the ""downstairs"" life at the fictional manor house."
Q7231999,Portland Place,Q160060,The King's Speech,work,https://en.wikipedia.org/wiki/The_King%27s_Speech,"In his DVD commentary, Hooper said he liked Portland Place as a set because it felt ""lived in"", unlike other period houses in London."
Q723336,Ascot Racecourse,Q4941,Skyfall,spot,https://en.wikipedia.org/wiki/Ascot_Racecourse,The racecourse was used again in Skyfall (2012) where it stood in for Shanghai Pudong International Airport.
Q723336,Ascot Racecourse,Q4941,Skyfall,work,https://en.wikipedia.org/wiki/Skyfall,"The Virgin Active pool in London's Canary Wharf acted as Bond's hotel pool, Ascot Racecourse stood in for Shanghai Pudong International Airport, and London's Broadgate Tower was used as the entrance and lobby of the Shanghai office building."
Q7259437,Pullens buildings,Q160060,The King's Speech,spot,https://en.wikipedia.org/wiki/Pullens_buildings,"The historic and architectural importance of the buildings has been recognised by their use in several high-profile films including The King's Speech, Spider, Hereafter and Allied."
Q7259437,Pullens buildings,Q160060,The King's Speech,spot,https://en.wikipedia.org/wiki/Pullens_buildings,Photo set of making of The King's Speech at the Pullens buildings on Flickr
Q7259437,Pullens buildings,Q160060,The King's Speech,work,https://en.wikipedia.org/wiki/The_King%27s_Speech,On 25 November 2009 the crew took over the Pullens buildings in Southwark and gave it the appearance of a street from 1930s London.
Q7269642,Qube,Q210257,MacGyver,spot,https://en.wikipedia.org/wiki/Westcoast_Building,"The building was used in the television series MacGyver as the headquarters for the fictional Phoenix Foundation, employer of the title character."
Q7269642,Qube,Q210257,MacGyver,spot,https://en.wikipedia.org/wiki/Westcoast_Building,The fictional Phoenix Foundation at MacGyver Online
Q728399,Cinecittà,Q154581,Gangs of New York,spot,https://en.wikipedia.org/wiki/Cinecitt%C3%A0,"Ripley (1999), Martin Scorsese's Gangs of New York (2002), Wes Anderson's The Life Aquatic with Steve Zissou (2004), Mel Gibson's The Passion of the Christ (2004), Edward Berger's Conclave (2024), Luca Guadagnino's Queer (2024) and Terry Gilliam's Carnival: At the End of Days (TBA)."
Q728399,Cinecittà,Q154581,Gangs of New York,work,https://en.wikipedia.org/wiki/Gangs_of_New_York,"In order to create the sets that Scorsese envisioned, the production was filmed at the large Cinecittà Studio in Rome, Italy."
Q728399,Cinecittà,Q154581,Gangs of New York,work,https://en.wikipedia.org/wiki/Gangs_of_New_York,All sets were built completely on the exterior stages of Cinecittà Studios in Rome.
Q728399,Cinecittà,Q168154,Once Upon a Time in the West,work,https://en.wikipedia.org/wiki/Once_Upon_a_Time_in_the_West,"Interiors for the film were shot in Cinecittà studios, Rome."
Q728399,Cinecittà,Q18405,Nights of Cabiria,work,https://en.wikipedia.org/wiki/Nights_of_Cabiria,"Nights of Cabiria was filmed in many areas around Italy, including Acilia, Castel Gandolfo, Cinecittà, Santuario della Madonna del Divino Amore, Porta Maggiore, the Baths of Caracalla and the Tiber River."
Q728399,Cinecittà,Q657977,"Salò, or the 120 Days of Sodom",work,"https://en.wikipedia.org/wiki/Sal%C3%B2,_or_the_120_Days_of_Sodom",The noble hall of the building and the courtyard were filmed in the Cinecittà studios.
Q7300572,Reading Terminal Market,Q309366,National Treasure,spot,https://en.wikipedia.org/wiki/Reading_Terminal_Market,The market has been a filming location for several major motion pictures including Trading Places and National Treasure.
Q733230,USS Ranger,Q471842,Star Trek IV: The Voyage Home,spot,https://en.wikipedia.org/wiki/USS_Ranger_(CV-61),"In 1986, the ship stood in for USS Enterprise (CVN-65) for scenes filmed for Star Trek IV: The Voyage Home."
Q733230,USS Ranger,Q471842,Star Trek IV: The Voyage Home,work,https://en.wikipedia.org/wiki/Star_Trek_IV:_The_Voyage_Home,"The real Enterprise, out at sea at the time, was unavailable for filming, so the non-nuclear-powered carrier USS Ranger (CV-61) was used."
Q7372382,Stone Canyon Reservoir,Q644987,Chinatown,spot,https://en.wikipedia.org/wiki/Stone_Canyon_Reservoir,"In 1974, the reservoir was used as a location for the movie Chinatown."
Q7374460,Royal Masonic School for Girls,Q174284,Raiders of the Lost Ark,spot,https://en.wikipedia.org/wiki/The_Royal_Masonic_School_for_Girls,"The school has been used as a filming location on a number of occasions for films and television, including Raiders of the Lost Ark, Supergirl, Indiana Jones and the Last Crusade and Me and Orson Welles and more recently Polite Society."
Q7374460,Royal Masonic School for Girls,Q174284,Raiders of the Lost Ark,work,https://en.wikipedia.org/wiki/Raiders_of_the_Lost_Ark,"The interior of Jones's school was filmed at The Royal Masonic School for Girls in Rickmansworth, in Hertfordshire; the exterior was the University of the Pacific in California."
Q739976,Vaux-le-Vicomte,Q1123463,The Man in the Iron Mask,spot,https://en.wikipedia.org/wiki/Vaux-le-Vicomte,It can also be seen in the background in the 1998 film The Man in the Iron Mask.
Q7400532,Sainsbury Centre,Q14171368,Avengers: Age of Ultron,spot,https://en.wikipedia.org/wiki/Sainsbury_Centre_for_Visual_Arts,"In June 2014, the centre was used for filming several scenes of the 2015 motion pictures Avengers: Age of Ultron and Ant-Man."
Q74077989,Joker stairs,Q108628759,Joker: Folie à Deux,spot,https://en.wikipedia.org/wiki/Joker_Stairs,"Located near the 167th Street station on the New York City Subway's 4 train, the stairs served as one of the filming locations for the 2019 film Joker, as well as its 2024 sequel Joker: Folie à Deux."
Q74077989,Joker stairs,Q108628759,Joker: Folie à Deux,work,https://en.wikipedia.org/wiki/Joker:_Folie_%C3%A0_Deux,"In April 2023, filming took place at the ""Joker Stairs"", the stairway on West 167th Street in the Bronx featured prominently in the first film."
Q74077989,Joker stairs,Q42759035,Joker,spot,https://en.wikipedia.org/wiki/Joker_Stairs,"Located near the 167th Street station on the New York City Subway's 4 train, the stairs served as one of the filming locations for the 2019 film Joker, as well as its 2024 sequel Joker: Folie à Deux."
Q74077989,Joker stairs,Q42759035,Joker,spot,https://en.wikipedia.org/wiki/Joker_Stairs,"India Today notes, ""Even though the stairs have been around for years and lead to some of the most famous spots in New York [...] they were never really popular because of their association with crime in the area."" The New York Times notes that stairs used in the 2007 biographical crime film American Gangster, located in a South Bronx neighborhood, were originally to be used in the Joker scenes, but had been repaved and beautified too much to be aesthetically acceptable for the film."
Q74077989,Joker stairs,Q42759035,Joker,spot,https://en.wikipedia.org/wiki/Joker_Stairs,"NBC New York notes that the Joker Stairs have joined ""the ranks of well-known movie settings, like that of the steps at the Philadelphia Museum of Art"" seen in the 1976 American sports drama Rocky."
Q74077989,Joker stairs,Q42759035,Joker,work,https://en.wikipedia.org/wiki/Joker_(2019_film),"In The Hollywood Reporter interview, Emma Tillinger Koskoff said that most stressful filming was the ""stair dance"" scene on what is now colloquially known as the Joker Stairs; because there were no laws on paparazzi in New York City, filming was disrupted by them."
Q74077989,Joker stairs,Q42759035,Joker,work,https://en.wikipedia.org/wiki/Joker_(2019_film),"One of the locations seen in the film, a set of stairs in the Bronx, New York City, has been dubbed the Joker Stairs."
Q7413623,Otay Mesa Detention Center,Q117085614,One Battle After Another,spot,https://en.wikipedia.org/wiki/Otay_Mesa_Detention_Center,"In the 2025 film One Battle After Another, a far-left revolutionary group breaks immigrants out of the center."
Q7415223,San Rafael Swell,Q213081,Star Trek,spot,https://en.wikipedia.org/wiki/San_Rafael_Swell,"The Swell has been used by Hollywood filmmakers as a location setting for alien planets, including the Vulcan in the 2009 film Star Trek and the alien world in Galaxy Quest."
Q7415223,San Rafael Swell,Q213081,Star Trek,work,https://en.wikipedia.org/wiki/Star_Trek_(2009_film),"Filming was also done at the City Hall of Long Beach, California; the San Rafael Swell in Utah; and the California State University, Northridge in Los Angeles (which was used for establishing shots of students at Starfleet Academy)."
Q7427501,Saunton Sands,Q91226161,Aquaman and the Lost Kingdom,spot,https://en.wikipedia.org/wiki/Saunton_Sands,The beach was utilized for location filming for Aquaman and the Lost Kingdom.
Q7427501,Saunton Sands,Q91226161,Aquaman and the Lost Kingdom,work,https://en.wikipedia.org/wiki/Aquaman_and_the_Lost_Kingdom,"Location shooting took place in early September 2021 at the Saunton Sands beach in Devon, as well as at Piccadilly in the City of Westminster, London, and in Jersey City, New Jersey that year."
Q743565,Cité du Cinéma,Q1253366,The Smurfs 2,work,https://en.wikipedia.org/wiki/The_Smurfs_2,"So it was a sad day for us, but she'll always be part of our Smurfy family."" Several scenes were filmed in the new film studios Cité du Cinéma founded by Luc Besson in Saint-Denis in France."
Q743565,Cité du Cinéma,Q20926273,Valérian and the City of a Thousand Planets,spot,https://en.wikipedia.org/wiki/Cit%C3%A9_du_Cin%C3%A9ma,2017 : Valerian and the City of a Thousand Planets (Valérian et la Cité des mille planètes) by Luc Besson.
Q743565,Cité du Cinéma,Q20926273,Valérian and the City of a Thousand Planets,work,https://en.wikipedia.org/wiki/Valerian_and_the_City_of_a_Thousand_Planets,"Principal photography on the film began on 5 January 2016 in seven sound stages dedicated to the film at the Cité du Cinéma, in Saint-Denis, north of Paris."
Q743565,Cité du Cinéma,Q3061609,The Family,spot,https://en.wikipedia.org/wiki/Cit%C3%A9_du_Cin%C3%A9ma,2013 : The Family (Malavita) by Luc Besson.
Q743565,Cité du Cinéma,Q3061609,The Family,work,https://en.wikipedia.org/wiki/The_Family_(2013_film),Some of the filming also took place L'Aigle and at Cité du Cinéma in Saint-Denis for one month.
Q7448348,Selfridges,Q190588,Love Actually,work,https://en.wikipedia.org/wiki/Love_Actually,"Most of the film was made on location in London, including Heathrow Airport, Trafalgar Square, the central court of Somerset House in the Strand, Grosvenor Chapel on South Audley Street near Hyde Park, St Paul's Church, Clapham, the Millennium Bridge, Selfridges department store on Oxford Street, Lambeth Bridge, the Tate Modern in the former Bankside Power Station, Canary Wharf, Marble Arch, St."
Q7452396,Sepulveda Dam,Q205028,Iron Man 2,work,https://en.wikipedia.org/wiki/Iron_Man_2,"A massive green screen was constructed at the Sepulveda Dam to film a portion of the Stark Expo exterior, with the rest either shot at an area high school or added digitally."
Q745296,Flushing Meadows–Corona Park,Q205028,Iron Man 2,spot,https://en.wikipedia.org/wiki/Flushing_Meadows%E2%80%93Corona_Park,"In the Marvel Cinematic Universe, the Stark Expo—first featured in Iron Man 2 (2010)—takes place at the Flushing Meadows–Corona Park and appears in multiple films in the series, including Captain America: The First Avenger (2011) and briefly in Spider-Man: Homecoming (2017)."
Q745460,Cathedral of Our Lady of Strasbourg,Q243643,Sherlock Holmes: A Game of Shadows,work,https://en.wikipedia.org/wiki/Sherlock_Holmes:_A_Game_of_Shadows,"Shooting took place on, around, and inside Strasbourg Cathedral."
Q745967,Christ Church,Q102438,Harry Potter and the Philosopher's Stone,work,https://en.wikipedia.org/wiki/Harry_Potter_and_the_Philosopher%27s_Stone_(film),"London's Australia House was selected as the location for Gringotts Wizarding Bank, while Christ Church, Oxford, was the location for the Hogwarts trophy room."
Q746207,Durham Cathedral,Q102438,Harry Potter and the Philosopher's Stone,work,https://en.wikipedia.org/wiki/Harry_Potter_and_the_Philosopher%27s_Stone_(film),Other Hogwarts scenes were filmed in Durham Cathedral over a two-week period; these included shots of the corridors and some classroom scenes.
Q7494978,Sheriff Street,Q304074,In the Name of the Father,work,https://en.wikipedia.org/wiki/In_the_Name_of_the_Father,"Sheriff Street, Dublin, Ireland (Sheriff Street flats complex (now demolished) used for riot scene)"
Q751174,Praha hlavní nádraží,Q642559,EuroTrip,work,https://en.wikipedia.org/wiki/EuroTrip,The scene where the main characters are boarding at the Paris railway station was filmed in Prague's main railway station (Praha hlavní nádraží).
Q756561,Atlantic Ocean Road,Q21534241,No Time to Die,work,https://en.wikipedia.org/wiki/No_Time_to_Die,"Also in June 2019, production went back to Norway to shoot a driving sequence along the Atlantic Ocean Road featuring an Aston Martin V8 Vantage."
Q7596482,Stadium High School,Q169082,10 Things I Hate About You,spot,https://en.wikipedia.org/wiki/Stadium_High_School,"The school was the filming location for many of the scenes of the 1999 movie, 10 Things I Hate About You."
Q7596482,Stadium High School,Q169082,10 Things I Hate About You,spot,https://en.wikipedia.org/wiki/Stadium_High_School,Stadium High School was used as a filming location for the popular 1999 teen film 10 Things I Hate About You.
Q7596482,Stadium High School,Q169082,10 Things I Hate About You,spot,https://en.wikipedia.org/wiki/Stadium_High_School,10 Things I Hate About You (1999)
Q7596482,Stadium High School,Q169082,10 Things I Hate About You,work,https://en.wikipedia.org/wiki/10_Things_I_Hate_About_You,"Many of the scenes were filmed on location at Stadium High School and at a house in the North End of Tacoma, Washington."
Q76122,Salar de Uyuni,Q18486021,Star Wars: Episode VIII – The Last Jedi,spot,https://en.wikipedia.org/wiki/Salar_de_Uyuni,"The Salar has been used as a filming location for movies such as The Fall (2006), Salt and Fire (2016), The Unseen (2017), Star Wars: The Last Jedi (2017), and several others."
Q76122,Salar de Uyuni,Q18486021,Star Wars: Episode VIII – The Last Jedi,work,https://en.wikipedia.org/wiki/Star_Wars:_The_Last_Jedi,Location filming for the battle scenes on the planet Crait took place at the Salar de Uyuni salt flats in Bolivia.
Q7641261,Sunset Gower Studios,Q1525645,Scandal,spot,https://en.wikipedia.org/wiki/Sunset_Gower_Studios,"Television programs that have occupied several sound stages most notably include  The Amanda Show, Bewitched, City Guys, Deal or No Deal, Dexter, The Donna Reed Show, Father Knows Best, Hazel, Heroes, Hip Hop Harry, How to Get Away with Murder, I Dream of Jeannie, JAG, Married... with Children, Moesha, The Monkees, NewsRadio, The Parkers, Saved by the Bell, Scandal, Six Feet Under, Soap, and That's So Raven; the first two seasons of The Golden Girls, the final three seasons of The Facts of Life, and the final two seasons of Silver Spoons."
Q7641261,Sunset Gower Studios,Q16862534,How to Get Away with Murder,spot,https://en.wikipedia.org/wiki/Sunset_Gower_Studios,"Television programs that have occupied several sound stages most notably include  The Amanda Show, Bewitched, City Guys, Deal or No Deal, Dexter, The Donna Reed Show, Father Knows Best, Hazel, Heroes, Hip Hop Harry, How to Get Away with Murder, I Dream of Jeannie, JAG, Married... with Children, Moesha, The Monkees, NewsRadio, The Parkers, Saved by the Bell, Scandal, Six Feet Under, Soap, and That's So Raven; the first two seasons of The Golden Girls, the final three seasons of The Facts of Life, and the final two seasons of Silver Spoons."
Q7641261,Sunset Gower Studios,Q208647,Married... with Children,spot,https://en.wikipedia.org/wiki/Sunset_Gower_Studios,"Television programs that have occupied several sound stages most notably include  The Amanda Show, Bewitched, City Guys, Deal or No Deal, Dexter, The Donna Reed Show, Father Knows Best, Hazel, Heroes, Hip Hop Harry, How to Get Away with Murder, I Dream of Jeannie, JAG, Married... with Children, Moesha, The Monkees, NewsRadio, The Parkers, Saved by the Bell, Scandal, Six Feet Under, Soap, and That's So Raven; the first two seasons of The Golden Girls, the final three seasons of The Facts of Life, and the final two seasons of Silver Spoons."
Q7641261,Sunset Gower Studios,Q23577,Dexter,spot,https://en.wikipedia.org/wiki/Sunset_Gower_Studios,"Television programs that have occupied several sound stages most notably include  The Amanda Show, Bewitched, City Guys, Deal or No Deal, Dexter, The Donna Reed Show, Father Knows Best, Hazel, Heroes, Hip Hop Harry, How to Get Away with Murder, I Dream of Jeannie, JAG, Married... with Children, Moesha, The Monkees, NewsRadio, The Parkers, Saved by the Bell, Scandal, Six Feet Under, Soap, and That's So Raven; the first two seasons of The Golden Girls, the final three seasons of The Facts of Life, and the final two seasons of Silver Spoons."
Q7653554,Swanage railway station,Q21935651,Dunkirk,work,https://en.wikipedia.org/wiki/Dunkirk_(2017_film),"Early scenes of the film were shot at Weymouth harbour, and the final scenes at Swanage railway station."
Q7700523,Tennyson Power Station,Q936302,Scooby-Doo,spot,https://en.wikipedia.org/wiki/Tennyson_Power_Station,The opening scene of the 2002 film Scooby-Doo was filmed here.
Q7826925,Torrance High School,Q117590,"Beverly Hills, 90210",spot,https://en.wikipedia.org/wiki/Torrance_High_School,"It is most widely known for its appearance in high-profile television shows, including Beverly Hills, 90210 and Buffy the Vampire Slayer."
Q7826925,Torrance High School,Q117590,"Beverly Hills, 90210",work,"https://en.wikipedia.org/wiki/Beverly_Hills,_90210","The filming location for West Beverly High School was in the middle-class community of Torrance at Torrance High School, located in the 90501-zip code."
Q7826925,Torrance High School,Q183513,Buffy the Vampire Slayer,spot,https://en.wikipedia.org/wiki/Torrance_High_School,"It is most widely known for its appearance in high-profile television shows, including Beverly Hills, 90210 and Buffy the Vampire Slayer."
Q7826925,Torrance High School,Q183513,Buffy the Vampire Slayer,work,https://en.wikipedia.org/wiki/Buffy_the_Vampire_Slayer,"The high school used in the first three seasons is actually Torrance High School, in Torrance, California, the same high school used for Beverly Hills, 90210."
Q7832424,Trafalgar Park,Q221075,28 Days Later,spot,"https://en.wikipedia.org/wiki/Trafalgar_Park,_Wiltshire","Films made at the estate include 28 Days Later, Sense and Sensibility and Amazing Grace."
Q7832424,Trafalgar Park,Q221075,28 Days Later,work,https://en.wikipedia.org/wiki/28_Days_Later,The mansion used in the film was Trafalgar Park near Salisbury.
Q7837467,Tredegar House,Q34316,Doctor Who,spot,https://en.wikipedia.org/wiki/Tredegar_House,"Numerous episodes of Doctor Who have been filmed at and in the house, as well as the television series Being Human, Da Vinci's Demons and The Hairy Bikers."
Q7837467,Tredegar House,Q34316,Doctor Who,spot,https://en.wikipedia.org/wiki/Tredegar_House,Doctor Who at Tredegar House
Q789427,Autódromo Internacional do Algarve,Q21980653,The Grand Tour,spot,https://en.wikipedia.org/wiki/Algarve_International_Circuit,"The first episode of The Grand Tour, ""The Holy Trinity"" was shot here in 2016."
Q7894738,University High School,Q204228,The Mentalist,spot,https://en.wikipedia.org/wiki/University_High_School_(Los_Angeles),"The Mentalist, aired 2012"
Q790756,Barrandov Studios,Q151904,Casino Royale,spot,https://en.wikipedia.org/wiki/Barrandov_Studios,"Barrandov has made several major Hollywood productions, including Mission Impossible, The Bourne Identity, Casino Royale, G.I."
Q790756,Barrandov Studios,Q151904,Casino Royale,work,https://en.wikipedia.org/wiki/Casino_Royale_(2006_film),"Principal photography took place in the Bahamas, Italy, the United Kingdom and the Czech Republic, with interior sets built at Pinewood Studios and Barrandov Studios, from January to July 2006."
Q790756,Barrandov Studios,Q151904,Casino Royale,work,https://en.wikipedia.org/wiki/Casino_Royale_(2006_film),"By the middle of February, the film moved to its main base of operations, Barrandov Studios."
Q790756,Barrandov Studios,Q222023,The Chronicles of Narnia: Prince Caspian,work,https://en.wikipedia.org/wiki/The_Chronicles_of_Narnia:_Prince_Caspian,"On April 1, 2007, the crew began filming at Barrandov Studios in Prague."
Q790756,Barrandov Studios,Q485803,"The Chronicles of Narnia: The Lion, the Witch and the Wardrobe",spot,https://en.wikipedia.org/wiki/Barrandov_Studios,"Joe: The Rise of Cobra, The Chronicles of Narnia: The Lion, the Witch and the Wardrobe, The Zookeeper's Wife, Nosferatu, among others."
Q790756,Barrandov Studios,Q54862508,Jojo Rabbit,work,https://en.wikipedia.org/wiki/Jojo_Rabbit,"Barrandov Studios were also used for filming most of the interior scenes, which Vincent thought of as a great choice, considering Nazi propaganda used to be filmed there."
Q790756,Barrandov Studios,Q54862508,Jojo Rabbit,work,https://en.wikipedia.org/wiki/Jojo_Rabbit,"The fully handcrafted set design for the Betzlers' house, a Baroque stone cottage filmed at a 7,000 square feet (650 m2) Barrandov Studios soundstage, is characterized by elegant details, such as thick door frames, windows recessed deeply into the stone walls, a wood-paneled hallway, and a curved staircase."
Q7930680,Village Roadshow Studios,Q10350033,Pirates of the Caribbean: Dead Men Tell no Tales,work,https://en.wikipedia.org/wiki/Pirates_of_the_Caribbean:_Dead_Men_Tell_No_Tales,Village Roadshow Studios and the Whitsunday Islands were officially confirmed as filming locations.
Q7930680,Village Roadshow Studios,Q22665878,Thor: Ragnarok,spot,https://en.wikipedia.org/wiki/Village_Roadshow_Studios,"Some feature film productions include Aquaman, San Andreas, The Chronicles of Narnia: The Voyage of the Dawn Treader, Scooby-Doo, House of Wax, Ghost Ship, and Thor: Ragnarok."
Q7930680,Village Roadshow Studios,Q22665878,Thor: Ragnarok,work,https://en.wikipedia.org/wiki/Thor:_Ragnarok,"Principal photography took place in Brisbane and Sydney, Australia, with the film also having exclusive use of Village Roadshow Studios in Oxenford, concluding in October 2016."
Q7930680,Village Roadshow Studios,Q22665878,Thor: Ragnarok,work,https://en.wikipedia.org/wiki/Thor:_Ragnarok,"Also in October, Australia's Minister for Foreign Affairs Julie Bishop announced that filming would take place in the country, exclusively throughout the state of Queensland, including at Village Roadshow Studios in Oxenford, Gold Coast."
Q7930680,Village Roadshow Studios,Q22998395,Aquaman,spot,https://en.wikipedia.org/wiki/Village_Roadshow_Studios,"Some feature film productions include Aquaman, San Andreas, The Chronicles of Narnia: The Voyage of the Dawn Treader, Scooby-Doo, House of Wax, Ghost Ship, and Thor: Ragnarok."
Q7930680,Village Roadshow Studios,Q22998395,Aquaman,work,https://en.wikipedia.org/wiki/Aquaman_(film),"A majority of the film was shot at Village Roadshow Studios in Gold Coast, Queensland, with additional production in Newfoundland, Sicily and Morocco."
Q7930680,Village Roadshow Studios,Q936302,Scooby-Doo,spot,https://en.wikipedia.org/wiki/Village_Roadshow_Studios,"Some feature film productions include Aquaman, San Andreas, The Chronicles of Narnia: The Voyage of the Dawn Treader, Scooby-Doo, House of Wax, Ghost Ship, and Thor: Ragnarok."
Q7936468,Vista Theatre,Q1127709,True Romance,spot,https://en.wikipedia.org/wiki/Vista_Theatre_(Los_Angeles),"The Vista also appeared in the films Throw Momma From the Train (1987), The Big Picture (1989), True Romance (1993), Get Shorty (1995), Café Society (2016), and The Idea of You (2024)."
Q794354,Azure Window,Q23572,Game of Thrones,spot,https://en.wikipedia.org/wiki/Azure_Window,It was used as a filming location for the Dothraki wedding scene in the first season of HBO's TV series Game of Thrones.
Q794354,Azure Window,Q23572,Game of Thrones,spot,https://en.wikipedia.org/wiki/Azure_Window,The filming of Game of Thrones resulted in controversy when a protected ecosystem was damaged by a subcontractor.
Q794354,Azure Window,Q23572,Game of Thrones,work,https://en.wikipedia.org/wiki/Game_of_Thrones,"Filming also took place at Fort Manoel (representing the Sept of Baelor); at the Azure Window on the island of Gozo (the Dothraki wedding site); and at San Anton Palace, Fort Ricasoli, Fort St."
Q795302,Titan Missile Museum,Q221236,Star Trek: First Contact,spot,https://en.wikipedia.org/wiki/Titan_Missile_Museum,Several scenes in the 1996 film Star Trek: First Contact were shot at the site.
Q795322,Charing Cross tube station,Q4941,Skyfall,spot,https://en.wikipedia.org/wiki/Charing_Cross_tube_station,Skyfall (2012)
Q795691,London Waterloo station,Q107226,The Bourne Ultimatum,spot,https://en.wikipedia.org/wiki/London_Waterloo_station,"The station features prominently in the action film The Bourne Ultimatum, with a complex chase sequence and assassination."
Q7973425,Water Wizz,Q121810,Grown Ups,spot,https://en.wikipedia.org/wiki/Water_Wizz,Water Wizz was used as a location for two consecutive scenes in the 2010 film Grown Ups.
Q7973425,Water Wizz,Q121810,Grown Ups,work,https://en.wikipedia.org/wiki/Grown_Ups_(film),Water Wizz was used as the filming location for the water park scene.
Q7982550,Wendover Airport,Q105387,Independence Day,spot,https://en.wikipedia.org/wiki/Wendover_Airport,"Numerous films, television shows and documentaries have been filmed using Wendover Field, including The Philadelphia Experiment (1984), Con Air (1997), Mulholland Falls (1996), Independence Day (1996), Hulk (2003)  The Core (2003)"
Q800848,Großhesselohe station,Q110354,The Great Escape,work,https://en.wikipedia.org/wiki/The_Great_Escape_(film),"The first scenes involving the railway were filmed on the Munich–Holzkirchen line at Großhesselohe station (""Neustadt"" station in the movie) and near Deisenhofen."
Q800974,Sirkeci railway station,Q106571,From Russia with Love,work,https://en.wikipedia.org/wiki/From_Russia_with_Love_(film),"Locations included the Basilica Cistern, Hagia Sophia and the Sirkeci railway station, which also was used for the Belgrade and Zagreb railway stations."
Q801124,Liverpool Street station,Q1741232,Mission: Impossible,spot,https://en.wikipedia.org/wiki/Liverpool_Street_station,"The station has also been used as a backdrop for a number of other film and television productions, including espionage films Stormbreaker (2006) and Mission: Impossible (1996), and crime drama The Shadow Line (2011), as well as the site for staged flash mobs in the film St."
Q8034994,Workingman's Institute and Memorial Hall,Q192837,Sherlock,spot,https://en.wikipedia.org/wiki/Workingman%27s_Institute_and_Memorial_Hall,"The auditorium and vestibule were featured in BBC's Sherlock, in the first episode, ""The Blind Banker""."
Q8034994,Workingman's Institute and Memorial Hall,Q55632932,Sex Education,spot,https://en.wikipedia.org/wiki/Workingman%27s_Institute_and_Memorial_Hall,"Memo was converted into a cinema for the filming of series 4 of the Netflix series Sex Education, featuring shots of the exterior, ticket hall and auditorium."
Q8038699,Wrotham Park,Q391101,Agatha Christie's Poirot,spot,https://en.wikipedia.org/wiki/Wrotham_Park,"Wrotham Park has often been used as a filming location including Hart to Hart, Top C's and Tiaras, White Mischief, Inspector Morse, Jeeves and Wooster, King Ralph (1991), Bridget Jones's Diary, Gosford Park, Peter's Friends, Vanity Fair, The Line of Beauty, Sense and Sensibility (2008), Jane Eyre, The Hour, Great Expectations, Kingsman: The Secret Service, Kingsman: The Golden Circle and The King's Man, Mr Selfridge (2014), Agatha Christie's Poirot, episodes The Adventure of Johnnie Waverly, Third Girl, The Gentlemen (2019), Downton Abbey, The Crown, Bridgerton, The Diplomat., and Scarecrow and Mrs."
Q810177,Basiluzzo,Q131547207,The Odyssey,work,https://en.wikipedia.org/wiki/The_Odyssey_(2026_film),"Water-borne filming subsequently took place from April 15 to May 15 throughout the Aeolian Islands of Lipari, Basiluzzo, and Vulcano for scenes featuring the mythological island of Aeolia."
Q810953,Battersea Power Station,Q160060,The King's Speech,spot,https://en.wikipedia.org/wiki/Battersea_Power_Station,"The same space, now restored and operating as Control Room A, was also used as a filming location for The King's Speech."
Q810953,Battersea Power Station,Q160060,The King's Speech,work,https://en.wikipedia.org/wiki/The_King%27s_Speech,"Other locations include Cumberland Lodge, Harley Street, Knebworth, Hatfield House, the Old Royal Naval College in Greenwich, Queen Street Mill Textile Museum in Burnley, and Battersea Power Station, which doubled as a BBC wireless control room."
Q81173,Exeter College,Q18406872,Doctor Strange,spot,"https://en.wikipedia.org/wiki/Exeter_College,_Oxford",In 2016 scenes were filmed in the college chapel for the Marvel movie Doctor Strange starring Benedict Cumberbatch.
Q81173,Exeter College,Q18406872,Doctor Strange,work,https://en.wikipedia.org/wiki/Doctor_Strange_(2016_film),"Also in January 2016, filming took place at Exeter College, Oxford."
Q8194022,Tomonoura,Q197491,The Wolverine,spot,https://en.wikipedia.org/wiki/Tomonoura,"The Wolverine, 2013, directed by James Mangold, starring Hugh Jackman, was filmed in Tomonoura"
Q8194022,Tomonoura,Q197491,The Wolverine,work,https://en.wikipedia.org/wiki/The_Wolverine_(film),"Filming in Tomonoura, a port in the Ichichi ward of Fukuyama, concluded on September 11, 2012."
Q83101,Taipei 101,Q15624215,Lucy,work,https://en.wikipedia.org/wiki/Lucy_(2014_film),"Eleven days of filming began in Taipei, Taiwan, on 21 October; locations included Taipei 101, one of the world's tallest skyscrapers."
Q83125,Tower Bridge,Q27590871,Paddington 2,work,https://en.wikipedia.org/wiki/Paddington_2,"Studios, Leavesden, but producers also shot at key central London locations like Tower Bridge and St Paul's Cathedral."
Q83125,Tower Bridge,Q27590871,Paddington 2,work,https://en.wikipedia.org/wiki/Paddington_2,"From 9 October 2017, five pop-up installations of Paddington's pop-up book, featured in the film, were placed around London, at Peter's Hill, Tower Bridge, Paddington Station, Peninsula Square and Bankside."
Q83282482,Paramount Stage 15,Q221305,Star Trek III: The Search for Spock,work,https://en.wikipedia.org/wiki/Star_Trek_III:_The_Search_for_Spock,"The larger worms proved more problematic, with filming taking place at ILM and Paramount Stage 15."
Q852908,Royal Mile,Q124393045,Frankenstein,work,https://en.wikipedia.org/wiki/Frankenstein_(2025_film),"Additional filming took place at the Royal Mile in Edinburgh, Hospitalfield House in Arbroath, Angus, and Burghley House in Stamford, Lincolnshire, in September 2024."
Q85740583,Albuquerque Studios,Q19798734,Stranger Things,spot,https://en.wikipedia.org/wiki/Netflix_Albuquerque_Studios,Stranger Things season 4 (2022)
Q85744869,Bad Wolf,Q34316,Doctor Who,spot,https://en.wikipedia.org/wiki/Bad_Wolf_(production_company),"The company is responsible for the television series The Night Of, Beddgelert, A Discovery of Witches, His Dark Materials and Doctor Who (2023–2025)."
Q85744869,Bad Wolf,Q34316,Doctor Who,spot,https://en.wikipedia.org/wiki/Bad_Wolf_(production_company),"During their time at the BBC, they worked with Russell T Davies on the 2005 relaunch of Doctor Who, which is made in Wales."
Q85744869,Bad Wolf,Q34316,Doctor Who,spot,https://en.wikipedia.org/wiki/Bad_Wolf_(production_company),"In April 2020, Bad Wolf announced that it had commenced work on I Hate Suzie starring Billie Piper, whom Gardner and Tranter's associate Russell T Davies had cast in the major role of Rose Tyler on Doctor Who."
Q860172,Canal Saint-Martin,Q29261993,Mission: Impossible – Fallout,spot,https://en.wikipedia.org/wiki/Canal_Saint-Martin,The canal was used as an escape route for Ethan Hunt and his team in the 2018 film Mission: Impossible – Fallout.
Q866345,Grand Bahama,Q161087,Pirates of the Caribbean: Dead Man's Chest,work,https://en.wikipedia.org/wiki/Pirates_of_the_Caribbean:_Dead_Man%27s_Chest,"On September 18, 2005, the crew moved to Grand Bahama Island to shoot ship exteriors, including the working Black Pearl and Flying Dutchman."
Q866896,Trinity Church,Q309366,National Treasure,work,https://en.wikipedia.org/wiki/National_Treasure_(film),"At the tower, Ben cuts out a marked brick containing a pair of spectacles with multiple colored lenses, which, when used to read the back of the Declaration, reveal a clue pointing to Trinity Church."
Q866896,Trinity Church,Q309366,National Treasure,work,https://en.wikipedia.org/wiki/National_Treasure_(film),"The group travels to the Trinity Church, where they find an underground passage that appears to lead to a dead end, lit by a lone lantern."
Q8691,London Heathrow Airport,Q190588,Love Actually,work,https://en.wikipedia.org/wiki/Love_Actually,"David, the British Prime Minister, reflects that despite global conflict and tragedy, love can often be seen in everyday life, recalling scenes of affection at the arrivals gate of London Heathrow Airport."
Q8691,London Heathrow Airport,Q190588,Love Actually,work,https://en.wikipedia.org/wiki/Love_Actually,"A month later, the characters' stories converge at Heathrow Airport, where several of them reunite with loved ones as Billy Mack appears on the airport TV screens accepting his prize with a big reveal."
Q8691,London Heathrow Airport,Q190588,Love Actually,work,https://en.wikipedia.org/wiki/Love_Actually,"Most of the film was made on location in London, including Heathrow Airport, Trafalgar Square, the central court of Somerset House in the Strand, Grosvenor Chapel on South Audley Street near Hyde Park, St Paul's Church, Clapham, the Millennium Bridge, Selfridges department store on Oxford Street, Lambeth Bridge, the Tate Modern in the former Bankside Power Station, Canary Wharf, Marble Arch, St."
Q869501,Deutsche Oper,Q468697,Run Lola Run,spot,https://en.wikipedia.org/wiki/Deutsche_Oper_(Berlin_U-Bahn),The station is featured in Rammstein's 2004 music video for Mein Teil and also in the movie Run Lola Run by Tom Tykwer.
Q890802,Voidokilia beach,Q131547207,The Odyssey,work,https://en.wikipedia.org/wiki/The_Odyssey_(2026_film),"Filming took place in the Messenia unit of the Peloponnese region in Greece, from March 10 to 21, at Pylos, the Methoni Castle, the Almyrolakkos beach in Yialova, and Nestor's Cave in the Voidokilia beach for scenes featuring the Cyclops Polyphemus, as well as at an archaeological palace site in Acrocorinth, Corinth."
Q891095,Villa Erba,Q504053,Ocean's Twelve,spot,https://en.wikipedia.org/wiki/Villa_Erba,"In 2004, the building and grounds were used as a filming location for the movie Ocean's Twelve, serving as the villa of a gentleman thief named François Toulour."
Q891095,Villa Erba,Q504053,Ocean's Twelve,work,https://en.wikipedia.org/wiki/Ocean%27s_Twelve,"Filming also took place in Chicago, Amsterdam, Paris, Monte Carlo, Lake Como (at Villa Erba in Cernobbio), Rome, and Castellammare del Golfo in Sicily."
Q891095,Villa Erba,Q504053,Ocean's Twelve,work,https://en.wikipedia.org/wiki/Ocean%27s_Twelve,The Monte Carlo Casino and the Villa Erba (on Lake Como) also served as filming locations.
Q899223,Pavillons de Bercy,Q64584978,Emily in Paris,work,https://en.wikipedia.org/wiki/Emily_in_Paris,"New filming locations for the second season include Monnaie de Paris, Musée des Arts Forains, Huatian Chinagora in Saint-Tropez, Palace of Versailles, Villefranche-sur-Mer, Grand-Hôtel du Cap-Ferrat, and other locations in France."
Q902959,Times Square Studios,Q825946,Good Morning America,spot,https://en.wikipedia.org/wiki/Times_Square_Studios,"The studio is best known as having been the former production home of ABC News' Good Morning America (GMA), a morning news and talk program, segments for other ABC News programs until June 13, 2025, and various programs on ESPN."
Q902959,Times Square Studios,Q825946,Good Morning America,spot,https://en.wikipedia.org/wiki/Times_Square_Studios,"The New York Times felt that Times Square Studios was meant to be a response to the ""Window on the World"" Studio 1A NBC had launched at Rockefeller Center for its morning show Today in 1994—which marked an era of dominance for the program over ABC's competing Good Morning America."
Q902959,Times Square Studios,Q825946,Good Morning America,spot,https://en.wikipedia.org/wiki/Times_Square_Studios,"The team also worked with Roger Goodman, ABC's vice president for special projects, on its facilities for Good Morning America."
Q909592,Washington Square Park,Q212689,I Am Legend,spot,https://en.wikipedia.org/wiki/Washington_Square_Park,"Washington Square Park has appeared in many popular films and television shows, including Barefoot in the Park, Kids, Searching for Bobby Fischer, Fresh, Law & Order, The Astronaut's Wife, I Am Legend, August Rush, The Marvelous Mrs."
Q9141,Taj Mahal,Q208344,Armageddon,work,https://en.wikipedia.org/wiki/Armageddon_(1998_film),"Impasse Reslou is also visible, as is the Clock Tower, filmed from the street, Paris), India (Agra, the Taj Mahal and the Red Fort), Turkey (Blue Mosque and Ortaköy in Istanbul) and China (Shanghai)."
Q926350,The Beaufort Arms Hotel,Q34316,Doctor Who,spot,"https://en.wikipedia.org/wiki/Beaufort_Arms_Hotel,_Monmouth","Scenes for a 2005 episode of the television series Doctor Who, ""The Unquiet Dead"", were filmed in the courtyard."
Q932411,Brunel University London,Q181086,A Clockwork Orange,spot,https://en.wikipedia.org/wiki/Brunel_University_of_London,"It has appeared in several films, most famously in Stanley Kubrick's A Clockwork Orange, large parts of which were filmed on campus, particularly in the Grade II listed lecture centre and the John Crank Building (demolished July 2019)."
Q934359,Nysted Wind Farm,Q63985561,Tenet,work,https://en.wikipedia.org/wiki/Tenet,"Scenes were shot at Villa Cimbrone on the Amalfi Coast (Italy) and at Cannon Hall (United Kingdom) from July to August, and on the roof of the Oslo Opera House, at The Thief hotel (Norway), and in Rødbyhavn at Nysted Wind Farm (Denmark) in early September."
Q944225,Waddesdon Manor,Q20707362,The Crown,spot,https://en.wikipedia.org/wiki/Waddesdon_Manor,"These include Howards' Way (1985), Downton Abbey (2011), And Then There Were None (BBC One, 2015), The Crown (2016), Endeavour and Queen Charlotte: A Bridgerton Story (2023)."
Q944225,Waddesdon Manor,Q20707362,The Crown,work,https://en.wikipedia.org/wiki/The_Crown_(TV_series),"Additional locations in the UK included Belvoir Castle, Waddesdon Manor, Eltham Palace, the Royal Naval College, Goldsmiths' Hall, Shoreham Airport, New Slains Castle, Balmoral Castle, Cruden Bay, Lyceum Theatre, Loseley Park, Hatfield House, The Historic Dockyard Chatham, Southwark Cathedral, Ardverikie House, Englefield House, Wellington College, the Great Central Railway and the Glenfeshie Estate."
Q946638,Dunsfold Aerodrome,Q33162,Top Gear,spot,https://en.wikipedia.org/wiki/Dunsfold_Aerodrome,"From 2002 to 2020, it was used as the main site of the BBC show Top Gear."
Q946638,Dunsfold Aerodrome,Q33162,Top Gear,spot,https://en.wikipedia.org/wiki/Dunsfold_Aerodrome,"From mid-2002 until 2020, the BBC motoring programme Top Gear was filmed at the site, using a hangar as its studio and sections of the airfield's runways and taxiways as the test track."
Q946638,Dunsfold Aerodrome,Q33162,Top Gear,spot,https://en.wikipedia.org/wiki/Dunsfold_Aerodrome,Top Gear (BBC) – the airfield served as the programme's test track and studio base for over a decade.
Q946638,Dunsfold Aerodrome,Q33162,Top Gear,work,https://en.wikipedia.org/wiki/Top_Gear_(2002_TV_series),"Production began in mid-2002, with the broadcaster securing the right to use Dunsfold Aerodrome, an airport and business park in Waverley, Surrey, as the programme's fixed location – while its runways and taxiways were allocated for reviews and other films, one of the site's large aircraft hangars was transformed into Top Gear's new studio."
Q946638,Dunsfold Aerodrome,Q33162,Top Gear,work,https://en.wikipedia.org/wiki/Top_Gear_(2002_TV_series),"Further changes were made to the thirtieth series, broadcast in early 2021, due to restrictions as a result of the COVID-19 pandemic: studio segments were recorded during a two-night shoot outside Television Centre, London, instead of the previous location at Dunsfold Aerodrome, with no full audience, and all of the films in the series were recorded in the UK."
Q946638,Dunsfold Aerodrome,Q33162,Top Gear,work,https://en.wikipedia.org/wiki/Top_Gear_(2002_TV_series),"On 4 August 2021, it was announced that production of the show would transfer to BBC Studios Bristol for the thirty-third series; however, Dunsfold Aerodrome would still be used for filming."
Q952270,"Intrepid Sea, Air & Space Museum",Q212689,I Am Legend,spot,https://en.wikipedia.org/wiki/Intrepid_Museum,The museum's flight deck was later used as a filming location for the 2004 movie National Treasure and the 2007 film I Am Legend.
Q952483,Connemara,Q470560,The Quiet Man,spot,https://en.wikipedia.org/wiki/Connemara,"John Ford, American film director, and winner of 4 Academy Awards, whose real name was Seán O'Feeney, was the son of John Augustine Feeney from An Spidéal, and directed the classic film The Quiet Man in nearby Cong, County Mayo."
Q952483,Connemara,Q470560,The Quiet Man,spot,https://en.wikipedia.org/wiki/Connemara,"The Quiet Man, 1952, film by John Ford"
Q952483,Connemara,Q470560,The Quiet Man,work,https://en.wikipedia.org/wiki/The_Quiet_Man,"Yeats for a period; Ballyglunin railway station near Tuam, County Galway, which was filmed as Castletown station; and various places in County Mayo and Connemara, County Galway."
Q953935,Lulworth Cove,Q28196,World War Z,spot,https://en.wikipedia.org/wiki/Lulworth_Cove,World War Z (2013)
Q956090,Mereworth Castle,Q591272,Casino Royale,work,https://en.wikipedia.org/wiki/Casino_Royale_(1967_film),"Mereworth Castle in Kent was used as the home of Sir James Bond, which is blown up early in the film."
Q961148,Leadenhall Market,Q102438,Harry Potter and the Philosopher's Stone,spot,https://en.wikipedia.org/wiki/Leadenhall_Market,"It was used to represent the area of London near the Leaky Cauldron and Diagon Alley in the film Harry Potter and the Philosopher's Stone (2001) and is featured in the films The Imaginarium of Doctor Parnassus (2009), Hereafter (2010), Brannigan (1975), Hidden City (1987),  Johnny English (2003) and Love Aaj Kal (2009)."
Q965011,Millard House,Q108774,Star Trek: Deep Space Nine,spot,"https://en.wikipedia.org/wiki/Millard_House_(Pasadena,_California)","The house was depicted in ""Blood Oath"", a 1994 episode of the TV series Star Trek: Deep Space Nine, as well as in a music video for a rap song by Sean Combs, where it was depicted as the residence of a New World Order leader."
Q9686,Berlin-Tempelhof Airport,Q10307713,The Hunger Games: Mockingjay – Part 2,work,https://en.wikipedia.org/wiki/The_Hunger_Games:_Mockingjay_%E2%80%93_Part_2,Scenes for District 2 were shot at Berlin Tempelhof Airport.
Q97,Atlantic Ocean,Q62730,Das Boot,work,https://en.wikipedia.org/wiki/Das_Boot,"(In the ""Director's Cut"" DVD audio commentary, Petersen says that Sander was really drunk while they were shooting the scene.) Sometime after U-96 departs, Thomsen is deployed once again and the two submarines meet randomly in the middle of the Atlantic Ocean after being put off course by the storm."
Q990658,Aldwych tube station,Q5890,V for Vendetta,work,https://en.wikipedia.org/wiki/V_for_Vendetta_(film),The scenes that took place in the abandoned London Underground were filmed at the disused Aldwych tube station.
Q99172,Václav Havel Airport Prague,Q151904,Casino Royale,spot,https://en.wikipedia.org/wiki/V%C3%A1clav_Havel_Airport_Prague,The airport stood in for Miami International Airport in the 2006 James Bond film Casino Royale.
Q99172,Václav Havel Airport Prague,Q151904,Casino Royale,work,https://en.wikipedia.org/wiki/Casino_Royale_(2006_film),"It was first filmed at Václav Havel Airport Prague in the middle of winter, with Hemming recalling that ""the extras arrived in fur boots and big parkas"" but ""had to strip them off and wear shorts, sandals and T-shirts to look like Miami tourists""."
